# Blender 5.0.1
# www.blender.org
mtllib pipe_1_cross.mtl
o pipe_1_cross
v -0.050000 -0.650000 0.086603
v -0.086603 -0.650000 0.050000
v -0.100000 -0.650000 0.000000
v -0.086603 -0.650000 -0.050000
v -0.050000 -0.650000 -0.086603
v -0.000000 -0.650000 0.100000
v 0.086603 -0.650000 0.050000
v 0.050000 -0.650000 0.086603
v -0.000000 -0.650000 -0.100000
v 0.100000 -0.650000 0.000000
v 0.050000 -0.650000 -0.086603
v 0.086603 -0.650000 -0.050000
v -0.050000 -0.220442 0.086603
v -0.086603 -0.220442 0.050000
v 0.100000 -0.220442 0.000000
v -0.050000 -0.220442 -0.086603
v -0.100000 -0.220442 0.000000
v 0.086603 -0.220442 -0.050000
v 0.050000 -0.220442 0.086603
v -0.050000 -0.266458 0.086603
v -0.086603 -0.266458 -0.050000
v -0.100000 -0.266458 0.000000
v 0.086603 -0.266458 -0.050000
v 0.050000 -0.266458 -0.086603
v 0.050000 -0.266458 0.086603
v -0.050000 0.278125 -0.086603
v -0.086603 0.278125 -0.050000
v -0.100000 0.278125 0.000000
v 0.086603 0.278125 -0.050000
v 0.050000 0.278125 -0.086603
v -0.000000 0.278125 -0.100000
v 0.050000 0.278125 0.086603
v 0.086603 0.278125 0.050000
v -0.050000 0.278125 0.086603
v -0.086603 0.278125 0.050000
v 0.100000 0.278125 0.000000
v -0.000000 0.278125 0.100000
v -0.050000 0.325394 -0.086603
v -0.086603 0.325394 -0.050000
v -0.100000 0.325394 0.000000
v 0.086603 0.325394 -0.050000
v 0.050000 0.325394 -0.086603
v -0.000000 0.325394 -0.100000
v 0.050000 0.325394 0.086603
v 0.086603 0.325394 0.050000
v -0.050000 0.325394 0.086603
v -0.086603 0.325394 0.050000
v 0.100000 0.325394 0.000000
v -0.000000 0.325394 0.100000
v -0.050000 0.650175 -0.086603
v -0.086603 0.650175 -0.050000
v -0.100000 0.650175 -0.000000
v 0.086603 0.650175 -0.050000
v 0.050000 0.650175 -0.086603
v -0.000000 0.650175 -0.100000
v 0.050000 0.650175 0.086603
v 0.086603 0.650175 0.050000
v -0.050000 0.650175 0.086603
v -0.086603 0.650175 0.050000
v 0.100000 0.650175 -0.000000
v -0.000000 0.650175 0.100000
v -0.000000 -0.220442 0.100000
v -0.000000 -0.266458 0.100000
v -0.000000 -0.243450 0.107266
v -0.053633 -0.243450 0.092895
v -0.086603 -0.266458 0.050000
v -0.092895 -0.243450 0.053633
v -0.107266 -0.243450 0.000000
v 0.100000 -0.266458 0.000000
v 0.107266 -0.243450 0.000000
v -0.000000 -0.220442 -0.100000
v -0.000000 -0.266458 -0.100000
v -0.000000 -0.243450 -0.107266
v -0.050000 -0.266458 -0.086603
v -0.053633 -0.243450 -0.092895
v -0.086603 -0.220442 -0.050000
v -0.092895 -0.243450 -0.053633
v 0.092895 -0.243450 -0.053633
v 0.050000 -0.220442 -0.086603
v 0.053633 -0.243450 -0.092895
v 0.053633 -0.243450 0.092895
v 0.086603 -0.266458 0.050000
v 0.086603 -0.220442 0.050000
v 0.092895 -0.243450 0.053633
v -0.000000 0.281895 -0.101595
v -0.000000 0.321624 -0.101595
v -0.000000 0.301759 -0.108229
v -0.050798 0.321624 -0.087984
v -0.050798 0.281895 -0.087984
v -0.054114 0.301759 -0.093729
v -0.087984 0.321624 -0.050798
v -0.087984 0.281895 -0.050798
v -0.093729 0.301759 -0.054114
v -0.101595 0.321624 0.000000
v -0.101595 0.281895 0.000000
v -0.108229 0.301759 0.000000
v 0.101595 0.281895 0.000000
v 0.101595 0.321624 0.000000
v 0.108229 0.301760 0.000000
v 0.087984 0.321624 -0.050798
v 0.087984 0.281895 -0.050798
v 0.093729 0.301759 -0.054114
v 0.050798 0.321624 -0.087984
v 0.050798 0.281895 -0.087984
v 0.054114 0.301759 -0.093729
v -0.000000 0.281895 0.101595
v -0.000000 0.321624 0.101595
v -0.000000 0.301760 0.108229
v 0.050798 0.321624 0.087984
v 0.050798 0.281895 0.087984
v 0.054114 0.301759 0.093729
v 0.087984 0.321624 0.050798
v 0.087984 0.281895 0.050798
v 0.093729 0.301759 0.054114
v -0.050798 0.281895 0.087984
v -0.050798 0.321624 0.087984
v -0.054114 0.301760 0.093729
v -0.087984 0.281895 0.050798
v -0.087984 0.321624 0.050798
v -0.093729 0.301760 0.054114
v 0.064997 0.650000 -0.112583
v 0.112580 0.650000 -0.065000
v -0.000003 0.650000 -0.130000
v 0.129997 0.650000 0.000000
v 0.112580 0.650000 0.065000
v 0.064997 0.650000 0.112583
v -0.000003 0.650000 0.130000
v -0.112586 0.650000 -0.065000
v -0.065003 0.650000 -0.112583
v -0.130003 0.650000 0.000000
v -0.065003 0.650000 0.112583
v -0.112586 0.650000 0.065000
v 0.112580 0.620000 -0.065000
v 0.064997 0.620000 -0.112583
v 0.129997 0.620000 0.000000
v -0.000003 0.620000 -0.130000
v 0.064997 0.620000 0.112583
v 0.112580 0.620000 0.065000
v -0.000003 0.620000 0.130000
v -0.065003 0.620000 -0.112583
v -0.112586 0.620000 -0.065000
v -0.130003 0.620000 0.000000
v -0.112586 0.620000 0.065000
v -0.065003 0.620000 0.112583
v -0.104472 0.616770 -0.005473
v -0.123221 0.616770 -0.005493
v -0.104484 0.616770 0.005414
v -0.123233 0.616770 0.005393
v -0.113840 0.616770 -0.010926
v -0.113864 0.616770 0.010847
v -0.113840 0.608908 -0.010926
v -0.123221 0.608908 -0.005493
v -0.113864 0.608908 0.010847
v -0.104484 0.608908 0.005414
v -0.104472 0.608908 -0.005473
v -0.123233 0.608908 0.005393
v -0.101658 0.618570 -0.007103
v -0.126031 0.618570 -0.007130
v -0.101674 0.618570 0.007050
v -0.126047 0.618570 0.007023
v -0.113837 0.618570 -0.014192
v -0.113868 0.618570 0.014112
v -0.101658 0.620370 -0.007103
v -0.126031 0.620370 -0.007130
v -0.101674 0.620370 0.007050
v -0.126047 0.620370 0.007023
v -0.113837 0.620370 -0.014192
v -0.113868 0.620370 0.014112
v 0.123532 0.616770 -0.005473
v 0.104783 0.616770 -0.005493
v 0.123520 0.616770 0.005414
v 0.104771 0.616770 0.005393
v 0.114164 0.616770 -0.010926
v 0.114140 0.616770 0.010847
v 0.114164 0.608908 -0.010926
v 0.104783 0.608908 -0.005493
v 0.114140 0.608908 0.010847
v 0.123520 0.608908 0.005414
v 0.123532 0.608908 -0.005473
v 0.104771 0.608908 0.005393
v 0.126346 0.618570 -0.007103
v 0.101973 0.618570 -0.007130
v 0.126331 0.618570 0.007050
v 0.101957 0.618570 0.007023
v 0.114167 0.618570 -0.014192
v 0.114136 0.618570 0.014112
v 0.126346 0.620370 -0.007103
v 0.101973 0.620370 -0.007130
v 0.126331 0.620370 0.007050
v 0.101957 0.620370 0.007023
v 0.114167 0.620370 -0.014192
v 0.114136 0.620370 0.014112
v 0.005474 0.616770 -0.104473
v 0.005494 0.616770 -0.123221
v -0.005413 0.616770 -0.104485
v -0.005392 0.616770 -0.123233
v 0.010927 0.616770 -0.113841
v -0.010846 0.616770 -0.113865
v 0.010927 0.608908 -0.113841
v 0.005494 0.608908 -0.123221
v -0.010846 0.608908 -0.113865
v -0.005413 0.608908 -0.104485
v 0.005473 0.608908 -0.104473
v -0.005392 0.608908 -0.123233
v 0.007103 0.618570 -0.101659
v 0.007130 0.618570 -0.126032
v -0.007049 0.618570 -0.101674
v -0.007022 0.618570 -0.126048
v 0.014193 0.618570 -0.113838
v -0.014112 0.618570 -0.113869
v 0.007103 0.620370 -0.101659
v 0.007130 0.620370 -0.126032
v -0.007049 0.620370 -0.101674
v -0.007022 0.620370 -0.126048
v 0.014193 0.620370 -0.113838
v -0.014112 0.620370 -0.113869
v 0.005474 0.616770 0.123531
v 0.005494 0.616770 0.104783
v -0.005413 0.616770 0.123519
v -0.005392 0.616770 0.104771
v 0.010927 0.616770 0.114163
v -0.010846 0.616770 0.114139
v 0.010927 0.608908 0.114163
v 0.005494 0.608908 0.104783
v -0.010846 0.608908 0.114139
v -0.005413 0.608908 0.123519
v 0.005474 0.608908 0.123531
v -0.005392 0.608908 0.104771
v 0.007103 0.618570 0.126345
v 0.007130 0.618570 0.101972
v -0.007049 0.618570 0.126330
v -0.007022 0.618570 0.101956
v 0.014193 0.618570 0.114166
v -0.014112 0.618570 0.114135
v 0.007103 0.620370 0.126345
v 0.007130 0.620370 0.101972
v -0.007049 0.620370 0.126330
v -0.007022 0.620370 0.101956
v 0.014193 0.620370 0.114166
v -0.014112 0.620370 0.114135
v -0.070003 0.616770 -0.077743
v -0.083246 0.616770 -0.091015
v -0.077709 0.616770 -0.070054
v -0.090952 0.616770 -0.083326
v -0.072771 0.616770 -0.088224
v -0.088184 0.616770 -0.072845
v -0.072771 0.608908 -0.088224
v -0.083246 0.608908 -0.091015
v -0.088184 0.608908 -0.072845
v -0.077709 0.608908 -0.070054
v -0.070003 0.608908 -0.077743
v -0.090952 0.608908 -0.083326
v -0.066861 0.618570 -0.076906
v -0.084076 0.618570 -0.094160
v -0.076879 0.618570 -0.066910
v -0.094094 0.618570 -0.084163
v -0.070459 0.618570 -0.090531
v -0.090496 0.618570 -0.070538
v -0.066861 0.620370 -0.076906
v -0.084076 0.620370 -0.094160
v -0.076879 0.620370 -0.066910
v -0.094094 0.620370 -0.084163
v -0.070459 0.620370 -0.090531
v -0.090496 0.620370 -0.070538
v 0.091220 0.616770 0.083480
v 0.077978 0.616770 0.070208
v 0.083514 0.616770 0.091169
v 0.070271 0.616770 0.077897
v 0.088452 0.616770 0.072999
v 0.073039 0.616770 0.088378
v 0.088452 0.608908 0.072999
v 0.077978 0.608908 0.070208
v 0.073040 0.608908 0.088378
v 0.083514 0.608908 0.091169
v 0.091220 0.608908 0.083480
v 0.070271 0.608908 0.077897
v 0.094363 0.618570 0.084317
v 0.077147 0.618570 0.067064
v 0.084345 0.618570 0.094314
v 0.067129 0.618570 0.077060
v 0.090764 0.618570 0.070692
v 0.070727 0.618570 0.090685
v 0.094363 0.620370 0.084317
v 0.077147 0.620370 0.067064
v 0.084345 0.620370 0.094314
v 0.067129 0.620370 0.077060
v 0.090764 0.620370 0.070692
v 0.070727 0.620370 0.090685
v 0.077744 0.616770 -0.070003
v 0.091016 0.616770 -0.083246
v 0.070055 0.616770 -0.077710
v 0.083326 0.616770 -0.090953
v 0.088225 0.616770 -0.072772
v 0.072846 0.616770 -0.088184
v 0.088225 0.608908 -0.072772
v 0.091016 0.608908 -0.083246
v 0.072846 0.608908 -0.088184
v 0.070055 0.608908 -0.077710
v 0.077744 0.608908 -0.070003
v 0.083326 0.608908 -0.090953
v 0.076907 0.618570 -0.066861
v 0.094160 0.618570 -0.084077
v 0.066910 0.618570 -0.076879
v 0.084164 0.618570 -0.094095
v 0.090532 0.618570 -0.070460
v 0.070539 0.618570 -0.090496
v 0.076907 0.620370 -0.066861
v 0.094160 0.620370 -0.084077
v 0.066910 0.620370 -0.076879
v 0.084164 0.620370 -0.094095
v 0.090532 0.620370 -0.070460
v 0.070539 0.620370 -0.090496
v -0.083479 0.616770 0.091220
v -0.070207 0.616770 0.077977
v -0.091169 0.616770 0.083513
v -0.077897 0.616770 0.070271
v -0.072999 0.616770 0.088452
v -0.088377 0.616770 0.073039
v -0.072999 0.608908 0.088452
v -0.070207 0.608908 0.077977
v -0.088377 0.608908 0.073039
v -0.091169 0.608908 0.083513
v -0.083479 0.608908 0.091220
v -0.077897 0.608908 0.070271
v -0.084317 0.618570 0.094362
v -0.067063 0.618570 0.077146
v -0.094313 0.618570 0.084344
v -0.077059 0.618570 0.067128
v -0.070692 0.618570 0.090763
v -0.090684 0.618570 0.070727
v -0.084317 0.620370 0.094362
v -0.067063 0.620370 0.077146
v -0.094313 0.620370 0.084344
v -0.077059 0.620370 0.067128
v -0.070692 0.620370 0.090763
v -0.090684 0.620370 0.070727
v -0.064997 -0.650000 -0.112583
v -0.112580 -0.650000 -0.065000
v 0.000003 -0.650000 -0.130000
v -0.129997 -0.650000 0.000000
v -0.112580 -0.650000 0.065000
v -0.064997 -0.650000 0.112583
v 0.000003 -0.650000 0.130000
v 0.112586 -0.650000 -0.065000
v 0.065003 -0.650000 -0.112583
v 0.130003 -0.650000 0.000000
v 0.065003 -0.650000 0.112583
v 0.112586 -0.650000 0.065000
v -0.112580 -0.620000 -0.065000
v -0.064997 -0.620000 -0.112583
v -0.129997 -0.620000 0.000000
v 0.000003 -0.620000 -0.130000
v -0.064997 -0.620000 0.112583
v -0.112580 -0.620000 0.065000
v 0.000003 -0.620000 0.130000
v 0.065003 -0.620000 -0.112583
v 0.112586 -0.620000 -0.065000
v 0.130003 -0.620000 0.000000
v 0.112586 -0.620000 0.065000
v 0.065003 -0.620000 0.112583
v 0.104472 -0.616770 -0.005473
v 0.123221 -0.616770 -0.005493
v 0.104484 -0.616770 0.005414
v 0.123233 -0.616770 0.005393
v 0.113840 -0.616770 -0.010926
v 0.113864 -0.616770 0.010847
v 0.113840 -0.608908 -0.010926
v 0.123221 -0.608908 -0.005493
v 0.113864 -0.608908 0.010847
v 0.104484 -0.608908 0.005414
v 0.104472 -0.608908 -0.005473
v 0.123233 -0.608908 0.005393
v 0.101658 -0.618570 -0.007103
v 0.126031 -0.618570 -0.007130
v 0.101674 -0.618570 0.007050
v 0.126047 -0.618570 0.007023
v 0.113837 -0.618570 -0.014192
v 0.113868 -0.618570 0.014112
v 0.101658 -0.620370 -0.007103
v 0.126031 -0.620370 -0.007130
v 0.101674 -0.620370 0.007050
v 0.126047 -0.620370 0.007023
v 0.113837 -0.620370 -0.014192
v 0.113868 -0.620370 0.014112
v -0.123532 -0.616770 -0.005473
v -0.104783 -0.616770 -0.005493
v -0.123520 -0.616770 0.005414
v -0.104771 -0.616770 0.005393
v -0.114164 -0.616770 -0.010926
v -0.114140 -0.616770 0.010847
v -0.114164 -0.608908 -0.010926
v -0.104783 -0.608908 -0.005493
v -0.114140 -0.608908 0.010847
v -0.123520 -0.608908 0.005414
v -0.123532 -0.608908 -0.005473
v -0.104771 -0.608908 0.005393
v -0.126346 -0.618570 -0.007103
v -0.101973 -0.618570 -0.007130
v -0.126331 -0.618570 0.007050
v -0.101957 -0.618570 0.007023
v -0.114167 -0.618570 -0.014192
v -0.114136 -0.618570 0.014112
v -0.126346 -0.620370 -0.007103
v -0.101973 -0.620370 -0.007130
v -0.126331 -0.620370 0.007050
v -0.101957 -0.620370 0.007023
v -0.114167 -0.620370 -0.014192
v -0.114136 -0.620370 0.014112
v -0.005474 -0.616770 -0.104473
v -0.005494 -0.616770 -0.123221
v 0.005413 -0.616770 -0.104485
v 0.005392 -0.616770 -0.123233
v -0.010927 -0.616770 -0.113841
v 0.010846 -0.616770 -0.113865
v -0.010927 -0.608908 -0.113841
v -0.005494 -0.608908 -0.123221
v 0.010846 -0.608908 -0.113865
v 0.005413 -0.608908 -0.104485
v -0.005473 -0.608908 -0.104473
v 0.005392 -0.608908 -0.123233
v -0.007103 -0.618570 -0.101659
v -0.007130 -0.618570 -0.126032
v 0.007049 -0.618570 -0.101674
v 0.007022 -0.618570 -0.126048
v -0.014193 -0.618570 -0.113838
v 0.014112 -0.618570 -0.113869
v -0.007103 -0.620370 -0.101659
v -0.007130 -0.620370 -0.126032
v 0.007049 -0.620370 -0.101674
v 0.007022 -0.620370 -0.126048
v -0.014193 -0.620370 -0.113838
v 0.014112 -0.620370 -0.113869
v -0.005474 -0.616770 0.123531
v -0.005494 -0.616770 0.104783
v 0.005413 -0.616770 0.123519
v 0.005392 -0.616770 0.104771
v -0.010927 -0.616770 0.114163
v 0.010846 -0.616770 0.114139
v -0.010927 -0.608908 0.114163
v -0.005494 -0.608908 0.104783
v 0.010846 -0.608908 0.114139
v 0.005413 -0.608908 0.123519
v -0.005474 -0.608908 0.123531
v 0.005392 -0.608908 0.104771
v -0.007103 -0.618570 0.126345
v -0.007130 -0.618570 0.101972
v 0.007049 -0.618570 0.126330
v 0.007022 -0.618570 0.101956
v -0.014193 -0.618570 0.114167
v 0.014112 -0.618570 0.114135
v -0.007103 -0.620370 0.126345
v -0.007130 -0.620370 0.101972
v 0.007049 -0.620370 0.126330
v 0.007022 -0.620370 0.101956
v -0.014193 -0.620370 0.114167
v 0.014112 -0.620370 0.114135
v 0.070003 -0.616770 -0.077743
v 0.083246 -0.616770 -0.091015
v 0.077709 -0.616770 -0.070054
v 0.090952 -0.616770 -0.083326
v 0.072771 -0.616770 -0.088224
v 0.088184 -0.616770 -0.072845
v 0.072771 -0.608908 -0.088224
v 0.083246 -0.608908 -0.091015
v 0.088184 -0.608908 -0.072845
v 0.077709 -0.608908 -0.070054
v 0.070003 -0.608908 -0.077743
v 0.090952 -0.608908 -0.083326
v 0.066861 -0.618570 -0.076906
v 0.084076 -0.618570 -0.094160
v 0.076879 -0.618570 -0.066910
v 0.094094 -0.618570 -0.084163
v 0.070459 -0.618570 -0.090531
v 0.090496 -0.618570 -0.070538
v 0.066861 -0.620370 -0.076906
v 0.084076 -0.620370 -0.094160
v 0.076879 -0.620370 -0.066910
v 0.094094 -0.620370 -0.084163
v 0.070459 -0.620370 -0.090531
v 0.090496 -0.620370 -0.070538
v -0.091220 -0.616770 0.083480
v -0.077978 -0.616770 0.070208
v -0.083514 -0.616770 0.091169
v -0.070271 -0.616770 0.077897
v -0.088452 -0.616770 0.072999
v -0.073039 -0.616770 0.088378
v -0.088452 -0.608908 0.072999
v -0.077978 -0.608908 0.070208
v -0.073040 -0.608908 0.088378
v -0.083514 -0.608908 0.091169
v -0.091220 -0.608908 0.083480
v -0.070271 -0.608908 0.077897
v -0.094363 -0.618570 0.084317
v -0.077147 -0.618570 0.067064
v -0.084345 -0.618570 0.094314
v -0.067129 -0.618570 0.077060
v -0.090764 -0.618570 0.070692
v -0.070727 -0.618570 0.090685
v -0.094363 -0.620370 0.084317
v -0.077147 -0.620370 0.067064
v -0.084345 -0.620370 0.094314
v -0.067129 -0.620370 0.077060
v -0.090764 -0.620370 0.070692
v -0.070727 -0.620370 0.090685
v -0.077744 -0.616770 -0.070003
v -0.091016 -0.616770 -0.083246
v -0.070055 -0.616770 -0.077710
v -0.083326 -0.616770 -0.090953
v -0.088225 -0.616770 -0.072772
v -0.072846 -0.616770 -0.088184
v -0.088225 -0.608908 -0.072772
v -0.091016 -0.608908 -0.083246
v -0.072846 -0.608908 -0.088184
v -0.070055 -0.608908 -0.077710
v -0.077744 -0.608908 -0.070003
v -0.083326 -0.608908 -0.090953
v -0.076907 -0.618570 -0.066861
v -0.094160 -0.618570 -0.084077
v -0.066910 -0.618570 -0.076879
v -0.084164 -0.618570 -0.094095
v -0.090532 -0.618570 -0.070460
v -0.070539 -0.618570 -0.090496
v -0.076907 -0.620370 -0.066861
v -0.094160 -0.620370 -0.084077
v -0.066910 -0.620370 -0.076879
v -0.084164 -0.620370 -0.094095
v -0.090532 -0.620370 -0.070460
v -0.070539 -0.620370 -0.090496
v 0.083479 -0.616770 0.091220
v 0.070207 -0.616770 0.077977
v 0.091169 -0.616770 0.083513
v 0.077897 -0.616770 0.070271
v 0.072999 -0.616770 0.088452
v 0.088377 -0.616770 0.073039
v 0.072999 -0.608908 0.088452
v 0.070207 -0.608908 0.077977
v 0.088377 -0.608908 0.073039
v 0.091169 -0.608908 0.083513
v 0.083479 -0.608908 0.091220
v 0.077897 -0.608908 0.070271
v 0.084317 -0.618570 0.094362
v 0.067063 -0.618570 0.077146
v 0.094313 -0.618570 0.084344
v 0.077059 -0.618570 0.067128
v 0.070692 -0.618570 0.090763
v 0.090684 -0.618570 0.070727
v 0.084317 -0.620370 0.094362
v 0.067063 -0.620370 0.077146
v 0.094313 -0.620370 0.084344
v 0.077059 -0.620370 0.067128
v 0.070692 -0.620370 0.090763
v 0.090684 -0.620370 0.070727
v -0.650000 0.050000 0.086603
v -0.650000 0.086602 0.050000
v -0.650000 0.100000 0.000000
v -0.650000 0.086602 -0.050000
v -0.650000 0.050000 -0.086603
v -0.650000 -0.000000 0.100000
v -0.650000 -0.086603 0.050000
v -0.650000 -0.050000 0.086603
v -0.650000 -0.000000 -0.100000
v -0.650000 -0.100000 0.000000
v -0.650000 -0.050000 -0.086603
v -0.650000 -0.086603 -0.050000
v -0.220442 0.050000 0.086603
v -0.220442 0.086603 0.050000
v -0.220442 -0.100000 0.000000
v -0.220442 0.050000 -0.086603
v -0.220442 0.100000 0.000000
v -0.220442 -0.086603 -0.050000
v -0.220442 -0.050000 0.086603
v -0.266458 0.050000 0.086603
v -0.266458 0.086603 -0.050000
v -0.266458 0.100000 0.000000
v -0.266458 -0.086603 -0.050000
v -0.266458 -0.050000 -0.086603
v -0.266458 -0.050000 0.086603
v 0.278125 0.050000 -0.086603
v 0.278125 0.086603 -0.050000
v 0.278125 0.100000 0.000000
v 0.278125 -0.086603 -0.050000
v 0.278125 -0.050000 -0.086603
v 0.278125 0.000000 -0.100000
v 0.278125 -0.050000 0.086603
v 0.278125 -0.086603 0.050000
v 0.278125 0.050000 0.086603
v 0.278125 0.086603 0.050000
v 0.278125 -0.100000 0.000000
v 0.278125 0.000000 0.100000
v 0.325394 0.050000 -0.086603
v 0.325394 0.086603 -0.050000
v 0.325394 0.100000 0.000000
v 0.325394 -0.086603 -0.050000
v 0.325394 -0.050000 -0.086603
v 0.325394 0.000000 -0.100000
v 0.325394 -0.050000 0.086603
v 0.325394 -0.086603 0.050000
v 0.325394 0.050000 0.086603
v 0.325394 0.086603 0.050000
v 0.325394 -0.100000 0.000000
v 0.325394 0.000000 0.100000
v 0.650175 0.050000 -0.086603
v 0.650175 0.086603 -0.050000
v 0.650175 0.100000 -0.000000
v 0.650175 -0.086602 -0.050000
v 0.650175 -0.050000 -0.086603
v 0.650175 0.000000 -0.100000
v 0.650175 -0.050000 0.086603
v 0.650175 -0.086602 0.050000
v 0.650175 0.050000 0.086603
v 0.650175 0.086603 0.050000
v 0.650175 -0.100000 -0.000000
v 0.650175 0.000000 0.100000
v -0.220442 -0.000000 0.100000
v -0.266458 -0.000000 0.100000
v -0.243450 -0.000000 0.107266
v -0.243450 0.053633 0.092895
v -0.266458 0.086603 0.050000
v -0.243450 0.092895 0.053633
v -0.243450 0.107266 0.000000
v -0.266458 -0.100000 0.000000
v -0.243450 -0.107266 0.000000
v -0.220442 -0.000000 -0.100000
v -0.266458 -0.000000 -0.100000
v -0.243450 -0.000000 -0.107266
v -0.266458 0.050000 -0.086603
v -0.243450 0.053633 -0.092895
v -0.220442 0.086603 -0.050000
v -0.243450 0.092895 -0.053633
v -0.243450 -0.092895 -0.053633
v -0.220442 -0.050000 -0.086603
v -0.243450 -0.053633 -0.092895
v -0.243450 -0.053633 0.092895
v -0.266458 -0.086603 0.050000
v -0.220442 -0.086603 0.050000
v -0.243450 -0.092895 0.053633
v 0.281895 0.000000 -0.101595
v 0.321624 0.000000 -0.101595
v 0.301759 0.000000 -0.108229
v 0.321624 0.050798 -0.087984
v 0.281895 0.050798 -0.087984
v 0.301759 0.054115 -0.093729
v 0.321624 0.087984 -0.050798
v 0.281895 0.087984 -0.050798
v 0.301759 0.093729 -0.054114
v 0.321624 0.101595 0.000000
v 0.281895 0.101595 0.000000
v 0.301759 0.108229 0.000000
v 0.281895 -0.101595 0.000000
v 0.321624 -0.101595 0.000000
v 0.301760 -0.108229 0.000000
v 0.321624 -0.087984 -0.050798
v 0.281895 -0.087984 -0.050798
v 0.301759 -0.093729 -0.054114
v 0.321624 -0.050798 -0.087984
v 0.281895 -0.050798 -0.087984
v 0.301759 -0.054114 -0.093729
v 0.281895 0.000000 0.101595
v 0.321624 0.000000 0.101595
v 0.301760 0.000000 0.108229
v 0.321624 -0.050798 0.087984
v 0.281895 -0.050798 0.087984
v 0.301759 -0.054114 0.093729
v 0.321624 -0.087984 0.050798
v 0.281895 -0.087984 0.050798
v 0.301759 -0.093729 0.054114
v 0.281895 0.050798 0.087984
v 0.321624 0.050798 0.087984
v 0.301760 0.054115 0.093729
v 0.281895 0.087984 0.050798
v 0.321624 0.087984 0.050798
v 0.301760 0.093729 0.054114
v 0.650000 -0.064997 -0.112583
v 0.650000 -0.112580 -0.065000
v 0.650000 0.000003 -0.130000
v 0.650000 -0.129997 0.000000
v 0.650000 -0.112580 0.065000
v 0.650000 -0.064997 0.112583
v 0.650000 0.000003 0.130000
v 0.650000 0.112586 -0.065000
v 0.650000 0.065003 -0.112583
v 0.650000 0.130003 0.000000
v 0.650000 0.065003 0.112583
v 0.650000 0.112586 0.065000
v 0.620000 -0.112580 -0.065000
v 0.620000 -0.064997 -0.112583
v 0.620000 -0.129997 0.000000
v 0.620000 0.000003 -0.130000
v 0.620000 -0.064997 0.112583
v 0.620000 -0.112580 0.065000
v 0.620000 0.000003 0.130000
v 0.620000 0.065003 -0.112583
v 0.620000 0.112586 -0.065000
v 0.620000 0.130003 0.000000
v 0.620000 0.112586 0.065000
v 0.620000 0.065003 0.112583
v 0.616770 0.104472 -0.005473
v 0.616770 0.123221 -0.005493
v 0.616770 0.104484 0.005414
v 0.616770 0.123233 0.005393
v 0.616770 0.113840 -0.010926
v 0.616770 0.113864 0.010847
v 0.608908 0.113840 -0.010926
v 0.608908 0.123221 -0.005493
v 0.608908 0.113864 0.010847
v 0.608908 0.104484 0.005414
v 0.608908 0.104472 -0.005473
v 0.608908 0.123233 0.005393
v 0.618570 0.101658 -0.007103
v 0.618570 0.126031 -0.007130
v 0.618570 0.101674 0.007050
v 0.618570 0.126047 0.007023
v 0.618570 0.113837 -0.014192
v 0.618570 0.113868 0.014112
v 0.620370 0.101658 -0.007103
v 0.620370 0.126031 -0.007130
v 0.620370 0.101674 0.007050
v 0.620370 0.126047 0.007023
v 0.620370 0.113837 -0.014192
v 0.620370 0.113868 0.014112
v 0.616770 -0.123532 -0.005473
v 0.616770 -0.104783 -0.005493
v 0.616770 -0.123520 0.005414
v 0.616770 -0.104771 0.005393
v 0.616770 -0.114164 -0.010926
v 0.616770 -0.114140 0.010847
v 0.608908 -0.114164 -0.010926
v 0.608908 -0.104783 -0.005493
v 0.608908 -0.114140 0.010847
v 0.608908 -0.123520 0.005414
v 0.608908 -0.123532 -0.005473
v 0.608908 -0.104771 0.005393
v 0.618570 -0.126346 -0.007103
v 0.618570 -0.101973 -0.007130
v 0.618570 -0.126330 0.007050
v 0.618570 -0.101957 0.007023
v 0.618570 -0.114167 -0.014192
v 0.618570 -0.114136 0.014112
v 0.620370 -0.126346 -0.007103
v 0.620370 -0.101973 -0.007130
v 0.620370 -0.126330 0.007050
v 0.620370 -0.101957 0.007023
v 0.620370 -0.114167 -0.014192
v 0.620370 -0.114136 0.014112
v 0.616770 -0.005473 -0.104473
v 0.616770 -0.005494 -0.123221
v 0.616770 0.005413 -0.104485
v 0.616770 0.005392 -0.123233
v 0.616770 -0.010927 -0.113841
v 0.616770 0.010846 -0.113865
v 0.608908 -0.010927 -0.113841
v 0.608908 -0.005494 -0.123221
v 0.608908 0.010846 -0.113865
v 0.608908 0.005413 -0.104485
v 0.608908 -0.005473 -0.104473
v 0.608908 0.005392 -0.123233
v 0.618570 -0.007103 -0.101659
v 0.618570 -0.007130 -0.126032
v 0.618570 0.007049 -0.101674
v 0.618570 0.007022 -0.126048
v 0.618570 -0.014193 -0.113838
v 0.618570 0.014112 -0.113869
v 0.620370 -0.007103 -0.101659
v 0.620370 -0.007130 -0.126032
v 0.620370 0.007049 -0.101674
v 0.620370 0.007022 -0.126048
v 0.620370 -0.014193 -0.113838
v 0.620370 0.014112 -0.113869
v 0.616770 -0.005473 0.123531
v 0.616770 -0.005494 0.104783
v 0.616770 0.005413 0.123519
v 0.616770 0.005392 0.104771
v 0.616770 -0.010927 0.114163
v 0.616770 0.010846 0.114139
v 0.608908 -0.010927 0.114163
v 0.608908 -0.005494 0.104783
v 0.608908 0.010846 0.114139
v 0.608908 0.005413 0.123519
v 0.608908 -0.005473 0.123531
v 0.608908 0.005392 0.104771
v 0.618570 -0.007103 0.126345
v 0.618570 -0.007130 0.101972
v 0.618570 0.007049 0.126330
v 0.618570 0.007022 0.101956
v 0.618570 -0.014193 0.114166
v 0.618570 0.014112 0.114135
v 0.620370 -0.007103 0.126345
v 0.620370 -0.007130 0.101972
v 0.620370 0.007049 0.126330
v 0.620370 0.007022 0.101956
v 0.620370 -0.014193 0.114166
v 0.620370 0.014112 0.114135
v 0.616770 0.070003 -0.077743
v 0.616770 0.083246 -0.091015
v 0.616770 0.077709 -0.070054
v 0.616770 0.090952 -0.083326
v 0.616770 0.072771 -0.088224
v 0.616770 0.088184 -0.072845
v 0.608908 0.072771 -0.088224
v 0.608908 0.083246 -0.091015
v 0.608908 0.088184 -0.072845
v 0.608908 0.077709 -0.070054
v 0.608908 0.070003 -0.077743
v 0.608908 0.090952 -0.083326
v 0.618570 0.066861 -0.076906
v 0.618570 0.084076 -0.094160
v 0.618570 0.076879 -0.066910
v 0.618570 0.094094 -0.084163
v 0.618570 0.070459 -0.090531
v 0.618570 0.090496 -0.070538
v 0.620370 0.066861 -0.076906
v 0.620370 0.084076 -0.094160
v 0.620370 0.076879 -0.066910
v 0.620370 0.094094 -0.084163
v 0.620370 0.070459 -0.090531
v 0.620370 0.090496 -0.070538
v 0.616770 -0.091220 0.083480
v 0.616770 -0.077978 0.070208
v 0.616770 -0.083514 0.091169
v 0.616770 -0.070271 0.077897
v 0.616770 -0.088452 0.072999
v 0.616770 -0.073039 0.088378
v 0.608908 -0.088452 0.072999
v 0.608908 -0.077978 0.070208
v 0.608908 -0.073039 0.088378
v 0.608908 -0.083514 0.091169
v 0.608908 -0.091220 0.083480
v 0.608908 -0.070271 0.077897
v 0.618570 -0.094363 0.084317
v 0.618570 -0.077147 0.067064
v 0.618570 -0.084344 0.094314
v 0.618570 -0.067129 0.077060
v 0.618570 -0.090764 0.070692
v 0.618570 -0.070727 0.090685
v 0.620370 -0.094363 0.084317
v 0.620370 -0.077147 0.067064
v 0.620370 -0.084344 0.094314
v 0.620370 -0.067129 0.077060
v 0.620370 -0.090764 0.070692
v 0.620370 -0.070727 0.090685
v 0.616770 -0.077744 -0.070003
v 0.616770 -0.091016 -0.083246
v 0.616770 -0.070054 -0.077710
v 0.616770 -0.083326 -0.090953
v 0.616770 -0.088225 -0.072772
v 0.616770 -0.072846 -0.088184
v 0.608908 -0.088225 -0.072772
v 0.608908 -0.091016 -0.083246
v 0.608908 -0.072846 -0.088184
v 0.608908 -0.070054 -0.077710
v 0.608908 -0.077744 -0.070003
v 0.608908 -0.083326 -0.090953
v 0.618570 -0.076907 -0.066861
v 0.618570 -0.094160 -0.084077
v 0.618570 -0.066910 -0.076879
v 0.618570 -0.084164 -0.094095
v 0.618570 -0.090531 -0.070460
v 0.618570 -0.070539 -0.090496
v 0.620370 -0.076907 -0.066861
v 0.620370 -0.094160 -0.084077
v 0.620370 -0.066910 -0.076879
v 0.620370 -0.084164 -0.094095
v 0.620370 -0.090531 -0.070460
v 0.620370 -0.070539 -0.090496
v 0.616770 0.083479 0.091220
v 0.616770 0.070207 0.077977
v 0.616770 0.091169 0.083513
v 0.616770 0.077897 0.070271
v 0.616770 0.072999 0.088452
v 0.616770 0.088377 0.073039
v 0.608908 0.072999 0.088452
v 0.608908 0.070207 0.077977
v 0.608908 0.088377 0.073039
v 0.608908 0.091169 0.083513
v 0.608908 0.083479 0.091220
v 0.608908 0.077897 0.070271
v 0.618570 0.084317 0.094362
v 0.618570 0.067063 0.077146
v 0.618570 0.094313 0.084344
v 0.618570 0.077059 0.067128
v 0.618570 0.070692 0.090763
v 0.618570 0.090684 0.070727
v 0.620370 0.084317 0.094362
v 0.620370 0.067063 0.077146
v 0.620370 0.094313 0.084344
v 0.620370 0.077059 0.067128
v 0.620370 0.070692 0.090763
v 0.620370 0.090684 0.070727
v -0.650000 0.064997 -0.112583
v -0.650000 0.112580 -0.065000
v -0.650000 -0.000003 -0.130000
v -0.650000 0.129997 0.000000
v -0.650000 0.112580 0.065000
v -0.650000 0.064997 0.112583
v -0.650000 -0.000003 0.130000
v -0.650000 -0.112586 -0.065000
v -0.650000 -0.065003 -0.112583
v -0.650000 -0.130003 0.000000
v -0.650000 -0.065003 0.112583
v -0.650000 -0.112586 0.065000
v -0.620000 0.112580 -0.065000
v -0.620000 0.064997 -0.112583
v -0.620000 0.129997 0.000000
v -0.620000 -0.000003 -0.130000
v -0.620000 0.064997 0.112583
v -0.620000 0.112580 0.065000
v -0.620000 -0.000003 0.130000
v -0.620000 -0.065003 -0.112583
v -0.620000 -0.112586 -0.065000
v -0.620000 -0.130003 0.000000
v -0.620000 -0.112586 0.065000
v -0.620000 -0.065003 0.112583
v -0.616770 -0.104472 -0.005473
v -0.616770 -0.123221 -0.005493
v -0.616770 -0.104484 0.005414
v -0.616770 -0.123233 0.005393
v -0.616770 -0.113840 -0.010926
v -0.616770 -0.113864 0.010847
v -0.608908 -0.113840 -0.010926
v -0.608908 -0.123221 -0.005493
v -0.608908 -0.113864 0.010847
v -0.608908 -0.104484 0.005414
v -0.608908 -0.104472 -0.005473
v -0.608908 -0.123233 0.005393
v -0.618570 -0.101658 -0.007103
v -0.618570 -0.126031 -0.007130
v -0.618570 -0.101674 0.007050
v -0.618570 -0.126047 0.007023
v -0.618570 -0.113837 -0.014192
v -0.618570 -0.113868 0.014112
v -0.620370 -0.101658 -0.007103
v -0.620370 -0.126031 -0.007130
v -0.620370 -0.101674 0.007050
v -0.620370 -0.126047 0.007023
v -0.620370 -0.113837 -0.014192
v -0.620370 -0.113868 0.014112
v -0.616770 0.123532 -0.005473
v -0.616770 0.104783 -0.005493
v -0.616770 0.123520 0.005414
v -0.616770 0.104771 0.005393
v -0.616770 0.114164 -0.010926
v -0.616770 0.114140 0.010847
v -0.608908 0.114164 -0.010926
v -0.608908 0.104783 -0.005493
v -0.608908 0.114140 0.010847
v -0.608908 0.123520 0.005414
v -0.608908 0.123532 -0.005473
v -0.608908 0.104771 0.005393
v -0.618570 0.126346 -0.007103
v -0.618570 0.101973 -0.007130
v -0.618570 0.126331 0.007050
v -0.618570 0.101957 0.007023
v -0.618570 0.114167 -0.014192
v -0.618570 0.114136 0.014112
v -0.620370 0.126346 -0.007103
v -0.620370 0.101973 -0.007130
v -0.620370 0.126331 0.007050
v -0.620370 0.101957 0.007023
v -0.620370 0.114167 -0.014192
v -0.620370 0.114136 0.014112
v -0.616770 0.005474 -0.104473
v -0.616770 0.005494 -0.123221
v -0.616770 -0.005413 -0.104485
v -0.616770 -0.005392 -0.123233
v -0.616770 0.010927 -0.113841
v -0.616770 -0.010846 -0.113865
v -0.608908 0.010927 -0.113841
v -0.608908 0.005494 -0.123221
v -0.608908 -0.010846 -0.113865
v -0.608908 -0.005413 -0.104485
v -0.608908 0.005473 -0.104473
v -0.608908 -0.005392 -0.123233
v -0.618570 0.007103 -0.101659
v -0.618570 0.007130 -0.126032
v -0.618570 -0.007049 -0.101674
v -0.618570 -0.007022 -0.126048
v -0.618570 0.014193 -0.113838
v -0.618570 -0.014112 -0.113869
v -0.620370 0.007103 -0.101659
v -0.620370 0.007130 -0.126032
v -0.620370 -0.007049 -0.101674
v -0.620370 -0.007022 -0.126048
v -0.620370 0.014193 -0.113838
v -0.620370 -0.014112 -0.113869
v -0.616770 0.005474 0.123531
v -0.616770 0.005494 0.104783
v -0.616770 -0.005413 0.123519
v -0.616770 -0.005392 0.104771
v -0.616770 0.010927 0.114163
v -0.616770 -0.010846 0.114139
v -0.608908 0.010927 0.114163
v -0.608908 0.005494 0.104783
v -0.608908 -0.010846 0.114139
v -0.608908 -0.005413 0.123519
v -0.608908 0.005474 0.123531
v -0.608908 -0.005392 0.104771
v -0.618570 0.007103 0.126345
v -0.618570 0.007130 0.101972
v -0.618570 -0.007049 0.126330
v -0.618570 -0.007022 0.101956
v -0.618570 0.014193 0.114167
v -0.618570 -0.014112 0.114135
v -0.620370 0.007103 0.126345
v -0.620370 0.007130 0.101972
v -0.620370 -0.007049 0.126330
v -0.620370 -0.007022 0.101956
v -0.620370 0.014193 0.114167
v -0.620370 -0.014112 0.114135
v -0.616770 -0.070003 -0.077743
v -0.616770 -0.083246 -0.091015
v -0.616770 -0.077709 -0.070054
v -0.616770 -0.090952 -0.083326
v -0.616770 -0.072771 -0.088224
v -0.616770 -0.088184 -0.072845
v -0.608908 -0.072771 -0.088224
v -0.608908 -0.083246 -0.091015
v -0.608908 -0.088184 -0.072845
v -0.608908 -0.077709 -0.070054
v -0.608908 -0.070003 -0.077743
v -0.608908 -0.090952 -0.083326
v -0.618570 -0.066861 -0.076906
v -0.618570 -0.084076 -0.094159
v -0.618570 -0.076879 -0.066910
v -0.618570 -0.094094 -0.084163
v -0.618570 -0.070459 -0.090531
v -0.618570 -0.090496 -0.070538
v -0.620370 -0.066861 -0.076906
v -0.620370 -0.084076 -0.094159
v -0.620370 -0.076879 -0.066910
v -0.620370 -0.094094 -0.084163
v -0.620370 -0.070459 -0.090531
v -0.620370 -0.090496 -0.070538
v -0.616770 0.091220 0.083480
v -0.616770 0.077978 0.070208
v -0.616770 0.083514 0.091169
v -0.616770 0.070271 0.077897
v -0.616770 0.088452 0.072999
v -0.616770 0.073039 0.088378
v -0.608908 0.088452 0.072999
v -0.608908 0.077978 0.070208
v -0.608908 0.073040 0.088378
v -0.608908 0.083514 0.091169
v -0.608908 0.091220 0.083480
v -0.608908 0.070271 0.077897
v -0.618570 0.094363 0.084317
v -0.618570 0.077147 0.067064
v -0.618570 0.084344 0.094314
v -0.618570 0.067129 0.077060
v -0.618570 0.090764 0.070692
v -0.618570 0.070727 0.090685
v -0.620370 0.094363 0.084317
v -0.620370 0.077147 0.067064
v -0.620370 0.084344 0.094314
v -0.620370 0.067129 0.077060
v -0.620370 0.090764 0.070692
v -0.620370 0.070727 0.090685
v -0.616770 0.077744 -0.070003
v -0.616770 0.091016 -0.083246
v -0.616770 0.070054 -0.077710
v -0.616770 0.083326 -0.090953
v -0.616770 0.088225 -0.072772
v -0.616770 0.072846 -0.088184
v -0.608908 0.088225 -0.072772
v -0.608908 0.091016 -0.083246
v -0.608908 0.072846 -0.088184
v -0.608908 0.070055 -0.077710
v -0.608908 0.077744 -0.070003
v -0.608908 0.083326 -0.090953
v -0.618570 0.076907 -0.066861
v -0.618570 0.094160 -0.084077
v -0.618570 0.066910 -0.076879
v -0.618570 0.084164 -0.094095
v -0.618570 0.090531 -0.070460
v -0.618570 0.070539 -0.090496
v -0.620370 0.076907 -0.066861
v -0.620370 0.094160 -0.084077
v -0.620370 0.066910 -0.076879
v -0.620370 0.084164 -0.094095
v -0.620370 0.090531 -0.070460
v -0.620370 0.070539 -0.090496
v -0.616770 -0.083479 0.091220
v -0.616770 -0.070207 0.077977
v -0.616770 -0.091169 0.083513
v -0.616770 -0.077897 0.070271
v -0.616770 -0.072999 0.088452
v -0.616770 -0.088377 0.073039
v -0.608908 -0.072999 0.088452
v -0.608908 -0.070207 0.077977
v -0.608908 -0.088377 0.073039
v -0.608908 -0.091169 0.083513
v -0.608908 -0.083479 0.091220
v -0.608908 -0.077897 0.070271
v -0.618570 -0.084317 0.094362
v -0.618570 -0.067063 0.077146
v -0.618570 -0.094313 0.084344
v -0.618570 -0.077059 0.067128
v -0.618570 -0.070692 0.090763
v -0.618570 -0.090684 0.070727
v -0.620370 -0.084317 0.094362
v -0.620370 -0.067063 0.077146
v -0.620370 -0.094313 0.084344
v -0.620370 -0.077059 0.067128
v -0.620370 -0.070692 0.090763
v -0.620370 -0.090684 0.070727
v -0.066000 -0.200000 -0.114315
v -0.114315 -0.200000 -0.066000
v -0.132000 -0.200000 0.000000
v 0.114315 -0.200000 -0.066000
v 0.066000 -0.200000 -0.114315
v -0.000000 -0.200000 -0.132000
v 0.066000 -0.200000 0.114315
v 0.114315 -0.200000 0.066000
v -0.066000 -0.200000 0.114315
v -0.114315 -0.200000 0.066000
v 0.132000 -0.200000 0.000000
v -0.000000 -0.200000 0.132000
v -0.066000 0.200175 -0.114315
v -0.114315 0.200175 -0.066000
v -0.132000 0.200175 0.000000
v 0.114315 0.200175 -0.066000
v 0.066000 0.200175 -0.114315
v -0.000000 0.200175 -0.132000
v 0.066000 0.200175 0.114315
v 0.114315 0.200175 0.066000
v -0.066000 0.200175 0.114315
v -0.114315 0.200175 0.066000
v 0.132000 0.200175 0.000000
v -0.000000 0.200175 0.132000
v -0.200000 0.066000 -0.114315
v -0.200000 0.114315 -0.066000
v -0.200000 0.132000 0.000000
v -0.200000 -0.114315 -0.066000
v -0.200000 -0.066000 -0.114315
v -0.200000 -0.000000 -0.132000
v -0.200000 -0.066000 0.114315
v -0.200000 -0.114315 0.066000
v -0.200000 0.066000 0.114315
v -0.200000 0.114315 0.066000
v -0.200000 -0.132000 0.000000
v -0.200000 -0.000000 0.132000
v 0.200175 0.066000 -0.114315
v 0.200175 0.114315 -0.066000
v 0.200175 0.132000 0.000000
v 0.200175 -0.114315 -0.066000
v 0.200175 -0.066000 -0.114315
v 0.200175 0.000000 -0.132000
v 0.200175 -0.066000 0.114315
v 0.200175 -0.114315 0.066000
v 0.200175 0.066000 0.114315
v 0.200175 0.114315 0.066000
v 0.200175 -0.132000 0.000000
v 0.200175 0.000000 0.132000
vn 1.0000 -0.0000 -0.0000
vn 0.8660 -0.0000 -0.5000
vn -0.8660 -0.0000 -0.5000
vn -1.0000 -0.0000 -0.0000
vn 0.5000 -0.0000 -0.8660
vn -0.0000 -0.0000 -1.0000
vn -0.0000 -0.0000 1.0000
vn 0.5000 -0.0000 0.8660
vn 0.8660 -0.0000 0.5000
vn -0.5000 -0.0000 -0.8660
vn -0.4768 -0.3012 -0.8258
vn -0.0000 -0.3012 -0.9536
vn -0.5000 -0.0000 0.8660
vn -0.8660 -0.0000 0.5000
vn -0.8258 -0.3012 -0.4768
vn -0.0000 0.3897 -0.9210
vn 0.4605 0.3897 -0.7976
vn 0.4681 0.3514 -0.8108
vn -0.0000 0.3514 -0.9362
vn -0.7976 -0.3897 -0.4605
vn -0.8108 -0.3514 -0.4681
vn -0.4681 -0.3514 -0.8108
vn -0.4605 -0.3897 -0.7976
vn -0.9210 0.3897 -0.0000
vn -0.7976 0.3897 -0.4605
vn -0.8108 0.3514 -0.4681
vn -0.9362 0.3514 -0.0000
vn -0.8108 0.3514 0.4681
vn -0.7976 0.3897 0.4605
vn 0.9210 0.3897 -0.0000
vn 0.7976 0.3897 0.4605
vn 0.8108 0.3514 0.4681
vn 0.9362 0.3514 -0.0000
vn 0.4605 -0.3897 -0.7976
vn 0.4681 -0.3514 -0.8108
vn 0.8108 -0.3514 -0.4681
vn 0.7976 -0.3897 -0.4605
vn 0.4681 -0.3514 0.8108
vn -0.0000 -0.3514 0.9362
vn -0.0000 -0.3897 0.9210
vn 0.4605 -0.3897 0.7976
vn -0.4681 0.3514 -0.8108
vn -0.4605 0.3897 -0.7976
vn -0.4681 0.3514 0.8108
vn -0.0000 0.3514 0.9362
vn -0.0000 0.3897 0.9210
vn -0.4605 0.3897 0.7976
vn 0.7976 -0.3897 0.4605
vn 0.8108 -0.3514 0.4681
vn -0.8108 -0.3514 0.4681
vn -0.7976 -0.3897 0.4605
vn -0.4605 -0.3897 0.7976
vn -0.4681 -0.3514 0.8108
vn 0.8108 0.3514 -0.4681
vn 0.7976 0.3897 -0.4605
vn 0.4605 0.3897 0.7976
vn 0.4681 0.3514 0.8108
vn 0.9362 -0.3514 -0.0000
vn 0.9210 -0.3897 -0.0000
vn -0.9210 -0.3897 -0.0000
vn -0.9362 -0.3514 -0.0000
vn -0.0000 -0.3514 -0.9362
vn -0.0000 -0.3897 -0.9210
vn -0.4768 0.3012 -0.8258
vn -0.0000 0.3012 -0.9536
vn -0.8258 0.3012 -0.4768
vn -0.9536 -0.3012 -0.0000
vn -0.9536 0.3012 -0.0000
vn 0.4768 0.3012 -0.8258
vn 0.8258 0.3012 -0.4768
vn 0.8258 -0.3012 -0.4768
vn 0.9536 -0.3012 -0.0000
vn 0.9536 0.3012 -0.0000
vn 0.4768 -0.3012 -0.8258
vn 0.4768 0.3012 0.8258
vn -0.0000 0.3012 0.9536
vn 0.4768 -0.3012 0.8258
vn -0.0000 -0.3012 0.9536
vn 0.8258 -0.3012 0.4768
vn 0.8258 0.3012 0.4768
vn -0.8258 0.3012 0.4768
vn -0.8258 -0.3012 0.4768
vn -0.4768 -0.3012 0.8258
vn -0.4768 0.3012 0.8258
vn -0.0000 -1.0000 -0.0000
vn -0.5012 -0.0000 -0.8653
vn -0.5031 -0.0000 0.8642
vn 1.0000 -0.0000 0.0011
vn -1.0000 -0.0000 -0.0011
vn 0.5012 -0.0000 0.8653
vn 0.5031 -0.0000 -0.8642
vn -0.0005 -0.8758 0.4827
vn 0.4199 -0.8749 0.2413
vn 0.4193 -0.8749 0.2424
vn 0.4204 -0.8749 -0.2404
vn 0.4198 -0.8749 -0.2415
vn 0.0005 -0.8758 -0.4827
vn -0.4198 -0.8749 -0.2413
vn -0.4192 -0.8749 -0.2424
vn -0.4204 -0.8749 0.2404
vn -0.4198 -0.8749 0.2415
vn 0.0011 -0.0000 -1.0000
vn -0.8661 -0.0000 -0.4999
vn -0.8672 -0.0000 0.4980
vn 0.8672 -0.0000 -0.4980
vn -0.0011 -0.0000 1.0000
vn 0.8661 -0.0000 0.4999
vn 0.8653 -0.0000 -0.5012
vn -0.8642 -0.0000 -0.5031
vn -0.8653 -0.0000 0.5012
vn 0.8642 -0.0000 0.5031
vn -0.4827 -0.8758 -0.0005
vn -0.2414 -0.8749 0.4199
vn -0.2424 -0.8749 0.4193
vn 0.2404 -0.8749 0.4204
vn 0.2415 -0.8749 0.4198
vn 0.4827 -0.8758 0.0005
vn 0.2413 -0.8749 -0.4198
vn 0.2424 -0.8749 -0.4192
vn -0.2404 -0.8749 -0.4204
vn -0.2415 -0.8749 -0.4198
vn 0.4999 -0.0000 -0.8661
vn -0.4980 -0.0000 -0.8672
vn 0.4980 -0.0000 0.8672
vn -0.4999 -0.0000 0.8661
vn 0.2575 -0.0000 -0.9663
vn -0.9668 -0.0000 0.2554
vn 0.7063 -0.0000 0.7079
vn -0.7063 -0.0000 -0.7079
vn -0.2575 -0.0000 0.9663
vn 0.9668 -0.0000 -0.2554
vn -0.3417 -0.8758 0.3409
vn 0.1262 -0.8749 0.4676
vn 0.1251 -0.8749 0.4679
vn 0.4673 -0.8749 0.1273
vn 0.4676 -0.8749 0.1261
vn 0.3417 -0.8758 -0.3409
vn -0.1262 -0.8749 -0.4675
vn -0.1250 -0.8749 -0.4678
vn -0.4672 -0.8749 -0.1272
vn -0.4676 -0.8749 -0.1261
vn 0.7079 -0.0000 -0.7063
vn -0.2590 -0.0000 -0.9659
vn -0.9653 -0.0000 -0.2611
vn 0.9653 -0.0000 0.2611
vn -0.7079 -0.0000 0.7063
vn 0.2590 -0.0000 0.9659
vn -0.1251 -0.8749 -0.4678
vn -0.4675 -0.8749 -0.1261
vn 0.2589 -0.0000 0.9659
vn 0.9663 -0.0000 0.2575
vn -0.2554 -0.0000 -0.9668
vn -0.9663 -0.0000 -0.2575
vn 0.2554 -0.0000 0.9668
vn -0.3409 -0.8758 -0.3417
vn -0.4676 -0.8749 0.1262
vn -0.4679 -0.8749 0.1251
vn -0.1273 -0.8749 0.4673
vn -0.1261 -0.8749 0.4676
vn 0.3409 -0.8758 0.3417
vn 0.4675 -0.8749 -0.1262
vn 0.4678 -0.8749 -0.1251
vn 0.1272 -0.8749 -0.4672
vn 0.1261 -0.8749 -0.4676
vn 0.9659 -0.0000 -0.2589
vn 0.2611 -0.0000 -0.9653
vn -0.2611 -0.0000 0.9653
vn -0.9659 -0.0000 0.2589
vn -0.3410 -0.8758 -0.3417
vn 0.9659 -0.0000 -0.2590
vn -0.0000 1.0000 -0.0000
vn 0.5012 -0.0000 -0.8653
vn 0.5031 -0.0000 0.8642
vn -1.0000 -0.0000 0.0011
vn 1.0000 -0.0000 -0.0011
vn -0.5012 -0.0000 0.8653
vn -0.5031 -0.0000 -0.8642
vn 0.0005 0.8758 0.4827
vn -0.4199 0.8749 0.2413
vn -0.4193 0.8749 0.2424
vn -0.4204 0.8749 -0.2404
vn -0.4198 0.8749 -0.2415
vn -0.0005 0.8758 -0.4827
vn 0.4198 0.8749 -0.2413
vn 0.4192 0.8749 -0.2424
vn 0.4204 0.8749 0.2404
vn 0.4198 0.8749 0.2415
vn -0.0011 -0.0000 -1.0000
vn 0.8661 -0.0000 -0.4999
vn 0.8672 -0.0000 0.4980
vn -0.8672 -0.0000 -0.4980
vn 0.0011 -0.0000 1.0000
vn -0.8661 -0.0000 0.4999
vn -0.8653 -0.0000 -0.5012
vn 0.8642 -0.0000 -0.5031
vn 0.8653 -0.0000 0.5012
vn -0.8642 -0.0000 0.5031
vn 0.4827 0.8758 -0.0005
vn 0.2413 0.8749 0.4199
vn 0.2424 0.8749 0.4193
vn -0.2404 0.8749 0.4204
vn -0.2415 0.8749 0.4198
vn -0.4827 0.8758 0.0005
vn -0.2413 0.8749 -0.4198
vn -0.2424 0.8749 -0.4192
vn 0.2404 0.8749 -0.4204
vn 0.2415 0.8749 -0.4198
vn -0.4999 -0.0000 -0.8661
vn 0.4980 -0.0000 -0.8672
vn -0.4980 -0.0000 0.8672
vn 0.4999 -0.0000 0.8661
vn -0.2575 -0.0000 -0.9663
vn 0.9668 -0.0000 0.2554
vn -0.7063 -0.0000 0.7079
vn 0.7063 -0.0000 -0.7079
vn 0.2575 -0.0000 0.9663
vn -0.9668 -0.0000 -0.2554
vn 0.3417 0.8758 0.3409
vn -0.1262 0.8749 0.4676
vn -0.1251 0.8749 0.4679
vn -0.4673 0.8749 0.1273
vn -0.4676 0.8749 0.1261
vn -0.3417 0.8758 -0.3409
vn 0.1262 0.8749 -0.4675
vn 0.1251 0.8749 -0.4678
vn 0.4672 0.8749 -0.1272
vn 0.4675 0.8749 -0.1261
vn -0.7079 -0.0000 -0.7063
vn 0.2589 -0.0000 -0.9659
vn 0.9653 -0.0000 -0.2611
vn -0.9653 -0.0000 0.2611
vn 0.7079 -0.0000 0.7063
vn -0.2590 -0.0000 0.9659
vn 0.4676 0.8749 -0.1261
vn 0.2590 -0.0000 -0.9659
vn -0.2589 -0.0000 0.9659
vn -0.9663 -0.0000 0.2575
vn 0.2554 -0.0000 -0.9668
vn 0.9663 -0.0000 -0.2575
vn -0.2554 -0.0000 0.9668
vn 0.3410 0.8758 -0.3417
vn 0.4676 0.8749 0.1262
vn 0.4679 0.8749 0.1251
vn 0.3409 0.8758 -0.3417
vn 0.1273 0.8749 0.4673
vn 0.1261 0.8749 0.4676
vn -0.3409 0.8758 0.3417
vn -0.4675 0.8749 -0.1262
vn -0.4678 0.8749 -0.1251
vn -0.1272 0.8749 -0.4672
vn -0.1261 0.8749 -0.4676
vn -0.9659 -0.0000 -0.2590
vn -0.2611 -0.0000 -0.9653
vn 0.2611 -0.0000 0.9653
vn 0.9659 -0.0000 0.2589
vn -0.0000 -0.8660 -0.5000
vn -0.0000 0.8660 -0.5000
vn -0.0000 -0.5000 -0.8660
vn -0.0000 -0.5000 0.8660
vn -0.0000 -0.8660 0.5000
vn -0.0000 0.5000 -0.8660
vn -0.3012 0.4768 -0.8258
vn -0.3012 -0.0000 -0.9536
vn -0.0000 0.5000 0.8660
vn -0.0000 0.8660 0.5000
vn -0.3012 0.8258 -0.4768
vn 0.3897 -0.0000 -0.9210
vn 0.3897 -0.4605 -0.7976
vn 0.3514 -0.4681 -0.8108
vn 0.3514 -0.0000 -0.9362
vn -0.3897 0.7976 -0.4605
vn -0.3514 0.8108 -0.4681
vn -0.3514 0.4681 -0.8108
vn -0.3897 0.4605 -0.7976
vn 0.3897 0.9210 -0.0000
vn 0.3897 0.7976 -0.4605
vn 0.3514 0.8108 -0.4681
vn 0.3514 0.9362 -0.0000
vn 0.3514 0.8108 0.4681
vn 0.3897 0.7976 0.4605
vn 0.3897 -0.9210 -0.0000
vn 0.3897 -0.7976 0.4605
vn 0.3514 -0.8108 0.4681
vn 0.3514 -0.9362 -0.0000
vn -0.3897 -0.4605 -0.7976
vn -0.3514 -0.4681 -0.8108
vn -0.3514 -0.8108 -0.4681
vn -0.3897 -0.7976 -0.4605
vn -0.3514 -0.4681 0.8108
vn -0.3514 -0.0000 0.9362
vn -0.3897 -0.0000 0.9210
vn -0.3897 -0.4605 0.7976
vn 0.3514 0.4681 -0.8108
vn 0.3897 0.4605 -0.7976
vn 0.3514 0.4681 0.8108
vn 0.3514 -0.0000 0.9362
vn 0.3897 -0.0000 0.9210
vn 0.3897 0.4605 0.7976
vn -0.3897 -0.7976 0.4605
vn -0.3514 -0.8108 0.4681
vn -0.3514 0.8108 0.4681
vn -0.3897 0.7976 0.4605
vn -0.3897 0.4605 0.7976
vn -0.3514 0.4681 0.8108
vn 0.3514 -0.8108 -0.4681
vn 0.3897 -0.7976 -0.4605
vn 0.3897 -0.4605 0.7976
vn 0.3514 -0.4681 0.8108
vn -0.3514 -0.9362 -0.0000
vn -0.3897 -0.9210 -0.0000
vn -0.3897 0.9210 -0.0000
vn -0.3514 0.9362 -0.0000
vn -0.3514 -0.0000 -0.9362
vn -0.3897 -0.0000 -0.9210
vn 0.3012 0.4768 -0.8258
vn 0.3012 -0.0000 -0.9536
vn 0.3012 0.8258 -0.4768
vn -0.3012 0.9536 -0.0000
vn 0.3012 0.9536 -0.0000
vn 0.3012 -0.4768 -0.8258
vn 0.3012 -0.8258 -0.4768
vn -0.3012 -0.8258 -0.4768
vn -0.3012 -0.9536 -0.0000
vn 0.3012 -0.9536 -0.0000
vn -0.3012 -0.4768 -0.8258
vn 0.3012 -0.4768 0.8258
vn 0.3012 -0.0000 0.9536
vn -0.3012 -0.4768 0.8258
vn -0.3012 -0.0000 0.9536
vn -0.3012 -0.8258 0.4768
vn 0.3012 -0.8258 0.4768
vn 0.3012 0.8258 0.4768
vn -0.3012 0.8258 0.4768
vn -0.3012 0.4768 0.8258
vn 0.3012 0.4768 0.8258
vn -0.0000 0.5012 -0.8653
vn -0.0000 0.5031 0.8642
vn -0.0000 -1.0000 0.0011
vn -0.0000 1.0000 -0.0011
vn -0.0000 -0.5012 0.8653
vn -0.0000 -0.5031 -0.8642
vn -0.8758 0.0005 0.4827
vn -0.8749 -0.4199 0.2414
vn -0.8749 -0.4193 0.2424
vn -0.8749 -0.4204 -0.2404
vn -0.8749 -0.4198 -0.2415
vn -0.8758 -0.0005 -0.4827
vn -0.8749 0.4198 -0.2413
vn -0.8749 0.4192 -0.2424
vn -0.8749 0.4204 0.2404
vn -0.8749 0.4198 0.2415
vn -0.0000 -0.0011 -1.0000
vn -0.0000 0.8661 -0.4999
vn -0.0000 0.8672 0.4980
vn -0.0000 -0.8672 -0.4980
vn -0.0000 0.0011 1.0000
vn -0.0000 -0.8661 0.4999
vn -0.8749 -0.4199 0.2413
vn -0.0000 -0.8653 -0.5012
vn -0.0000 0.8642 -0.5031
vn -0.0000 0.8653 0.5012
vn -0.0000 -0.8642 0.5031
vn -0.8758 0.4827 -0.0005
vn -0.8749 0.2414 0.4199
vn -0.8749 0.2424 0.4193
vn -0.8749 -0.2404 0.4204
vn -0.8749 -0.2415 0.4198
vn -0.8758 -0.4827 0.0005
vn -0.8749 -0.2413 -0.4198
vn -0.8749 -0.2424 -0.4192
vn -0.8749 0.2404 -0.4204
vn -0.8749 0.2415 -0.4198
vn -0.0000 -0.4999 -0.8661
vn -0.0000 0.4980 -0.8672
vn -0.0000 -0.4980 0.8672
vn -0.0000 0.4999 0.8661
vn -0.0000 -0.2575 -0.9663
vn -0.0000 0.9668 0.2554
vn -0.0000 -0.7063 0.7079
vn -0.0000 0.7063 -0.7079
vn -0.0000 0.2575 0.9663
vn -0.0000 -0.9668 -0.2554
vn -0.8758 0.3417 0.3410
vn -0.8749 -0.1262 0.4676
vn -0.8749 -0.1251 0.4679
vn -0.8758 0.3417 0.3409
vn -0.8749 -0.4673 0.1273
vn -0.8749 -0.4676 0.1261
vn -0.8758 -0.3417 -0.3409
vn -0.8749 0.1262 -0.4675
vn -0.8749 0.1251 -0.4678
vn -0.8749 0.4672 -0.1272
vn -0.8749 0.4676 -0.1261
vn -0.0000 -0.7079 -0.7063
vn -0.0000 0.2590 -0.9659
vn -0.0000 0.9653 -0.2611
vn -0.0000 -0.9653 0.2611
vn -0.0000 0.7079 0.7063
vn -0.0000 -0.2590 0.9659
vn -0.0000 -0.2589 0.9659
vn -0.0000 -0.9663 0.2575
vn -0.0000 0.2554 -0.9668
vn -0.0000 0.9663 -0.2575
vn -0.0000 -0.2554 0.9668
vn -0.8758 0.3410 -0.3417
vn -0.8749 0.4676 0.1262
vn -0.8749 0.4679 0.1251
vn -0.8758 0.3409 -0.3417
vn -0.8749 0.1273 0.4673
vn -0.8749 0.1261 0.4676
vn -0.8758 -0.3409 0.3417
vn -0.8749 -0.4675 -0.1262
vn -0.8749 -0.4678 -0.1251
vn -0.8749 -0.1272 -0.4672
vn -0.8749 -0.1261 -0.4676
vn -0.0000 -0.9659 -0.2589
vn -0.0000 -0.9659 -0.2590
vn -0.0000 -0.2611 -0.9653
vn -0.0000 0.2611 0.9653
vn -0.0000 0.9659 0.2590
vn -0.0000 0.9659 0.2589
vn -0.8749 -0.1272 -0.4673
vn -0.0000 -0.5012 -0.8653
vn -0.0000 -0.5031 0.8642
vn -0.0000 1.0000 0.0011
vn -0.0000 -1.0000 -0.0011
vn -0.0000 0.5012 0.8653
vn -0.0000 0.5031 -0.8642
vn 0.8758 -0.0005 0.4827
vn 0.8749 0.4199 0.2413
vn 0.8749 0.4193 0.2424
vn 0.8749 0.4204 -0.2404
vn 0.8749 0.4198 -0.2415
vn 0.8758 0.0005 -0.4827
vn 0.8749 -0.4198 -0.2413
vn 0.8749 -0.4192 -0.2424
vn 0.8749 -0.4204 0.2404
vn 0.8749 -0.4198 0.2415
vn -0.0000 0.0011 -1.0000
vn -0.0000 -0.8661 -0.4999
vn -0.0000 -0.8672 0.4980
vn -0.0000 0.8672 -0.4980
vn -0.0000 -0.0011 1.0000
vn -0.0000 0.8661 0.4999
vn -0.0000 0.8653 -0.5012
vn -0.0000 -0.8642 -0.5031
vn -0.0000 -0.8653 0.5012
vn -0.0000 0.8642 0.5031
vn 0.8758 -0.4827 -0.0005
vn 0.8749 -0.2414 0.4199
vn 0.8749 -0.2424 0.4193
vn 0.8749 0.2404 0.4204
vn 0.8749 0.2415 0.4198
vn 0.8758 0.4827 0.0005
vn 0.8749 0.2413 -0.4198
vn 0.8749 0.2424 -0.4192
vn 0.8749 -0.2404 -0.4204
vn 0.8749 -0.2415 -0.4198
vn -0.0000 0.4999 -0.8661
vn -0.0000 -0.4980 -0.8672
vn -0.0000 0.4980 0.8672
vn -0.0000 -0.4999 0.8661
vn -0.0000 0.2575 -0.9663
vn -0.0000 -0.9668 0.2554
vn -0.0000 0.7063 0.7079
vn -0.0000 -0.7063 -0.7079
vn -0.0000 -0.2575 0.9663
vn -0.0000 0.9668 -0.2554
vn 0.8758 -0.3417 0.3410
vn 0.8749 0.1262 0.4676
vn 0.8749 0.1251 0.4679
vn 0.8749 0.4673 0.1273
vn 0.8749 0.4676 0.1261
vn 0.8758 0.3417 -0.3409
vn 0.8749 -0.1262 -0.4675
vn 0.8749 -0.1250 -0.4678
vn 0.8749 -0.4672 -0.1272
vn 0.8749 -0.4676 -0.1261
vn -0.0000 0.7079 -0.7063
vn -0.0000 -0.2590 -0.9659
vn -0.0000 -0.9653 -0.2611
vn -0.0000 0.9653 0.2611
vn -0.0000 -0.7079 0.7063
vn -0.0000 0.2589 0.9659
vn 0.8749 -0.1251 -0.4678
vn -0.0000 0.9663 0.2575
vn -0.0000 -0.2554 -0.9668
vn -0.0000 -0.9663 -0.2575
vn -0.0000 0.2554 0.9668
vn 0.8758 -0.3410 -0.3417
vn 0.8749 -0.4676 0.1262
vn 0.8749 -0.4679 0.1251
vn 0.8758 -0.3409 -0.3417
vn 0.8749 -0.1273 0.4673
vn 0.8749 -0.1261 0.4676
vn 0.8758 0.3409 0.3417
vn 0.8749 0.4675 -0.1262
vn 0.8749 0.4678 -0.1251
vn 0.8749 0.1272 -0.4672
vn 0.8749 0.1261 -0.4676
vn -0.0000 0.9659 -0.2589
vn -0.0000 0.2611 -0.9653
vn -0.0000 -0.2611 0.9653
vn -0.0000 -0.9659 0.2590
vn -0.0000 -0.9659 0.2589
vn -0.0000 0.9659 -0.2590
vt 1.023683 -0.875000
vt 1.072334 -0.875000
vt 1.071938 -0.523420
vt 1.022704 -0.523420
vt 0.680416 -0.874999
vt 0.729067 -0.874999
vt 0.730046 -0.523420
vt 0.680812 -0.523419
vt 1.119798 -0.875000
vt 1.167658 -0.875000
vt 1.167658 -0.523420
vt 1.119798 -0.523420
vt 1.071938 -0.875000
vt 1.119798 -0.875000
vt 0.877354 -0.874999
vt 0.926005 -0.875000
vt 0.925610 -0.523420
vt 0.876375 -0.523420
vt 1.119798 -0.481238
vt 1.119798 -0.024219
vt 1.071938 -0.024219
vt 1.071938 -0.481238
vt 0.925609 -0.874999
vt 0.973469 -0.875000
vt 0.973469 -0.523420
vt 0.973074 -0.875000
vt 1.021724 -0.875000
vt 0.632952 -0.481237
vt 0.632952 -0.024218
vt 0.585092 -0.024218
vt 0.585092 -0.481237
vt 0.680812 -0.481237
vt 0.680812 -0.024218
vt 0.730046 -0.481238
vt 0.730046 -0.024219
vt 1.022704 -0.481238
vt 1.022704 -0.024219
vt 1.167658 -0.481238
vt 1.167658 -0.024219
vt 0.876375 -0.481238
vt 0.925610 -0.481238
vt 0.925610 -0.024219
vt 0.876375 -0.024219
vt 0.973469 -0.024219
vt 0.973469 -0.481238
vt 0.632952 -0.523419
vt 0.632952 -0.502328
vt 0.585730 -0.502328
vt 0.585092 -0.523419
vt 0.876375 0.349036
vt 0.827140 0.349036
vt 0.827140 0.019112
vt 0.876375 0.019112
vt 0.632952 -0.874999
vt 0.585092 -0.874999
vt 0.827140 -0.024219
vt 0.827140 -0.481238
vt 0.779676 -0.874999
vt 0.779281 -0.523420
vt 0.731026 -0.874999
vt 0.632952 -0.874999
vt 0.680811 -0.874999
vt 0.779281 -0.481238
vt 0.779281 -0.024219
vt 0.680812 -0.502328
vt 0.973469 0.349035
vt 0.973469 0.019111
vt 1.022704 0.019111
vt 1.022704 0.349035
vt 0.925610 0.349036
vt 0.925610 0.019112
vt 0.973469 0.349036
vt 0.876375 0.349036
vt 0.925610 0.349036
vt 1.119798 0.349035
vt 1.119798 0.019111
vt 1.167658 0.019111
vt 1.167658 0.349035
vt 1.071938 0.349035
vt 1.071938 0.019111
vt 1.119798 0.349035
vt 1.022704 0.349035
vt 1.071938 0.349035
vt 0.680812 0.349036
vt 0.680812 0.019112
vt 0.730046 0.019112
vt 0.730046 0.349036
vt 0.632952 0.349036
vt 0.632952 0.019112
vt 0.680812 0.349036
vt 0.827140 0.349036
vt 0.779281 0.349036
vt 0.779281 0.019112
vt 0.779281 0.349036
vt 0.730046 0.349036
vt 0.585092 0.349036
vt 0.585092 0.019112
vt 1.119798 0.015655
vt 1.167658 0.015655
vt 0.680812 -0.020762
vt 0.632952 -0.020762
vt 0.680812 0.015656
vt 0.730046 0.015656
vt 0.730046 0.015656
vt 0.779281 0.015656
vt 0.973469 0.015655
vt 1.022704 0.015655
vt 1.119798 -0.020763
vt 1.071938 -0.020763
vt 0.925610 -0.020763
vt 0.876375 -0.020762
vt 0.632952 0.015656
vt 0.585092 0.015656
vt 0.680812 0.015656
vt 0.632952 0.015656
vt 0.827140 0.015655
vt 0.876375 0.015655
vt 0.973469 -0.020763
vt 0.925610 -0.020763
vt 0.779281 -0.020762
vt 0.827140 -0.020762
vt 1.071938 0.015655
vt 1.022704 0.015655
vt 1.119798 0.015655
vt 1.071938 0.015655
vt 0.973469 0.015655
vt 0.925610 0.015655
vt 0.779281 0.015655
vt 0.827140 0.015655
vt 0.827140 -0.874999
vt 0.827140 -0.523420
vt 0.779281 -0.874999
vt 1.022704 -0.020763
vt 0.779281 -0.020762
vt 0.730046 -0.020762
vt 0.925610 0.015655
vt 0.876375 0.015655
vt 0.876375 -0.020762
vt 0.827140 -0.020762
vt 1.022704 -0.020763
vt 0.973469 -0.020763
vt 1.167658 -0.020763
vt 1.119798 -0.020763
vt 0.730046 -0.020762
vt 0.680812 -0.020762
vt 0.730046 -0.502329
vt 1.071938 -0.502329
vt 1.119798 -0.502329
vt 1.022704 -0.502329
vt 1.167020 -0.502329
vt 0.876375 -0.502329
vt 0.925610 -0.502329
vt 0.973469 -0.502329
vt 0.779281 -0.502329
vt 0.827140 -0.502329
vt 0.730046 -0.002553
vt 0.779281 -0.002553
vt 0.827140 -0.002553
vt 0.876375 -0.002554
vt 1.022704 -0.002554
vt 0.973469 -0.002554
vt 0.925610 -0.002554
vt 1.167122 -0.002554
vt 1.119798 -0.002554
vt 1.071938 -0.002554
vt 0.680812 -0.002553
vt 0.632952 -0.002553
vt 0.585628 -0.002553
vt 0.585092 -0.020762
vt 0.632952 -0.020762
vt 0.875396 -0.874999
vt 0.826745 -0.875000
vt 0.933709 0.916667
vt 0.933709 1.000000
vt 0.896558 1.000000
vt 0.896557 0.916667
vt 0.933709 0.166667
vt 0.933710 0.250000
vt 0.896558 0.250000
vt 0.896558 0.166667
vt 0.933710 0.000000
vt 0.933710 0.083333
vt 0.896559 0.083333
vt 0.896559 0.000000
vt 0.896558 0.250000
vt 0.933709 0.250000
vt 0.933709 0.333333
vt 0.896558 0.333333
vt 0.933709 0.666667
vt 0.896558 0.666667
vt 0.896558 0.583333
vt 0.933709 0.583333
vt 0.933709 0.666667
vt 0.933709 0.750000
vt 0.896558 0.750000
vt 0.896558 0.666667
vt 0.572169 0.311004
vt 0.488835 0.311004
vt 0.416667 0.269338
vt 0.375000 0.197169
vt 0.375000 0.113835
vt 0.416667 0.041667
vt 0.488835 0.000000
vt 0.572169 0.000000
vt 0.644338 0.041667
vt 0.686004 0.113835
vt 0.686004 0.197169
vt 0.644338 0.269338
vt 0.933709 0.833333
vt 0.933709 0.916667
vt 0.896558 0.916667
vt 0.896558 0.833333
vt 0.933709 0.416667
vt 0.933709 0.500000
vt 0.896557 0.500000
vt 0.896558 0.416667
vt 0.896558 0.333333
vt 0.933709 0.333333
vt 0.933709 0.416667
vt 0.896558 0.416667
vt 0.933710 0.083333
vt 0.933709 0.166667
vt 0.896558 0.166667
vt 0.896559 0.083333
vt 0.896558 0.500000
vt 0.933709 0.500000
vt 0.933709 0.583333
vt 0.896558 0.583333
vt 0.933709 0.750000
vt 0.933709 0.833333
vt 0.896558 0.833333
vt 0.896558 0.750000
vt 0.761160 0.308908
vt 0.751779 0.308908
vt 0.751779 0.316770
vt 0.761160 0.316770
vt 0.761136 0.316770
vt 0.751767 0.316770
vt 0.751767 0.308908
vt 0.761135 0.308908
vt 0.941770 0.244378
vt 0.941770 0.255265
vt 0.933908 0.255265
vt 0.933908 0.244378
vt 0.941771 0.255244
vt 0.941771 0.244358
vt 0.933909 0.244358
vt 0.933909 0.255245
vt 0.770516 0.316770
vt 0.761135 0.316770
vt 0.761135 0.308907
vt 0.770515 0.308907
vt 0.770529 0.308907
vt 0.761159 0.308907
vt 0.761159 0.316770
vt 0.770529 0.316770
vt 0.751779 0.244358
vt 0.761160 0.238925
vt 0.770528 0.244378
vt 0.770516 0.255265
vt 0.761136 0.260698
vt 0.751767 0.255244
vt 0.781578 0.295996
vt 0.790959 0.290562
vt 0.793770 0.292199
vt 0.781575 0.299262
vt 0.811382 0.255309
vt 0.811395 0.244423
vt 0.814208 0.242793
vt 0.814192 0.256945
vt 0.740716 0.203628
vt 0.731335 0.209061
vt 0.728525 0.207425
vt 0.740719 0.200362
vt 0.710917 0.244312
vt 0.710904 0.255198
vt 0.708090 0.256828
vt 0.708106 0.242676
vt 0.731245 0.290496
vt 0.740615 0.295950
vt 0.740611 0.299216
vt 0.728430 0.292126
vt 0.791050 0.209124
vt 0.781683 0.203671
vt 0.781686 0.200405
vt 0.793863 0.207495
vt 0.761156 0.318573
vt 0.748964 0.318573
vt 0.748965 0.320373
vt 0.761157 0.320373
vt 0.943569 0.242717
vt 0.943569 0.256870
vt 0.945369 0.256871
vt 0.945369 0.242718
vt 0.773349 0.318570
vt 0.761166 0.318570
vt 0.761165 0.320370
vt 0.773347 0.320370
vt 0.748940 0.318564
vt 0.761121 0.318564
vt 0.761123 0.320365
vt 0.748942 0.320365
vt 0.761126 0.318573
vt 0.773321 0.318572
vt 0.773322 0.320372
vt 0.761126 0.320372
vt 0.943569 0.256907
vt 0.943568 0.242754
vt 0.945369 0.242753
vt 0.945369 0.256906
vt 0.989164 0.308908
vt 0.979783 0.308907
vt 0.979783 0.316770
vt 0.989164 0.316770
vt 0.989141 0.316770
vt 0.979771 0.316770
vt 0.979772 0.308908
vt 0.989141 0.308908
vt 0.941771 0.255244
vt 0.941769 0.244358
vt 0.933907 0.244358
vt 0.933908 0.255244
vt 0.998520 0.316770
vt 0.989140 0.316770
vt 0.989140 0.308908
vt 0.998520 0.308908
vt 0.998532 0.308908
vt 0.989164 0.308908
vt 0.989164 0.316770
vt 0.998532 0.316770
vt 0.979783 0.244358
vt 0.989164 0.238925
vt 0.998532 0.244378
vt 0.998520 0.255265
vt 0.989140 0.260698
vt 0.979771 0.255244
vt 1.009581 0.295995
vt 1.018962 0.290562
vt 1.021774 0.292199
vt 1.009579 0.299261
vt 1.039382 0.255309
vt 1.039395 0.244422
vt 1.042211 0.242793
vt 1.042194 0.256945
vt 0.968721 0.203628
vt 0.959340 0.209061
vt 0.956529 0.207424
vt 0.968724 0.200362
vt 0.938918 0.244312
vt 0.938907 0.255199
vt 0.936094 0.256829
vt 0.936109 0.242676
vt 0.959251 0.290496
vt 0.968619 0.295950
vt 0.968615 0.299216
vt 0.956436 0.292126
vt 1.019055 0.209125
vt 1.009686 0.203672
vt 1.009689 0.200406
vt 1.021869 0.207495
vt 0.989176 0.318571
vt 0.976986 0.318573
vt 0.976985 0.320373
vt 0.989175 0.320371
vt 0.943578 0.242718
vt 0.943581 0.256869
vt 0.945380 0.256870
vt 0.945376 0.242719
vt 1.001355 0.318572
vt 0.989192 0.318574
vt 0.989190 0.320374
vt 1.001353 0.320371
vt 0.976951 0.318567
vt 0.989131 0.318567
vt 0.989132 0.320368
vt 0.976952 0.320368
vt 0.989140 0.318567
vt 1.001339 0.318567
vt 1.001338 0.320367
vt 0.989139 0.320367
vt 0.943587 0.256900
vt 0.943583 0.242748
vt 0.945381 0.242748
vt 0.945385 0.256900
vt 0.933907 0.136010
vt 0.933906 0.126630
vt 0.941769 0.126630
vt 0.941769 0.136010
vt 0.941769 0.135986
vt 0.941769 0.126618
vt 0.933907 0.126618
vt 0.933907 0.135986
vt 0.880473 0.316770
vt 0.869586 0.316770
vt 0.869585 0.308908
vt 0.880472 0.308908
vt 0.869608 0.316770
vt 0.880494 0.316770
vt 0.880494 0.308906
vt 0.869608 0.308905
vt 0.941770 0.145367
vt 0.941769 0.135986
vt 0.933906 0.135986
vt 0.933906 0.145366
vt 0.933907 0.145379
vt 0.933907 0.136010
vt 0.941770 0.136010
vt 0.941770 0.145378
vt 0.880494 0.126629
vt 0.885927 0.136010
vt 0.880473 0.145378
vt 0.869587 0.145366
vt 0.864154 0.135986
vt 0.869608 0.126618
vt 0.828854 0.156430
vt 0.834288 0.165810
vt 0.832652 0.168620
vt 0.825589 0.156426
vt 0.869542 0.186231
vt 0.880429 0.186243
vt 0.882058 0.189057
vt 0.867906 0.189042
vt 0.921224 0.115567
vt 0.915790 0.106186
vt 0.917426 0.103376
vt 0.924490 0.115570
vt 0.880540 0.085767
vt 0.869653 0.085755
vt 0.868022 0.082941
vt 0.882177 0.082956
vt 0.834356 0.106096
vt 0.828904 0.115465
vt 0.825637 0.115461
vt 0.832726 0.103282
vt 0.915724 0.165901
vt 0.921179 0.156532
vt 0.924446 0.156536
vt 0.917355 0.168715
vt 0.943562 0.136013
vt 0.943558 0.123818
vt 0.945360 0.123818
vt 0.945363 0.136013
vt 0.882121 0.318576
vt 0.867977 0.318576
vt 0.867977 0.320375
vt 0.882123 0.320375
vt 0.943548 0.148188
vt 0.943547 0.136011
vt 0.945350 0.136011
vt 0.945352 0.148189
vt 0.943563 0.123803
vt 0.943570 0.135983
vt 0.945371 0.135983
vt 0.945363 0.123803
vt 0.943584 0.135985
vt 0.943585 0.148178
vt 0.945383 0.148178
vt 0.945381 0.135984
vt 0.867946 0.318570
vt 0.882095 0.318571
vt 0.882096 0.320370
vt 0.867947 0.320370
vt 0.933908 0.364014
vt 0.933908 0.354634
vt 0.941771 0.354634
vt 0.941770 0.364014
vt 0.941770 0.363989
vt 0.941770 0.354621
vt 0.933907 0.354621
vt 0.933908 0.363990
vt 0.880473 0.316770
vt 0.869586 0.316770
vt 0.869586 0.308908
vt 0.880472 0.308908
vt 0.869609 0.316770
vt 0.880495 0.316771
vt 0.880495 0.308911
vt 0.869609 0.308910
vt 0.941770 0.373370
vt 0.941770 0.363990
vt 0.933908 0.363990
vt 0.933907 0.373371
vt 0.933909 0.373384
vt 0.933908 0.364015
vt 0.941770 0.364015
vt 0.941771 0.373383
vt 0.880494 0.354634
vt 0.885927 0.364014
vt 0.880474 0.373382
vt 0.869587 0.373370
vt 0.864154 0.363990
vt 0.869608 0.354622
vt 0.828857 0.384434
vt 0.834289 0.393815
vt 0.832653 0.396626
vt 0.825590 0.384431
vt 0.869541 0.414236
vt 0.880428 0.414248
vt 0.882058 0.417062
vt 0.867905 0.417047
vt 0.921222 0.343571
vt 0.915790 0.334190
vt 0.917426 0.331379
vt 0.924488 0.343574
vt 0.880539 0.313770
vt 0.869651 0.313758
vt 0.868022 0.310944
vt 0.882175 0.310960
vt 0.834354 0.334100
vt 0.828900 0.343468
vt 0.825635 0.343465
vt 0.832725 0.331286
vt 0.915726 0.393904
vt 0.921178 0.384535
vt 0.924445 0.384539
vt 0.917356 0.396718
vt 0.943567 0.364020
vt 0.943568 0.351820
vt 0.945369 0.351820
vt 0.945366 0.364020
vt 0.882117 0.318565
vt 0.867966 0.318565
vt 0.867968 0.320366
vt 0.882119 0.320366
vt 0.943594 0.376192
vt 0.943587 0.364011
vt 0.945383 0.364012
vt 0.945391 0.376193
vt 0.943560 0.351811
vt 0.943553 0.363993
vt 0.945355 0.363992
vt 0.945362 0.351810
vt 0.943589 0.363985
vt 0.943580 0.376184
vt 0.945377 0.376184
vt 0.945387 0.363985
vt 0.867942 0.318571
vt 0.882088 0.318572
vt 0.882091 0.320372
vt 0.867944 0.320371
vt 0.802227 0.308908
vt 0.791753 0.308908
vt 0.791754 0.316770
vt 0.802228 0.316770
vt 0.941770 0.177006
vt 0.941770 0.166525
vt 0.933908 0.166525
vt 0.933908 0.177006
vt 0.804997 0.316770
vt 0.797290 0.316770
vt 0.797290 0.308908
vt 0.804997 0.308908
vt 0.784048 0.316770
vt 0.791754 0.316770
vt 0.791754 0.308908
vt 0.784047 0.308908
vt 0.797292 0.316770
vt 0.786817 0.316770
vt 0.786819 0.308908
vt 0.797293 0.308908
vt 0.933908 0.172108
vt 0.933907 0.161627
vt 0.941770 0.161627
vt 0.941770 0.172108
vt 0.791755 0.158836
vt 0.802229 0.161627
vt 0.804997 0.172108
vt 0.797291 0.179797
vt 0.786816 0.177006
vt 0.784048 0.166525
vt 0.776314 0.216422
vt 0.786788 0.219213
vt 0.787618 0.222357
vt 0.774002 0.218729
vt 0.826154 0.208724
vt 0.833860 0.201035
vt 0.837003 0.201872
vt 0.826985 0.211869
vt 0.812733 0.122213
vt 0.802257 0.119421
vt 0.801427 0.116277
vt 0.815045 0.119906
vt 0.762894 0.129909
vt 0.755187 0.137599
vt 0.752044 0.136761
vt 0.762063 0.126765
vt 0.744610 0.176941
vt 0.747378 0.187422
vt 0.745066 0.189729
vt 0.741468 0.176104
vt 0.844436 0.161691
vt 0.841669 0.151210
vt 0.843981 0.148904
vt 0.847578 0.162529
vt 0.804545 0.318570
vt 0.790932 0.318571
vt 0.790931 0.320371
vt 0.804544 0.320370
vt 0.790918 0.318569
vt 0.780899 0.318572
vt 0.780899 0.320372
vt 0.790919 0.320369
vt 0.943560 0.172948
vt 0.943562 0.159323
vt 0.945363 0.159323
vt 0.945362 0.172948
vt 0.943577 0.165689
vt 0.943579 0.179314
vt 0.945378 0.179314
vt 0.945376 0.165689
vt 0.784495 0.318570
vt 0.798108 0.318570
vt 0.798110 0.320370
vt 0.784497 0.320370
vt 0.798120 0.318578
vt 0.808140 0.318579
vt 0.808140 0.320377
vt 0.798120 0.320376
vt 0.963452 0.308908
vt 0.952978 0.308907
vt 0.952978 0.316770
vt 0.963452 0.316770
vt 0.941770 0.338229
vt 0.941769 0.327748
vt 0.933907 0.327748
vt 0.933907 0.338229
vt 0.966220 0.316770
vt 0.958514 0.316770
vt 0.958513 0.308908
vt 0.966219 0.308908
vt 0.945272 0.316770
vt 0.952977 0.316770
vt 0.952977 0.308907
vt 0.945271 0.308907
vt 0.958513 0.316770
vt 0.948039 0.316770
vt 0.948039 0.308908
vt 0.958513 0.308908
vt 0.933908 0.333331
vt 0.933908 0.322850
vt 0.941771 0.322851
vt 0.941770 0.333331
vt 0.952978 0.320059
vt 0.963452 0.322850
vt 0.966220 0.333331
vt 0.958514 0.341020
vt 0.948039 0.338229
vt 0.945271 0.327748
vt 0.937536 0.377645
vt 0.948012 0.380437
vt 0.948842 0.383580
vt 0.935224 0.379951
vt 0.987378 0.369948
vt 0.995083 0.362258
vt 0.998226 0.363096
vt 0.988209 0.373092
vt 0.973954 0.283437
vt 0.963479 0.280644
vt 0.962649 0.277500
vt 0.976266 0.281130
vt 0.924117 0.291133
vt 0.916408 0.298822
vt 0.913265 0.297985
vt 0.923286 0.287989
vt 0.905835 0.338164
vt 0.908603 0.348645
vt 0.906290 0.350952
vt 0.902691 0.337327
vt 1.005661 0.322914
vt 1.002892 0.312434
vt 1.005203 0.310127
vt 1.008803 0.323752
vt 0.965767 0.318570
vt 0.952144 0.318572
vt 0.952144 0.320372
vt 0.965767 0.320370
vt 0.952145 0.318572
vt 0.942131 0.318574
vt 0.942131 0.320373
vt 0.952144 0.320372
vt 0.943579 0.334168
vt 0.943573 0.320543
vt 0.945373 0.320543
vt 0.945379 0.334168
vt 0.943560 0.326907
vt 0.943553 0.340529
vt 0.945355 0.340530
vt 0.945362 0.326909
vt 0.945718 0.318571
vt 0.959331 0.318570
vt 0.959332 0.320370
vt 0.945719 0.320371
vt 0.959347 0.318568
vt 0.969362 0.318568
vt 0.969362 0.320369
vt 0.959347 0.320368
vt 0.933909 0.177079
vt 0.933909 0.166605
vt 0.941771 0.166605
vt 0.941771 0.177079
vt 0.947846 0.316770
vt 0.958327 0.316770
vt 0.958326 0.308908
vt 0.947846 0.308908
vt 0.941770 0.179848
vt 0.941770 0.172141
vt 0.933908 0.172142
vt 0.933908 0.179848
vt 0.941769 0.158898
vt 0.941770 0.166605
vt 0.933907 0.166605
vt 0.933907 0.158898
vt 0.941771 0.172142
vt 0.941770 0.161667
vt 0.933909 0.161667
vt 0.933909 0.172142
vt 0.952744 0.308908
vt 0.963225 0.308908
vt 0.963226 0.316770
vt 0.952744 0.316770
vt 0.966016 0.166605
vt 0.963225 0.177079
vt 0.952744 0.179848
vt 0.945055 0.172141
vt 0.947846 0.161667
vt 0.958326 0.158899
vt 0.908430 0.151163
vt 0.905638 0.161638
vt 0.902494 0.162468
vt 0.906123 0.148851
vt 0.916129 0.201006
vt 0.923818 0.208712
vt 0.922980 0.211854
vt 0.912985 0.201836
vt 1.002641 0.187582
vt 1.005432 0.177107
vt 1.008576 0.176277
vt 1.004947 0.189894
vt 0.994941 0.137743
vt 0.987253 0.130036
vt 0.988090 0.126894
vt 0.998086 0.136912
vt 0.947912 0.119461
vt 0.937431 0.122229
vt 0.935123 0.119917
vt 0.948749 0.116318
vt 0.963162 0.219287
vt 0.973642 0.216518
vt 0.975949 0.218830
vt 0.962323 0.222429
vt 0.943570 0.179390
vt 0.943575 0.165775
vt 0.945374 0.165775
vt 0.945370 0.179390
vt 0.943578 0.165777
vt 0.943578 0.155759
vt 0.945376 0.155758
vt 0.945376 0.165776
vt 0.951917 0.318569
vt 0.965543 0.318569
vt 0.965541 0.320369
vt 0.951915 0.320369
vt 0.959159 0.318565
vt 0.945532 0.318564
vt 0.945532 0.320365
vt 0.959160 0.320367
vt 0.943582 0.159359
vt 0.943585 0.172975
vt 0.945383 0.172975
vt 0.945379 0.159359
vt 0.943562 0.172969
vt 0.943566 0.182990
vt 0.945366 0.182990
vt 0.945363 0.172969
vt 0.933907 0.338303
vt 0.933908 0.327828
vt 0.941771 0.327828
vt 0.941770 0.338302
vt 0.786622 0.316770
vt 0.797103 0.316770
vt 0.797102 0.308908
vt 0.786622 0.308908
vt 0.941771 0.341071
vt 0.941771 0.333365
vt 0.933909 0.333365
vt 0.933909 0.341071
vt 0.941770 0.320121
vt 0.941771 0.327828
vt 0.933908 0.327827
vt 0.933908 0.320121
vt 0.941771 0.333364
vt 0.941770 0.322890
vt 0.933908 0.322890
vt 0.933909 0.333364
vt 0.791523 0.308908
vt 0.802003 0.308907
vt 0.802002 0.316770
vt 0.791522 0.316770
vt 0.804793 0.327828
vt 0.802001 0.338303
vt 0.791521 0.341071
vt 0.783831 0.333365
vt 0.786623 0.322890
vt 0.797103 0.320122
vt 0.747207 0.312386
vt 0.744415 0.322861
vt 0.741271 0.323691
vt 0.744900 0.310074
vt 0.754902 0.362229
vt 0.762592 0.369935
vt 0.761755 0.373077
vt 0.751759 0.363060
vt 0.841415 0.348805
vt 0.844208 0.338330
vt 0.847352 0.337500
vt 0.843722 0.351117
vt 0.833718 0.298966
vt 0.826030 0.291260
vt 0.826867 0.288117
vt 0.836863 0.298136
vt 0.786689 0.280684
vt 0.776208 0.283451
vt 0.773900 0.281139
vt 0.787526 0.277541
vt 0.801939 0.380510
vt 0.812418 0.377742
vt 0.814725 0.380054
vt 0.801101 0.383652
vt 0.943573 0.340621
vt 0.943571 0.327004
vt 0.945371 0.327003
vt 0.945373 0.340620
vt 0.943550 0.326998
vt 0.943550 0.316979
vt 0.945353 0.316979
vt 0.945354 0.326998
vt 0.790675 0.318564
vt 0.804293 0.318564
vt 0.804295 0.320365
vt 0.790677 0.320365
vt 0.797940 0.318573
vt 0.784319 0.318573
vt 0.784319 0.320373
vt 0.797940 0.320373
vt 0.943590 0.320576
vt 0.943590 0.334190
vt 0.945387 0.334190
vt 0.945387 0.320577
vt 0.943548 0.334200
vt 0.943550 0.344214
vt 0.945353 0.344213
vt 0.945351 0.334200
vt 1.057544 0.916667
vt 1.057545 1.000000
vt 1.020394 1.000000
vt 1.020393 0.916667
vt 1.057546 0.166667
vt 1.057545 0.250000
vt 1.020395 0.250001
vt 1.020395 0.166667
vt 1.057545 -0.000000
vt 1.057546 0.083333
vt 1.020395 0.083333
vt 1.020394 -0.000000
vt 1.020402 0.250001
vt 1.057551 0.250001
vt 1.057549 0.333334
vt 1.020400 0.333334
vt 1.057547 0.666668
vt 1.020396 0.666668
vt 1.020396 0.583335
vt 1.057546 0.583335
vt 1.057544 0.666666
vt 1.057544 0.749999
vt 1.020392 0.749998
vt 1.020393 0.666665
vt 0.375000 0.113835
vt 0.416667 0.041667
vt 0.488835 0.000000
vt 0.572169 0.000000
vt 0.644338 0.041667
vt 0.686004 0.113835
vt 0.686004 0.197169
vt 1.057545 0.833334
vt 1.057545 0.916666
vt 1.020394 0.916666
vt 1.020395 0.833334
vt 1.057544 0.416666
vt 1.057544 0.499999
vt 1.020393 0.499999
vt 1.020393 0.416666
vt 1.020396 0.333334
vt 1.057546 0.333334
vt 1.057548 0.416668
vt 1.020398 0.416668
vt 1.057544 0.083333
vt 1.057542 0.166667
vt 1.020391 0.166667
vt 1.020392 0.083333
vt 1.020393 0.499999
vt 1.057544 0.499999
vt 1.057544 0.583332
vt 1.020392 0.583332
vt 1.057545 0.750000
vt 1.057545 0.833334
vt 1.020394 0.833335
vt 1.020395 0.750001
vt 0.761163 0.208909
vt 0.751782 0.208909
vt 0.751782 0.216772
vt 0.761162 0.216771
vt 0.761143 0.216771
vt 0.751776 0.216771
vt 0.751775 0.208908
vt 0.761142 0.208908
vt 0.841764 0.244381
vt 0.841763 0.255267
vt 0.833902 0.255267
vt 0.833902 0.244381
vt 0.841774 0.255243
vt 0.841773 0.244357
vt 0.833910 0.244357
vt 0.833911 0.255243
vt 0.770516 0.216770
vt 0.761134 0.216770
vt 0.761134 0.208908
vt 0.770516 0.208908
vt 0.770525 0.208909
vt 0.761157 0.208909
vt 0.761156 0.216771
vt 0.770525 0.216771
vt 0.751779 0.244358
vt 0.761160 0.238925
vt 0.770528 0.244378
vt 0.770516 0.255265
vt 0.758848 0.256773
vt 0.768228 0.251340
vt 0.771037 0.252976
vt 0.758844 0.260038
vt 0.765973 0.255265
vt 0.765987 0.244378
vt 0.768800 0.242749
vt 0.768783 0.256901
vt 0.763424 0.242850
vt 0.754045 0.248283
vt 0.751234 0.246648
vt 0.763427 0.239584
vt 0.756326 0.244369
vt 0.756315 0.255255
vt 0.753502 0.256884
vt 0.753516 0.242733
vt 0.754029 0.251327
vt 0.763395 0.256780
vt 0.763390 0.260046
vt 0.751213 0.252957
vt 0.768264 0.248305
vt 0.758897 0.242850
vt 0.758902 0.239585
vt 0.771080 0.246676
vt 0.761271 0.218543
vt 0.749080 0.218546
vt 0.749085 0.220344
vt 0.761275 0.220342
vt 0.843659 0.242713
vt 0.843654 0.256866
vt 0.845458 0.256867
vt 0.845463 0.242714
vt 0.773299 0.218558
vt 0.761116 0.218558
vt 0.761114 0.220358
vt 0.773298 0.220358
vt 0.748988 0.218582
vt 0.761166 0.218583
vt 0.761169 0.220383
vt 0.748991 0.220382
vt 0.761207 0.218554
vt 0.773402 0.218554
vt 0.773407 0.220355
vt 0.761212 0.220355
vt 0.843706 0.256881
vt 0.843711 0.242728
vt 0.845514 0.242727
vt 0.845509 0.256880
vt 0.989162 0.208908
vt 0.979782 0.208909
vt 0.979782 0.216771
vt 0.989162 0.216771
vt 0.989145 0.216767
vt 0.979776 0.216768
vt 0.979776 0.208905
vt 0.989145 0.208905
vt 0.841770 0.244379
vt 0.841770 0.255266
vt 0.833907 0.255266
vt 0.833908 0.244379
vt 0.841754 0.255241
vt 0.841754 0.244354
vt 0.833892 0.244355
vt 0.833893 0.255241
vt 0.998504 0.216767
vt 0.989123 0.216767
vt 0.989125 0.208905
vt 0.998506 0.208905
vt 0.998522 0.208905
vt 0.989152 0.208905
vt 0.989151 0.216767
vt 0.998520 0.216767
vt 0.979783 0.244358
vt 0.989164 0.238925
vt 0.998532 0.244378
vt 0.998520 0.255265
vt 0.986861 0.256774
vt 0.996244 0.251341
vt 0.999054 0.252977
vt 0.986857 0.260040
vt 0.994000 0.255259
vt 0.994010 0.244372
vt 0.996826 0.242743
vt 0.996813 0.256895
vt 0.991438 0.242852
vt 0.982057 0.248284
vt 0.979245 0.246648
vt 0.991441 0.239586
vt 0.984308 0.244363
vt 0.984295 0.255249
vt 0.981480 0.256879
vt 0.981496 0.242727
vt 0.982056 0.251329
vt 0.991424 0.256782
vt 0.991420 0.260048
vt 0.979242 0.252959
vt 0.996243 0.248299
vt 0.986874 0.242845
vt 0.986876 0.239580
vt 0.999056 0.246669
vt 0.989026 0.218555
vt 0.976826 0.218555
vt 0.976824 0.220355
vt 0.989023 0.220354
vt 0.843773 0.242711
vt 0.843769 0.256861
vt 0.845575 0.256861
vt 0.845579 0.242711
vt 1.001307 0.218533
vt 0.989130 0.218532
vt 0.989128 0.220331
vt 1.001304 0.220332
vt 0.976948 0.218589
vt 0.989134 0.218588
vt 0.989135 0.220388
vt 0.976949 0.220389
vt 0.989292 0.218568
vt 1.001483 0.218568
vt 1.001488 0.220368
vt 0.989297 0.220368
vt 0.843692 0.256862
vt 0.843686 0.242709
vt 0.845490 0.242709
vt 0.845496 0.256861
vt 0.833902 0.136010
vt 0.833902 0.126629
vt 0.841764 0.126629
vt 0.841764 0.136009
vt 0.841775 0.135984
vt 0.841773 0.126616
vt 0.833911 0.126616
vt 0.833912 0.135985
vt 0.880453 0.216767
vt 0.869567 0.216767
vt 0.869569 0.208905
vt 0.880455 0.208905
vt 0.869608 0.216770
vt 0.880495 0.216771
vt 0.880495 0.208908
vt 0.869609 0.208908
vt 0.841777 0.145369
vt 0.841778 0.135988
vt 0.833915 0.135988
vt 0.833914 0.145369
vt 0.833914 0.145378
vt 0.833912 0.136010
vt 0.841774 0.136010
vt 0.841776 0.145378
vt 0.880494 0.126630
vt 0.885927 0.136010
vt 0.880473 0.145379
vt 0.869587 0.145367
vt 0.864154 0.135986
vt 0.869608 0.126618
vt 0.868066 0.133711
vt 0.873500 0.143091
vt 0.871863 0.145901
vt 0.864799 0.133707
vt 0.869585 0.140828
vt 0.880471 0.140840
vt 0.882101 0.143654
vt 0.867948 0.143638
vt 0.881999 0.138283
vt 0.876567 0.128902
vt 0.878203 0.126092
vt 0.885266 0.138286
vt 0.880507 0.131174
vt 0.869621 0.131162
vt 0.867992 0.128348
vt 0.882143 0.128364
vt 0.873533 0.128896
vt 0.868081 0.138265
vt 0.864817 0.138261
vt 0.871905 0.126082
vt 0.876547 0.143096
vt 0.882001 0.133727
vt 0.885267 0.133730
vt 0.878177 0.145910
vt 0.843863 0.136026
vt 0.843870 0.123832
vt 0.845674 0.123832
vt 0.845668 0.136026
vt 0.882233 0.218565
vt 0.868083 0.218566
vt 0.868089 0.220367
vt 0.882237 0.220365
vt 0.843709 0.148218
vt 0.843704 0.136038
vt 0.845505 0.136038
vt 0.845510 0.148218
vt 0.843468 0.123813
vt 0.843474 0.135992
vt 0.845268 0.135992
vt 0.845262 0.123813
vt 0.843644 0.136003
vt 0.843648 0.148197
vt 0.845453 0.148198
vt 0.845449 0.136003
vt 0.867872 0.218588
vt 0.882024 0.218589
vt 0.882023 0.220389
vt 0.867872 0.220388
vt 0.833910 0.364013
vt 0.833910 0.354632
vt 0.841773 0.354632
vt 0.841773 0.364013
vt 0.841754 0.363985
vt 0.841754 0.354617
vt 0.833893 0.354617
vt 0.833893 0.363986
vt 0.880467 0.216770
vt 0.869582 0.216769
vt 0.869582 0.208907
vt 0.880467 0.208907
vt 0.869603 0.216770
vt 0.880489 0.216771
vt 0.880489 0.208908
vt 0.869602 0.208908
vt 0.841768 0.373376
vt 0.841768 0.363995
vt 0.833905 0.363995
vt 0.833905 0.373375
vt 0.833911 0.373386
vt 0.833911 0.364017
vt 0.841774 0.364018
vt 0.841774 0.373386
vt 0.880494 0.354633
vt 0.885927 0.364014
vt 0.880474 0.373382
vt 0.869587 0.373370
vt 0.864154 0.363990
vt 0.869608 0.354621
vt 0.868061 0.361713
vt 0.873496 0.371093
vt 0.871859 0.373903
vt 0.864794 0.361709
vt 0.869593 0.368836
vt 0.880481 0.368848
vt 0.882112 0.371663
vt 0.867958 0.371648
vt 0.881994 0.366286
vt 0.876559 0.356905
vt 0.878193 0.354095
vt 0.885258 0.366290
vt 0.880470 0.359171
vt 0.869581 0.359159
vt 0.867950 0.356345
vt 0.882104 0.356361
vt 0.873538 0.356915
vt 0.868087 0.366283
vt 0.864822 0.366280
vt 0.871909 0.354102
vt 0.876562 0.371112
vt 0.882016 0.361743
vt 0.885282 0.361748
vt 0.878192 0.373927
vt 0.843550 0.363952
vt 0.843548 0.351758
vt 0.845349 0.351758
vt 0.845350 0.363952
vt 0.882019 0.218509
vt 0.867869 0.218510
vt 0.867866 0.220309
vt 0.882016 0.220308
vt 0.843453 0.376172
vt 0.843456 0.363999
vt 0.845250 0.363998
vt 0.845248 0.376171
vt 0.843608 0.351778
vt 0.843606 0.363952
vt 0.845409 0.363951
vt 0.845411 0.351777
vt 0.843465 0.363937
vt 0.843470 0.376137
vt 0.845269 0.376136
vt 0.845265 0.363935
vt 0.867618 0.218541
vt 0.881772 0.218540
vt 0.881765 0.220340
vt 0.867612 0.220341
vt 0.802222 0.208908
vt 0.791749 0.208908
vt 0.791749 0.216770
vt 0.802222 0.216770
vt 0.841763 0.177005
vt 0.841764 0.166524
vt 0.833902 0.166524
vt 0.833901 0.177005
vt 0.804995 0.216765
vt 0.797289 0.216765
vt 0.797289 0.208903
vt 0.804995 0.208903
vt 0.784068 0.216772
vt 0.791773 0.216772
vt 0.791771 0.208909
vt 0.784065 0.208909
vt 0.797289 0.216772
vt 0.786815 0.216772
vt 0.786815 0.208910
vt 0.797289 0.208909
vt 0.833912 0.172110
vt 0.833914 0.161630
vt 0.841776 0.161630
vt 0.841776 0.172111
vt 0.791754 0.158836
vt 0.802229 0.161627
vt 0.804997 0.172108
vt 0.797291 0.179797
vt 0.786816 0.177006
vt 0.784048 0.166525
vt 0.787984 0.172627
vt 0.798457 0.175418
vt 0.799287 0.178562
vt 0.785673 0.174933
vt 0.794093 0.176587
vt 0.801802 0.168898
vt 0.804945 0.169735
vt 0.794924 0.179731
vt 0.801062 0.166006
vt 0.790587 0.163215
vt 0.789757 0.160071
vt 0.803374 0.163699
vt 0.794956 0.162047
vt 0.787254 0.169736
vt 0.784112 0.168899
vt 0.794125 0.158902
vt 0.788409 0.165366
vt 0.791175 0.175846
vt 0.788862 0.178153
vt 0.785265 0.164528
vt 0.800628 0.173263
vt 0.797861 0.162782
vt 0.800174 0.160475
vt 0.803771 0.174100
vt 0.804394 0.218529
vt 0.790775 0.218529
vt 0.790774 0.220329
vt 0.804392 0.220328
vt 0.790779 0.218548
vt 0.780753 0.218548
vt 0.780751 0.220348
vt 0.790778 0.220348
vt 0.843674 0.172971
vt 0.843673 0.159346
vt 0.845475 0.159346
vt 0.845475 0.172972
vt 0.843670 0.165742
vt 0.843672 0.179368
vt 0.845473 0.179369
vt 0.845471 0.165743
vt 0.784454 0.218562
vt 0.798077 0.218560
vt 0.798076 0.220359
vt 0.784453 0.220361
vt 0.798194 0.218627
vt 0.808211 0.218627
vt 0.808213 0.220428
vt 0.798196 0.220428
vt 0.963451 0.208907
vt 0.952977 0.208908
vt 0.952978 0.216770
vt 0.963452 0.216770
vt 0.841764 0.338227
vt 0.841765 0.327746
vt 0.833903 0.327746
vt 0.833902 0.338227
vt 0.966229 0.216774
vt 0.958523 0.216774
vt 0.958522 0.208911
vt 0.966228 0.208912
vt 0.945273 0.216771
vt 0.952979 0.216772
vt 0.952980 0.208909
vt 0.945273 0.208909
vt 0.958513 0.216770
vt 0.948038 0.216770
vt 0.948039 0.208908
vt 0.958513 0.208908
vt 0.833916 0.333335
vt 0.833915 0.322855
vt 0.841778 0.322855
vt 0.841779 0.333336
vt 0.952978 0.320059
vt 0.963452 0.322850
vt 0.966220 0.333331
vt 0.958514 0.341020
vt 0.948040 0.338229
vt 0.945271 0.327748
vt 0.949208 0.333858
vt 0.959684 0.336650
vt 0.960514 0.339794
vt 0.946895 0.336165
vt 0.955313 0.337809
vt 0.963017 0.330119
vt 0.966160 0.330957
vt 0.956143 0.340954
vt 0.962278 0.327223
vt 0.951804 0.324433
vt 0.950973 0.321288
vt 0.964589 0.324916
vt 0.956182 0.323267
vt 0.948474 0.330956
vt 0.945332 0.330118
vt 0.955351 0.320122
vt 0.949655 0.326592
vt 0.952422 0.337073
vt 0.950112 0.339379
vt 0.946513 0.325755
vt 0.961840 0.334487
vt 0.959070 0.324006
vt 0.961382 0.321699
vt 0.964983 0.335324
vt 0.965867 0.218562
vt 0.952254 0.218562
vt 0.952258 0.220363
vt 0.965870 0.220362
vt 0.952089 0.218542
vt 0.942065 0.218544
vt 0.942062 0.220343
vt 0.952086 0.220342
vt 0.843652 0.334073
vt 0.843652 0.320452
vt 0.845450 0.320450
vt 0.845450 0.334071
vt 0.843698 0.326850
vt 0.843703 0.340473
vt 0.845507 0.340472
vt 0.845503 0.326849
vt 0.945766 0.218556
vt 0.959374 0.218556
vt 0.959377 0.220355
vt 0.945770 0.220355
vt 0.959226 0.218578
vt 0.969246 0.218578
vt 0.969243 0.220378
vt 0.959223 0.220378
vt 0.833904 0.177082
vt 0.833905 0.166608
vt 0.841767 0.166608
vt 0.841766 0.177082
vt 0.947852 0.216768
vt 0.958334 0.216768
vt 0.958333 0.208906
vt 0.947851 0.208906
vt 0.841764 0.179846
vt 0.841764 0.172140
vt 0.833903 0.172140
vt 0.833903 0.179846
vt 0.841760 0.158898
vt 0.841761 0.166605
vt 0.833900 0.166605
vt 0.833898 0.158898
vt 0.841764 0.172140
vt 0.841765 0.161666
vt 0.833904 0.161666
vt 0.833903 0.172140
vt 0.952740 0.208908
vt 0.963219 0.208908
vt 0.963219 0.216770
vt 0.952740 0.216770
vt 0.966016 0.166605
vt 0.963225 0.177079
vt 0.952744 0.179847
vt 0.945055 0.172141
vt 0.947846 0.161666
vt 0.958327 0.158898
vt 0.952226 0.162834
vt 0.949434 0.173308
vt 0.946290 0.174139
vt 0.949919 0.160522
vt 0.948257 0.168935
vt 0.955946 0.176641
vt 0.955108 0.179784
vt 0.945113 0.169765
vt 0.958836 0.175906
vt 0.961624 0.165432
vt 0.964767 0.164601
vt 0.961142 0.178218
vt 0.962799 0.169812
vt 0.955109 0.162106
vt 0.955945 0.158963
vt 0.965943 0.168981
vt 0.959479 0.163284
vt 0.948997 0.166052
vt 0.946690 0.163741
vt 0.960317 0.160142
vt 0.951588 0.175469
vt 0.962066 0.172701
vt 0.964372 0.175013
vt 0.950751 0.178611
vt 0.843443 0.179372
vt 0.843442 0.165756
vt 0.845238 0.165755
vt 0.845239 0.179372
vt 0.843492 0.165761
vt 0.843500 0.155742
vt 0.845300 0.155742
vt 0.845291 0.165761
vt 0.952031 0.218579
vt 0.965649 0.218580
vt 0.965651 0.220380
vt 0.952033 0.220380
vt 0.959044 0.218547
vt 0.945413 0.218548
vt 0.945412 0.220347
vt 0.959043 0.220347
vt 0.843364 0.159352
vt 0.843356 0.172970
vt 0.845152 0.172970
vt 0.845160 0.159352
vt 0.843364 0.172942
vt 0.843370 0.182961
vt 0.845166 0.182960
vt 0.845159 0.172942
vt 0.833908 0.338296
vt 0.833911 0.327822
vt 0.841774 0.327822
vt 0.841771 0.338296
vt 0.786615 0.216766
vt 0.797095 0.216766
vt 0.797096 0.208904
vt 0.786615 0.208904
vt 0.841763 0.341070
vt 0.841763 0.333364
vt 0.833902 0.333364
vt 0.833902 0.341070
vt 0.841774 0.320122
vt 0.841774 0.327828
vt 0.833910 0.327828
vt 0.833910 0.320122
vt 0.841774 0.333364
vt 0.841773 0.322889
vt 0.833910 0.322889
vt 0.833911 0.333364
vt 0.791523 0.208907
vt 0.802003 0.208907
vt 0.802003 0.216769
vt 0.791524 0.216770
vt 0.802001 0.338303
vt 0.791001 0.324055
vt 0.788210 0.334530
vt 0.785066 0.335360
vt 0.788694 0.321743
vt 0.787036 0.330159
vt 0.794726 0.337866
vt 0.793888 0.341009
vt 0.783891 0.330990
vt 0.797637 0.337137
vt 0.800428 0.326662
vt 0.803573 0.325832
vt 0.799945 0.339449
vt 0.801574 0.331030
vt 0.793884 0.323323
vt 0.794721 0.320180
vt 0.804717 0.330199
vt 0.798241 0.324500
vt 0.787760 0.327268
vt 0.785452 0.324956
vt 0.799077 0.321359
vt 0.790355 0.336684
vt 0.800837 0.333915
vt 0.803144 0.336227
vt 0.789517 0.339825
vt 0.843661 0.340536
vt 0.843661 0.326921
vt 0.845463 0.326919
vt 0.845463 0.340534
vt 0.843444 0.326962
vt 0.843440 0.316944
vt 0.845240 0.316943
vt 0.845243 0.326962
vt 0.790754 0.218570
vt 0.804375 0.218570
vt 0.804376 0.220369
vt 0.790756 0.220369
vt 0.797975 0.218553
vt 0.784344 0.218553
vt 0.784344 0.220352
vt 0.797975 0.220352
vt 0.843347 0.320576
vt 0.843347 0.334194
vt 0.845140 0.334194
vt 0.845140 0.320577
vt 0.843735 0.334219
vt 0.843731 0.344238
vt 0.845531 0.344238
vt 0.845534 0.334219
vt 0.554933 -0.875000
vt 0.603584 -0.875000
vt 0.603188 -0.523420
vt 0.553954 -0.523420
vt 0.211666 -0.874999
vt 0.260317 -0.874999
vt 0.261296 -0.523420
vt 0.212062 -0.523419
vt 0.651048 -0.875000
vt 0.698908 -0.875000
vt 0.698908 -0.523420
vt 0.651048 -0.523420
vt 0.603188 -0.875000
vt 0.651048 -0.875000
vt 0.408604 -0.874999
vt 0.457255 -0.875000
vt 0.456860 -0.523420
vt 0.407625 -0.523420
vt 0.651048 -0.481238
vt 0.651048 -0.024219
vt 0.603188 -0.024219
vt 0.603188 -0.481238
vt 0.456859 -0.874999
vt 0.504719 -0.875000
vt 0.504719 -0.523420
vt 0.504324 -0.875000
vt 0.552974 -0.875000
vt 0.164202 -0.481237
vt 0.164202 -0.024218
vt 0.116342 -0.024218
vt 0.116342 -0.481237
vt 0.212062 -0.481237
vt 0.212062 -0.024218
vt 0.261296 -0.481238
vt 0.261296 -0.024219
vt 0.553954 -0.481238
vt 0.553954 -0.024219
vt 0.698908 -0.481238
vt 0.698908 -0.024219
vt 0.407625 -0.481238
vt 0.456860 -0.481238
vt 0.456860 -0.024219
vt 0.407625 -0.024219
vt 0.504719 -0.024219
vt 0.504719 -0.481238
vt 0.164202 -0.523419
vt 0.164202 -0.502328
vt 0.116980 -0.502328
vt 0.116342 -0.523419
vt 0.407625 0.349036
vt 0.358390 0.349036
vt 0.358390 0.019112
vt 0.407625 0.019112
vt 0.164202 -0.874999
vt 0.116342 -0.874999
vt 0.358390 -0.024219
vt 0.358390 -0.481238
vt 0.310926 -0.874999
vt 0.310531 -0.523420
vt 0.262276 -0.874999
vt 0.164202 -0.874999
vt 0.212061 -0.874999
vt 0.310531 -0.481238
vt 0.310531 -0.024219
vt 0.212062 -0.502328
vt 0.504719 0.349035
vt 0.504719 0.019111
vt 0.553954 0.019111
vt 0.553954 0.349035
vt 0.456860 0.349036
vt 0.456860 0.019112
vt 0.504719 0.349036
vt 0.407625 0.349036
vt 0.456860 0.349036
vt 0.651048 0.349035
vt 0.651048 0.019111
vt 0.698908 0.019111
vt 0.698908 0.349035
vt 0.603188 0.349035
vt 0.603188 0.019111
vt 0.651048 0.349035
vt 0.553954 0.349035
vt 0.603188 0.349035
vt 0.212062 0.349036
vt 0.212062 0.019112
vt 0.261296 0.019112
vt 0.261296 0.349036
vt 0.164202 0.349036
vt 0.164202 0.019112
vt 0.212062 0.349036
vt 0.358390 0.349036
vt 0.310531 0.349036
vt 0.310531 0.019112
vt 0.310531 0.349036
vt 0.261296 0.349036
vt 0.116342 0.349036
vt 0.116342 0.019112
vt 0.651048 0.015655
vt 0.698908 0.015655
vt 0.212062 -0.020762
vt 0.164202 -0.020762
vt 0.212062 0.015656
vt 0.261296 0.015656
vt 0.261296 0.015656
vt 0.310531 0.015656
vt 0.504719 0.015655
vt 0.553954 0.015655
vt 0.651048 -0.020763
vt 0.603188 -0.020763
vt 0.456860 -0.020763
vt 0.407625 -0.020762
vt 0.164202 0.015656
vt 0.116342 0.015656
vt 0.212062 0.015656
vt 0.164202 0.015656
vt 0.358390 0.015655
vt 0.407625 0.015655
vt 0.504719 -0.020763
vt 0.456860 -0.020763
vt 0.310531 -0.020762
vt 0.358390 -0.020762
vt 0.603188 0.015655
vt 0.553954 0.015655
vt 0.651048 0.015655
vt 0.603188 0.015655
vt 0.504719 0.015655
vt 0.456860 0.015655
vt 0.310531 0.015655
vt 0.358390 0.015655
vt 0.358390 -0.874999
vt 0.358390 -0.523420
vt 0.310531 -0.874999
vt 0.553954 -0.020763
vt 0.310531 -0.020762
vt 0.261296 -0.020762
vt 0.456860 0.015655
vt 0.407625 0.015655
vt 0.407625 -0.020762
vt 0.358390 -0.020762
vt 0.553954 -0.020763
vt 0.504719 -0.020763
vt 0.698908 -0.020763
vt 0.651048 -0.020763
vt 0.261296 -0.020762
vt 0.212062 -0.020762
vt 0.261296 -0.502329
vt 0.603188 -0.502329
vt 0.651048 -0.502329
vt 0.553954 -0.502329
vt 0.698270 -0.502329
vt 0.407625 -0.502329
vt 0.456860 -0.502329
vt 0.504719 -0.502329
vt 0.310531 -0.502329
vt 0.358390 -0.502329
vt 0.261296 -0.002553
vt 0.310531 -0.002553
vt 0.358390 -0.002553
vt 0.407625 -0.002554
vt 0.553954 -0.002554
vt 0.504719 -0.002554
vt 0.456860 -0.002554
vt 0.698372 -0.002554
vt 0.651048 -0.002554
vt 0.603188 -0.002554
vt 0.212062 -0.002553
vt 0.164202 -0.002553
vt 0.116878 -0.002553
vt 0.116342 -0.020762
vt 0.164202 -0.020762
vt 0.406646 -0.874999
vt 0.357995 -0.875000
vt 0.464959 0.916667
vt 0.464959 1.000000
vt 0.427808 1.000000
vt 0.427807 0.916667
vt 0.464959 0.166667
vt 0.464960 0.250000
vt 0.427808 0.250000
vt 0.427808 0.166667
vt 0.464960 0.000000
vt 0.464960 0.083333
vt 0.427809 0.083333
vt 0.427809 0.000000
vt 0.427808 0.250000
vt 0.464959 0.250000
vt 0.464959 0.333333
vt 0.427808 0.333333
vt 0.464959 0.666667
vt 0.427808 0.666667
vt 0.427808 0.583333
vt 0.464959 0.583333
vt 0.464959 0.666667
vt 0.464959 0.750000
vt 0.427808 0.750000
vt 0.427808 0.666667
vt 0.103419 0.311004
vt 0.020085 0.311004
vt -0.052083 0.269338
vt -0.093750 0.197169
vt -0.093750 0.113835
vt -0.052083 0.041667
vt 0.020085 0.000000
vt 0.103419 0.000000
vt 0.175588 0.041667
vt 0.217254 0.113835
vt 0.217254 0.197169
vt 0.175588 0.269338
vt 0.464959 0.833333
vt 0.464959 0.916667
vt 0.427808 0.916667
vt 0.427808 0.833333
vt 0.464959 0.416667
vt 0.464959 0.500000
vt 0.427807 0.500000
vt 0.427808 0.416667
vt 0.427808 0.333333
vt 0.464959 0.333333
vt 0.464959 0.416667
vt 0.427808 0.416667
vt 0.464960 0.083333
vt 0.464959 0.166667
vt 0.427808 0.166667
vt 0.427809 0.083333
vt 0.427808 0.500000
vt 0.464959 0.500000
vt 0.464959 0.583333
vt 0.427808 0.583333
vt 0.464959 0.750000
vt 0.464959 0.833333
vt 0.427808 0.833333
vt 0.427808 0.750000
vt 0.292410 0.308908
vt 0.283029 0.308908
vt 0.283029 0.316770
vt 0.292410 0.316770
vt 0.292386 0.316770
vt 0.283017 0.316770
vt 0.283017 0.308908
vt 0.292385 0.308908
vt 0.473020 0.244378
vt 0.473020 0.255265
vt 0.465158 0.255265
vt 0.465158 0.244378
vt 0.473021 0.255244
vt 0.473021 0.244358
vt 0.465159 0.244358
vt 0.465159 0.255245
vt 0.301766 0.316770
vt 0.292385 0.316770
vt 0.292385 0.308907
vt 0.301765 0.308907
vt 0.301779 0.308907
vt 0.292409 0.308907
vt 0.292409 0.316770
vt 0.301779 0.316770
vt 0.283029 0.244358
vt 0.292410 0.238925
vt 0.301778 0.244378
vt 0.301766 0.255265
vt 0.292386 0.260698
vt 0.283017 0.255244
vt 0.312829 0.295996
vt 0.322210 0.290562
vt 0.325020 0.292199
vt 0.312825 0.299262
vt 0.342632 0.255309
vt 0.342645 0.244423
vt 0.345458 0.242793
vt 0.345442 0.256945
vt 0.271966 0.203628
vt 0.262585 0.209061
vt 0.259775 0.207425
vt 0.271969 0.200362
vt 0.242167 0.244312
vt 0.242154 0.255198
vt 0.239340 0.256828
vt 0.239356 0.242676
vt 0.262495 0.290496
vt 0.271865 0.295950
vt 0.271861 0.299216
vt 0.259680 0.292126
vt 0.322300 0.209125
vt 0.312933 0.203671
vt 0.312936 0.200405
vt 0.325113 0.207495
vt 0.292406 0.318573
vt 0.280214 0.318573
vt 0.280215 0.320373
vt 0.292406 0.320373
vt 0.474818 0.242717
vt 0.474818 0.256870
vt 0.476619 0.256871
vt 0.476619 0.242718
vt 0.304599 0.318570
vt 0.292416 0.318570
vt 0.292415 0.320370
vt 0.304597 0.320370
vt 0.280190 0.318564
vt 0.292371 0.318564
vt 0.292373 0.320365
vt 0.280192 0.320365
vt 0.292375 0.318573
vt 0.304571 0.318572
vt 0.304572 0.320372
vt 0.292376 0.320372
vt 0.474819 0.256907
vt 0.474819 0.242754
vt 0.476619 0.242753
vt 0.476619 0.256906
vt 0.520414 0.308908
vt 0.511033 0.308907
vt 0.511033 0.316770
vt 0.520414 0.316770
vt 0.520391 0.316770
vt 0.511021 0.316770
vt 0.511022 0.308908
vt 0.520391 0.308908
vt 0.473020 0.244378
vt 0.473020 0.255265
vt 0.465158 0.244378
vt 0.473021 0.255244
vt 0.473019 0.244358
vt 0.465157 0.244358
vt 0.465158 0.255244
vt 0.529770 0.316770
vt 0.520390 0.316770
vt 0.520390 0.308908
vt 0.529770 0.308908
vt 0.529782 0.308908
vt 0.520414 0.308908
vt 0.520414 0.316770
vt 0.529782 0.316770
vt 0.511033 0.244358
vt 0.520414 0.238925
vt 0.529782 0.244378
vt 0.529770 0.255265
vt 0.520390 0.260698
vt 0.511021 0.255244
vt 0.540831 0.295995
vt 0.550212 0.290562
vt 0.553024 0.292199
vt 0.540829 0.299261
vt 0.570632 0.255309
vt 0.570645 0.244422
vt 0.573461 0.242793
vt 0.573444 0.256945
vt 0.499971 0.203628
vt 0.490590 0.209061
vt 0.487780 0.207424
vt 0.499974 0.200362
vt 0.470169 0.244312
vt 0.470158 0.255199
vt 0.467344 0.256829
vt 0.467359 0.242676
vt 0.490500 0.290496
vt 0.499869 0.295950
vt 0.499865 0.299216
vt 0.487686 0.292126
vt 0.550305 0.209125
vt 0.540936 0.203672
vt 0.540939 0.200406
vt 0.553119 0.207495
vt 0.520427 0.318571
vt 0.508237 0.318573
vt 0.508235 0.320373
vt 0.520425 0.320371
vt 0.474827 0.242718
vt 0.474831 0.256869
vt 0.476630 0.256870
vt 0.476626 0.242719
vt 0.532606 0.318572
vt 0.520443 0.318575
vt 0.520440 0.320374
vt 0.532603 0.320371
vt 0.508201 0.318567
vt 0.520382 0.318567
vt 0.520382 0.320368
vt 0.508202 0.320368
vt 0.520390 0.318567
vt 0.532589 0.318567
vt 0.532588 0.320367
vt 0.520389 0.320367
vt 0.474837 0.256900
vt 0.474833 0.242748
vt 0.476630 0.242748
vt 0.476635 0.256900
vt 0.465157 0.136010
vt 0.465156 0.126630
vt 0.473019 0.126630
vt 0.473019 0.136010
vt 0.473020 0.135986
vt 0.473019 0.126618
vt 0.465157 0.126618
vt 0.465157 0.135986
vt 0.411723 0.316770
vt 0.400836 0.316770
vt 0.400835 0.308907
vt 0.411722 0.308908
vt 0.400858 0.316770
vt 0.411744 0.316770
vt 0.411744 0.308906
vt 0.400858 0.308905
vt 0.473020 0.145367
vt 0.473019 0.135986
vt 0.465156 0.135986
vt 0.465156 0.145366
vt 0.465157 0.145379
vt 0.465157 0.136010
vt 0.473020 0.136010
vt 0.473020 0.145378
vt 0.411744 0.126629
vt 0.417177 0.136010
vt 0.411723 0.145378
vt 0.400837 0.145366
vt 0.395404 0.135986
vt 0.400858 0.126618
vt 0.360104 0.156430
vt 0.365537 0.165810
vt 0.363902 0.168620
vt 0.356839 0.156426
vt 0.400792 0.186231
vt 0.411679 0.186243
vt 0.413308 0.189057
vt 0.399156 0.189042
vt 0.452474 0.115567
vt 0.447040 0.106186
vt 0.448676 0.103375
vt 0.455740 0.115570
vt 0.411791 0.085767
vt 0.400903 0.085755
vt 0.399273 0.082941
vt 0.413426 0.082956
vt 0.365606 0.106096
vt 0.360154 0.115465
vt 0.356887 0.115461
vt 0.363976 0.103282
vt 0.446974 0.165901
vt 0.452429 0.156532
vt 0.455696 0.156536
vt 0.448605 0.168715
vt 0.474812 0.136013
vt 0.474808 0.123818
vt 0.476610 0.123818
vt 0.476613 0.136013
vt 0.413371 0.318576
vt 0.399227 0.318576
vt 0.399228 0.320375
vt 0.413372 0.320375
vt 0.474799 0.148188
vt 0.474797 0.136010
vt 0.476600 0.136011
vt 0.476602 0.148189
vt 0.474813 0.123803
vt 0.474821 0.135983
vt 0.476621 0.135983
vt 0.476614 0.123803
vt 0.474834 0.135985
vt 0.474835 0.148178
vt 0.476633 0.148178
vt 0.476631 0.135984
vt 0.399196 0.318570
vt 0.413345 0.318571
vt 0.413346 0.320370
vt 0.399197 0.320370
vt 0.465158 0.364014
vt 0.465158 0.354634
vt 0.473021 0.354634
vt 0.473020 0.364014
vt 0.473020 0.363989
vt 0.473020 0.354621
vt 0.465157 0.354621
vt 0.465158 0.363990
vt 0.411723 0.316770
vt 0.400836 0.316770
vt 0.400836 0.308908
vt 0.411722 0.308908
vt 0.400858 0.316770
vt 0.411745 0.316771
vt 0.411745 0.308911
vt 0.400859 0.308910
vt 0.473020 0.373370
vt 0.473021 0.363990
vt 0.465158 0.363990
vt 0.465157 0.373371
vt 0.465159 0.373384
vt 0.465158 0.364015
vt 0.473020 0.364014
vt 0.473021 0.373383
vt 0.411744 0.354634
vt 0.417177 0.364014
vt 0.411724 0.373382
vt 0.400837 0.373370
vt 0.395404 0.363990
vt 0.400858 0.354622
vt 0.360107 0.384434
vt 0.365539 0.393815
vt 0.363903 0.396625
vt 0.356840 0.384431
vt 0.400791 0.414236
vt 0.411678 0.414248
vt 0.413308 0.417062
vt 0.399156 0.417047
vt 0.452472 0.343571
vt 0.447040 0.334190
vt 0.448676 0.331379
vt 0.455738 0.343574
vt 0.411789 0.313770
vt 0.400901 0.313758
vt 0.399272 0.310944
vt 0.413425 0.310960
vt 0.365604 0.334100
vt 0.360150 0.343468
vt 0.356885 0.343465
vt 0.363975 0.331286
vt 0.446976 0.393904
vt 0.452428 0.384535
vt 0.455695 0.384539
vt 0.448606 0.396718
vt 0.474816 0.364020
vt 0.474818 0.351820
vt 0.476619 0.351820
vt 0.476617 0.364020
vt 0.413367 0.318565
vt 0.399216 0.318565
vt 0.399218 0.320366
vt 0.413369 0.320366
vt 0.474844 0.376191
vt 0.474837 0.364011
vt 0.476633 0.364012
vt 0.476641 0.376193
vt 0.474810 0.351811
vt 0.474802 0.363993
vt 0.476605 0.363992
vt 0.476612 0.351810
vt 0.474839 0.363985
vt 0.474830 0.376184
vt 0.476627 0.376184
vt 0.476637 0.363985
vt 0.399192 0.318572
vt 0.413338 0.318572
vt 0.413340 0.320372
vt 0.399194 0.320371
vt 0.333478 0.308908
vt 0.323003 0.308908
vt 0.323004 0.316770
vt 0.333478 0.316770
vt 0.473020 0.177006
vt 0.473020 0.166525
vt 0.465158 0.166525
vt 0.465158 0.177006
vt 0.336247 0.316770
vt 0.328540 0.316770
vt 0.328540 0.308908
vt 0.336247 0.308908
vt 0.315298 0.316770
vt 0.323004 0.316770
vt 0.323004 0.308908
vt 0.315297 0.308908
vt 0.328542 0.316770
vt 0.318067 0.316770
vt 0.318069 0.308908
vt 0.328543 0.308908
vt 0.465158 0.172108
vt 0.465157 0.161627
vt 0.473020 0.161627
vt 0.473020 0.172108
vt 0.323005 0.158836
vt 0.333479 0.161627
vt 0.336247 0.172108
vt 0.328541 0.179797
vt 0.318066 0.177006
vt 0.315298 0.166525
vt 0.307564 0.216422
vt 0.318038 0.219213
vt 0.318868 0.222357
vt 0.305252 0.218729
vt 0.357404 0.208724
vt 0.365110 0.201035
vt 0.368253 0.201872
vt 0.358235 0.211869
vt 0.343983 0.122213
vt 0.333507 0.119421
vt 0.332677 0.116277
vt 0.346295 0.119906
vt 0.294144 0.129909
vt 0.286437 0.137599
vt 0.283294 0.136761
vt 0.293313 0.126765
vt 0.275860 0.176941
vt 0.278628 0.187422
vt 0.276315 0.189729
vt 0.272718 0.176104
vt 0.375686 0.161691
vt 0.372919 0.151210
vt 0.375231 0.148904
vt 0.378828 0.162529
vt 0.335795 0.318570
vt 0.322182 0.318571
vt 0.322181 0.320371
vt 0.335794 0.320370
vt 0.322168 0.318569
vt 0.312148 0.318572
vt 0.312149 0.320372
vt 0.322169 0.320369
vt 0.474810 0.172948
vt 0.474812 0.159323
vt 0.476613 0.159323
vt 0.476611 0.172948
vt 0.474828 0.165689
vt 0.474829 0.179314
vt 0.476628 0.179314
vt 0.476626 0.165689
vt 0.315745 0.318570
vt 0.329358 0.318570
vt 0.329360 0.320370
vt 0.315747 0.320370
vt 0.329370 0.318578
vt 0.339390 0.318579
vt 0.339390 0.320377
vt 0.329370 0.320376
vt 0.494702 0.308908
vt 0.484228 0.308907
vt 0.484228 0.316770
vt 0.494702 0.316770
vt 0.473020 0.338229
vt 0.473019 0.327748
vt 0.465157 0.327748
vt 0.465158 0.338229
vt 0.497470 0.316770
vt 0.489764 0.316770
vt 0.489763 0.308908
vt 0.497469 0.308908
vt 0.476521 0.316770
vt 0.484227 0.316770
vt 0.484227 0.308907
vt 0.476521 0.308907
vt 0.489763 0.316770
vt 0.479289 0.316770
vt 0.479289 0.308908
vt 0.489763 0.308908
vt 0.465158 0.333331
vt 0.465158 0.322850
vt 0.473020 0.322851
vt 0.473020 0.333331
vt 0.484228 0.320059
vt 0.494702 0.322850
vt 0.497470 0.333331
vt 0.489764 0.341020
vt 0.479289 0.338229
vt 0.476521 0.327748
vt 0.468786 0.377645
vt 0.479261 0.380437
vt 0.480091 0.383580
vt 0.466474 0.379951
vt 0.518628 0.369948
vt 0.526333 0.362258
vt 0.529476 0.363096
vt 0.519459 0.373092
vt 0.505204 0.283437
vt 0.494729 0.280644
vt 0.493899 0.277500
vt 0.507516 0.281130
vt 0.455367 0.291133
vt 0.447658 0.298822
vt 0.444515 0.297985
vt 0.454536 0.287989
vt 0.437085 0.338164
vt 0.439853 0.348645
vt 0.437540 0.350952
vt 0.433941 0.337327
vt 0.536911 0.322914
vt 0.534142 0.312434
vt 0.536453 0.310127
vt 0.540053 0.323752
vt 0.497017 0.318570
vt 0.483395 0.318572
vt 0.483395 0.320372
vt 0.497017 0.320370
vt 0.483395 0.318572
vt 0.473381 0.318574
vt 0.473381 0.320374
vt 0.483395 0.320372
vt 0.474830 0.334168
vt 0.474824 0.320543
vt 0.476623 0.320543
vt 0.476629 0.334169
vt 0.474810 0.326907
vt 0.474802 0.340529
vt 0.476605 0.340530
vt 0.476612 0.326909
vt 0.476968 0.318571
vt 0.490581 0.318570
vt 0.490582 0.320370
vt 0.476970 0.320371
vt 0.490597 0.318568
vt 0.500612 0.318569
vt 0.500612 0.320369
vt 0.490597 0.320368
vt 0.465159 0.177079
vt 0.465159 0.166605
vt 0.473020 0.166605
vt 0.473021 0.177079
vt 0.479096 0.316770
vt 0.489577 0.316770
vt 0.489576 0.308908
vt 0.479096 0.308908
vt 0.473020 0.179848
vt 0.473020 0.172141
vt 0.465158 0.172142
vt 0.465158 0.179848
vt 0.473020 0.158898
vt 0.473020 0.166605
vt 0.465157 0.166605
vt 0.465157 0.158898
vt 0.473021 0.172142
vt 0.473020 0.161667
vt 0.465159 0.161667
vt 0.465159 0.172142
vt 0.483994 0.308908
vt 0.494476 0.308908
vt 0.494476 0.316770
vt 0.483994 0.316770
vt 0.497266 0.166605
vt 0.494475 0.177079
vt 0.483994 0.179848
vt 0.476305 0.172141
vt 0.479096 0.161667
vt 0.489576 0.158899
vt 0.439680 0.151163
vt 0.436888 0.161638
vt 0.433744 0.162468
vt 0.437373 0.148851
vt 0.447379 0.201006
vt 0.455067 0.208712
vt 0.454230 0.211854
vt 0.444235 0.201836
vt 0.533891 0.187582
vt 0.536682 0.177107
vt 0.539826 0.176277
vt 0.536197 0.189894
vt 0.526191 0.137743
vt 0.518503 0.130036
vt 0.519341 0.126894
vt 0.529336 0.136912
vt 0.479162 0.119461
vt 0.468681 0.122229
vt 0.466373 0.119917
vt 0.479999 0.116318
vt 0.494412 0.219287
vt 0.504892 0.216519
vt 0.507199 0.218830
vt 0.493574 0.222429
vt 0.474820 0.179390
vt 0.474824 0.165775
vt 0.476624 0.165775
vt 0.476620 0.179390
vt 0.474827 0.165777
vt 0.474828 0.155759
vt 0.476626 0.155758
vt 0.476626 0.165777
vt 0.483167 0.318569
vt 0.496793 0.318569
vt 0.496791 0.320369
vt 0.483165 0.320369
vt 0.490409 0.318565
vt 0.476782 0.318564
vt 0.476782 0.320365
vt 0.490410 0.320367
vt 0.474832 0.159359
vt 0.474836 0.172975
vt 0.476633 0.172975
vt 0.476629 0.159359
vt 0.474813 0.172969
vt 0.474816 0.182990
vt 0.476616 0.182990
vt 0.476613 0.172969
vt 0.465157 0.338303
vt 0.465158 0.327828
vt 0.473021 0.327828
vt 0.473020 0.338302
vt 0.317872 0.316770
vt 0.328353 0.316770
vt 0.328352 0.308908
vt 0.317872 0.308908
vt 0.473021 0.341071
vt 0.473021 0.333365
vt 0.465159 0.333365
vt 0.465159 0.341070
vt 0.473020 0.320121
vt 0.473021 0.327828
vt 0.465158 0.327827
vt 0.465158 0.320121
vt 0.473021 0.333364
vt 0.473020 0.322890
vt 0.465158 0.322890
vt 0.465159 0.333364
vt 0.322772 0.308908
vt 0.333253 0.308907
vt 0.333252 0.316770
vt 0.322772 0.316770
vt 0.336043 0.327828
vt 0.333251 0.338303
vt 0.322771 0.341071
vt 0.315081 0.333365
vt 0.317873 0.322890
vt 0.328353 0.320122
vt 0.278457 0.312386
vt 0.275665 0.322861
vt 0.272521 0.323691
vt 0.276150 0.310074
vt 0.286153 0.362229
vt 0.293842 0.369935
vt 0.293005 0.373077
vt 0.283009 0.363060
vt 0.372665 0.348805
vt 0.375458 0.338330
vt 0.378602 0.337500
vt 0.374972 0.351117
vt 0.364968 0.298966
vt 0.357280 0.291260
vt 0.358117 0.288117
vt 0.368113 0.298136
vt 0.317939 0.280684
vt 0.307458 0.283451
vt 0.305150 0.281139
vt 0.318776 0.277541
vt 0.333189 0.380510
vt 0.343668 0.377742
vt 0.345975 0.380054
vt 0.332351 0.383652
vt 0.474823 0.340621
vt 0.474821 0.327004
vt 0.476620 0.327003
vt 0.476622 0.340620
vt 0.474800 0.326998
vt 0.474800 0.316979
vt 0.476603 0.316979
vt 0.476603 0.326998
vt 0.321925 0.318564
vt 0.335544 0.318564
vt 0.335545 0.320365
vt 0.321927 0.320365
vt 0.329189 0.318573
vt 0.315569 0.318573
vt 0.315569 0.320373
vt 0.329189 0.320373
vt 0.474840 0.320576
vt 0.474840 0.334190
vt 0.476637 0.334191
vt 0.476637 0.320577
vt 0.474798 0.334200
vt 0.474800 0.344214
vt 0.476603 0.344213
vt 0.476601 0.334200
vt 0.588795 0.916667
vt 0.588795 1.000000
vt 0.551644 1.000000
vt 0.551643 0.916667
vt 0.588796 0.166667
vt 0.588795 0.250000
vt 0.551645 0.250001
vt 0.551645 0.166667
vt 0.588795 -0.000000
vt 0.588796 0.083333
vt 0.551645 0.083333
vt 0.551644 -0.000000
vt 0.551652 0.250001
vt 0.588801 0.250001
vt 0.588799 0.333334
vt 0.551650 0.333334
vt 0.588797 0.666668
vt 0.551646 0.666668
vt 0.551646 0.583335
vt 0.588796 0.583335
vt 0.588794 0.666666
vt 0.588794 0.749999
vt 0.551642 0.749998
vt 0.551643 0.666665
vt -0.052083 0.269338
vt -0.093750 0.113835
vt -0.052083 0.041667
vt 0.020085 0.000000
vt 0.103419 0.000000
vt 0.175588 0.041667
vt 0.217254 0.113835
vt 0.217254 0.197169
vt 0.588795 0.833334
vt 0.588795 0.916666
vt 0.551644 0.916666
vt 0.551645 0.833334
vt 0.588794 0.416666
vt 0.588794 0.499999
vt 0.551643 0.499999
vt 0.551643 0.416666
vt 0.551646 0.333334
vt 0.588796 0.333334
vt 0.588798 0.416668
vt 0.551648 0.416668
vt 0.588794 0.083333
vt 0.588792 0.166667
vt 0.551641 0.166667
vt 0.551642 0.083333
vt 0.551643 0.499999
vt 0.588794 0.499999
vt 0.588794 0.583332
vt 0.551642 0.583332
vt 0.588795 0.750000
vt 0.588795 0.833334
vt 0.551644 0.833335
vt 0.551645 0.750001
vt 0.292412 0.208909
vt 0.283032 0.208909
vt 0.283032 0.216772
vt 0.292412 0.216771
vt 0.292393 0.216771
vt 0.283026 0.216771
vt 0.283025 0.208908
vt 0.292392 0.208908
vt 0.373014 0.244381
vt 0.373013 0.255267
vt 0.365152 0.255267
vt 0.365152 0.244381
vt 0.373024 0.255243
vt 0.373023 0.244357
vt 0.365161 0.244357
vt 0.365161 0.255243
vt 0.301766 0.216770
vt 0.292384 0.216770
vt 0.292385 0.208908
vt 0.301766 0.208908
vt 0.301775 0.208909
vt 0.292406 0.208909
vt 0.292406 0.216771
vt 0.301775 0.216771
vt 0.292410 0.238925
vt 0.301778 0.244378
vt 0.301766 0.255265
vt 0.290098 0.256773
vt 0.299478 0.251340
vt 0.302287 0.252976
vt 0.290094 0.260038
vt 0.297223 0.255265
vt 0.297237 0.244378
vt 0.300050 0.242749
vt 0.300033 0.256901
vt 0.294674 0.242850
vt 0.285295 0.248283
vt 0.282484 0.246648
vt 0.294677 0.239584
vt 0.287577 0.244369
vt 0.287565 0.255255
vt 0.284752 0.256884
vt 0.284766 0.242733
vt 0.285279 0.251327
vt 0.294645 0.256780
vt 0.294640 0.260046
vt 0.282463 0.252957
vt 0.299514 0.248305
vt 0.290147 0.242850
vt 0.290152 0.239585
vt 0.302330 0.246676
vt 0.292521 0.218543
vt 0.280330 0.218546
vt 0.280334 0.220345
vt 0.292525 0.220342
vt 0.374909 0.242713
vt 0.374905 0.256866
vt 0.376708 0.256867
vt 0.376713 0.242714
vt 0.304549 0.218558
vt 0.292366 0.218558
vt 0.292364 0.220358
vt 0.304548 0.220358
vt 0.280237 0.218582
vt 0.292416 0.218583
vt 0.292419 0.220383
vt 0.280240 0.220382
vt 0.292457 0.218554
vt 0.304652 0.218554
vt 0.304657 0.220355
vt 0.292462 0.220355
vt 0.374956 0.256881
vt 0.374961 0.242728
vt 0.376764 0.242727
vt 0.376759 0.256880
vt 0.520412 0.208908
vt 0.511032 0.208909
vt 0.511032 0.216771
vt 0.520412 0.216771
vt 0.520395 0.216767
vt 0.511026 0.216767
vt 0.511026 0.208905
vt 0.520395 0.208905
vt 0.373020 0.244379
vt 0.373020 0.255266
vt 0.365157 0.255265
vt 0.365158 0.244379
vt 0.373004 0.255241
vt 0.373004 0.244354
vt 0.365142 0.244355
vt 0.365143 0.255241
vt 0.529754 0.216767
vt 0.520373 0.216767
vt 0.520375 0.208905
vt 0.529756 0.208905
vt 0.529771 0.208905
vt 0.520402 0.208905
vt 0.520401 0.216767
vt 0.529770 0.216767
vt 0.511033 0.244358
vt 0.520414 0.238925
vt 0.529782 0.244378
vt 0.529770 0.255265
vt 0.518112 0.256774
vt 0.527494 0.251341
vt 0.530304 0.252977
vt 0.518107 0.260040
vt 0.525250 0.255259
vt 0.525260 0.244372
vt 0.528076 0.242743
vt 0.528063 0.256895
vt 0.522688 0.242852
vt 0.513306 0.248284
vt 0.510495 0.246648
vt 0.522691 0.239586
vt 0.515558 0.244363
vt 0.515546 0.255249
vt 0.512730 0.256879
vt 0.512747 0.242727
vt 0.513306 0.251329
vt 0.522674 0.256782
vt 0.522670 0.260048
vt 0.510492 0.252959
vt 0.527493 0.248299
vt 0.518124 0.242845
vt 0.518126 0.239580
vt 0.530306 0.246669
vt 0.520276 0.218555
vt 0.508077 0.218555
vt 0.508074 0.220355
vt 0.520273 0.220354
vt 0.375023 0.242711
vt 0.375019 0.256861
vt 0.376825 0.256861
vt 0.376829 0.242711
vt 0.532557 0.218533
vt 0.520380 0.218532
vt 0.520378 0.220331
vt 0.532554 0.220332
vt 0.508199 0.218589
vt 0.520384 0.218588
vt 0.520385 0.220388
vt 0.508199 0.220389
vt 0.520542 0.218568
vt 0.532733 0.218568
vt 0.532738 0.220369
vt 0.520547 0.220368
vt 0.374942 0.256862
vt 0.374936 0.242709
vt 0.376739 0.242709
vt 0.376746 0.256861
vt 0.365152 0.136010
vt 0.365152 0.126629
vt 0.373014 0.126629
vt 0.373014 0.136009
vt 0.373025 0.135984
vt 0.373023 0.126616
vt 0.365160 0.126616
vt 0.365162 0.135985
vt 0.411703 0.216767
vt 0.400817 0.216767
vt 0.400819 0.208905
vt 0.411706 0.208905
vt 0.400858 0.216770
vt 0.411745 0.216771
vt 0.411745 0.208908
vt 0.400859 0.208908
vt 0.373027 0.145369
vt 0.373028 0.135988
vt 0.365165 0.135988
vt 0.365164 0.145369
vt 0.365164 0.145378
vt 0.365162 0.136010
vt 0.373024 0.136010
vt 0.373026 0.145378
vt 0.411744 0.126630
vt 0.417177 0.136010
vt 0.411723 0.145379
vt 0.400837 0.145367
vt 0.395404 0.135986
vt 0.400858 0.126618
vt 0.399316 0.133711
vt 0.404750 0.143091
vt 0.403113 0.145901
vt 0.396049 0.133707
vt 0.400835 0.140828
vt 0.411721 0.140840
vt 0.413351 0.143654
vt 0.399198 0.143638
vt 0.413249 0.138283
vt 0.407817 0.128902
vt 0.409453 0.126092
vt 0.416516 0.138286
vt 0.411757 0.131174
vt 0.400871 0.131162
vt 0.399242 0.128348
vt 0.413394 0.128364
vt 0.404783 0.128896
vt 0.399331 0.138265
vt 0.396067 0.138261
vt 0.403155 0.126082
vt 0.407797 0.143096
vt 0.413251 0.133727
vt 0.416517 0.133730
vt 0.409427 0.145910
vt 0.375113 0.136026
vt 0.375120 0.123832
vt 0.376924 0.123832
vt 0.376917 0.136026
vt 0.413483 0.218565
vt 0.399334 0.218566
vt 0.399339 0.220367
vt 0.413488 0.220365
vt 0.374959 0.148218
vt 0.374954 0.136038
vt 0.376755 0.136038
vt 0.376760 0.148218
vt 0.374718 0.123813
vt 0.374724 0.135992
vt 0.376518 0.135992
vt 0.376512 0.123813
vt 0.374894 0.136003
vt 0.374898 0.148197
vt 0.376703 0.148198
vt 0.376699 0.136003
vt 0.399122 0.218588
vt 0.413274 0.218589
vt 0.413274 0.220389
vt 0.399122 0.220388
vt 0.365161 0.364013
vt 0.365160 0.354632
vt 0.373023 0.354632
vt 0.373023 0.364013
vt 0.373004 0.363985
vt 0.373004 0.354617
vt 0.365143 0.354617
vt 0.365143 0.363986
vt 0.411717 0.216770
vt 0.400831 0.216769
vt 0.400832 0.208907
vt 0.411718 0.208907
vt 0.400853 0.216770
vt 0.411739 0.216771
vt 0.411739 0.208908
vt 0.400852 0.208908
vt 0.373018 0.373376
vt 0.373018 0.363995
vt 0.365156 0.363995
vt 0.365155 0.373375
vt 0.365161 0.373386
vt 0.365161 0.364017
vt 0.373024 0.364018
vt 0.373024 0.373386
vt 0.411744 0.354633
vt 0.417177 0.364014
vt 0.411724 0.373382
vt 0.400837 0.373370
vt 0.395404 0.363990
vt 0.400858 0.354621
vt 0.399311 0.361713
vt 0.404746 0.371093
vt 0.403109 0.373903
vt 0.396044 0.361709
vt 0.400843 0.368836
vt 0.411731 0.368848
vt 0.413362 0.371663
vt 0.399207 0.371648
vt 0.413244 0.366286
vt 0.407809 0.356905
vt 0.409443 0.354095
vt 0.416508 0.366290
vt 0.411719 0.359171
vt 0.400831 0.359159
vt 0.399200 0.356345
vt 0.413354 0.356361
vt 0.404788 0.356915
vt 0.399337 0.366283
vt 0.396072 0.366280
vt 0.403159 0.354102
vt 0.407812 0.371112
vt 0.413265 0.361743
vt 0.416532 0.361748
vt 0.409442 0.373927
vt 0.374800 0.363952
vt 0.374798 0.351758
vt 0.376598 0.351758
vt 0.376600 0.363952
vt 0.413269 0.218509
vt 0.399119 0.218510
vt 0.399116 0.220309
vt 0.413266 0.220308
vt 0.374703 0.376172
vt 0.374706 0.363999
vt 0.376500 0.363998
vt 0.376498 0.376171
vt 0.374858 0.351778
vt 0.374856 0.363953
vt 0.376659 0.363951
vt 0.376661 0.351777
vt 0.374715 0.363937
vt 0.374720 0.376137
vt 0.376519 0.376136
vt 0.376514 0.363935
vt 0.398869 0.218541
vt 0.413022 0.218540
vt 0.413015 0.220340
vt 0.398862 0.220341
vt 0.333472 0.208908
vt 0.322999 0.208908
vt 0.322999 0.216770
vt 0.333472 0.216770
vt 0.373013 0.177005
vt 0.373014 0.166524
vt 0.365152 0.166524
vt 0.365151 0.177005
vt 0.336245 0.216765
vt 0.328539 0.216765
vt 0.328539 0.208903
vt 0.336245 0.208903
vt 0.315318 0.216772
vt 0.323023 0.216772
vt 0.323021 0.208909
vt 0.315315 0.208909
vt 0.328539 0.216772
vt 0.318065 0.216772
vt 0.318065 0.208910
vt 0.328539 0.208909
vt 0.365163 0.172110
vt 0.365163 0.161630
vt 0.373026 0.161630
vt 0.373026 0.172111
vt 0.323004 0.158836
vt 0.333479 0.161627
vt 0.336247 0.172108
vt 0.328541 0.179797
vt 0.318066 0.177006
vt 0.315298 0.166525
vt 0.319234 0.172627
vt 0.329707 0.175418
vt 0.330537 0.178562
vt 0.316923 0.174933
vt 0.325343 0.176587
vt 0.333052 0.168898
vt 0.336195 0.169735
vt 0.326174 0.179731
vt 0.332312 0.166006
vt 0.321837 0.163215
vt 0.321007 0.160071
vt 0.334624 0.163699
vt 0.326206 0.162047
vt 0.318504 0.169736
vt 0.315362 0.168899
vt 0.325375 0.158902
vt 0.319659 0.165366
vt 0.322425 0.175846
vt 0.320112 0.178153
vt 0.316515 0.164528
vt 0.331878 0.173263
vt 0.329111 0.162782
vt 0.331424 0.160475
vt 0.335021 0.174100
vt 0.335644 0.218529
vt 0.322025 0.218529
vt 0.322024 0.220329
vt 0.335642 0.220328
vt 0.322029 0.218548
vt 0.312003 0.218548
vt 0.312001 0.220348
vt 0.322028 0.220348
vt 0.374924 0.172971
vt 0.374922 0.159346
vt 0.376724 0.159346
vt 0.376726 0.172972
vt 0.374920 0.165742
vt 0.374922 0.179368
vt 0.376723 0.179369
vt 0.376721 0.165743
vt 0.315704 0.218561
vt 0.329327 0.218560
vt 0.329326 0.220359
vt 0.315703 0.220361
vt 0.329444 0.218627
vt 0.339461 0.218627
vt 0.339463 0.220428
vt 0.329445 0.220428
vt 0.494702 0.208908
vt 0.484227 0.208907
vt 0.484228 0.216770
vt 0.494702 0.216770
vt 0.373014 0.338227
vt 0.373015 0.327747
vt 0.365153 0.327746
vt 0.365152 0.338227
vt 0.497479 0.216774
vt 0.489773 0.216774
vt 0.489772 0.208911
vt 0.497479 0.208911
vt 0.476523 0.216771
vt 0.484230 0.216772
vt 0.484230 0.208909
vt 0.476523 0.208909
vt 0.489763 0.216770
vt 0.479288 0.216770
vt 0.479289 0.208908
vt 0.489763 0.208908
vt 0.365166 0.333335
vt 0.365165 0.322855
vt 0.373028 0.322855
vt 0.373029 0.333336
vt 0.484228 0.320059
vt 0.494702 0.322850
vt 0.497470 0.333331
vt 0.489764 0.341020
vt 0.479290 0.338229
vt 0.476521 0.327748
vt 0.480458 0.333858
vt 0.490934 0.336650
vt 0.491764 0.339794
vt 0.478145 0.336165
vt 0.486563 0.337809
vt 0.494267 0.330120
vt 0.497410 0.330957
vt 0.487394 0.340954
vt 0.493528 0.327223
vt 0.483054 0.324433
vt 0.482223 0.321288
vt 0.495839 0.324916
vt 0.487432 0.323267
vt 0.479724 0.330956
vt 0.476582 0.330118
vt 0.486601 0.320122
vt 0.480905 0.326592
vt 0.483672 0.337073
vt 0.481361 0.339379
vt 0.477763 0.325755
vt 0.493090 0.334487
vt 0.490320 0.324006
vt 0.492632 0.321699
vt 0.496233 0.335324
vt 0.497117 0.218562
vt 0.483504 0.218562
vt 0.483508 0.220363
vt 0.497121 0.220362
vt 0.483339 0.218542
vt 0.473315 0.218544
vt 0.473312 0.220343
vt 0.483336 0.220342
vt 0.374902 0.334073
vt 0.374902 0.320452
vt 0.376700 0.320450
vt 0.376700 0.334071
vt 0.374948 0.326850
vt 0.374952 0.340473
vt 0.376757 0.340472
vt 0.376753 0.326849
vt 0.477016 0.218556
vt 0.490624 0.218556
vt 0.490627 0.220355
vt 0.477020 0.220355
vt 0.490476 0.218578
vt 0.500496 0.218578
vt 0.500493 0.220378
vt 0.490473 0.220378
vt 0.365154 0.177082
vt 0.365155 0.166608
vt 0.373017 0.166608
vt 0.373016 0.177082
vt 0.479102 0.216768
vt 0.489584 0.216768
vt 0.489583 0.208906
vt 0.479101 0.208906
vt 0.373014 0.179846
vt 0.373014 0.172140
vt 0.365153 0.172140
vt 0.365153 0.179846
vt 0.373010 0.158898
vt 0.373012 0.166605
vt 0.365150 0.166605
vt 0.365148 0.158898
vt 0.373014 0.172140
vt 0.373015 0.161666
vt 0.365154 0.161666
vt 0.365153 0.172140
vt 0.483990 0.208908
vt 0.494469 0.208908
vt 0.494469 0.216770
vt 0.483990 0.216770
vt 0.497266 0.166605
vt 0.494475 0.177079
vt 0.483994 0.179847
vt 0.476305 0.172141
vt 0.479096 0.161666
vt 0.489577 0.158898
vt 0.483476 0.162834
vt 0.480684 0.173308
vt 0.477540 0.174139
vt 0.481169 0.160522
vt 0.479507 0.168935
vt 0.487196 0.176641
vt 0.486358 0.179784
vt 0.476363 0.169765
vt 0.490086 0.175906
vt 0.492874 0.165432
vt 0.496017 0.164601
vt 0.492392 0.178218
vt 0.494049 0.169812
vt 0.486359 0.162106
vt 0.487195 0.158963
vt 0.497193 0.168981
vt 0.490729 0.163284
vt 0.480247 0.166052
vt 0.477940 0.163741
vt 0.491567 0.160142
vt 0.482838 0.175469
vt 0.493316 0.172701
vt 0.495622 0.175013
vt 0.482001 0.178611
vt 0.374693 0.179372
vt 0.374691 0.165756
vt 0.376488 0.165755
vt 0.376489 0.179372
vt 0.374742 0.165761
vt 0.374750 0.155742
vt 0.376549 0.155742
vt 0.376541 0.165761
vt 0.483281 0.218579
vt 0.496899 0.218580
vt 0.496901 0.220380
vt 0.483283 0.220380
vt 0.490294 0.218547
vt 0.476663 0.218548
vt 0.476662 0.220347
vt 0.490293 0.220347
vt 0.374614 0.159352
vt 0.374607 0.172970
vt 0.376402 0.172970
vt 0.376410 0.159352
vt 0.374614 0.172942
vt 0.374620 0.182961
vt 0.376415 0.182960
vt 0.376409 0.172942
vt 0.365158 0.338296
vt 0.365161 0.327822
vt 0.373024 0.327822
vt 0.373021 0.338296
vt 0.317865 0.216766
vt 0.328345 0.216766
vt 0.328346 0.208904
vt 0.317865 0.208904
vt 0.373013 0.341070
vt 0.373013 0.333364
vt 0.365152 0.333364
vt 0.365152 0.341070
vt 0.373024 0.320122
vt 0.373024 0.327828
vt 0.365160 0.327828
vt 0.365160 0.320122
vt 0.373024 0.333364
vt 0.373023 0.322889
vt 0.365161 0.322889
vt 0.365161 0.333364
vt 0.322774 0.208907
vt 0.333253 0.208907
vt 0.333253 0.216769
vt 0.322774 0.216770
vt 0.336043 0.327828
vt 0.322251 0.324055
vt 0.319460 0.334530
vt 0.316316 0.335360
vt 0.319943 0.321743
vt 0.318286 0.330159
vt 0.325976 0.337866
vt 0.325138 0.341009
vt 0.315141 0.330990
vt 0.328887 0.337137
vt 0.331678 0.326662
vt 0.334823 0.325832
vt 0.331195 0.339449
vt 0.332824 0.331030
vt 0.325134 0.323324
vt 0.325971 0.320180
vt 0.335967 0.330199
vt 0.329491 0.324500
vt 0.319010 0.327268
vt 0.316702 0.324956
vt 0.330327 0.321358
vt 0.321605 0.336684
vt 0.332087 0.333915
vt 0.334394 0.336227
vt 0.320767 0.339825
vt 0.374910 0.340536
vt 0.374910 0.326921
vt 0.376713 0.326919
vt 0.376713 0.340534
vt 0.374694 0.326962
vt 0.374690 0.316944
vt 0.376490 0.316943
vt 0.376493 0.326962
vt 0.322005 0.218570
vt 0.335625 0.218570
vt 0.335626 0.220369
vt 0.322006 0.220369
vt 0.329225 0.218553
vt 0.315594 0.218553
vt 0.315593 0.220352
vt 0.329224 0.220352
vt 0.374598 0.320576
vt 0.374597 0.334194
vt 0.376390 0.334194
vt 0.376390 0.320577
vt 0.374985 0.334219
vt 0.374981 0.344238
vt 0.376781 0.344238
vt 0.376784 0.334219
vt 0.827140 0.044107
vt 0.876375 0.044107
vt 0.973470 0.044106
vt 1.022705 0.044107
vt 0.925610 0.044107
vt 0.973470 0.044107
vt 0.876375 0.044107
vt 0.925609 0.044107
vt 1.119798 0.044106
vt 1.167657 0.044106
vt 1.071938 0.044106
vt 1.119798 0.044106
vt 1.022704 0.044107
vt 0.680811 0.044107
vt 0.730046 0.044107
vt 0.632952 0.044107
vt 0.680812 0.044107
vt 0.779281 0.044107
vt 0.827140 0.044106
vt 0.730046 0.044107
vt 0.779280 0.044107
vt 0.585093 0.044107
vt 0.632952 0.044108
vt 0.500000 0.620000
vt 0.440000 0.603923
vt 0.396077 0.560000
vt 0.380000 0.500000
vt 0.396077 0.440000
vt 0.440000 0.396077
vt 0.500000 0.380000
vt 0.560000 0.396077
vt 0.603923 0.440000
vt 0.620000 0.500000
vt 0.603923 0.560000
vt 0.560000 0.603923
vt 0.380000 0.500000
vt 0.440000 0.603923
vt 0.560000 0.603923
vt 0.620000 0.500000
vt 0.671283 0.315071
vt 0.720517 0.315070
vt 0.720517 0.619999
vt 0.671282 0.619999
vt 0.574188 0.315071
vt 0.574188 0.620000
vt 0.524953 0.619999
vt 0.524954 0.315071
vt 0.622048 0.315070
vt 0.622048 0.619999
vt 0.574188 0.619999
vt 0.574188 0.315070
vt 0.671283 0.315070
vt 0.671283 0.619999
vt 0.622048 0.619999
vt 0.622048 0.315070
vt 0.427860 0.315071
vt 0.427860 0.620000
vt 0.380000 0.620000
vt 0.380000 0.315071
vt 0.475719 0.315071
vt 0.475720 0.620000
vt 0.427860 0.620000
vt 0.427860 0.315071
vt 0.524954 0.315071
vt 0.524954 0.619999
vt 0.475719 0.315071
vt 0.866846 0.315070
vt 0.866847 0.619999
vt 0.817612 0.619999
vt 0.817611 0.315070
vt 0.914706 0.315070
vt 0.914705 0.619999
vt 0.866846 0.619999
vt 0.866846 0.315070
vt 0.720517 0.315070
vt 0.768377 0.315070
vt 0.768377 0.619999
vt 0.720517 0.620000
vt 0.768377 0.315070
vt 0.817611 0.315070
vt 0.817611 0.619999
vt 0.768377 0.619999
vt 0.962565 0.315070
vt 0.962565 0.619999
vt 0.914705 0.619998
vt 1.047658 0.044106
vt 1.107658 0.060183
vt 1.151581 0.104106
vt 1.167658 0.164106
vt 1.151581 0.224106
vt 1.107658 0.268029
vt 1.047658 0.284106
vt 0.987658 0.268029
vt 0.943735 0.224106
vt 0.927658 0.164106
vt 0.943735 0.104106
vt 0.987658 0.060183
vt 1.167658 0.164106
vt 1.107658 0.060183
vt 0.987658 0.060183
vt 0.927658 0.164106
s 1
usemtl pipe_mp_1
f 10/1/1 12/2/2 23/3/2 69/4/1
f 4/5/3 3/6/4 22/7/4 21/8/3
f 11/9/5 9/10/6 72/11/6 24/12/5
f 12/13/2 11/14/5 24/12/5 23/3/2
f 6/15/7 8/16/8 25/17/8 63/18/7
f 79/19/5 30/20/5 29/21/2 18/22/2
f 8/23/8 7/24/9 82/25/9 25/17/8
f 7/26/9 10/27/1 69/4/1 82/25/9
f 16/28/10 26/29/10 31/30/6 71/31/6
f 16/28/10 76/32/3 27/33/3 26/29/10
f 17/34/4 28/35/4 27/33/3 76/32/3
f 15/36/1 18/22/2 29/21/2 36/37/1
f 79/19/5 71/38/6 31/39/6 30/20/5
f 62/40/7 19/41/8 32/42/8 37/43/7
f 15/36/1 36/37/1 33/44/9 83/45/9
f 83/45/9 33/44/9 32/42/8 19/41/8
f 74/46/11 75/47/10 73/48/6 72/49/12
f 61/50/7 58/51/13 46/52/13 49/53/7
f 5/54/10 74/46/10 72/49/6 9/55/6
f 62/40/7 37/43/7 34/56/13 13/57/13
f 2/58/14 66/59/14 22/7/4 3/60/4
f 5/61/10 4/62/3 21/8/3 74/46/10
f 14/63/14 35/64/14 28/35/4 17/34/4
f 13/57/13 34/56/13 35/64/14 14/63/14
f 74/46/11 21/8/15 77/65/3 75/47/10
f 57/66/9 45/67/9 48/68/1 60/69/1
f 56/70/8 44/71/8 45/67/9 57/72/9
f 61/73/7 49/53/7 44/71/8 56/74/8
f 54/75/5 42/76/5 43/77/6 55/78/6
f 53/79/2 41/80/2 42/76/5 54/81/5
f 60/82/1 48/68/1 41/80/2 53/83/2
f 51/84/3 39/85/3 40/86/4 52/87/4
f 50/88/10 38/89/10 39/85/3 51/90/3
f 58/91/13 59/92/14 47/93/14 46/52/13
f 59/94/14 52/95/4 40/86/4 47/93/14
f 55/96/6 43/97/6 38/89/10 50/88/10
f 43/77/16 42/76/17 103/98/18 86/99/19
f 27/33/20 92/100/21 89/101/22 26/29/23
f 40/86/24 39/85/25 91/102/26 94/103/27
f 94/104/27 119/105/28 47/93/29 40/86/24
f 48/68/30 45/67/31 112/106/32 98/107/33
f 30/20/34 104/108/35 101/109/36 29/21/37
f 110/110/38 106/111/39 37/43/40 32/42/41
f 88/112/42 38/89/43 43/97/16 86/113/19
f 91/114/26 39/85/25 38/89/43 88/115/42
f 116/116/44 107/117/45 49/53/46 46/52/47
f 33/44/48 113/118/49 110/119/38 32/42/41
f 118/120/50 35/64/51 34/56/52 115/121/53
f 100/122/54 41/80/55 48/68/30 98/123/33
f 103/124/18 42/76/17 41/80/55 100/125/54
f 112/126/32 45/67/31 44/71/56 109/127/57
f 47/93/29 119/128/28 116/129/44 46/52/47
f 1/130/13 20/131/13 66/59/14 2/132/14
f 101/109/36 97/133/58 36/37/59 29/21/37
f 28/35/60 35/64/51 118/134/50 95/135/61
f 109/136/57 44/71/56 49/53/46 107/137/45
f 34/56/52 37/43/40 106/138/39 115/139/53
f 97/140/58 113/141/49 33/44/48 36/37/59
f 85/142/62 104/143/35 30/20/34 31/39/63
f 28/35/60 95/144/61 92/145/21 27/33/20
f 73/48/6 75/47/10 16/28/64 71/31/65
f 75/47/10 77/65/3 76/32/66 16/28/64
f 22/7/67 68/146/4 77/65/3 21/8/15
f 77/65/3 68/146/4 17/34/68 76/32/66
f 78/147/2 80/148/5 79/19/69 18/22/70
f 23/3/71 78/147/2 70/149/1 69/4/72
f 70/149/1 78/147/2 18/22/70 15/36/73
f 24/12/74 80/148/5 78/147/2 23/3/71
f 71/38/65 79/19/69 80/148/5 73/150/6
f 73/150/6 80/148/5 24/12/74 72/11/12
f 64/151/7 81/152/8 19/41/75 62/40/76
f 25/17/77 81/152/8 64/151/7 63/18/78
f 25/17/77 82/25/79 84/153/9 81/152/8
f 81/152/8 84/153/9 83/45/80 19/41/75
f 70/149/1 84/153/9 82/25/79 69/4/72
f 68/146/4 67/154/14 14/63/81 17/34/68
f 15/36/73 83/45/80 84/153/9 70/149/1
f 22/7/67 66/59/82 67/154/14 68/146/4
f 20/131/83 63/18/78 64/151/7 65/155/13
f 66/59/82 20/131/83 65/155/13 67/154/14
f 67/154/14 65/155/13 13/57/84 14/63/81
f 65/155/13 64/151/7 62/40/76 13/57/84
f 96/156/4 120/157/14 119/105/28 94/104/27
f 95/135/61 118/134/50 120/157/14 96/156/4
f 118/120/50 115/121/53 117/158/13 120/157/14
f 120/157/14 117/158/13 116/129/44 119/128/28
f 115/139/53 106/138/39 108/159/7 117/158/13
f 117/158/13 108/159/7 107/117/45 116/116/44
f 99/160/1 114/161/9 113/141/49 97/140/58
f 98/107/33 112/106/32 114/161/9 99/160/1
f 112/126/32 109/127/57 111/162/8 114/161/9
f 114/161/9 111/162/8 110/119/38 113/118/49
f 109/136/57 107/137/45 108/159/7 111/162/8
f 111/162/8 108/159/7 106/111/39 110/110/38
f 87/163/6 105/164/5 104/143/35 85/142/62
f 86/99/19 103/98/18 105/164/5 87/163/6
f 103/124/18 100/125/54 102/165/2 105/164/5
f 105/164/5 102/165/2 101/109/36 104/108/35
f 100/122/54 98/123/33 99/160/1 102/165/2
f 102/165/2 99/160/1 97/133/58 101/109/36
f 94/103/27 91/102/26 93/166/3 96/156/4
f 96/156/4 93/166/3 92/145/21 95/144/61
f 91/114/26 88/115/42 90/167/10 93/166/3
f 93/166/3 90/167/10 89/101/22 92/100/21
f 88/112/42 86/113/19 87/168/6 90/167/10
f 90/167/10 87/168/6 85/169/62 89/170/22
f 89/170/22 85/169/62 31/30/63 26/29/23
f 6/171/7 63/18/7 20/131/13 1/172/13
f 138/173/9 135/174/1 124/175/1 125/176/9
f 134/177/5 136/178/6 123/179/6 121/180/5
f 135/181/1 133/182/2 122/183/2 124/184/1
f 123/185/6 136/186/6 140/187/10 129/188/10
f 144/189/13 131/190/13 132/191/14 143/192/14
f 144/193/13 139/194/7 127/195/7 131/196/13
f 144/197/85 143/198/85 142/199/85 141/200/85 140/201/85 136/202/85 134/203/85 133/204/85 135/205/85 138/206/85 137/207/85 139/208/85
f 137/209/8 138/210/9 125/211/9 126/212/8
f 141/213/3 142/214/4 130/215/4 128/216/3
f 129/217/10 140/218/10 141/219/3 128/220/3
f 133/221/2 134/222/5 121/223/5 122/224/2
f 130/225/4 142/226/4 143/227/14 132/228/14
f 139/229/7 137/230/8 126/231/8 127/232/7
f 151/233/86 152/234/86 146/235/86 149/236/86
f 150/237/87 148/238/87 156/239/87 153/240/87
f 145/241/88 147/242/88 154/243/88 155/244/88
f 148/245/89 146/246/89 152/247/89 156/248/89
f 147/249/90 150/250/90 153/251/90 154/252/90
f 155/253/91 151/254/91 149/255/91 145/256/91
f 152/257/85 151/258/85 155/259/85 154/260/85 153/261/85 156/262/85
f 150/263/92 147/264/93 159/265/94 162/266/92
f 147/267/93 145/268/95 157/269/96 159/270/94
f 149/271/97 146/272/98 158/273/99 161/274/97
f 146/275/98 148/276/100 160/277/101 158/278/99
f 148/279/100 150/280/92 162/281/92 160/282/101
f 145/283/95 149/284/97 161/285/97 157/286/96
f 161/287/102 158/288/103 164/289/103 167/290/102
f 158/291/103 160/292/104 166/293/104 164/294/103
f 157/295/105 161/296/102 167/297/102 163/298/105
f 160/299/104 162/300/106 168/301/106 166/302/104
f 162/303/106 159/304/107 165/305/107 168/306/106
f 159/307/107 157/308/105 163/309/105 165/310/107
f 175/311/86 176/312/86 170/313/86 173/314/86
f 174/315/87 172/316/87 180/317/87 177/318/87
f 169/241/88 171/242/88 178/243/88 179/244/88
f 172/319/89 170/320/89 176/321/89 180/322/89
f 171/323/90 174/324/90 177/325/90 178/326/90
f 179/327/91 175/328/91 173/329/91 169/330/91
f 176/331/85 175/332/85 179/333/85 178/334/85 177/335/85 180/336/85
f 174/337/92 171/338/93 183/339/94 186/340/92
f 171/341/93 169/342/95 181/343/96 183/344/94
f 173/345/97 170/346/98 182/347/99 185/348/97
f 170/349/98 172/350/100 184/351/101 182/352/99
f 172/353/100 174/354/92 186/355/92 184/356/101
f 169/357/95 173/358/97 185/359/97 181/360/96
f 185/361/102 182/362/103 188/363/103 191/364/102
f 182/365/103 184/366/104 190/367/104 188/368/103
f 181/369/105 185/370/102 191/371/102 187/372/105
f 184/373/104 186/374/106 192/375/106 190/376/104
f 186/377/106 183/378/107 189/379/107 192/380/106
f 183/381/107 181/382/105 187/383/105 189/384/107
f 199/385/108 200/386/108 194/387/108 197/388/108
f 198/389/109 196/390/109 204/391/109 201/392/109
f 193/393/106 195/394/106 202/395/106 203/396/106
f 196/397/102 194/398/102 200/399/102 204/400/102
f 195/401/110 198/402/110 201/403/110 202/404/110
f 203/405/111 199/406/111 197/407/111 193/408/111
f 200/409/85 199/410/85 203/411/85 202/412/85 201/413/85 204/414/85
f 198/415/112 195/416/113 207/417/114 210/418/112
f 195/419/113 193/420/115 205/421/116 207/422/114
f 197/423/117 194/424/118 206/425/119 209/426/117
f 194/427/118 196/428/120 208/429/121 206/430/119
f 196/431/120 198/432/112 210/433/112 208/434/121
f 193/435/115 197/436/117 209/437/117 205/438/116
f 209/439/88 206/440/122 212/441/122 215/442/88
f 206/443/122 208/444/123 214/445/123 212/446/122
f 205/447/124 209/448/88 215/449/88 211/450/124
f 208/451/123 210/452/89 216/453/89 214/454/123
f 210/455/89 207/456/125 213/457/125 216/458/89
f 207/459/125 205/460/124 211/461/124 213/462/125
f 223/463/108 224/464/108 218/465/108 221/466/108
f 222/467/109 220/468/109 228/469/109 225/470/109
f 217/471/106 219/472/106 226/473/106 227/474/106
f 220/475/102 218/476/102 224/477/102 228/478/102
f 219/479/110 222/480/110 225/481/110 226/482/110
f 227/483/111 223/484/111 221/485/111 217/486/111
f 224/487/85 223/488/85 227/489/85 226/490/85 225/491/85 228/492/85
f 222/493/112 219/494/113 231/495/114 234/496/112
f 219/497/113 217/498/115 229/499/116 231/500/114
f 221/501/117 218/502/118 230/503/119 233/504/117
f 218/505/118 220/506/120 232/507/121 230/508/119
f 220/509/120 222/510/112 234/511/112 232/512/121
f 217/513/115 221/514/117 233/515/117 229/516/116
f 233/517/88 230/518/122 236/519/122 239/520/88
f 230/521/122 232/522/123 238/523/123 236/524/122
f 229/525/124 233/526/88 239/527/88 235/528/124
f 232/529/123 234/530/89 240/531/89 238/532/123
f 234/533/89 231/534/125 237/535/125 240/536/89
f 231/537/125 229/538/124 235/539/124 237/540/125
f 247/541/126 248/542/126 242/543/126 245/544/126
f 246/545/127 244/546/127 252/547/127 249/548/127
f 241/549/128 243/550/128 250/551/128 251/552/128
f 244/553/129 242/554/129 248/555/129 252/556/129
f 243/557/130 246/558/130 249/559/130 250/560/130
f 251/561/131 247/562/131 245/563/131 241/564/131
f 248/565/85 247/566/85 251/567/85 250/568/85 249/569/85 252/570/85
f 246/571/132 243/572/133 255/573/134 258/574/132
f 243/575/133 241/576/135 253/577/136 255/578/134
f 245/579/137 242/580/138 254/581/139 257/582/137
f 242/583/138 244/584/140 256/585/141 254/586/139
f 244/587/140 246/588/132 258/589/132 256/590/141
f 241/591/135 245/592/137 257/593/137 253/594/136
f 257/595/142 254/596/143 260/597/143 263/598/142
f 254/599/143 256/600/144 262/601/144 260/602/143
f 253/603/145 257/604/142 263/605/142 259/606/145
f 256/607/144 258/608/146 264/609/146 262/610/144
f 258/611/146 255/612/147 261/613/147 264/614/146
f 255/615/147 253/616/145 259/617/145 261/618/147
f 271/619/126 272/620/126 266/621/126 269/622/126
f 270/623/127 268/624/127 276/625/127 273/626/127
f 265/627/128 267/628/128 274/629/128 275/630/128
f 268/631/129 266/632/129 272/633/129 276/634/129
f 267/635/130 270/636/130 273/637/130 274/638/130
f 275/639/131 271/640/131 269/641/131 265/642/131
f 272/643/85 271/644/85 275/645/85 274/646/85 273/647/85 276/648/85
f 270/649/132 267/650/133 279/651/134 282/652/132
f 267/653/133 265/654/135 277/655/136 279/656/134
f 269/657/137 266/658/138 278/659/148 281/660/137
f 266/661/138 268/662/140 280/663/149 278/664/148
f 268/665/140 270/666/132 282/667/132 280/668/149
f 265/669/135 269/670/137 281/671/137 277/672/136
f 281/673/142 278/674/143 284/675/143 287/676/142
f 278/677/143 280/678/144 286/679/144 284/680/143
f 277/681/145 281/682/142 287/683/142 283/684/145
f 280/685/144 282/686/146 288/687/146 286/688/144
f 282/689/146 279/690/147 285/691/150 288/692/146
f 279/693/147 277/694/145 283/695/145 285/696/150
f 295/697/151 296/698/151 290/699/151 293/700/151
f 294/701/152 292/702/152 300/703/152 297/704/152
f 289/705/146 291/706/146 298/707/146 299/708/146
f 292/709/142 290/710/142 296/711/142 300/712/142
f 291/713/153 294/714/153 297/715/153 298/716/153
f 299/717/154 295/718/154 293/719/154 289/720/154
f 296/721/85 295/722/85 299/723/85 298/724/85 297/725/85 300/726/85
f 294/727/155 291/728/156 303/729/157 306/730/155
f 291/731/156 289/732/158 301/733/159 303/734/157
f 293/735/160 290/736/161 302/737/162 305/738/160
f 290/739/161 292/740/163 304/741/164 302/742/162
f 292/743/163 294/744/155 306/745/155 304/746/164
f 289/747/158 293/748/160 305/749/160 301/750/159
f 305/751/128 302/752/165 308/753/165 311/754/128
f 302/755/165 304/756/166 310/757/166 308/758/165
f 301/759/167 305/760/128 311/761/128 307/762/167
f 304/763/166 306/764/129 312/765/129 310/766/166
f 306/767/129 303/768/168 309/769/168 312/770/129
f 303/771/168 301/772/167 307/773/167 309/774/168
f 319/775/151 320/776/151 314/777/151 317/778/151
f 318/779/152 316/780/152 324/781/152 321/782/152
f 313/783/146 315/784/146 322/785/146 323/786/146
f 316/787/142 314/788/142 320/789/142 324/790/142
f 315/791/153 318/792/153 321/793/153 322/794/153
f 323/795/154 319/796/154 317/797/154 313/798/154
f 320/799/85 319/800/85 323/801/85 322/802/85 321/803/85 324/804/85
f 318/805/169 315/806/156 327/807/157 330/808/155
f 315/809/156 313/810/158 325/811/159 327/812/157
f 317/813/160 314/814/161 326/815/162 329/816/160
f 314/817/161 316/818/163 328/819/164 326/820/162
f 316/821/163 318/822/169 330/823/155 328/824/164
f 313/825/158 317/826/160 329/827/160 325/828/159
f 329/829/128 326/830/170 332/831/170 335/832/128
f 326/833/170 328/834/166 334/835/166 332/836/170
f 325/837/167 329/838/128 335/839/128 331/840/167
f 328/841/166 330/842/129 336/843/129 334/844/166
f 330/845/129 327/846/168 333/847/168 336/848/129
f 327/849/168 325/850/167 331/851/167 333/852/168
f 354/853/14 351/854/4 340/855/4 341/856/14
f 350/857/10 352/858/6 339/859/6 337/860/10
f 351/861/4 349/862/3 338/863/3 340/864/4
f 339/865/6 352/866/6 356/867/5 345/868/5
f 360/869/8 347/870/8 348/871/9 359/872/9
f 360/873/8 355/874/7 343/875/7 347/876/8
f 360/197/171 359/198/171 358/199/171 357/200/171 356/877/171 352/878/171 350/879/171 349/880/171 351/881/171 354/882/171 353/883/171 355/208/171
f 353/884/13 354/885/14 341/886/14 342/887/13
f 357/888/2 358/889/1 346/890/1 344/891/2
f 345/892/5 356/893/5 357/894/2 344/895/2
f 349/896/3 350/897/10 337/898/10 338/899/3
f 346/900/1 358/901/1 359/902/9 348/903/9
f 355/904/7 353/905/13 342/906/13 343/907/7
f 367/908/172 368/909/172 362/910/172 365/911/172
f 366/912/173 364/913/173 372/914/173 369/915/173
f 361/916/174 363/917/174 370/918/174 371/919/174
f 364/920/175 362/921/175 368/922/175 372/923/175
f 363/924/176 366/925/176 369/926/176 370/927/176
f 371/928/177 367/929/177 365/930/177 361/931/177
f 368/932/171 367/933/171 371/934/171 370/935/171 369/261/171 372/262/171
f 366/936/178 363/937/179 375/938/180 378/939/178
f 363/940/179 361/941/181 373/942/182 375/943/180
f 365/944/183 362/945/184 374/946/185 377/947/183
f 362/948/184 364/949/186 376/950/187 374/951/185
f 364/952/186 366/953/178 378/954/178 376/955/187
f 361/956/181 365/957/183 377/958/183 373/959/182
f 377/960/188 374/961/189 380/962/189 383/963/188
f 374/964/189 376/965/190 382/966/190 380/967/189
f 373/968/191 377/969/188 383/970/188 379/971/191
f 376/972/190 378/973/192 384/974/192 382/975/190
f 378/976/192 375/977/193 381/978/193 384/979/192
f 375/980/193 373/981/191 379/982/191 381/983/193
f 391/984/172 392/985/172 386/986/172 389/987/172
f 390/988/173 388/989/173 396/990/173 393/991/173
f 385/992/174 387/993/174 394/994/174 395/995/174
f 388/996/175 386/997/175 392/998/175 396/999/175
f 387/1000/176 390/1001/176 393/1002/176 394/1003/176
f 395/1004/177 391/1005/177 389/1006/177 385/1007/177
f 392/1008/171 391/1009/171 395/1010/171 394/1011/171 393/335/171 396/336/171
f 390/1012/178 387/1013/179 399/1014/180 402/1015/178
f 387/1016/179 385/1017/181 397/1018/182 399/1019/180
f 389/1020/183 386/1021/184 398/1022/185 401/1023/183
f 386/1024/184 388/1025/186 400/1026/187 398/1027/185
f 388/1028/186 390/1029/178 402/1030/178 400/1031/187
f 385/1032/181 389/1033/183 401/1034/183 397/1035/182
f 401/1036/188 398/1037/189 404/1038/189 407/1039/188
f 398/1040/189 400/1041/190 406/1042/190 404/1043/189
f 397/1044/191 401/1045/188 407/1046/188 403/1047/191
f 400/1048/190 402/1049/192 408/1050/192 406/1051/190
f 402/1052/192 399/1053/193 405/1054/193 408/1055/192
f 399/1056/193 397/1057/191 403/1058/191 405/1059/193
f 415/1060/194 416/1061/194 410/1062/194 413/1063/194
f 414/1064/195 412/1065/195 420/1066/195 417/1067/195
f 409/1068/192 411/1069/192 418/1070/192 419/1071/192
f 412/1072/188 410/1073/188 416/1074/188 420/1075/188
f 411/1076/196 414/1077/196 417/1078/196 418/1079/196
f 419/1080/197 415/1081/197 413/1082/197 409/1083/197
f 416/1084/171 415/1085/171 419/1086/171 418/1087/171 417/1088/171 420/1089/171
f 414/1090/198 411/1091/199 423/1092/200 426/1093/198
f 411/1094/199 409/1095/201 421/1096/202 423/1097/200
f 413/1098/203 410/1099/204 422/1100/205 425/1101/203
f 410/1102/204 412/1103/206 424/1104/207 422/1105/205
f 412/1106/206 414/1107/198 426/1108/198 424/1109/207
f 409/1110/201 413/1111/203 425/1112/203 421/1113/202
f 425/1114/174 422/1115/208 428/1116/208 431/1117/174
f 422/1118/208 424/1119/209 430/1120/209 428/1121/208
f 421/1122/210 425/1123/174 431/1124/174 427/1125/210
f 424/1126/209 426/1127/175 432/1128/175 430/1129/209
f 426/1130/175 423/1131/211 429/1132/211 432/1133/175
f 423/1134/211 421/1135/210 427/1136/210 429/1137/211
f 439/1138/194 440/1139/194 434/1140/194 437/1141/194
f 438/1142/195 436/1143/195 444/1144/195 441/1145/195
f 433/1146/192 435/1147/192 442/1148/192 443/1149/192
f 436/1150/188 434/1151/188 440/1152/188 444/1153/188
f 435/1154/196 438/1155/196 441/1156/196 442/1157/196
f 443/1158/197 439/1159/197 437/1160/197 433/1161/197
f 440/1162/171 439/1163/171 443/1164/171 442/1165/171 441/1166/171 444/1167/171
f 438/1168/198 435/1169/199 447/1170/200 450/1171/198
f 435/1172/199 433/1173/201 445/1174/202 447/1175/200
f 437/1176/203 434/1177/204 446/1178/205 449/1179/203
f 434/1180/204 436/1181/206 448/1182/207 446/1183/205
f 436/1184/206 438/1185/198 450/1186/198 448/1187/207
f 433/1188/201 437/1189/203 449/1190/203 445/1191/202
f 449/1192/174 446/1193/208 452/1194/208 455/1195/174
f 446/1196/208 448/1197/209 454/1198/209 452/1199/208
f 445/1200/210 449/1201/174 455/1202/174 451/1203/210
f 448/1204/209 450/1205/175 456/1206/175 454/1207/209
f 450/1208/175 447/1209/211 453/1210/211 456/1211/175
f 447/1212/211 445/1213/210 451/1214/210 453/1215/211
f 463/1216/212 464/1217/212 458/1218/212 461/1219/212
f 462/1220/213 460/1221/213 468/1222/213 465/1223/213
f 457/1224/214 459/1225/214 466/1226/214 467/1227/214
f 460/1228/215 458/1229/215 464/1230/215 468/1231/215
f 459/1232/216 462/1233/216 465/1234/216 466/1235/216
f 467/1236/217 463/1237/217 461/1238/217 457/1239/217
f 464/1240/171 463/1241/171 467/1242/171 466/1243/171 465/1244/171 468/1245/171
f 462/1246/218 459/1247/219 471/1248/220 474/1249/218
f 459/1250/219 457/1251/221 469/1252/222 471/1253/220
f 461/1254/223 458/1255/224 470/1256/225 473/1257/223
f 458/1258/224 460/1259/226 472/1260/227 470/1261/225
f 460/1262/226 462/1263/218 474/1264/218 472/1265/227
f 457/1266/221 461/1267/223 473/1268/223 469/1269/222
f 473/1270/228 470/1271/229 476/1272/229 479/1273/228
f 470/1274/229 472/1275/230 478/1276/230 476/1277/229
f 469/1278/231 473/1279/228 479/1280/228 475/1281/231
f 472/1282/230 474/1283/232 480/1284/232 478/1285/230
f 474/1286/232 471/1287/233 477/1288/233 480/1289/232
f 471/1290/233 469/1291/231 475/1292/231 477/1293/233
f 487/1294/212 488/1295/212 482/1296/212 485/1297/212
f 486/1298/213 484/1299/213 492/1300/213 489/1301/213
f 481/1302/214 483/1303/214 490/1304/214 491/1305/214
f 484/1306/215 482/1307/215 488/1308/215 492/1309/215
f 483/1310/216 486/1311/216 489/1312/216 490/1313/216
f 491/1314/217 487/1315/217 485/1316/217 481/1317/217
f 488/1318/171 487/1319/171 491/1320/171 490/1321/171 489/1322/171 492/1323/171
f 486/1324/218 483/1325/219 495/1326/220 498/1327/218
f 483/1328/219 481/1329/221 493/1330/222 495/1331/220
f 485/1332/223 482/1333/224 494/1334/225 497/1335/223
f 482/1336/224 484/1337/226 496/1338/234 494/1339/225
f 484/1340/226 486/1341/218 498/1342/218 496/1343/234
f 481/1344/221 485/1345/223 497/1346/223 493/1347/222
f 497/1348/228 494/1349/229 500/1350/235 503/1351/228
f 494/1352/229 496/1353/230 502/1354/230 500/1355/235
f 493/1356/231 497/1357/228 503/1358/228 499/1359/231
f 496/1360/230 498/1361/232 504/1362/232 502/1363/230
f 498/1364/232 495/1365/233 501/1366/236 504/1367/232
f 495/1368/233 493/1369/231 499/1370/231 501/1371/236
f 511/1372/237 512/1373/237 506/1374/237 509/1375/237
f 510/1376/238 508/1377/238 516/1378/238 513/1379/238
f 505/1380/232 507/1381/232 514/1382/232 515/1383/232
f 508/1384/228 506/1385/228 512/1386/228 516/1387/228
f 507/1388/239 510/1389/239 513/1390/239 514/1391/239
f 515/1392/240 511/1393/240 509/1394/240 505/1395/240
f 512/1396/171 511/1397/171 515/1398/171 514/1399/171 513/1400/171 516/1401/171
f 510/1402/241 507/1403/242 519/1404/243 522/1405/244
f 507/1406/242 505/1407/245 517/1408/246 519/1409/243
f 509/1410/247 506/1411/248 518/1412/249 521/1413/247
f 506/1414/248 508/1415/250 520/1416/251 518/1417/249
f 508/1418/250 510/1419/241 522/1420/244 520/1421/251
f 505/1422/245 509/1423/247 521/1424/247 517/1425/246
f 521/1426/214 518/1427/252 524/1428/252 527/1429/214
f 518/1430/252 520/1431/253 526/1432/253 524/1433/252
f 517/1434/254 521/1435/214 527/1436/214 523/1437/254
f 520/1438/253 522/1439/215 528/1440/215 526/1441/253
f 522/1442/215 519/1443/255 525/1444/255 528/1445/215
f 519/1446/255 517/1447/254 523/1448/254 525/1449/255
f 535/1450/237 536/1451/237 530/1452/237 533/1453/237
f 534/1454/238 532/1455/238 540/1456/238 537/1457/238
f 529/1458/232 531/1459/232 538/1460/232 539/1461/232
f 532/1462/228 530/1463/228 536/1464/228 540/1465/228
f 531/1466/239 534/1467/239 537/1468/239 538/1469/239
f 539/1470/240 535/1471/240 533/1472/240 529/1473/240
f 536/799/171 535/1474/171 539/801/171 538/802/171 537/803/171 540/804/171
f 534/1475/241 531/1476/242 543/1477/243 546/1478/244
f 531/1479/242 529/1480/245 541/1481/246 543/1482/243
f 533/1483/247 530/1484/248 542/1485/249 545/1486/247
f 530/1487/248 532/1488/250 544/1489/251 542/1490/249
f 532/1491/250 534/1492/241 546/1493/244 544/1494/251
f 529/1495/245 533/1496/247 545/1497/247 541/1498/246
f 545/1499/214 542/1500/252 548/1501/252 551/1502/214
f 542/1503/252 544/1504/253 550/1505/253 548/1506/252
f 541/1507/254 545/1508/214 551/1509/214 547/1510/254
f 544/1511/253 546/1512/215 552/1513/215 550/1514/253
f 546/1515/215 543/1516/255 549/1517/255 552/1518/215
f 543/1519/255 541/1520/254 547/1521/254 549/1522/255
f 562/1523/85 564/1524/256 575/1525/256 621/1526/85
f 556/1527/257 555/1528/171 574/1529/171 573/1530/257
f 563/1531/258 561/1532/6 624/1533/6 576/1534/258
f 564/1535/256 563/1536/258 576/1534/258 575/1525/256
f 558/1537/7 560/1538/259 577/1539/259 615/1540/7
f 631/1541/258 582/1542/258 581/1543/256 570/1544/256
f 560/1545/259 559/1546/260 634/1547/260 577/1539/259
f 559/1548/260 562/1549/85 621/1526/85 634/1547/260
f 568/1550/261 578/1551/261 583/1552/6 623/1553/6
f 568/1550/261 628/1554/257 579/1555/257 578/1551/261
f 569/1556/171 580/1557/171 579/1555/257 628/1554/257
f 567/1558/85 570/1544/256 581/1543/256 588/1559/85
f 631/1541/258 623/1560/6 583/1561/6 582/1542/258
f 614/1562/7 571/1563/259 584/1564/259 589/1565/7
f 567/1558/85 588/1559/85 585/1566/260 635/1567/260
f 635/1567/260 585/1566/260 584/1564/259 571/1563/259
f 626/1568/262 627/1569/261 625/1570/6 624/1571/263
f 613/1572/7 610/1573/264 598/1574/264 601/1575/7
f 557/1576/261 626/1568/261 624/1571/6 561/1577/6
f 614/1562/7 589/1565/7 586/1578/264 565/1579/264
f 554/1580/265 618/1581/265 574/1529/171 555/1582/171
f 557/1583/261 556/1584/257 573/1530/257 626/1568/261
f 566/1585/265 587/1586/265 580/1557/171 569/1556/171
f 565/1579/264 586/1578/264 587/1586/265 566/1585/265
f 626/1568/262 573/1530/266 629/1587/257 627/1569/261
f 609/1588/260 597/1589/260 600/1590/85 612/1591/85
f 608/1592/259 596/1593/259 597/1589/260 609/1594/260
f 613/1595/7 601/1575/7 596/1593/259 608/1596/259
f 606/1597/258 594/1598/258 595/1599/6 607/1600/6
f 605/1601/256 593/1602/256 594/1598/258 606/1603/258
f 612/1604/85 600/1590/85 593/1602/256 605/1605/256
f 603/1606/257 591/1607/257 592/1608/171 604/1609/171
f 602/1610/261 590/1611/261 591/1607/257 603/1612/257
f 610/1613/264 611/1614/265 599/1615/265 598/1574/264
f 611/1616/265 604/1617/171 592/1608/171 599/1615/265
f 607/1618/6 595/1619/6 590/1611/261 602/1610/261
f 595/1599/267 594/1598/268 655/1620/269 638/1621/270
f 579/1555/271 644/1622/272 641/1623/273 578/1551/274
f 592/1608/275 591/1607/276 643/1624/277 646/1625/278
f 646/1626/278 671/1627/279 599/1615/280 592/1608/275
f 600/1590/281 597/1589/282 664/1628/283 650/1629/284
f 582/1542/285 656/1630/286 653/1631/287 581/1543/288
f 662/1632/289 658/1633/290 589/1565/291 584/1564/292
f 640/1634/293 590/1611/294 595/1619/267 638/1635/270
f 643/1636/277 591/1607/276 590/1611/294 640/1637/293
f 668/1638/295 659/1639/296 601/1575/297 598/1574/298
f 585/1566/299 665/1640/300 662/1641/289 584/1564/292
f 670/1642/301 587/1586/302 586/1578/303 667/1643/304
f 652/1644/305 593/1602/306 600/1590/281 650/1645/284
f 655/1646/269 594/1598/268 593/1602/306 652/1647/305
f 664/1648/283 597/1589/282 596/1593/307 661/1649/308
f 599/1615/280 671/1650/279 668/1651/295 598/1574/298
f 553/1652/264 572/1653/264 618/1581/265 554/1654/265
f 653/1631/287 649/1655/309 588/1559/310 581/1543/288
f 580/1557/311 587/1586/302 670/1656/301 647/1657/312
f 661/1658/308 596/1593/307 601/1575/297 659/1659/296
f 586/1578/303 589/1565/291 658/1660/290 667/1661/304
f 649/1662/309 665/1663/300 585/1566/299 588/1559/310
f 637/1664/313 656/1665/286 582/1542/285 583/1561/314
f 580/1557/311 647/1666/312 644/1667/272 579/1555/271
f 625/1570/6 627/1569/261 568/1550/315 623/1553/316
f 627/1569/261 629/1587/257 628/1554/317 568/1550/315
f 574/1529/318 620/1668/171 629/1587/257 573/1530/266
f 629/1587/257 620/1668/171 569/1556/319 628/1554/317
f 630/1669/256 632/1670/258 631/1541/320 570/1544/321
f 575/1525/322 630/1669/256 622/1671/85 621/1526/323
f 622/1671/85 630/1669/256 570/1544/321 567/1558/324
f 576/1534/325 632/1670/258 630/1669/256 575/1525/322
f 623/1560/316 631/1541/320 632/1670/258 625/1672/6
f 625/1672/6 632/1670/258 576/1534/325 624/1533/263
f 616/1673/7 633/1674/259 571/1563/326 614/1562/327
f 577/1539/328 633/1674/259 616/1673/7 615/1540/329
f 577/1539/328 634/1547/330 636/1675/260 633/1674/259
f 633/1674/259 636/1675/260 635/1567/331 571/1563/326
f 622/1671/85 636/1675/260 634/1547/330 621/1526/323
f 620/1668/171 619/1676/265 566/1585/332 569/1556/319
f 567/1558/324 635/1567/331 636/1675/260 622/1671/85
f 574/1529/318 618/1581/333 619/1676/265 620/1668/171
f 572/1653/334 615/1540/329 616/1673/7 617/1677/264
f 618/1581/333 572/1653/334 617/1677/264 619/1676/265
f 619/1676/265 617/1677/264 565/1579/335 566/1585/332
f 617/1677/264 616/1673/7 614/1562/327 565/1579/335
f 648/1678/171 672/1679/265 671/1627/279 646/1626/278
f 647/1657/312 670/1656/301 672/1679/265 648/1678/171
f 670/1642/301 667/1643/304 669/1680/264 672/1679/265
f 672/1679/265 669/1680/264 668/1651/295 671/1650/279
f 667/1661/304 658/1660/290 660/1681/7 669/1680/264
f 669/1680/264 660/1681/7 659/1639/296 668/1638/295
f 651/1682/85 666/1683/260 665/1663/300 649/1662/309
f 650/1629/284 664/1628/283 666/1683/260 651/1682/85
f 664/1648/283 661/1649/308 663/1684/259 666/1683/260
f 666/1683/260 663/1684/259 662/1641/289 665/1640/300
f 661/1658/308 659/1659/296 660/1681/7 663/1684/259
f 663/1684/259 660/1681/7 658/1633/290 662/1632/289
f 639/1685/6 657/1686/258 656/1665/286 637/1664/313
f 638/1621/270 655/1620/269 657/1686/258 639/1685/6
f 655/1646/269 652/1647/305 654/1687/256 657/1686/258
f 657/1686/258 654/1687/256 653/1631/287 656/1630/286
f 652/1644/305 650/1645/284 651/1682/85 654/1687/256
f 654/1687/256 651/1682/85 649/1655/309 653/1631/287
f 646/1625/278 643/1624/277 645/1688/257 648/1678/171
f 648/1678/171 645/1688/257 644/1667/272 647/1666/312
f 643/1636/277 640/1637/293 642/1689/261 645/1688/257
f 645/1688/257 642/1689/261 641/1623/273 644/1622/272
f 640/1634/293 638/1635/270 639/1690/6 642/1689/261
f 642/1689/261 639/1690/6 637/1691/313 641/1692/273
f 641/1692/273 637/1691/313 583/1552/314 578/1551/274
f 558/1693/7 615/1540/7 572/1653/264 553/1694/264
f 690/1695/260 687/1696/85 676/1697/85 677/1698/260
f 686/1699/258 688/1700/6 675/1701/6 673/1702/258
f 687/1703/85 685/1704/256 674/1705/256 676/1706/85
f 675/1707/6 688/1708/6 692/1709/261 681/1710/261
f 696/1711/264 683/1712/264 684/1713/265 695/1714/265
f 696/1715/264 691/1716/7 679/1717/7 683/1718/264
f 696/1719/4 695/1720/4 694/1721/4 693/1722/4 692/1723/4 688/1724/4 686/1725/4 685/1726/4 687/1727/4 690/1728/4 689/1729/4 691/1730/4
f 689/1731/259 690/1732/260 677/1733/260 678/1734/259
f 693/1735/257 694/1736/171 682/1737/171 680/1738/257
f 681/1739/261 692/1740/261 693/1741/257 680/1742/257
f 685/1743/256 686/1744/258 673/1745/258 674/1746/256
f 682/1747/171 694/1748/171 695/1749/265 684/1750/265
f 691/1751/7 689/1752/259 678/1753/259 679/1754/7
f 703/1755/336 704/1756/336 698/1757/336 701/1758/336
f 702/1759/337 700/1760/337 708/1761/337 705/1762/337
f 697/1763/338 699/1764/338 706/1765/338 707/1766/338
f 700/1767/339 698/1768/339 704/1769/339 708/1770/339
f 699/1771/340 702/1772/340 705/1773/340 706/1774/340
f 707/1775/341 703/1776/341 701/1777/341 697/1778/341
f 704/1779/4 703/1780/4 707/1781/4 706/1782/4 705/1783/4 708/1784/4
f 702/1785/342 699/1786/343 711/1787/344 714/1788/342
f 699/1789/343 697/1790/345 709/1791/346 711/1792/344
f 701/1793/347 698/1794/348 710/1795/349 713/1796/347
f 698/1797/348 700/1798/350 712/1799/351 710/1800/349
f 700/1801/350 702/1802/342 714/1803/342 712/1804/351
f 697/1805/345 701/1806/347 713/1807/347 709/1808/346
f 713/1809/352 710/1810/353 716/1811/353 719/1812/352
f 710/1813/353 712/1814/354 718/1815/354 716/1816/353
f 709/1817/355 713/1818/352 719/1819/352 715/1820/355
f 712/1821/354 714/1822/356 720/1823/356 718/1824/354
f 714/1825/356 711/1826/357 717/1827/357 720/1828/356
f 711/1829/357 709/1830/355 715/1831/355 717/1832/357
f 727/1833/336 728/1834/336 722/1835/336 725/1836/336
f 726/1837/337 724/1838/337 732/1839/337 729/1840/337
f 721/1841/338 723/1842/338 730/1765/338 731/1843/338
f 724/1844/339 722/1845/339 728/1846/339 732/1847/339
f 723/1848/340 726/1849/340 729/1850/340 730/1851/340
f 731/1852/341 727/1853/341 725/1854/341 721/1855/341
f 728/1856/4 727/1857/4 731/1858/4 730/1859/4 729/1860/4 732/1861/4
f 726/1862/342 723/1863/358 735/1864/344 738/1865/342
f 723/1866/358 721/1867/345 733/1868/346 735/1869/344
f 725/1870/347 722/1871/348 734/1872/349 737/1873/347
f 722/1874/348 724/1875/350 736/1876/351 734/1877/349
f 724/1878/350 726/1879/342 738/1880/342 736/1881/351
f 721/1882/345 725/1883/347 737/1884/347 733/1885/346
f 737/1886/352 734/1887/353 740/1888/353 743/1889/352
f 734/1890/353 736/1891/354 742/1892/354 740/1893/353
f 733/1894/355 737/1895/352 743/1896/352 739/1897/355
f 736/1898/354 738/1899/356 744/1900/356 742/1901/354
f 738/1902/356 735/1903/357 741/1904/357 744/1905/356
f 735/1906/357 733/1907/355 739/1908/355 741/1909/357
f 751/1910/359 752/1911/359 746/1912/359 749/1913/359
f 750/1914/360 748/1915/360 756/1916/360 753/1917/360
f 745/1918/356 747/1919/356 754/1920/356 755/1921/356
f 748/1922/352 746/1923/352 752/1924/352 756/1925/352
f 747/1926/361 750/1927/361 753/1928/361 754/1929/361
f 755/1930/362 751/1931/362 749/1932/362 745/1933/362
f 752/1934/4 751/1935/4 755/1936/4 754/1937/4 753/1938/4 756/1939/4
f 750/1940/363 747/1941/364 759/1942/365 762/1943/363
f 747/1944/364 745/1945/366 757/1946/367 759/1947/365
f 749/1948/368 746/1949/369 758/1950/370 761/1951/368
f 746/1952/369 748/1953/371 760/1954/372 758/1955/370
f 748/1956/371 750/1957/363 762/1958/363 760/1959/372
f 745/1960/366 749/1961/368 761/1962/368 757/1963/367
f 761/1964/338 758/1965/373 764/1966/373 767/1967/338
f 758/1968/373 760/1969/374 766/1970/374 764/1971/373
f 757/1972/375 761/1973/338 767/1974/338 763/1975/375
f 760/1976/374 762/1977/339 768/1978/339 766/1979/374
f 762/1980/339 759/1981/376 765/1982/376 768/1983/339
f 759/1984/376 757/1985/375 763/1986/375 765/1987/376
f 775/1988/359 776/1989/359 770/1990/359 773/1991/359
f 774/1992/360 772/1993/360 780/1994/360 777/1995/360
f 769/1996/356 771/1997/356 778/1998/356 779/1999/356
f 772/2000/352 770/2001/352 776/2002/352 780/2003/352
f 771/2004/361 774/2005/361 777/2006/361 778/2007/361
f 779/2008/362 775/2009/362 773/2010/362 769/2011/362
f 776/2012/4 775/2013/4 779/2014/4 778/2015/4 777/2016/4 780/2017/4
f 774/2018/363 771/2019/364 783/2020/365 786/2021/363
f 771/2022/364 769/2023/366 781/2024/367 783/2025/365
f 773/2026/368 770/2027/369 782/2028/370 785/2029/368
f 770/2030/369 772/2031/371 784/2032/372 782/2033/370
f 772/2034/371 774/2035/363 786/2036/363 784/2037/372
f 769/2038/366 773/2039/368 785/2040/368 781/2041/367
f 785/2042/338 782/2043/373 788/2044/373 791/2045/338
f 782/2046/373 784/2047/374 790/2048/374 788/2049/373
f 781/2050/375 785/2051/338 791/2052/338 787/2053/375
f 784/2054/374 786/2055/339 792/2056/339 790/2057/374
f 786/2058/339 783/2059/376 789/2060/376 792/2061/339
f 783/2062/376 781/2063/375 787/2064/375 789/2065/376
f 799/2066/377 800/2067/377 794/2068/377 797/2069/377
f 798/2070/378 796/2071/378 804/2072/378 801/2073/378
f 793/2074/379 795/2075/379 802/2076/379 803/2077/379
f 796/2078/380 794/2079/380 800/2080/380 804/2081/380
f 795/2082/381 798/2083/381 801/2084/381 802/2085/381
f 803/2086/382 799/2087/382 797/2088/382 793/2089/382
f 800/2090/4 799/2091/4 803/2092/4 802/2093/4 801/2094/4 804/2095/4
f 798/2096/383 795/2097/384 807/2098/385 810/2099/386
f 795/2100/384 793/2101/387 805/2102/388 807/2103/385
f 797/2104/389 794/2105/390 806/2106/391 809/2107/389
f 794/2108/390 796/2109/392 808/2110/393 806/2111/391
f 796/2112/392 798/2113/383 810/2114/386 808/2115/393
f 793/2116/387 797/2117/389 809/2118/389 805/2119/388
f 809/2120/394 806/2121/395 812/2122/395 815/2123/394
f 806/2124/395 808/2125/396 814/2126/396 812/2127/395
f 805/2128/397 809/2129/394 815/2130/394 811/2131/397
f 808/2132/396 810/2133/398 816/2134/398 814/2135/396
f 810/2136/398 807/2137/399 813/2138/399 816/2139/398
f 807/2140/399 805/2141/397 811/2142/397 813/2143/399
f 823/2144/377 824/2145/377 818/2146/377 821/2147/377
f 822/2148/378 820/2149/378 828/2150/378 825/2151/378
f 817/2152/379 819/2153/379 826/2154/379 827/2155/379
f 820/2156/380 818/2157/380 824/2158/380 828/2159/380
f 819/2160/381 822/2161/381 825/2162/381 826/2163/381
f 827/2164/382 823/2165/382 821/2166/382 817/2167/382
f 824/2168/4 823/2169/4 827/2170/4 826/2171/4 825/2172/4 828/2173/4
f 822/2174/383 819/2175/384 831/2176/385 834/2177/386
f 819/2178/384 817/2179/387 829/2180/388 831/2181/385
f 821/2182/389 818/2183/390 830/2184/391 833/2185/389
f 818/2186/390 820/2187/392 832/2188/393 830/2189/391
f 820/2190/392 822/2191/383 834/2192/386 832/2193/393
f 817/2194/387 821/2195/389 833/2196/389 829/2197/388
f 833/2198/394 830/2199/395 836/2200/395 839/2201/394
f 830/2202/395 832/2203/396 838/2204/396 836/2205/395
f 829/2206/397 833/2207/394 839/2208/394 835/2209/397
f 832/2210/396 834/2211/398 840/2212/398 838/2213/396
f 834/2214/398 831/2215/400 837/2216/400 840/2217/398
f 831/2218/400 829/2219/397 835/2220/397 837/2221/400
f 847/2222/401 848/2223/401 842/2224/401 845/2225/401
f 846/2226/402 844/2227/402 852/2228/402 849/2229/402
f 841/2230/398 843/2231/398 850/2232/398 851/2233/398
f 844/2234/394 842/2235/394 848/2236/394 852/2237/394
f 843/2238/403 846/2239/403 849/2240/403 850/2241/403
f 851/2242/404 847/2243/404 845/2244/404 841/2245/404
f 848/2246/4 847/2247/4 851/2248/4 850/2249/4 849/2250/4 852/2251/4
f 846/2252/405 843/2253/406 855/2254/407 858/2255/408
f 843/2256/406 841/2257/409 853/2258/410 855/2259/407
f 845/2260/411 842/2261/412 854/2262/413 857/2263/411
f 842/2264/412 844/2265/414 856/2266/415 854/2267/413
f 844/2268/414 846/2269/405 858/2270/408 856/2271/415
f 841/2272/409 845/2273/411 857/2274/411 853/2275/410
f 857/2276/379 854/2277/416 860/2278/417 863/2279/379
f 854/2280/416 856/2281/418 862/2282/418 860/2283/417
f 853/2284/419 857/2285/379 863/2286/379 859/2287/419
f 856/2288/418 858/2289/380 864/2290/380 862/2291/418
f 858/2292/380 855/2293/420 861/2294/421 864/2295/380
f 855/2296/420 853/2297/419 859/2298/419 861/2299/421
f 871/2300/401 872/2301/401 866/2302/401 869/2303/401
f 870/2304/402 868/2305/402 876/2306/402 873/2307/402
f 865/2308/398 867/2309/398 874/2310/398 875/2311/398
f 868/2312/394 866/2313/394 872/2314/394 876/2315/394
f 867/2316/403 870/2317/403 873/2318/403 874/2319/403
f 875/2320/404 871/2321/404 869/2322/404 865/2323/404
f 872/2324/4 871/2325/4 875/2326/4 874/2327/4 873/2328/4 876/2329/4
f 870/2330/405 867/2331/406 879/2332/407 882/2333/408
f 867/2334/406 865/2335/409 877/2336/410 879/2337/407
f 869/2338/411 866/2339/412 878/2340/413 881/2341/411
f 866/2342/412 868/2343/422 880/2344/415 878/2345/413
f 868/2346/422 870/2347/405 882/2348/408 880/2349/415
f 865/2350/409 869/2351/411 881/2352/411 877/2353/410
f 881/2354/379 878/2355/417 884/2356/417 887/2357/379
f 878/2358/417 880/2359/418 886/2360/418 884/2361/417
f 877/2362/419 881/2363/379 887/2364/379 883/2365/419
f 880/2366/418 882/2367/380 888/2368/380 886/2369/418
f 882/2370/380 879/2371/421 885/2372/421 888/2373/380
f 879/2374/421 877/2375/419 883/2376/419 885/2377/421
f 906/2378/265 903/2379/171 892/2380/171 893/2381/265
f 902/2382/261 904/2383/6 891/2384/6 889/2385/261
f 903/2386/171 901/2387/257 890/2388/257 892/2389/171
f 891/2390/6 904/2391/6 908/2392/258 897/2393/258
f 912/2394/259 899/2395/259 900/2396/260 911/2397/260
f 912/2398/259 907/2399/7 895/2400/7 899/2401/259
f 912/1719/1 911/1720/1 910/2402/1 909/1722/1 908/2403/1 904/2404/1 902/2405/1 901/2406/1 903/2407/1 906/2408/1 905/2409/1 907/1730/1
f 905/2410/264 906/2411/265 893/2412/265 894/2413/264
f 909/2414/256 910/2415/85 898/2416/85 896/2417/256
f 897/2418/258 908/2419/258 909/2420/256 896/2421/256
f 901/2422/257 902/2423/261 889/2424/261 890/2425/257
f 898/2426/85 910/2427/85 911/2428/260 900/2429/260
f 907/2430/7 905/2431/264 894/2432/264 895/2433/7
f 919/2434/423 920/2435/423 914/2436/423 917/2437/423
f 918/2438/424 916/2439/424 924/2440/424 921/2441/424
f 913/2442/425 915/2443/425 922/2444/425 923/2445/425
f 916/2446/426 914/2447/426 920/2448/426 924/2449/426
f 915/2450/427 918/2451/427 921/2452/427 922/2453/427
f 923/2454/428 919/2455/428 917/2456/428 913/2457/428
f 920/1779/1 919/2458/1 923/2459/1 922/2460/1 921/1783/1 924/1784/1
f 918/2461/429 915/2462/430 927/2463/431 930/2464/429
f 915/2465/430 913/2466/432 925/2467/433 927/2468/431
f 917/2469/434 914/2470/435 926/2471/436 929/2472/434
f 914/2473/435 916/2474/437 928/2475/438 926/2476/436
f 916/2477/437 918/2478/429 930/2479/429 928/2480/438
f 913/2481/432 917/2482/434 929/2483/434 925/2484/433
f 929/2485/439 926/2486/440 932/2487/440 935/2488/439
f 926/2489/440 928/2490/441 934/2491/441 932/2492/440
f 925/2493/442 929/2494/439 935/2495/439 931/2496/442
f 928/2497/441 930/2498/443 936/2499/443 934/2500/441
f 930/2501/443 927/2502/444 933/2503/444 936/2504/443
f 927/2505/444 925/2506/442 931/2507/442 933/2508/444
f 943/2509/423 944/2510/423 938/2511/423 941/2512/423
f 942/2513/424 940/2514/424 948/2515/424 945/2516/424
f 937/2517/425 939/2518/425 946/2519/425 947/2520/425
f 940/2521/426 938/2522/426 944/2523/426 948/2524/426
f 939/2525/427 942/2526/427 945/2527/427 946/2528/427
f 947/2529/428 943/2530/428 941/2531/428 937/2532/428
f 944/2533/1 943/2534/1 947/2535/1 946/2536/1 945/1860/1 948/1861/1
f 942/2537/429 939/2538/430 951/2539/431 954/2540/429
f 939/2541/430 937/2542/432 949/2543/433 951/2544/431
f 941/2545/434 938/2546/435 950/2547/436 953/2548/434
f 938/2549/435 940/2550/437 952/2551/438 950/2552/436
f 940/2553/437 942/2554/429 954/2555/429 952/2556/438
f 937/2557/432 941/2558/434 953/2559/434 949/2560/433
f 953/2561/439 950/2562/440 956/2563/440 959/2564/439
f 950/2565/440 952/2566/441 958/2567/441 956/2568/440
f 949/2569/442 953/2570/439 959/2571/439 955/2572/442
f 952/2573/441 954/2574/443 960/2575/443 958/2576/441
f 954/2577/443 951/2578/444 957/2579/444 960/2580/443
f 951/2581/444 949/2582/442 955/2583/442 957/2584/444
f 967/2585/445 968/2586/445 962/2587/445 965/2588/445
f 966/2589/446 964/2590/446 972/2591/446 969/2592/446
f 961/2593/443 963/2594/443 970/2595/443 971/2596/443
f 964/2597/439 962/2598/439 968/2599/439 972/2600/439
f 963/2601/447 966/2602/447 969/2603/447 970/2604/447
f 971/2605/448 967/2606/448 965/2607/448 961/2608/448
f 968/2609/1 967/2610/1 971/2611/1 970/2612/1 969/2613/1 972/2614/1
f 966/2615/449 963/2616/450 975/2617/451 978/2618/449
f 963/2619/450 961/2620/452 973/2621/453 975/2622/451
f 965/2623/454 962/2624/455 974/2625/456 977/2626/454
f 962/2627/455 964/2628/457 976/2629/458 974/2630/456
f 964/2631/457 966/2632/449 978/2633/449 976/2634/458
f 961/2635/452 965/2636/454 977/2637/454 973/2638/453
f 977/2639/425 974/2640/459 980/2641/459 983/2642/425
f 974/2643/459 976/2644/460 982/2645/460 980/2646/459
f 973/2647/461 977/2648/425 983/2649/425 979/2650/461
f 976/2651/460 978/2652/426 984/2653/426 982/2654/460
f 978/2655/426 975/2656/462 981/2657/462 984/2658/426
f 975/2659/462 973/2660/461 979/2661/461 981/2662/462
f 991/2663/445 992/2664/445 986/2665/445 989/2666/445
f 990/2667/446 988/2668/446 996/2669/446 993/2670/446
f 985/2671/443 987/2672/443 994/2673/443 995/2674/443
f 988/2675/439 986/2676/439 992/2677/439 996/2678/439
f 987/2679/447 990/2680/447 993/2681/447 994/2682/447
f 995/2683/448 991/2684/448 989/2685/448 985/2686/448
f 992/2687/1 991/2688/1 995/2689/1 994/2690/1 993/2691/1 996/2692/1
f 990/2693/449 987/2694/450 999/2695/451 1002/2696/449
f 987/2697/450 985/2698/452 997/2699/453 999/2700/451
f 989/2701/454 986/2702/455 998/2703/456 1001/2704/454
f 986/2705/455 988/2706/457 1000/2707/458 998/2708/456
f 988/2709/457 990/2710/449 1002/2711/449 1000/2712/458
f 985/2713/452 989/2714/454 1001/2715/454 997/2716/453
f 1001/2717/425 998/2718/459 1004/2719/459 1007/2720/425
f 998/2721/459 1000/2722/460 1006/2723/460 1004/2724/459
f 997/2725/461 1001/2726/425 1007/2727/425 1003/2728/461
f 1000/2729/460 1002/2730/426 1008/2731/426 1006/2732/460
f 1002/2733/426 999/2734/462 1005/2735/462 1008/2736/426
f 999/2737/462 997/2738/461 1003/2739/461 1005/2740/462
f 1015/2741/463 1016/2742/463 1010/2743/463 1013/2744/463
f 1014/2745/464 1012/2746/464 1020/2747/464 1017/2748/464
f 1009/2749/465 1011/2750/465 1018/2751/465 1019/2752/465
f 1012/2753/466 1010/2754/466 1016/2755/466 1020/2756/466
f 1011/2757/467 1014/2758/467 1017/2759/467 1018/2760/467
f 1019/2761/468 1015/2762/468 1013/2763/468 1009/2764/468
f 1016/2765/1 1015/2766/1 1019/2767/1 1018/2768/1 1017/2769/1 1020/2770/1
f 1014/2771/469 1011/2772/470 1023/2773/471 1026/2774/469
f 1011/2775/470 1009/2776/472 1021/2777/473 1023/2778/471
f 1013/2779/474 1010/2780/475 1022/2781/476 1025/2782/474
f 1010/2783/475 1012/2784/477 1024/2785/478 1022/2786/476
f 1012/2787/477 1014/2788/469 1026/2789/469 1024/2790/478
f 1009/2791/472 1013/2792/474 1025/2793/474 1021/2794/473
f 1025/2795/479 1022/2796/480 1028/2797/480 1031/2798/479
f 1022/2799/480 1024/2800/481 1030/2801/481 1028/2802/480
f 1021/2803/482 1025/2804/479 1031/2805/479 1027/2806/482
f 1024/2807/481 1026/2808/483 1032/2809/483 1030/2810/481
f 1026/2811/483 1023/2812/484 1029/2813/484 1032/2814/483
f 1023/2815/484 1021/2816/482 1027/2817/482 1029/2818/484
f 1039/2819/463 1040/2820/463 1034/2821/463 1037/2822/463
f 1038/2823/464 1036/2824/464 1044/2825/464 1041/2826/464
f 1033/2827/465 1035/2828/465 1042/2829/465 1043/2830/465
f 1036/2831/466 1034/2832/466 1040/2833/466 1044/2834/466
f 1035/2835/467 1038/2836/467 1041/2837/467 1042/2838/467
f 1043/2839/468 1039/2840/468 1037/2841/468 1033/2842/468
f 1040/2843/1 1039/2844/1 1043/2845/1 1042/2846/1 1041/2847/1 1044/2848/1
f 1038/2849/469 1035/2850/470 1047/2851/471 1050/2852/469
f 1035/2853/470 1033/2854/472 1045/2855/473 1047/2856/471
f 1037/2857/474 1034/2858/475 1046/2859/485 1049/2860/474
f 1034/2861/475 1036/2862/477 1048/2863/478 1046/2864/485
f 1036/2865/477 1038/2866/469 1050/2867/469 1048/2868/478
f 1033/2869/472 1037/2870/474 1049/2871/474 1045/2872/473
f 1049/2873/479 1046/2874/480 1052/2875/480 1055/2876/479
f 1046/2877/480 1048/2878/481 1054/2879/481 1052/2880/480
f 1045/2881/482 1049/2882/479 1055/2883/479 1051/2884/482
f 1048/2885/481 1050/2886/483 1056/2887/483 1054/2888/481
f 1050/2889/483 1047/2890/484 1053/2891/484 1056/2892/483
f 1047/2893/484 1045/2894/482 1051/2895/482 1053/2896/484
f 1063/2897/486 1064/2898/486 1058/2899/486 1061/2900/486
f 1062/2901/487 1060/2902/487 1068/2903/487 1065/2904/487
f 1057/2905/483 1059/2906/483 1066/2907/483 1067/2908/483
f 1060/2909/479 1058/2910/479 1064/2911/479 1068/2912/479
f 1059/2913/488 1062/2914/488 1065/2915/488 1066/2916/488
f 1067/2917/489 1063/2918/489 1061/2919/489 1057/2920/489
f 1064/2921/1 1063/2922/1 1067/2923/1 1066/2924/1 1065/2925/1 1068/2926/1
f 1062/2927/490 1059/2928/491 1071/2929/492 1074/2930/493
f 1059/2931/491 1057/2932/494 1069/2933/495 1071/2934/492
f 1061/2935/496 1058/2936/497 1070/2937/498 1073/2938/496
f 1058/2939/497 1060/2940/499 1072/2941/500 1070/2942/498
f 1060/2943/499 1062/2944/490 1074/2945/493 1072/2946/500
f 1057/2947/494 1061/2948/496 1073/2949/496 1069/2950/495
f 1073/2951/465 1070/2952/501 1076/2953/501 1079/2954/465
f 1070/2955/501 1072/2956/502 1078/2957/502 1076/2958/501
f 1069/2959/503 1073/2960/465 1079/2961/465 1075/2962/503
f 1072/2963/502 1074/2964/466 1080/2965/466 1078/2966/502
f 1074/2967/466 1071/2968/504 1077/2969/505 1080/2970/466
f 1071/2971/504 1069/2972/503 1075/2973/503 1077/2974/505
f 1087/2975/486 1088/2976/486 1082/2977/486 1085/2978/486
f 1086/2979/487 1084/2980/487 1092/2981/487 1089/2982/487
f 1081/2983/483 1083/2984/483 1090/2985/483 1091/2986/483
f 1084/2987/479 1082/2988/479 1088/2989/479 1092/2990/479
f 1083/2991/488 1086/2992/488 1089/2993/488 1090/2994/488
f 1091/2995/489 1087/2996/489 1085/2997/489 1081/2998/489
f 1088/2999/1 1087/2325/1 1091/2326/1 1090/2327/1 1089/2328/1 1092/2329/1
f 1086/3000/490 1083/3001/491 1095/3002/492 1098/3003/493
f 1083/3004/491 1081/3005/494 1093/3006/495 1095/3007/492
f 1085/3008/496 1082/3009/497 1094/3010/498 1097/3011/496
f 1082/3012/497 1084/3013/499 1096/3014/500 1094/3015/498
f 1084/3016/499 1086/3017/490 1098/3018/493 1096/3019/500
f 1081/3020/494 1085/3021/496 1097/3022/496 1093/3023/495
f 1097/3024/465 1094/3025/506 1100/3026/506 1103/3027/465
f 1094/3028/506 1096/3029/502 1102/3030/502 1100/3031/506
f 1093/3032/503 1097/3033/465 1103/3034/465 1099/3035/503
f 1096/3036/502 1098/3037/466 1104/3038/466 1102/3039/502
f 1098/3040/466 1095/3041/505 1101/3042/505 1104/3043/466
f 1095/3044/505 1093/3045/503 1099/3046/503 1101/3047/505
f 1128/50/7 1125/51/13 1113/3048/13 1116/3049/7
f 1124/66/9 1112/3050/9 1115/3051/1 1127/69/1
f 1123/70/8 1111/3052/8 1112/3053/9 1124/72/9
f 1128/73/7 1116/3054/7 1111/3055/8 1123/74/8
f 1121/75/5 1109/3056/5 1110/3057/6 1122/78/6
f 1120/79/2 1108/3058/2 1109/3059/5 1121/81/5
f 1127/82/1 1115/3060/1 1108/3058/2 1120/83/2
f 1118/84/3 1106/3061/3 1107/3062/4 1119/87/4
f 1117/88/10 1105/3063/10 1106/3064/3 1118/90/3
f 1125/91/13 1126/92/14 1114/3065/14 1113/3066/13
f 1126/94/14 1119/95/4 1107/3067/4 1114/3068/14
f 1122/96/6 1110/3069/6 1105/3070/10 1117/88/10
f 1122/3071/171 1117/3072/171 1118/3073/171 1119/3074/171 1126/3075/171 1125/3076/171 1128/3077/171 1123/3078/171 1124/3079/171 1127/3080/171 1120/3081/171 1121/3082/171
f 1112/3079/85 1111/3078/85 1116/3077/85 1113/3076/85 1114/3075/85 1107/3083/85 1106/3073/85 1105/3084/85 1110/3071/85 1109/3085/85 1108/3081/85 1115/3086/85
f 1152/3087/7 1149/3088/264 1137/3089/264 1140/3090/7
f 1148/3091/260 1136/3092/260 1139/3093/85 1151/3094/85
f 1147/3095/259 1135/3096/259 1136/3097/260 1148/3098/260
f 1152/3099/7 1140/3100/7 1135/3101/259 1147/3102/259
f 1145/3103/258 1133/3104/258 1134/3105/6 1146/3106/6
f 1144/3107/256 1132/3108/256 1133/3109/258 1145/3110/258
f 1151/3111/85 1139/3112/85 1132/3108/256 1144/3113/256
f 1142/3114/257 1130/3115/257 1131/3116/171 1143/3117/171
f 1141/3118/261 1129/3119/261 1130/3120/257 1142/3121/257
f 1149/3122/264 1150/3123/265 1138/3124/265 1137/3125/264
f 1150/3126/265 1143/3127/171 1131/3128/171 1138/3129/265
f 1146/3130/6 1134/3131/6 1129/3132/261 1141/3118/261
f 1146/3133/1 1141/3134/1 1142/3135/1 1143/3136/1 1150/3137/1 1149/3138/1 1152/3139/1 1147/3140/1 1148/3141/1 1151/3142/1 1144/3143/1 1145/3144/1
f 1136/3141/4 1135/3140/4 1140/3139/4 1137/3138/4 1138/3137/4 1131/3145/4 1130/3135/4 1129/3146/4 1134/3133/4 1133/3147/4 1132/3143/4 1139/3148/4
