# Blender 5.0.1
# www.blender.org
mtllib pipe_1.mtl
o pipe_1
v -0.050000 0.000000 0.086603
v -0.086603 0.000000 0.050000
v -0.086603 3.000000 0.050000
v -0.050000 3.000000 0.086603
v -0.100000 0.000000 0.000000
v -0.086603 0.000000 -0.050000
v -0.050000 0.000000 -0.086603
v -0.100000 3.000000 0.000000
v -0.050000 3.000000 -0.086603
v -0.086603 3.000000 -0.050000
v -0.000000 0.000000 0.100000
v 0.086603 0.000000 0.050000
v 0.050000 0.000000 0.086603
v -0.000000 3.000000 0.100000
v 0.050000 3.000000 0.086603
v 0.086603 3.000000 0.050000
v -0.000000 0.000000 -0.100000
v 0.100000 0.000000 0.000000
v 0.050000 0.000000 -0.086603
v 0.086603 0.000000 -0.050000
v 0.100000 3.000000 0.000000
v -0.000000 3.000000 -0.100000
v 0.086603 3.000000 -0.050000
v 0.050000 3.000000 -0.086603
v -0.050000 0.429558 0.086603
v 0.100000 0.429558 0.000000
v -0.050000 0.429558 -0.086603
v 0.100000 0.383542 0.000000
v -0.000000 0.383542 0.100000
v -0.050000 0.383542 -0.086603
v -0.086603 0.383542 -0.050000
v 0.050000 0.383542 -0.086603
v -0.050000 0.928125 -0.086603
v -0.086603 0.928125 -0.050000
v -0.100000 0.928125 0.000000
v 0.086603 0.928125 -0.050000
v 0.050000 0.928125 -0.086603
v -0.000000 0.928125 -0.100000
v 0.050000 0.928125 0.086603
v 0.086603 0.928125 0.050000
v -0.050000 0.928125 0.086603
v -0.086603 0.928125 0.050000
v 0.100000 0.928125 0.000000
v -0.000000 0.928125 0.100000
v -0.050000 0.975394 -0.086603
v -0.086603 0.975394 -0.050000
v -0.100000 0.975394 0.000000
v 0.086603 0.975394 -0.050000
v 0.050000 0.975394 -0.086603
v -0.000000 0.975394 -0.100000
v 0.050000 0.975394 0.086603
v 0.086603 0.975394 0.050000
v -0.050000 0.975394 0.086603
v -0.086603 0.975394 0.050000
v 0.100000 0.975394 0.000000
v -0.000000 0.975394 0.100000
v -0.100000 2.062878 0.000000
v 0.050000 2.062878 0.086603
v 0.086603 2.062878 0.050000
v -0.050000 2.062878 0.086603
v -0.000000 2.062878 0.100000
v -0.050000 2.024630 -0.086603
v -0.086603 2.024630 -0.050000
v 0.086603 2.024630 -0.050000
v 0.050000 2.024630 0.086603
v 0.086603 2.024630 0.050000
v -0.050000 2.614097 -0.086603
v -0.086603 2.614097 -0.050000
v -0.100000 2.614097 0.000000
v 0.086603 2.614097 -0.050000
v 0.050000 2.614097 -0.086603
v -0.000000 2.614097 -0.100000
v 0.050000 2.614097 0.086603
v 0.086603 2.614097 0.050000
v -0.050000 2.614097 0.086603
v -0.086603 2.614097 0.050000
v 0.100000 2.614097 0.000000
v -0.000000 2.614097 0.100000
v -0.050000 2.567345 -0.086603
v -0.086603 2.567345 -0.050000
v -0.100000 2.567345 0.000000
v 0.086603 2.567345 -0.050000
v 0.050000 2.567345 -0.086603
v -0.000000 2.567345 -0.100000
v 0.050000 2.567345 0.086603
v 0.086603 2.567345 0.050000
v -0.050000 2.567345 0.086603
v -0.086603 2.567345 0.050000
v 0.100000 2.567345 0.000000
v -0.000000 2.567345 0.100000
v -0.000000 0.429558 0.100000
v -0.000000 0.406550 0.107266
v -0.050000 0.383542 0.086603
v -0.053633 0.406550 0.092895
v -0.086603 0.383542 0.050000
v -0.086603 0.429558 0.050000
v -0.092895 0.406550 0.053633
v -0.100000 0.383542 0.000000
v -0.100000 0.429558 0.000000
v -0.107266 0.406550 0.000000
v 0.107266 0.406550 0.000000
v -0.000000 0.429558 -0.100000
v -0.000000 0.383542 -0.100000
v -0.000000 0.406550 -0.107266
v -0.053633 0.406550 -0.092895
v -0.086603 0.429558 -0.050000
v -0.092895 0.406550 -0.053633
v 0.086603 0.383542 -0.050000
v 0.086603 0.429558 -0.050000
v 0.092895 0.406550 -0.053633
v 0.050000 0.429558 -0.086603
v 0.053633 0.406550 -0.092895
v 0.050000 0.383542 0.086603
v 0.050000 0.429558 0.086603
v 0.053633 0.406550 0.092895
v 0.086603 0.383542 0.050000
v 0.086603 0.429558 0.050000
v 0.092895 0.406550 0.053633
v -0.000000 0.951759 -0.108229
v -0.054114 0.951759 -0.093729
v -0.093729 0.951759 -0.054114
v -0.108229 0.951759 0.000000
v 0.108229 0.951760 0.000000
v 0.093729 0.951759 -0.054114
v 0.054114 0.951759 -0.093729
v -0.000000 0.951760 0.108229
v 0.054114 0.951759 0.093729
v 0.093729 0.951759 0.054114
v -0.054114 0.951760 0.093729
v -0.093729 0.951760 0.054114
v -0.000000 2.024630 0.100000
v -0.000000 2.043754 0.107266
v -0.050000 2.024630 0.086603
v -0.053633 2.043754 0.092895
v -0.086603 2.024630 0.050000
v -0.086603 2.062878 0.050000
v -0.092895 2.043754 0.053633
v -0.100000 2.024630 0.000000
v -0.107266 2.043754 0.000000
v 0.100000 2.024630 0.000000
v 0.100000 2.062878 0.000000
v 0.107266 2.043754 0.000000
v -0.000000 2.024630 -0.100000
v -0.000000 2.062878 -0.100000
v -0.000000 2.043754 -0.107266
v -0.050000 2.062878 -0.086603
v -0.053633 2.043754 -0.092895
v -0.086603 2.062878 -0.050000
v -0.092895 2.043754 -0.053633
v 0.086603 2.062878 -0.050000
v 0.092895 2.043754 -0.053633
v 0.050000 2.062878 -0.086603
v 0.050000 2.024630 -0.086603
v 0.053633 2.043754 -0.092895
v 0.053633 2.043754 0.092895
v 0.092895 2.043754 0.053633
v -0.000000 2.590721 -0.108181
v -0.054091 2.590721 -0.093688
v -0.093688 2.590721 -0.054091
v -0.108181 2.590721 0.000000
v 0.108181 2.590721 0.000000
v 0.093688 2.590721 -0.054091
v 0.054091 2.590721 -0.093688
v -0.000000 2.590721 0.108181
v 0.054091 2.590721 0.093688
v 0.093688 2.590721 0.054091
v -0.054091 2.590721 0.093688
v -0.093688 2.590721 0.054091
v 0.065001 3.000000 -0.112583
v 0.112584 3.000000 -0.065000
v 0.000001 3.000000 -0.130000
v 0.130001 3.000000 0.000000
v 0.112584 3.000000 0.065000
v 0.065001 3.000000 0.112583
v 0.000001 3.000000 0.130000
v -0.112583 3.000000 -0.065000
v -0.064999 3.000000 -0.112583
v -0.129999 3.000000 0.000000
v -0.064999 3.000000 0.112583
v -0.112583 3.000000 0.065000
v 0.112584 2.970000 -0.065000
v 0.065001 2.970000 -0.112583
v 0.130001 2.970000 0.000000
v 0.000001 2.970000 -0.130000
v 0.065001 2.970000 0.112583
v 0.112584 2.970000 0.065000
v 0.000001 2.970000 0.130000
v -0.064999 2.970000 -0.112583
v -0.112583 2.970000 -0.065000
v -0.129999 2.970000 0.000000
v -0.112583 2.970000 0.065000
v -0.064999 2.970000 0.112583
v -0.104468 2.966770 -0.005473
v -0.123217 2.966770 -0.005493
v -0.104480 2.966770 0.005414
v -0.123229 2.966770 0.005393
v -0.113837 2.966770 -0.010926
v -0.113861 2.966770 0.010847
v -0.113837 2.958908 -0.010926
v -0.123217 2.958908 -0.005493
v -0.113861 2.958908 0.010847
v -0.104480 2.958908 0.005414
v -0.104468 2.958908 -0.005473
v -0.123229 2.958908 0.005393
v -0.101654 2.968570 -0.007103
v -0.126028 2.968570 -0.007130
v -0.101670 2.968570 0.007050
v -0.126043 2.968570 0.007023
v -0.113833 2.968570 -0.014192
v -0.113864 2.968570 0.014112
v -0.101654 2.970370 -0.007103
v -0.126028 2.970370 -0.007130
v -0.101670 2.970370 0.007050
v -0.126043 2.970370 0.007023
v -0.113833 2.970370 -0.014192
v -0.113864 2.970370 0.014112
v 0.123536 2.966770 -0.005473
v 0.104787 2.966770 -0.005493
v 0.123524 2.966770 0.005414
v 0.104775 2.966770 0.005393
v 0.114168 2.966770 -0.010926
v 0.114143 2.966770 0.010847
v 0.114168 2.958908 -0.010926
v 0.104787 2.958908 -0.005493
v 0.114144 2.958908 0.010847
v 0.123524 2.958908 0.005414
v 0.123536 2.958908 -0.005473
v 0.104775 2.958908 0.005393
v 0.126350 2.968570 -0.007103
v 0.101977 2.968570 -0.007130
v 0.126334 2.968570 0.007050
v 0.101961 2.968570 0.007023
v 0.114171 2.968570 -0.014192
v 0.114140 2.968570 0.014112
v 0.126350 2.970370 -0.007103
v 0.101977 2.970370 -0.007130
v 0.126334 2.970370 0.007050
v 0.101961 2.970370 0.007023
v 0.114171 2.970370 -0.014192
v 0.114140 2.970370 0.014112
v 0.005477 2.966770 -0.104473
v 0.005498 2.966770 -0.123221
v -0.005409 2.966770 -0.104485
v -0.005388 2.966770 -0.123233
v 0.010931 2.966770 -0.113841
v -0.010842 2.966770 -0.113865
v 0.010931 2.958908 -0.113841
v 0.005498 2.958908 -0.123221
v -0.010842 2.958908 -0.113865
v -0.005409 2.958908 -0.104485
v 0.005477 2.958908 -0.104473
v -0.005388 2.958908 -0.123233
v 0.007107 2.968570 -0.101659
v 0.007134 2.968570 -0.126032
v -0.007045 2.968570 -0.101674
v -0.007018 2.968570 -0.126048
v 0.014197 2.968570 -0.113838
v -0.014108 2.968570 -0.113869
v 0.007107 2.970370 -0.101659
v 0.007134 2.970370 -0.126032
v -0.007045 2.970370 -0.101674
v -0.007018 2.970370 -0.126048
v 0.014197 2.970370 -0.113838
v -0.014108 2.970370 -0.113869
v 0.005477 2.966770 0.123531
v 0.005498 2.966770 0.104783
v -0.005409 2.966770 0.123519
v -0.005388 2.966770 0.104771
v 0.010931 2.966770 0.114163
v -0.010842 2.966770 0.114139
v 0.010931 2.958908 0.114163
v 0.005498 2.958908 0.104783
v -0.010842 2.958908 0.114139
v -0.005409 2.958908 0.123519
v 0.005477 2.958908 0.123531
v -0.005388 2.958908 0.104771
v 0.007107 2.968570 0.126345
v 0.007134 2.968570 0.101972
v -0.007045 2.968570 0.126330
v -0.007018 2.968570 0.101956
v 0.014197 2.968570 0.114166
v -0.014108 2.968570 0.114135
v 0.007107 2.970370 0.126345
v 0.007134 2.970370 0.101972
v -0.007045 2.970370 0.126330
v -0.007018 2.970370 0.101956
v 0.014197 2.970370 0.114166
v -0.014108 2.970370 0.114135
v -0.069999 2.966770 -0.077743
v -0.083242 2.966770 -0.091015
v -0.077705 2.966770 -0.070054
v -0.090948 2.966770 -0.083326
v -0.072767 2.966770 -0.088224
v -0.088180 2.966770 -0.072845
v -0.072767 2.958908 -0.088224
v -0.083242 2.958908 -0.091015
v -0.088180 2.958908 -0.072845
v -0.077705 2.958908 -0.070054
v -0.069999 2.958908 -0.077743
v -0.090948 2.958908 -0.083326
v -0.066857 2.968570 -0.076906
v -0.084072 2.968570 -0.094160
v -0.076875 2.968570 -0.066910
v -0.094090 2.968570 -0.084163
v -0.070455 2.968570 -0.090531
v -0.090492 2.968570 -0.070538
v -0.066857 2.970370 -0.076906
v -0.084072 2.970370 -0.094160
v -0.076875 2.970370 -0.066910
v -0.094090 2.970370 -0.084163
v -0.070455 2.970370 -0.090531
v -0.090492 2.970370 -0.070538
v 0.091224 2.966770 0.083480
v 0.077981 2.966770 0.070208
v 0.083518 2.966770 0.091169
v 0.070275 2.966770 0.077897
v 0.088456 2.966770 0.072999
v 0.073043 2.966770 0.088378
v 0.088456 2.958908 0.072999
v 0.077981 2.958908 0.070208
v 0.073043 2.958908 0.088378
v 0.083518 2.958908 0.091169
v 0.091224 2.958908 0.083480
v 0.070275 2.958908 0.077897
v 0.094367 2.968570 0.084317
v 0.077151 2.968570 0.067064
v 0.084348 2.968570 0.094314
v 0.067133 2.968570 0.077060
v 0.090768 2.968570 0.070692
v 0.070731 2.968570 0.090685
v 0.094367 2.970370 0.084317
v 0.077151 2.970370 0.067064
v 0.084348 2.970370 0.094314
v 0.067133 2.970370 0.077060
v 0.090768 2.970370 0.070692
v 0.070731 2.970370 0.090685
v 0.077748 2.966770 -0.070003
v 0.091020 2.966770 -0.083246
v 0.070058 2.966770 -0.077710
v 0.083330 2.966770 -0.090953
v 0.088228 2.966770 -0.072772
v 0.072850 2.966770 -0.088184
v 0.088228 2.958908 -0.072772
v 0.091020 2.958908 -0.083246
v 0.072850 2.958908 -0.088184
v 0.070058 2.958908 -0.077710
v 0.077748 2.958908 -0.070003
v 0.083330 2.958908 -0.090953
v 0.076910 2.968570 -0.066861
v 0.094164 2.968570 -0.084077
v 0.066914 2.968570 -0.076879
v 0.084168 2.968570 -0.094095
v 0.090535 2.968570 -0.070460
v 0.070543 2.968570 -0.090496
v 0.076910 2.970370 -0.066861
v 0.094164 2.970370 -0.084077
v 0.066914 2.970370 -0.076879
v 0.084168 2.970370 -0.094095
v 0.090535 2.970370 -0.070460
v 0.070543 2.970370 -0.090496
v -0.083475 2.966770 0.091220
v -0.070203 2.966770 0.077977
v -0.091165 2.966770 0.083513
v -0.077893 2.966770 0.070271
v -0.072995 2.966770 0.088452
v -0.088374 2.966770 0.073039
v -0.072995 2.958908 0.088452
v -0.070203 2.958908 0.077977
v -0.088374 2.958908 0.073039
v -0.091165 2.958908 0.083513
v -0.083475 2.958908 0.091220
v -0.077893 2.958908 0.070271
v -0.084313 2.968570 0.094362
v -0.067059 2.968570 0.077146
v -0.094309 2.968570 0.084344
v -0.077055 2.968570 0.067128
v -0.070688 2.968570 0.090763
v -0.090680 2.968570 0.070727
v -0.084313 2.970370 0.094362
v -0.067059 2.970370 0.077146
v -0.094309 2.970370 0.084344
v -0.077055 2.970370 0.067128
v -0.070688 2.970370 0.090763
v -0.090680 2.970370 0.070727
v -0.064993 -0.000000 -0.112583
v -0.112576 -0.000000 -0.065000
v 0.000007 -0.000000 -0.130000
v -0.129993 -0.000000 0.000000
v -0.112576 -0.000000 0.065000
v -0.064993 -0.000000 0.112583
v 0.000007 0.000000 0.130000
v 0.112590 0.000000 -0.065000
v 0.065007 0.000000 -0.112583
v 0.130007 0.000000 0.000000
v 0.065007 0.000000 0.112583
v 0.112590 0.000000 0.065000
v -0.112576 0.030000 -0.065000
v -0.064993 0.030000 -0.112583
v -0.129993 0.030000 0.000000
v 0.000007 0.030000 -0.130000
v -0.064993 0.030000 0.112583
v -0.112576 0.030000 0.065000
v 0.000007 0.030000 0.130000
v 0.065007 0.030000 -0.112583
v 0.112590 0.030000 -0.065000
v 0.130007 0.030000 0.000000
v 0.112590 0.030000 0.065000
v 0.065007 0.030000 0.112583
v 0.104476 0.033230 -0.005473
v 0.123225 0.033230 -0.005493
v 0.104488 0.033230 0.005414
v 0.123237 0.033230 0.005393
v 0.113844 0.033230 -0.010926
v 0.113868 0.033230 0.010847
v 0.113844 0.041092 -0.010926
v 0.123225 0.041092 -0.005493
v 0.113868 0.041092 0.010847
v 0.104488 0.041092 0.005414
v 0.104476 0.041092 -0.005473
v 0.123237 0.041092 0.005393
v 0.101662 0.031430 -0.007103
v 0.126035 0.031430 -0.007130
v 0.101677 0.031430 0.007050
v 0.126051 0.031430 0.007023
v 0.113841 0.031430 -0.014192
v 0.113872 0.031430 0.014112
v 0.101662 0.029630 -0.007103
v 0.126035 0.029630 -0.007130
v 0.101677 0.029630 0.007050
v 0.126051 0.029630 0.007023
v 0.113841 0.029630 -0.014192
v 0.113872 0.029630 0.014112
v -0.123528 0.033230 -0.005473
v -0.104779 0.033230 -0.005493
v -0.123516 0.033230 0.005414
v -0.104768 0.033230 0.005393
v -0.114160 0.033230 -0.010926
v -0.114136 0.033230 0.010847
v -0.114160 0.041092 -0.010926
v -0.104779 0.041092 -0.005493
v -0.114136 0.041092 0.010847
v -0.123516 0.041092 0.005414
v -0.123528 0.041092 -0.005473
v -0.104768 0.041092 0.005393
v -0.126342 0.031430 -0.007103
v -0.101969 0.031430 -0.007130
v -0.126327 0.031430 0.007050
v -0.101953 0.031430 0.007023
v -0.114163 0.031430 -0.014192
v -0.114132 0.031430 0.014112
v -0.126342 0.029630 -0.007103
v -0.101969 0.029630 -0.007130
v -0.126327 0.029630 0.007050
v -0.101953 0.029630 0.007023
v -0.114163 0.029630 -0.014192
v -0.114132 0.029630 0.014112
v -0.005470 0.033230 -0.104473
v -0.005490 0.033230 -0.123221
v 0.005417 0.033230 -0.104485
v 0.005396 0.033230 -0.123233
v -0.010923 0.033230 -0.113841
v 0.010850 0.033230 -0.113865
v -0.010923 0.041092 -0.113841
v -0.005490 0.041092 -0.123221
v 0.010850 0.041092 -0.113865
v 0.005417 0.041092 -0.104485
v -0.005470 0.041092 -0.104473
v 0.005396 0.041092 -0.123233
v -0.007100 0.031430 -0.101659
v -0.007126 0.031430 -0.126032
v 0.007053 0.031430 -0.101674
v 0.007026 0.031430 -0.126048
v -0.014189 0.031430 -0.113838
v 0.014116 0.031430 -0.113869
v -0.007100 0.029630 -0.101659
v -0.007126 0.029630 -0.126032
v 0.007053 0.029630 -0.101674
v 0.007026 0.029630 -0.126048
v -0.014189 0.029630 -0.113838
v 0.014116 0.029630 -0.113869
v -0.005470 0.033230 0.123531
v -0.005490 0.033230 0.104783
v 0.005417 0.033230 0.123519
v 0.005396 0.033230 0.104771
v -0.010923 0.033230 0.114163
v 0.010850 0.033230 0.114139
v -0.010923 0.041092 0.114163
v -0.005490 0.041092 0.104783
v 0.010850 0.041092 0.114139
v 0.005417 0.041092 0.123519
v -0.005470 0.041092 0.123531
v 0.005396 0.041092 0.104771
v -0.007100 0.031430 0.126345
v -0.007126 0.031430 0.101972
v 0.007053 0.031430 0.126330
v 0.007026 0.031430 0.101956
v -0.014189 0.031430 0.114167
v 0.014116 0.031430 0.114135
v -0.007100 0.029630 0.126345
v -0.007126 0.029630 0.101972
v 0.007053 0.029630 0.126330
v 0.007026 0.029630 0.101956
v -0.014189 0.029630 0.114167
v 0.014116 0.029630 0.114135
v 0.070007 0.033230 -0.077743
v 0.083249 0.033230 -0.091015
v 0.077713 0.033230 -0.070054
v 0.090956 0.033230 -0.083326
v 0.072775 0.033230 -0.088224
v 0.088188 0.033230 -0.072845
v 0.072775 0.041092 -0.088224
v 0.083249 0.041092 -0.091015
v 0.088187 0.041092 -0.072845
v 0.077713 0.041092 -0.070054
v 0.070007 0.041092 -0.077743
v 0.090956 0.041092 -0.083326
v 0.066864 0.031430 -0.076906
v 0.084080 0.031430 -0.094160
v 0.076882 0.031430 -0.066910
v 0.094098 0.031430 -0.084163
v 0.070463 0.031430 -0.090531
v 0.090500 0.031430 -0.070538
v 0.066864 0.029630 -0.076906
v 0.084080 0.029630 -0.094160
v 0.076882 0.029630 -0.066910
v 0.094098 0.029630 -0.084163
v 0.070463 0.029630 -0.090531
v 0.090500 0.029630 -0.070538
v -0.091217 0.033230 0.083480
v -0.077974 0.033230 0.070208
v -0.083510 0.033230 0.091169
v -0.070268 0.033230 0.077897
v -0.088448 0.033230 0.072999
v -0.073036 0.033230 0.088378
v -0.088448 0.041092 0.072999
v -0.077974 0.041092 0.070208
v -0.073036 0.041092 0.088378
v -0.083510 0.041092 0.091169
v -0.091217 0.041092 0.083480
v -0.070268 0.041092 0.077897
v -0.094359 0.031430 0.084317
v -0.077143 0.031430 0.067064
v -0.084341 0.031430 0.094314
v -0.067125 0.031430 0.077060
v -0.090760 0.031430 0.070692
v -0.070724 0.031430 0.090685
v -0.094359 0.029630 0.084317
v -0.077143 0.029630 0.067064
v -0.084341 0.029630 0.094314
v -0.067125 0.029630 0.077060
v -0.090760 0.029630 0.070692
v -0.070724 0.029630 0.090685
v -0.077740 0.033230 -0.070003
v -0.091012 0.033230 -0.083246
v -0.070051 0.033230 -0.077710
v -0.083323 0.033230 -0.090953
v -0.088221 0.033230 -0.072772
v -0.072842 0.033230 -0.088184
v -0.088221 0.041092 -0.072772
v -0.091012 0.041092 -0.083246
v -0.072842 0.041092 -0.088184
v -0.070051 0.041092 -0.077710
v -0.077740 0.041092 -0.070003
v -0.083323 0.041092 -0.090953
v -0.076903 0.031430 -0.066861
v -0.094156 0.031430 -0.084077
v -0.066907 0.031430 -0.076879
v -0.084160 0.031430 -0.094095
v -0.090528 0.031430 -0.070460
v -0.070535 0.031430 -0.090496
v -0.076903 0.029630 -0.066861
v -0.094156 0.029630 -0.084077
v -0.066907 0.029630 -0.076879
v -0.084160 0.029630 -0.094095
v -0.090528 0.029630 -0.070460
v -0.070535 0.029630 -0.090496
v 0.083483 0.033230 0.091220
v 0.070211 0.033230 0.077977
v 0.091173 0.033230 0.083513
v 0.077901 0.033230 0.070271
v 0.073002 0.033230 0.088452
v 0.088381 0.033230 0.073039
v 0.073002 0.041092 0.088452
v 0.070211 0.041092 0.077977
v 0.088381 0.041092 0.073039
v 0.091173 0.041092 0.083513
v 0.083483 0.041092 0.091220
v 0.077901 0.041092 0.070271
v 0.084320 0.031430 0.094362
v 0.067067 0.031430 0.077146
v 0.094317 0.031430 0.084344
v 0.077063 0.031430 0.067128
v 0.070696 0.031430 0.090763
v 0.090688 0.031430 0.070727
v 0.084320 0.029630 0.094362
v 0.067067 0.029630 0.077146
v 0.094317 0.029630 0.084344
v 0.077063 0.029630 0.067128
v 0.070696 0.029630 0.090763
v 0.090688 0.029630 0.070727
v 0.065001 1.500000 -0.112583
v 0.112584 1.500000 -0.065000
v 0.000001 1.500000 -0.130000
v 0.130001 1.500000 0.000000
v 0.112584 1.500000 0.065000
v 0.065001 1.500000 0.112583
v 0.000001 1.500000 0.130000
v -0.112583 1.500000 -0.065000
v -0.064999 1.500000 -0.112583
v -0.129999 1.500000 0.000000
v -0.064999 1.500000 0.112583
v -0.112583 1.500000 0.065000
v 0.112584 1.470000 -0.065000
v 0.065001 1.470000 -0.112583
v 0.130001 1.470000 0.000000
v 0.000001 1.470000 -0.130000
v 0.065001 1.470000 0.112583
v 0.112584 1.470000 0.065000
v 0.000001 1.470000 0.130000
v -0.064999 1.470000 -0.112583
v -0.112583 1.470000 -0.065000
v -0.129999 1.470000 0.000000
v -0.112583 1.470000 0.065000
v -0.064999 1.470000 0.112583
v -0.104468 1.466770 -0.005473
v -0.123217 1.466770 -0.005493
v -0.104480 1.466770 0.005414
v -0.123229 1.466770 0.005393
v -0.113837 1.466770 -0.010926
v -0.113861 1.466770 0.010847
v -0.113837 1.458908 -0.010926
v -0.123217 1.458908 -0.005493
v -0.113861 1.458908 0.010847
v -0.104480 1.458908 0.005414
v -0.104468 1.458908 -0.005473
v -0.123229 1.458908 0.005393
v -0.101654 1.468570 -0.007103
v -0.126028 1.468570 -0.007130
v -0.101670 1.468570 0.007050
v -0.126043 1.468570 0.007023
v -0.113833 1.468570 -0.014192
v -0.113864 1.468570 0.014112
v -0.101654 1.470370 -0.007103
v -0.126028 1.470370 -0.007130
v -0.101670 1.470370 0.007050
v -0.126043 1.470370 0.007023
v -0.113833 1.470370 -0.014192
v -0.113864 1.470370 0.014112
v 0.123536 1.466770 -0.005473
v 0.104787 1.466770 -0.005493
v 0.123524 1.466770 0.005414
v 0.104775 1.466770 0.005393
v 0.114168 1.466770 -0.010926
v 0.114143 1.466770 0.010847
v 0.114168 1.458908 -0.010926
v 0.104787 1.458908 -0.005493
v 0.114144 1.458908 0.010847
v 0.123524 1.458908 0.005414
v 0.123536 1.458908 -0.005473
v 0.104775 1.458908 0.005393
v 0.126350 1.468570 -0.007103
v 0.101977 1.468570 -0.007130
v 0.126334 1.468570 0.007050
v 0.101961 1.468570 0.007023
v 0.114171 1.468570 -0.014192
v 0.114140 1.468570 0.014112
v 0.126350 1.470370 -0.007103
v 0.101977 1.470370 -0.007130
v 0.126334 1.470370 0.007050
v 0.101961 1.470370 0.007023
v 0.114171 1.470370 -0.014192
v 0.114140 1.470370 0.014112
v 0.005477 1.466770 -0.104473
v 0.005498 1.466770 -0.123221
v -0.005409 1.466770 -0.104485
v -0.005388 1.466770 -0.123233
v 0.010931 1.466770 -0.113841
v -0.010842 1.466770 -0.113865
v 0.010931 1.458908 -0.113841
v 0.005498 1.458908 -0.123221
v -0.010842 1.458908 -0.113865
v -0.005409 1.458908 -0.104485
v 0.005477 1.458908 -0.104473
v -0.005388 1.458908 -0.123233
v 0.007107 1.468570 -0.101659
v 0.007134 1.468570 -0.126032
v -0.007045 1.468570 -0.101674
v -0.007018 1.468570 -0.126048
v 0.014197 1.468570 -0.113838
v -0.014108 1.468570 -0.113869
v 0.007107 1.470370 -0.101659
v 0.007134 1.470370 -0.126032
v -0.007045 1.470370 -0.101674
v -0.007018 1.470370 -0.126048
v 0.014197 1.470370 -0.113838
v -0.014108 1.470370 -0.113869
v 0.005477 1.466770 0.123531
v 0.005498 1.466770 0.104783
v -0.005409 1.466770 0.123519
v -0.005388 1.466770 0.104771
v 0.010931 1.466770 0.114163
v -0.010842 1.466770 0.114139
v 0.010931 1.458908 0.114163
v 0.005498 1.458908 0.104783
v -0.010842 1.458908 0.114139
v -0.005409 1.458908 0.123519
v 0.005477 1.458908 0.123531
v -0.005388 1.458908 0.104771
v 0.007107 1.468570 0.126345
v 0.007134 1.468570 0.101972
v -0.007045 1.468570 0.126330
v -0.007018 1.468570 0.101956
v 0.014197 1.468570 0.114167
v -0.014108 1.468570 0.114135
v 0.007107 1.470370 0.126345
v 0.007134 1.470370 0.101972
v -0.007045 1.470370 0.126330
v -0.007018 1.470370 0.101956
v 0.014197 1.470370 0.114167
v -0.014108 1.470370 0.114135
v -0.069999 1.466770 -0.077743
v -0.083242 1.466770 -0.091015
v -0.077705 1.466770 -0.070054
v -0.090948 1.466770 -0.083326
v -0.072767 1.466770 -0.088224
v -0.088180 1.466770 -0.072845
v -0.072767 1.458908 -0.088224
v -0.083242 1.458908 -0.091015
v -0.088180 1.458908 -0.072845
v -0.077705 1.458908 -0.070054
v -0.069999 1.458908 -0.077743
v -0.090948 1.458908 -0.083326
v -0.066857 1.468570 -0.076906
v -0.084072 1.468570 -0.094159
v -0.076875 1.468570 -0.066910
v -0.094090 1.468570 -0.084163
v -0.070455 1.468570 -0.090531
v -0.090492 1.468570 -0.070538
v -0.066857 1.470370 -0.076906
v -0.084072 1.470370 -0.094159
v -0.076875 1.470370 -0.066910
v -0.094090 1.470370 -0.084163
v -0.070455 1.470370 -0.090531
v -0.090492 1.470370 -0.070538
v 0.091224 1.466770 0.083480
v 0.077981 1.466770 0.070208
v 0.083518 1.466770 0.091169
v 0.070275 1.466770 0.077897
v 0.088456 1.466770 0.072999
v 0.073043 1.466770 0.088378
v 0.088456 1.458908 0.072999
v 0.077981 1.458908 0.070208
v 0.073043 1.458908 0.088378
v 0.083518 1.458908 0.091169
v 0.091224 1.458908 0.083480
v 0.070275 1.458908 0.077897
v 0.094367 1.468570 0.084317
v 0.077151 1.468570 0.067064
v 0.084348 1.468570 0.094314
v 0.067133 1.468570 0.077060
v 0.090768 1.468570 0.070692
v 0.070731 1.468570 0.090685
v 0.094367 1.470370 0.084317
v 0.077151 1.470370 0.067064
v 0.084348 1.470370 0.094314
v 0.067133 1.470370 0.077060
v 0.090768 1.470370 0.070692
v 0.070731 1.470370 0.090685
v 0.077748 1.466770 -0.070003
v 0.091020 1.466770 -0.083246
v 0.070058 1.466770 -0.077710
v 0.083330 1.466770 -0.090953
v 0.088228 1.466770 -0.072772
v 0.072850 1.466770 -0.088184
v 0.088228 1.458908 -0.072772
v 0.091020 1.458908 -0.083246
v 0.072850 1.458908 -0.088184
v 0.070058 1.458908 -0.077710
v 0.077748 1.458908 -0.070003
v 0.083330 1.458908 -0.090953
v 0.076910 1.468570 -0.066861
v 0.094164 1.468570 -0.084077
v 0.066914 1.468570 -0.076879
v 0.084168 1.468570 -0.094095
v 0.090535 1.468570 -0.070460
v 0.070543 1.468570 -0.090496
v 0.076910 1.470370 -0.066861
v 0.094164 1.470370 -0.084077
v 0.066914 1.470370 -0.076879
v 0.084168 1.470370 -0.094095
v 0.090535 1.470370 -0.070460
v 0.070543 1.470370 -0.090496
v -0.083475 1.466770 0.091220
v -0.070203 1.466770 0.077977
v -0.091165 1.466770 0.083513
v -0.077893 1.466770 0.070271
v -0.072995 1.466770 0.088452
v -0.088374 1.466770 0.073039
v -0.072995 1.458908 0.088452
v -0.070203 1.458908 0.077977
v -0.088374 1.458908 0.073039
v -0.091165 1.458908 0.083513
v -0.083475 1.458908 0.091220
v -0.077893 1.458908 0.070271
v -0.084313 1.468570 0.094362
v -0.067059 1.468570 0.077146
v -0.094309 1.468570 0.084344
v -0.077055 1.468570 0.067128
v -0.070688 1.468570 0.090763
v -0.090680 1.468570 0.070727
v -0.084313 1.470370 0.094362
v -0.067059 1.470370 0.077146
v -0.094309 1.470370 0.084344
v -0.077055 1.470370 0.067128
v -0.070688 1.470370 0.090763
v -0.090680 1.470370 0.070727
v -0.112576 1.530000 -0.065000
v -0.064993 1.530000 -0.112583
v -0.129993 1.530000 0.000000
v 0.000007 1.530000 -0.130000
v -0.064993 1.530000 0.112583
v -0.112576 1.530000 0.065000
v 0.000007 1.530000 0.130000
v 0.065007 1.530000 -0.112583
v 0.112590 1.530000 -0.065000
v 0.130007 1.530000 0.000000
v 0.112590 1.530000 0.065000
v 0.065007 1.530000 0.112583
v 0.104476 1.533230 -0.005473
v 0.123225 1.533230 -0.005493
v 0.104488 1.533230 0.005414
v 0.123237 1.533230 0.005393
v 0.113844 1.533230 -0.010926
v 0.113868 1.533230 0.010847
v 0.113844 1.541092 -0.010926
v 0.123225 1.541092 -0.005493
v 0.113868 1.541092 0.010847
v 0.104488 1.541092 0.005414
v 0.104476 1.541092 -0.005473
v 0.123237 1.541092 0.005393
v 0.101662 1.531430 -0.007103
v 0.126035 1.531430 -0.007130
v 0.101677 1.531430 0.007050
v 0.126051 1.531430 0.007023
v 0.113841 1.531430 -0.014192
v 0.113872 1.531430 0.014112
v 0.101662 1.529630 -0.007103
v 0.126035 1.529630 -0.007130
v 0.101677 1.529630 0.007050
v 0.126051 1.529630 0.007023
v 0.113841 1.529630 -0.014192
v 0.113872 1.529630 0.014112
v -0.123528 1.533230 -0.005473
v -0.104779 1.533230 -0.005493
v -0.123516 1.533230 0.005414
v -0.104768 1.533230 0.005393
v -0.114160 1.533230 -0.010926
v -0.114136 1.533230 0.010847
v -0.114160 1.541092 -0.010926
v -0.104779 1.541092 -0.005493
v -0.114136 1.541092 0.010847
v -0.123516 1.541092 0.005414
v -0.123528 1.541092 -0.005473
v -0.104768 1.541092 0.005393
v -0.126342 1.531430 -0.007103
v -0.101969 1.531430 -0.007130
v -0.126327 1.531430 0.007050
v -0.101953 1.531430 0.007023
v -0.114163 1.531430 -0.014192
v -0.114132 1.531430 0.014112
v -0.126342 1.529630 -0.007103
v -0.101969 1.529630 -0.007130
v -0.126327 1.529630 0.007050
v -0.101953 1.529630 0.007023
v -0.114163 1.529630 -0.014192
v -0.114132 1.529630 0.014112
v -0.005470 1.533230 -0.104473
v -0.005490 1.533230 -0.123221
v 0.005417 1.533230 -0.104485
v 0.005396 1.533230 -0.123233
v -0.010923 1.533230 -0.113841
v 0.010850 1.533230 -0.113865
v -0.010923 1.541092 -0.113841
v -0.005490 1.541092 -0.123221
v 0.010850 1.541092 -0.113865
v 0.005417 1.541092 -0.104485
v -0.005470 1.541092 -0.104473
v 0.005396 1.541092 -0.123233
v -0.007100 1.531430 -0.101659
v -0.007126 1.531430 -0.126032
v 0.007053 1.531430 -0.101674
v 0.007026 1.531430 -0.126048
v -0.014189 1.531430 -0.113838
v 0.014116 1.531430 -0.113869
v -0.007100 1.529630 -0.101659
v -0.007126 1.529630 -0.126032
v 0.007053 1.529630 -0.101674
v 0.007026 1.529630 -0.126048
v -0.014189 1.529630 -0.113838
v 0.014116 1.529630 -0.113869
v -0.005470 1.533230 0.123531
v -0.005490 1.533230 0.104783
v 0.005417 1.533230 0.123519
v 0.005396 1.533230 0.104771
v -0.010923 1.533230 0.114163
v 0.010850 1.533230 0.114139
v -0.010923 1.541092 0.114163
v -0.005490 1.541092 0.104783
v 0.010850 1.541092 0.114139
v 0.005417 1.541092 0.123519
v -0.005470 1.541092 0.123531
v 0.005396 1.541092 0.104771
v -0.007100 1.531430 0.126345
v -0.007126 1.531430 0.101972
v 0.007053 1.531430 0.126330
v 0.007026 1.531430 0.101956
v -0.014189 1.531430 0.114167
v 0.014116 1.531430 0.114135
v -0.007100 1.529630 0.126345
v -0.007126 1.529630 0.101972
v 0.007053 1.529630 0.126330
v 0.007026 1.529630 0.101956
v -0.014189 1.529630 0.114167
v 0.014116 1.529630 0.114135
v 0.070007 1.533230 -0.077743
v 0.083249 1.533230 -0.091015
v 0.077713 1.533230 -0.070054
v 0.090956 1.533230 -0.083326
v 0.072775 1.533230 -0.088224
v 0.088188 1.533230 -0.072845
v 0.072775 1.541092 -0.088224
v 0.083249 1.541092 -0.091015
v 0.088187 1.541092 -0.072845
v 0.077713 1.541092 -0.070054
v 0.070007 1.541092 -0.077743
v 0.090956 1.541092 -0.083326
v 0.066864 1.531430 -0.076906
v 0.084080 1.531430 -0.094159
v 0.076882 1.531430 -0.066910
v 0.094098 1.531430 -0.084163
v 0.070463 1.531430 -0.090531
v 0.090500 1.531430 -0.070538
v 0.066864 1.529630 -0.076906
v 0.084080 1.529630 -0.094159
v 0.076882 1.529630 -0.066910
v 0.094098 1.529630 -0.084163
v 0.070463 1.529630 -0.090531
v 0.090500 1.529630 -0.070538
v -0.091217 1.533230 0.083480
v -0.077974 1.533230 0.070208
v -0.083510 1.533230 0.091169
v -0.070268 1.533230 0.077897
v -0.088448 1.533230 0.072999
v -0.073036 1.533230 0.088378
v -0.088448 1.541092 0.072999
v -0.077974 1.541092 0.070208
v -0.073036 1.541092 0.088378
v -0.083510 1.541092 0.091169
v -0.091217 1.541092 0.083480
v -0.070268 1.541092 0.077897
v -0.094359 1.531430 0.084317
v -0.077143 1.531430 0.067064
v -0.084341 1.531430 0.094314
v -0.067125 1.531430 0.077060
v -0.090760 1.531430 0.070692
v -0.070724 1.531430 0.090685
v -0.094359 1.529630 0.084317
v -0.077143 1.529630 0.067064
v -0.084341 1.529630 0.094314
v -0.067125 1.529630 0.077060
v -0.090760 1.529630 0.070692
v -0.070724 1.529630 0.090685
v -0.077740 1.533230 -0.070003
v -0.091012 1.533230 -0.083246
v -0.070051 1.533230 -0.077710
v -0.083323 1.533230 -0.090953
v -0.088221 1.533230 -0.072772
v -0.072842 1.533230 -0.088184
v -0.088221 1.541092 -0.072772
v -0.091012 1.541092 -0.083246
v -0.072842 1.541092 -0.088184
v -0.070051 1.541092 -0.077710
v -0.077740 1.541092 -0.070003
v -0.083323 1.541092 -0.090953
v -0.076903 1.531430 -0.066861
v -0.094156 1.531430 -0.084077
v -0.066907 1.531430 -0.076879
v -0.084160 1.531430 -0.094095
v -0.090528 1.531430 -0.070460
v -0.070535 1.531430 -0.090496
v -0.076903 1.529630 -0.066861
v -0.094156 1.529630 -0.084077
v -0.066907 1.529630 -0.076879
v -0.084160 1.529630 -0.094095
v -0.090528 1.529630 -0.070460
v -0.070535 1.529630 -0.090496
v 0.083483 1.533230 0.091220
v 0.070211 1.533230 0.077977
v 0.091173 1.533230 0.083513
v 0.077901 1.533230 0.070271
v 0.073002 1.533230 0.088452
v 0.088381 1.533230 0.073039
v 0.073002 1.541092 0.088452
v 0.070211 1.541092 0.077977
v 0.088381 1.541092 0.073039
v 0.091173 1.541092 0.083513
v 0.083483 1.541092 0.091220
v 0.077901 1.541092 0.070271
v 0.084320 1.531430 0.094362
v 0.067067 1.531430 0.077146
v 0.094317 1.531430 0.084344
v 0.077063 1.531430 0.067128
v 0.070696 1.531430 0.090763
v 0.090688 1.531430 0.070727
v 0.084320 1.529630 0.094362
v 0.067067 1.529630 0.077146
v 0.094317 1.529630 0.084344
v 0.077063 1.529630 0.067128
v 0.070696 1.529630 0.090763
v 0.090688 1.529630 0.070727
vn -0.5000 -0.0000 0.8660
vn -0.8660 -0.0000 0.5000
vn -1.0000 -0.0000 -0.0000
vn -0.5000 -0.0000 -0.8660
vn -0.8660 -0.0000 -0.5000
vn -0.0000 -0.0000 -1.0000
vn 1.0000 -0.0000 -0.0000
vn 0.8660 -0.0000 -0.5000
vn 0.5000 -0.0000 -0.8660
vn -0.0000 -0.0000 1.0000
vn 0.5000 -0.0000 0.8660
vn 0.8660 -0.0000 0.5000
vn -0.8258 0.3012 -0.4768
vn -0.4768 0.3012 -0.8258
vn 0.9348 0.3552 -0.0000
vn 0.8096 0.3552 -0.4674
vn -0.4674 0.3552 -0.8096
vn -0.8096 0.3552 -0.4674
vn -0.4674 0.3552 0.8096
vn -0.8096 0.3552 0.4674
vn -0.0000 -0.3303 -0.9439
vn -0.4719 -0.3303 -0.8174
vn -0.4719 -0.3303 0.8174
vn -0.0000 -0.3303 0.9439
vn -0.8174 0.3303 -0.4719
vn -0.4719 0.3303 -0.8174
vn -0.9439 0.3303 -0.0000
vn -0.8174 -0.3303 -0.4719
vn -0.9439 -0.3303 -0.0000
vn 0.4719 0.3303 -0.8174
vn 0.8174 0.3303 -0.4719
vn 0.4719 -0.3303 0.8174
vn 0.8174 -0.3303 -0.4719
vn 0.4719 -0.3303 -0.8174
vn -0.0000 0.3303 -0.9439
vn 0.8174 0.3303 0.4719
vn 0.4719 0.3303 0.8174
vn -0.8174 -0.3303 0.4719
vn 0.8174 -0.3303 0.4719
vn 0.9439 0.3303 -0.0000
vn -0.8179 0.3288 -0.4722
vn -0.4722 0.3288 -0.8179
vn -0.9444 0.3288 -0.0000
vn -0.4722 -0.3288 -0.8179
vn -0.8179 -0.3288 -0.4722
vn -0.9444 -0.3288 -0.0000
vn 0.4722 0.3288 -0.8179
vn 0.8179 0.3288 -0.4722
vn -0.0000 -0.3288 0.9444
vn 0.4722 -0.3288 0.8179
vn 0.8179 -0.3288 -0.4722
vn 0.4722 -0.3288 -0.8179
vn -0.0000 0.3288 -0.9444
vn 0.8179 0.3288 0.4722
vn 0.4722 0.3288 0.8179
vn -0.8179 -0.3288 0.4722
vn -0.4722 -0.3288 0.8179
vn 0.8179 -0.3288 0.4722
vn 0.9444 0.3288 -0.0000
vn -0.0000 0.3288 0.9444
vn -0.4722 0.3288 0.8179
vn -0.8179 0.3288 0.4722
vn 0.9444 -0.3288 -0.0000
vn -0.0000 -0.3288 -0.9444
vn -0.0000 0.3303 0.9439
vn -0.4719 0.3303 0.8174
vn -0.8174 0.3303 0.4719
vn 0.9439 -0.3303 -0.0000
vn -0.0000 0.3012 -0.9536
vn -0.8258 -0.3012 -0.4768
vn -0.4768 -0.3012 -0.8258
vn -0.9536 0.3012 -0.0000
vn -0.9536 -0.3012 -0.0000
vn 0.9536 -0.3012 -0.0000
vn 0.8258 -0.3012 -0.4768
vn -0.8258 -0.3012 0.4768
vn 0.8258 0.3012 -0.4768
vn 0.9536 0.3012 -0.0000
vn 0.4768 -0.3012 -0.8258
vn 0.4768 0.3012 -0.8258
vn -0.0000 -0.3012 -0.9536
vn -0.0000 -0.3012 0.9536
vn 0.4768 -0.3012 0.8258
vn 0.4768 0.3012 0.8258
vn -0.0000 0.3012 0.9536
vn 0.8258 -0.3012 0.4768
vn 0.8258 0.3012 0.4768
vn -0.4768 -0.3012 0.8258
vn -0.8258 0.3012 0.4768
vn -0.4768 0.3012 0.8258
vn 0.8096 0.3552 0.4674
vn 0.4674 0.3552 0.8096
vn 0.4674 -0.3552 -0.8096
vn -0.0000 -0.3552 -0.9348
vn 0.8096 -0.3552 0.4674
vn 0.9348 -0.3552 -0.0000
vn 0.4674 -0.3552 0.8096
vn -0.0000 0.3552 -0.9348
vn 0.4674 0.3552 -0.8096
vn -0.9348 0.3552 -0.0000
vn -0.0000 0.3552 0.9348
vn 0.8096 -0.3552 -0.4674
vn -0.0000 -0.3552 0.9348
vn -0.4674 -0.3552 -0.8096
vn -0.8096 -0.3552 -0.4674
vn -0.9348 -0.3552 -0.0000
vn -0.8096 -0.3552 0.4674
vn -0.4674 -0.3552 0.8096
vn -0.0000 -1.0000 -0.0000
vn -0.5012 -0.0000 -0.8654
vn -0.5031 -0.0000 0.8642
vn 1.0000 -0.0000 0.0011
vn -1.0000 -0.0000 -0.0011
vn 0.5012 -0.0000 0.8653
vn 0.5031 -0.0000 -0.8642
vn -0.0005 -0.8758 0.4827
vn 0.4199 -0.8749 0.2413
vn 0.4193 -0.8749 0.2424
vn 0.4204 -0.8749 -0.2404
vn 0.4198 -0.8749 -0.2415
vn 0.0005 -0.8758 -0.4827
vn -0.4198 -0.8749 -0.2413
vn -0.4192 -0.8749 -0.2424
vn -0.4204 -0.8749 0.2404
vn -0.4198 -0.8749 0.2415
vn 0.0011 -0.0000 -1.0000
vn -0.8661 -0.0000 -0.4999
vn -0.8672 -0.0000 0.4980
vn 0.8672 -0.0000 -0.4980
vn -0.0011 -0.0000 1.0000
vn 0.8661 -0.0000 0.4999
vn -0.5012 -0.0000 -0.8653
vn 0.8653 -0.0000 -0.5012
vn -0.8642 -0.0000 -0.5031
vn -0.8653 -0.0000 0.5012
vn 0.8642 -0.0000 0.5031
vn -0.4827 -0.8758 -0.0005
vn -0.2413 -0.8749 0.4199
vn -0.2424 -0.8749 0.4193
vn 0.2404 -0.8749 0.4204
vn 0.2415 -0.8749 0.4198
vn 0.4827 -0.8758 0.0005
vn 0.2414 -0.8749 -0.4198
vn 0.2424 -0.8749 -0.4192
vn -0.2404 -0.8749 -0.4204
vn -0.2415 -0.8749 -0.4198
vn 0.4999 -0.0000 -0.8661
vn -0.4980 -0.0000 -0.8672
vn 0.4980 -0.0000 0.8672
vn -0.4999 -0.0000 0.8661
vn -0.2414 -0.8749 0.4199
vn 0.2413 -0.8749 -0.4198
vn 0.2575 -0.0000 -0.9663
vn -0.9668 -0.0000 0.2554
vn 0.7063 -0.0000 0.7079
vn -0.7063 -0.0000 -0.7079
vn -0.2575 -0.0000 0.9663
vn 0.9668 -0.0000 -0.2554
vn -0.3417 -0.8758 0.3409
vn 0.1262 -0.8749 0.4676
vn 0.1251 -0.8749 0.4679
vn 0.4673 -0.8749 0.1273
vn 0.4676 -0.8749 0.1261
vn 0.3417 -0.8758 -0.3409
vn -0.1262 -0.8749 -0.4675
vn -0.1251 -0.8749 -0.4678
vn -0.4673 -0.8749 -0.1272
vn -0.4676 -0.8749 -0.1261
vn 0.7079 -0.0000 -0.7063
vn -0.2589 -0.0000 -0.9659
vn -0.9653 -0.0000 -0.2611
vn 0.9653 -0.0000 0.2611
vn -0.7079 -0.0000 0.7063
vn 0.2589 -0.0000 0.9659
vn 0.9663 -0.0000 0.2575
vn -0.2554 -0.0000 -0.9668
vn -0.9663 -0.0000 -0.2575
vn 0.2554 -0.0000 0.9668
vn -0.3410 -0.8758 -0.3417
vn -0.4676 -0.8749 0.1262
vn -0.4679 -0.8749 0.1251
vn -0.3409 -0.8758 -0.3417
vn -0.1273 -0.8749 0.4673
vn -0.1261 -0.8749 0.4676
vn 0.3409 -0.8758 0.3417
vn 0.4675 -0.8749 -0.1262
vn 0.4678 -0.8749 -0.1251
vn 0.1273 -0.8749 -0.4672
vn 0.1261 -0.8749 -0.4676
vn 0.9659 -0.0000 -0.2590
vn 0.2611 -0.0000 -0.9653
vn -0.2611 -0.0000 0.9653
vn -0.9659 -0.0000 0.2589
vn -0.4675 -0.8749 0.1262
vn -0.4678 -0.8749 0.1251
vn -0.1272 -0.8749 0.4673
vn 0.3410 -0.8758 0.3417
vn 0.4679 -0.8749 -0.1251
vn 0.1272 -0.8749 -0.4672
vn 0.9659 -0.0000 -0.2589
vn -0.0000 1.0000 -0.0000
vn 0.5012 -0.0000 -0.8653
vn 0.5031 -0.0000 0.8642
vn -1.0000 -0.0000 0.0011
vn 1.0000 -0.0000 -0.0011
vn -0.5012 -0.0000 0.8653
vn -0.5031 -0.0000 -0.8642
vn 0.0005 0.8758 0.4827
vn -0.4199 0.8749 0.2413
vn -0.4193 0.8749 0.2424
vn -0.4204 0.8749 -0.2404
vn -0.4198 0.8749 -0.2415
vn -0.0005 0.8758 -0.4827
vn 0.4198 0.8749 -0.2413
vn 0.4192 0.8749 -0.2424
vn 0.4204 0.8749 0.2404
vn 0.4198 0.8749 0.2415
vn -0.0011 -0.0000 -1.0000
vn 0.8661 -0.0000 -0.4999
vn 0.8672 -0.0000 0.4980
vn -0.8672 -0.0000 -0.4980
vn 0.0011 -0.0000 1.0000
vn -0.8661 -0.0000 0.4999
vn -0.8653 -0.0000 -0.5012
vn 0.8642 -0.0000 -0.5031
vn 0.8653 -0.0000 0.5012
vn -0.8642 -0.0000 0.5031
vn 0.4827 0.8758 -0.0005
vn 0.2414 0.8749 0.4199
vn 0.2424 0.8749 0.4193
vn -0.2404 0.8749 0.4204
vn -0.2415 0.8749 0.4198
vn -0.4827 0.8758 0.0005
vn -0.2413 0.8749 -0.4198
vn -0.2424 0.8749 -0.4192
vn 0.2404 0.8749 -0.4204
vn 0.2415 0.8749 -0.4198
vn -0.4999 -0.0000 -0.8661
vn 0.4980 -0.0000 -0.8672
vn -0.4980 -0.0000 0.8672
vn 0.4999 -0.0000 0.8661
vn -0.2575 -0.0000 -0.9663
vn 0.9668 -0.0000 0.2554
vn -0.7063 -0.0000 0.7079
vn 0.7063 -0.0000 -0.7079
vn 0.2575 -0.0000 0.9663
vn -0.9668 -0.0000 -0.2554
vn 0.3417 0.8758 0.3409
vn -0.1262 0.8749 0.4676
vn -0.1251 0.8749 0.4679
vn -0.4673 0.8749 0.1273
vn -0.4676 0.8749 0.1261
vn -0.3417 0.8758 -0.3409
vn 0.1262 0.8749 -0.4675
vn 0.1251 0.8749 -0.4678
vn 0.4672 0.8749 -0.1272
vn 0.4676 0.8749 -0.1261
vn -0.7079 -0.0000 -0.7063
vn 0.2589 -0.0000 -0.9659
vn 0.2590 -0.0000 -0.9659
vn 0.9653 -0.0000 -0.2611
vn -0.9653 -0.0000 0.2611
vn 0.7079 -0.0000 0.7063
vn -0.2590 -0.0000 0.9659
vn -0.2589 -0.0000 0.9659
vn -0.9663 -0.0000 0.2575
vn 0.2554 -0.0000 -0.9668
vn 0.9663 -0.0000 -0.2575
vn -0.2554 -0.0000 0.9668
vn 0.3410 0.8758 -0.3417
vn 0.4676 0.8749 0.1262
vn 0.4679 0.8749 0.1251
vn 0.3409 0.8758 -0.3417
vn 0.1273 0.8749 0.4673
vn 0.1261 0.8749 0.4676
vn -0.3409 0.8758 0.3417
vn -0.4675 0.8749 -0.1262
vn -0.4678 0.8749 -0.1251
vn -0.1272 0.8749 -0.4672
vn -0.1261 0.8749 -0.4676
vn -0.9659 -0.0000 -0.2590
vn -0.2611 -0.0000 -0.9653
vn 0.2611 -0.0000 0.9653
vn 0.9659 -0.0000 0.2590
vn 0.9659 -0.0000 0.2589
vn -0.9659 -0.0000 -0.2589
vn 0.0006 -0.8758 -0.4827
vn -0.4203 -0.8749 0.2404
vn -0.4197 -0.8749 0.2415
vn -0.2414 -0.8749 -0.4198
vn -0.1250 -0.8749 -0.4678
vn -0.4672 -0.8749 -0.1272
vn -0.2590 -0.0000 -0.9659
vn 0.2590 -0.0000 0.9659
vn -0.9659 -0.0000 0.2590
vn -0.8660 0.0002 0.5000
vn -1.0000 0.0002 -0.0000
vn -0.5000 0.0001 -0.8660
vn -0.8660 0.0002 -0.5000
vn 0.5000 -0.0001 -0.8660
vn 0.5000 -0.0001 0.8660
vn 0.8660 -0.0002 0.5000
vn -0.5000 0.0001 0.8660
vn 0.8660 -0.0002 -0.5000
vn 1.0000 -0.0002 -0.0000
vn 0.4199 0.8749 -0.2413
vn 0.4193 0.8749 -0.2424
vn 0.2413 0.8749 0.4199
vn 0.2414 0.8749 -0.4198
vn 0.1250 0.8749 -0.4678
vt 0.452140 1.875000
vt 0.404281 1.875000
vt 0.404281 1.521255
vt 0.452140 1.521255
vt 0.356421 1.875000
vt 0.355046 1.521255
vt 0.257952 1.478400
vt 0.257952 1.015972
vt 0.305812 1.015972
vt 0.305812 1.478400
vt 0.257952 -0.874999
vt 0.305812 -0.874999
vt 0.305812 -0.523419
vt 0.257952 -0.523419
vt 0.210092 -0.481237
vt 0.257952 -0.481237
vt 0.257952 -0.024218
vt 0.210092 -0.024218
vt 0.649079 -0.875000
vt 0.696938 -0.875000
vt 0.696938 -0.523420
vt 0.647704 -0.523420
vt 0.744798 -0.875000
vt 0.744798 -0.523420
vt 0.792658 -0.875000
vt 0.792658 -0.523420
vt 0.502750 -0.875000
vt 0.550610 -0.875000
vt 0.550610 -0.523420
vt 0.501375 -0.523420
vt 0.598469 -0.875000
vt 0.598469 -0.523420
vt 0.646329 -0.875000
vt 0.305812 -0.481237
vt 0.305812 -0.024218
vt 0.355046 -0.481238
vt 0.355046 -0.024219
vt 0.647704 -0.481238
vt 0.696938 -0.481238
vt 0.696938 -0.024219
vt 0.647704 -0.024219
vt 0.257952 -0.502328
vt 0.305812 -0.502328
vt 0.744798 -0.481238
vt 0.744798 -0.024219
vt 0.792658 -0.481238
vt 0.792658 -0.024219
vt 0.501375 -0.481238
vt 0.550610 -0.481238
vt 0.550610 -0.024219
vt 0.501375 -0.024219
vt 0.598469 -0.481238
vt 0.598469 -0.024219
vt 0.452140 0.019112
vt 0.452140 0.980911
vt 0.404281 0.980911
vt 0.404281 0.019112
vt 0.452140 -0.024219
vt 0.452140 -0.481238
vt 0.210092 1.875000
vt 0.210092 1.521256
vt 0.257952 1.521256
vt 0.257952 1.875000
vt 0.404281 -0.874999
vt 0.404281 -0.523420
vt 0.355046 -0.523420
vt 0.356421 -0.874999
vt 0.210092 -0.523419
vt 0.210092 -0.874999
vt 0.353671 -0.874999
vt 0.404281 -0.481238
vt 0.404281 -0.024219
vt 0.501375 1.478399
vt 0.452140 1.478400
vt 0.452140 1.015972
vt 0.501375 1.015972
vt 0.501375 0.019112
vt 0.501375 0.980911
vt 0.647704 0.019111
vt 0.647704 0.980911
vt 0.598469 0.980911
vt 0.598469 0.019111
vt 0.550610 0.980911
vt 0.550610 0.019112
vt 0.744798 0.980911
vt 0.744798 0.019111
vt 0.792658 0.019111
vt 0.792658 0.980911
vt 0.696938 0.980911
vt 0.696938 0.019111
vt 0.305812 0.980911
vt 0.305812 0.019112
vt 0.355046 0.019112
vt 0.355046 0.980911
vt 0.210092 0.980912
vt 0.210092 0.019112
vt 0.257952 0.019112
vt 0.257952 0.980912
vt 0.501375 1.521255
vt 0.500000 1.874999
vt 0.210092 1.478400
vt 0.210092 1.015972
vt 0.647704 1.015971
vt 0.647704 0.998441
vt 0.696938 0.998441
vt 0.696938 1.015971
vt 0.257952 0.998442
vt 0.305812 0.998442
vt 0.550610 1.015972
vt 0.550610 1.478400
vt 0.598469 1.015972
vt 0.598469 1.478400
vt 0.647704 1.478399
vt 0.696938 1.478399
vt 0.355046 1.015972
vt 0.355046 1.478400
vt 0.404281 0.998441
vt 0.452140 0.998441
vt 0.404281 1.015972
vt 0.404281 1.478400
vt 0.598469 1.874999
vt 0.598469 1.521255
vt 0.647704 1.521255
vt 0.646329 1.874999
vt 0.550610 1.874999
vt 0.550610 1.521255
vt 0.502750 1.874999
vt 0.744798 1.874999
vt 0.744798 1.521255
vt 0.792658 1.521255
vt 0.792658 1.874999
vt 0.696938 1.874999
vt 0.696938 1.521255
vt 0.649079 1.874999
vt 0.305812 1.875000
vt 0.305812 1.521256
vt 0.353671 1.875000
vt 0.257952 1.499828
vt 0.210633 1.499828
vt 0.501375 1.499827
vt 0.452140 1.499827
vt 0.305812 1.499828
vt 0.355046 1.499828
vt 0.744798 1.499827
vt 0.696938 1.499827
vt 0.550610 1.499827
vt 0.744798 1.478399
vt 0.792117 1.499827
vt 0.598469 1.499828
vt 0.404281 1.499828
vt 0.647704 1.499827
vt 0.500000 -0.875000
vt 0.452140 -0.523420
vt 0.452140 -0.874999
vt 0.305812 -0.002553
vt 0.257952 -0.002553
vt 0.355046 -0.002553
vt 0.744798 -0.002554
vt 0.696938 -0.002554
vt 0.550610 -0.002554
vt 0.501375 -0.002554
vt 0.792122 -0.002554
vt 0.598469 -0.002554
vt 0.404281 -0.002553
vt 0.452140 -0.002553
vt 0.647704 -0.002554
vt 0.210628 -0.002553
vt 0.792658 1.478399
vt 0.210730 -0.502328
vt 0.355046 -0.502329
vt 0.696938 -0.502329
vt 0.647704 -0.502329
vt 0.404281 -0.502329
vt 0.744798 -0.502329
vt 0.792020 -0.502329
vt 0.550610 -0.502329
vt 0.501375 -0.502329
vt 0.598469 -0.502329
vt 0.452140 -0.502329
vt 0.598469 0.998441
vt 0.744798 1.015971
vt 0.792658 1.015971
vt 0.550610 0.998441
vt 0.792020 0.998441
vt 0.744798 0.998441
vt 0.355046 0.998442
vt 0.501375 0.998441
vt 0.210730 0.998442
vt 0.682545 0.916667
vt 0.682545 1.000000
vt 0.645394 1.000000
vt 0.645394 0.916667
vt 0.682545 0.166667
vt 0.682545 0.250000
vt 0.645395 0.250000
vt 0.645394 0.166667
vt 0.682545 -0.000000
vt 0.682545 0.083333
vt 0.645395 0.083333
vt 0.645395 0.000000
vt 0.682545 0.250000
vt 0.682546 0.333333
vt 0.645394 0.333333
vt 0.682545 0.666667
vt 0.645394 0.666667
vt 0.645394 0.583333
vt 0.682546 0.583333
vt 0.682545 0.666667
vt 0.682545 0.750000
vt 0.645394 0.750000
vt 0.197169 0.311004
vt 0.113835 0.311004
vt 0.041667 0.269338
vt 0.000000 0.197169
vt 0.000000 0.113835
vt 0.041667 0.041667
vt 0.113835 0.000000
vt 0.197169 0.000000
vt 0.269338 0.041667
vt 0.311004 0.113835
vt 0.311004 0.197169
vt 0.269338 0.269338
vt 0.682545 0.833333
vt 0.682545 0.916667
vt 0.645394 0.833333
vt 0.682546 0.416667
vt 0.682545 0.500000
vt 0.645394 0.500000
vt 0.645394 0.416667
vt 0.682545 0.333333
vt 0.682545 0.416667
vt 0.682546 0.083333
vt 0.682546 0.166667
vt 0.682545 0.500000
vt 0.682545 0.583333
vt 0.682546 0.750000
vt 0.682545 0.833333
vt 0.386160 0.208908
vt 0.376779 0.208908
vt 0.376779 0.216770
vt 0.386160 0.216770
vt 0.386136 0.216770
vt 0.376767 0.216770
vt 0.376767 0.208908
vt 0.386136 0.208908
vt 0.466770 0.244378
vt 0.466770 0.255265
vt 0.458908 0.255265
vt 0.458908 0.244378
vt 0.466770 0.255244
vt 0.466770 0.244358
vt 0.458908 0.244358
vt 0.458908 0.255244
vt 0.395516 0.216770
vt 0.386136 0.208908
vt 0.395516 0.208908
vt 0.395528 0.208908
vt 0.386160 0.208908
vt 0.386160 0.216770
vt 0.395528 0.216770
vt 0.376779 0.244358
vt 0.386160 0.238925
vt 0.395528 0.244378
vt 0.395516 0.255265
vt 0.386136 0.260698
vt 0.376767 0.255244
vt 0.383864 0.256776
vt 0.393245 0.251343
vt 0.396055 0.252979
vt 0.383860 0.260041
vt 0.390976 0.255260
vt 0.390987 0.244373
vt 0.393801 0.242744
vt 0.393786 0.256896
vt 0.388431 0.242847
vt 0.379051 0.248280
vt 0.376240 0.246643
vt 0.388435 0.239581
vt 0.381319 0.244363
vt 0.381307 0.255249
vt 0.378493 0.256879
vt 0.378509 0.242727
vt 0.379048 0.251327
vt 0.388416 0.256781
vt 0.388412 0.260047
vt 0.376233 0.252957
vt 0.393248 0.248295
vt 0.383879 0.242842
vt 0.383883 0.239576
vt 0.396062 0.246665
vt 0.386163 0.218570
vt 0.373969 0.218570
vt 0.373969 0.220370
vt 0.386163 0.220370
vt 0.468570 0.242722
vt 0.468570 0.256874
vt 0.470370 0.256874
vt 0.470370 0.242722
vt 0.398342 0.218570
vt 0.386163 0.218570
vt 0.386163 0.220370
vt 0.398342 0.220370
vt 0.373953 0.218570
vt 0.386132 0.218570
vt 0.386132 0.220370
vt 0.373953 0.220370
vt 0.386132 0.218570
vt 0.398327 0.218570
vt 0.398326 0.220370
vt 0.386132 0.220370
vt 0.468570 0.256901
vt 0.468570 0.242748
vt 0.470370 0.242748
vt 0.470370 0.256901
vt 0.614164 0.208908
vt 0.604783 0.208908
vt 0.604783 0.216770
vt 0.614164 0.216770
vt 0.614140 0.216770
vt 0.604771 0.216770
vt 0.604771 0.208908
vt 0.614140 0.208908
vt 0.466770 0.244358
vt 0.458908 0.244358
vt 0.458908 0.255244
vt 0.623520 0.216770
vt 0.614140 0.216770
vt 0.614140 0.208908
vt 0.623520 0.208908
vt 0.623532 0.208908
vt 0.614164 0.208908
vt 0.614164 0.216770
vt 0.623532 0.216770
vt 0.604783 0.244358
vt 0.614164 0.238925
vt 0.623532 0.244378
vt 0.623520 0.255265
vt 0.614140 0.260698
vt 0.604771 0.255244
vt 0.611868 0.256775
vt 0.621249 0.251343
vt 0.624059 0.252979
vt 0.611864 0.260041
vt 0.618980 0.255260
vt 0.618992 0.244373
vt 0.621806 0.242743
vt 0.621790 0.256896
vt 0.616435 0.242847
vt 0.607055 0.248279
vt 0.604244 0.246643
vt 0.616439 0.239580
vt 0.609324 0.244363
vt 0.609311 0.255249
vt 0.606497 0.256879
vt 0.606513 0.242727
vt 0.607051 0.251327
vt 0.616420 0.256781
vt 0.616416 0.260047
vt 0.604237 0.252957
vt 0.621252 0.248295
vt 0.611883 0.242842
vt 0.611887 0.239576
vt 0.624066 0.246665
vt 0.614167 0.218570
vt 0.601973 0.218570
vt 0.601973 0.220370
vt 0.614167 0.220370
vt 0.468570 0.256874
vt 0.470370 0.256874
vt 0.626346 0.218570
vt 0.614167 0.218570
vt 0.614167 0.220370
vt 0.626346 0.220370
vt 0.601957 0.218570
vt 0.614136 0.218570
vt 0.614136 0.220370
vt 0.601957 0.220370
vt 0.614136 0.218570
vt 0.626330 0.218570
vt 0.626331 0.220370
vt 0.614136 0.220370
vt 0.468570 0.256901
vt 0.468570 0.242749
vt 0.470370 0.242748
vt 0.470370 0.256901
vt 0.458908 0.136010
vt 0.458908 0.126630
vt 0.466770 0.126630
vt 0.466770 0.136010
vt 0.466770 0.135986
vt 0.466770 0.126618
vt 0.458908 0.126618
vt 0.458908 0.135986
vt 0.505474 0.216770
vt 0.494587 0.216770
vt 0.494587 0.208908
vt 0.505473 0.208908
vt 0.494608 0.216770
vt 0.505494 0.216770
vt 0.505494 0.208908
vt 0.494608 0.208908
vt 0.466770 0.145366
vt 0.466770 0.135986
vt 0.458908 0.135986
vt 0.458908 0.145366
vt 0.458908 0.145378
vt 0.458908 0.136010
vt 0.466770 0.136010
vt 0.466770 0.145378
vt 0.505494 0.126630
vt 0.510927 0.136010
vt 0.505473 0.145379
vt 0.494587 0.145367
vt 0.489154 0.135986
vt 0.494608 0.126618
vt 0.493076 0.133715
vt 0.498509 0.143095
vt 0.496873 0.145905
vt 0.489810 0.133711
vt 0.494592 0.140826
vt 0.505479 0.140838
vt 0.507108 0.143652
vt 0.492956 0.143636
vt 0.507005 0.138282
vt 0.501572 0.128901
vt 0.503208 0.126091
vt 0.510271 0.138285
vt 0.505489 0.131170
vt 0.494603 0.131158
vt 0.492973 0.128344
vt 0.507125 0.128359
vt 0.498525 0.128898
vt 0.493071 0.138266
vt 0.489805 0.138263
vt 0.496895 0.126084
vt 0.501556 0.143098
vt 0.507010 0.133730
vt 0.510276 0.133733
vt 0.503186 0.145912
vt 0.468570 0.136014
vt 0.468570 0.123819
vt 0.470370 0.123819
vt 0.470370 0.136014
vt 0.507130 0.218570
vt 0.492978 0.218570
vt 0.492978 0.220370
vt 0.507130 0.220370
vt 0.468570 0.148192
vt 0.468570 0.136014
vt 0.470370 0.136014
vt 0.470370 0.148192
vt 0.468570 0.123803
vt 0.468570 0.135982
vt 0.470370 0.135982
vt 0.470370 0.123803
vt 0.468570 0.135982
vt 0.468570 0.148177
vt 0.470370 0.148177
vt 0.470370 0.135982
vt 0.492951 0.218570
vt 0.507103 0.218570
vt 0.507103 0.220370
vt 0.492951 0.220370
vt 0.458908 0.364014
vt 0.458908 0.354634
vt 0.466770 0.354634
vt 0.466770 0.364014
vt 0.466770 0.363990
vt 0.466770 0.354622
vt 0.458908 0.354622
vt 0.458908 0.363990
vt 0.505474 0.216770
vt 0.494587 0.216770
vt 0.494587 0.208908
vt 0.505474 0.208908
vt 0.494608 0.216770
vt 0.505494 0.216770
vt 0.505494 0.208908
vt 0.494608 0.208908
vt 0.466770 0.373371
vt 0.466770 0.363990
vt 0.458908 0.363990
vt 0.458908 0.373371
vt 0.458908 0.373383
vt 0.458908 0.364014
vt 0.466770 0.364014
vt 0.466770 0.373382
vt 0.505494 0.354634
vt 0.510927 0.364014
vt 0.505474 0.373382
vt 0.494587 0.373371
vt 0.489154 0.363990
vt 0.494608 0.354622
vt 0.493076 0.361719
vt 0.498509 0.371099
vt 0.496873 0.373909
vt 0.489810 0.361715
vt 0.494592 0.368830
vt 0.505479 0.368842
vt 0.507108 0.371656
vt 0.492956 0.371641
vt 0.507005 0.366286
vt 0.501572 0.356905
vt 0.503208 0.354095
vt 0.510271 0.366289
vt 0.505489 0.359174
vt 0.494603 0.359162
vt 0.492973 0.356348
vt 0.507125 0.356363
vt 0.498525 0.356902
vt 0.493071 0.366270
vt 0.489805 0.366267
vt 0.496895 0.354088
vt 0.501557 0.371102
vt 0.507010 0.361734
vt 0.510276 0.361738
vt 0.503186 0.373916
vt 0.468570 0.364018
vt 0.468570 0.351823
vt 0.470370 0.351823
vt 0.470370 0.364017
vt 0.468571 0.376197
vt 0.468570 0.364017
vt 0.470370 0.364018
vt 0.470370 0.376196
vt 0.468570 0.351807
vt 0.468570 0.363986
vt 0.470370 0.363986
vt 0.470370 0.351807
vt 0.468570 0.363986
vt 0.468570 0.376181
vt 0.470370 0.376181
vt 0.470370 0.363986
vt 0.492951 0.218570
vt 0.507104 0.220370
vt 0.492951 0.220370
vt 0.427229 0.208908
vt 0.416754 0.208908
vt 0.416754 0.216770
vt 0.427229 0.216770
vt 0.466770 0.177006
vt 0.466770 0.166525
vt 0.458908 0.166525
vt 0.458908 0.177006
vt 0.429997 0.216770
vt 0.422291 0.216770
vt 0.422291 0.208908
vt 0.429997 0.208908
vt 0.409048 0.216770
vt 0.416754 0.216770
vt 0.416754 0.208908
vt 0.409048 0.208908
vt 0.422291 0.216770
vt 0.411816 0.216770
vt 0.411816 0.208908
vt 0.422291 0.208908
vt 0.458908 0.172108
vt 0.458908 0.161627
vt 0.466770 0.161627
vt 0.466770 0.172108
vt 0.416755 0.158836
vt 0.427229 0.161627
vt 0.429997 0.172108
vt 0.422291 0.179797
vt 0.411816 0.177006
vt 0.409048 0.166525
vt 0.412983 0.172626
vt 0.423458 0.175418
vt 0.424289 0.178562
vt 0.410671 0.174933
vt 0.419084 0.176583
vt 0.426790 0.168894
vt 0.429932 0.169731
vt 0.419914 0.179727
vt 0.426062 0.166006
vt 0.415587 0.163215
vt 0.414757 0.160071
vt 0.428374 0.163700
vt 0.419961 0.162050
vt 0.412255 0.169739
vt 0.409113 0.168902
vt 0.419131 0.158906
vt 0.413430 0.165368
vt 0.416198 0.175849
vt 0.413886 0.178155
vt 0.410288 0.164531
vt 0.425615 0.173265
vt 0.422847 0.162785
vt 0.425159 0.160478
vt 0.428757 0.174103
vt 0.429541 0.218570
vt 0.415924 0.218570
vt 0.415924 0.220370
vt 0.429541 0.220370
vt 0.415924 0.218570
vt 0.405905 0.218570
vt 0.405906 0.220370
vt 0.415924 0.220370
vt 0.468570 0.172945
vt 0.468570 0.159320
vt 0.470370 0.159320
vt 0.470370 0.172945
vt 0.468570 0.165688
vt 0.468570 0.179313
vt 0.470370 0.179313
vt 0.470370 0.165688
vt 0.409504 0.218570
vt 0.423121 0.218570
vt 0.423121 0.220370
vt 0.409504 0.220370
vt 0.423121 0.218570
vt 0.433140 0.218570
vt 0.433140 0.220370
vt 0.423121 0.220370
vt 0.588452 0.208908
vt 0.577978 0.208908
vt 0.577978 0.216770
vt 0.588452 0.216770
vt 0.466770 0.338229
vt 0.466770 0.327749
vt 0.458908 0.327749
vt 0.458908 0.338229
vt 0.591220 0.216770
vt 0.583514 0.216770
vt 0.583514 0.208908
vt 0.591220 0.208908
vt 0.570271 0.216770
vt 0.577978 0.208908
vt 0.570271 0.208908
vt 0.573040 0.216770
vt 0.573040 0.208908
vt 0.458908 0.333331
vt 0.458908 0.322850
vt 0.466770 0.322850
vt 0.466770 0.333331
vt 0.577978 0.320059
vt 0.588452 0.322850
vt 0.591220 0.333331
vt 0.583514 0.341021
vt 0.573040 0.338229
vt 0.570271 0.327749
vt 0.574207 0.333850
vt 0.584681 0.336641
vt 0.585512 0.339785
vt 0.571895 0.336157
vt 0.580307 0.337807
vt 0.588013 0.330117
vt 0.591155 0.330954
vt 0.581137 0.340951
vt 0.587285 0.327230
vt 0.576811 0.324438
vt 0.575980 0.321294
vt 0.589597 0.324923
vt 0.581184 0.323273
vt 0.573478 0.330963
vt 0.570336 0.330125
vt 0.580354 0.320129
vt 0.574653 0.326591
vt 0.577421 0.337072
vt 0.575109 0.339379
vt 0.571511 0.325754
vt 0.586838 0.334488
vt 0.584070 0.324008
vt 0.586382 0.321701
vt 0.589981 0.335326
vt 0.590764 0.218570
vt 0.577147 0.218570
vt 0.577147 0.220370
vt 0.590764 0.220370
vt 0.577148 0.218570
vt 0.567129 0.218570
vt 0.567129 0.220370
vt 0.577147 0.220370
vt 0.468570 0.334168
vt 0.468570 0.320544
vt 0.470370 0.320543
vt 0.470370 0.334168
vt 0.468570 0.326911
vt 0.468570 0.340536
vt 0.470370 0.340536
vt 0.470370 0.326911
vt 0.570728 0.218570
vt 0.584345 0.218570
vt 0.584344 0.220370
vt 0.570727 0.220370
vt 0.584345 0.218570
vt 0.594363 0.218570
vt 0.594363 0.220370
vt 0.584344 0.220370
vt 0.458908 0.177079
vt 0.458908 0.166605
vt 0.466770 0.166605
vt 0.466770 0.177079
vt 0.572846 0.216770
vt 0.583326 0.216770
vt 0.583326 0.208908
vt 0.572846 0.208908
vt 0.466770 0.179848
vt 0.466770 0.172141
vt 0.458908 0.172141
vt 0.458908 0.179848
vt 0.466770 0.158899
vt 0.466770 0.166605
vt 0.458908 0.166605
vt 0.458908 0.158899
vt 0.466770 0.172141
vt 0.466770 0.161667
vt 0.458908 0.161667
vt 0.458908 0.172141
vt 0.577744 0.208908
vt 0.588225 0.208908
vt 0.588225 0.216770
vt 0.577744 0.216770
vt 0.591016 0.166605
vt 0.588225 0.177079
vt 0.577744 0.179848
vt 0.570055 0.172141
vt 0.572846 0.161667
vt 0.583327 0.158898
vt 0.577226 0.162834
vt 0.574434 0.173308
vt 0.571290 0.174139
vt 0.574919 0.160522
vt 0.573269 0.168934
vt 0.580958 0.176641
vt 0.580121 0.179783
vt 0.570125 0.169765
vt 0.583845 0.175912
vt 0.586636 0.165438
vt 0.589781 0.164607
vt 0.586152 0.178224
vt 0.587802 0.169812
vt 0.580112 0.162105
vt 0.580950 0.158963
vt 0.590946 0.168981
vt 0.584484 0.163280
vt 0.574003 0.166048
vt 0.571697 0.163737
vt 0.585321 0.160138
vt 0.576586 0.175466
vt 0.587067 0.172697
vt 0.589374 0.175009
vt 0.575749 0.178608
vt 0.468570 0.179391
vt 0.468570 0.165774
vt 0.470370 0.165774
vt 0.470370 0.179391
vt 0.468570 0.165774
vt 0.468570 0.155756
vt 0.470370 0.155756
vt 0.470370 0.165774
vt 0.576907 0.218570
vt 0.590531 0.218570
vt 0.590532 0.220370
vt 0.576907 0.220370
vt 0.584164 0.218570
vt 0.570539 0.218570
vt 0.570539 0.220370
vt 0.584164 0.220370
vt 0.468570 0.159355
vt 0.468570 0.172972
vt 0.470370 0.172972
vt 0.470370 0.159355
vt 0.468570 0.172972
vt 0.468570 0.182990
vt 0.470370 0.182990
vt 0.470370 0.172972
vt 0.458908 0.338303
vt 0.458908 0.327828
vt 0.466770 0.327828
vt 0.466770 0.338303
vt 0.411623 0.216770
vt 0.422103 0.216770
vt 0.422103 0.208908
vt 0.411623 0.208908
vt 0.466770 0.341071
vt 0.466770 0.333365
vt 0.458908 0.333365
vt 0.458908 0.341071
vt 0.466770 0.320122
vt 0.466770 0.327828
vt 0.458908 0.327828
vt 0.458908 0.320122
vt 0.466770 0.333365
vt 0.466770 0.322890
vt 0.458908 0.322890
vt 0.458908 0.333365
vt 0.416521 0.208908
vt 0.427001 0.208908
vt 0.427001 0.216770
vt 0.416521 0.216770
vt 0.429793 0.327828
vt 0.427001 0.338303
vt 0.416521 0.341071
vt 0.408831 0.333365
vt 0.411623 0.322890
vt 0.422103 0.320122
vt 0.416002 0.324057
vt 0.413211 0.334532
vt 0.410067 0.335362
vt 0.413696 0.321745
vt 0.412045 0.330158
vt 0.419735 0.337864
vt 0.418898 0.341006
vt 0.408901 0.330988
vt 0.422622 0.337136
vt 0.425414 0.326661
vt 0.428558 0.325831
vt 0.424929 0.339448
vt 0.426579 0.331035
vt 0.418889 0.323329
vt 0.419727 0.320186
vt 0.429723 0.330204
vt 0.423261 0.324504
vt 0.412780 0.327272
vt 0.410473 0.324960
vt 0.424098 0.321361
vt 0.415363 0.336689
vt 0.425844 0.333921
vt 0.428151 0.336233
vt 0.414526 0.339831
vt 0.468570 0.340615
vt 0.468570 0.326998
vt 0.470370 0.326998
vt 0.470370 0.340614
vt 0.468570 0.326998
vt 0.468570 0.316979
vt 0.470370 0.316979
vt 0.470370 0.326998
vt 0.415683 0.218570
vt 0.429308 0.218570
vt 0.429308 0.220370
vt 0.415684 0.220370
vt 0.422941 0.218570
vt 0.409316 0.218570
vt 0.409316 0.220370
vt 0.422941 0.220370
vt 0.468570 0.320578
vt 0.468570 0.334195
vt 0.470370 0.334195
vt 0.470370 0.320578
vt 0.468570 0.334195
vt 0.468570 0.344213
vt 0.470370 0.344213
vt 0.470370 0.334195
vt 0.682545 0.916667
vt 0.682545 1.000000
vt 0.682546 0.166667
vt 0.682546 -0.000000
vt 0.682545 0.083333
vt 0.682545 0.250000
vt 0.682546 0.333333
vt 0.682546 0.666667
vt 0.682546 0.750000
vt 0.000000 0.113835
vt 0.113835 0.000000
vt 0.197169 0.000000
vt 0.682545 0.833334
vt 0.682545 0.916667
vt 0.682546 0.416667
vt 0.682546 0.500000
vt 0.682545 0.333333
vt 0.682545 0.083333
vt 0.682545 0.166667
vt 0.682546 0.500000
vt 0.682546 0.583333
vt 0.682545 0.750000
vt 0.682545 0.833333
vt 0.386160 0.208908
vt 0.376779 0.208908
vt 0.376779 0.216770
vt 0.376767 0.216770
vt 0.376767 0.208908
vt 0.386136 0.208908
vt 0.466770 0.244378
vt 0.466770 0.255265
vt 0.458908 0.255265
vt 0.458908 0.244378
vt 0.466770 0.255244
vt 0.466770 0.244358
vt 0.458908 0.244358
vt 0.458908 0.255244
vt 0.395516 0.216770
vt 0.386136 0.216770
vt 0.386136 0.208908
vt 0.395516 0.208908
vt 0.395528 0.208908
vt 0.386160 0.208908
vt 0.386160 0.216770
vt 0.395528 0.216770
vt 0.376779 0.244358
vt 0.386160 0.238925
vt 0.395528 0.244378
vt 0.395516 0.255265
vt 0.386136 0.260698
vt 0.376767 0.255244
vt 0.383864 0.256776
vt 0.396055 0.252979
vt 0.383860 0.260042
vt 0.390975 0.255260
vt 0.390987 0.244373
vt 0.393801 0.242743
vt 0.393786 0.256896
vt 0.388431 0.242847
vt 0.379051 0.248279
vt 0.376240 0.246643
vt 0.388435 0.239581
vt 0.381320 0.244363
vt 0.381308 0.255249
vt 0.378493 0.256879
vt 0.378509 0.242727
vt 0.379047 0.251327
vt 0.388416 0.256781
vt 0.388412 0.260047
vt 0.376233 0.252957
vt 0.393248 0.248295
vt 0.383880 0.242842
vt 0.383883 0.239576
vt 0.396062 0.246665
vt 0.373969 0.218570
vt 0.373969 0.220370
vt 0.468570 0.242722
vt 0.468570 0.256874
vt 0.470370 0.256874
vt 0.470370 0.242721
vt 0.398342 0.218570
vt 0.386163 0.218570
vt 0.386163 0.220370
vt 0.398342 0.220370
vt 0.373953 0.218570
vt 0.386132 0.218570
vt 0.386132 0.220370
vt 0.373953 0.220370
vt 0.386132 0.218570
vt 0.398326 0.218570
vt 0.398326 0.220370
vt 0.386132 0.220370
vt 0.468570 0.256901
vt 0.468570 0.242748
vt 0.470370 0.242748
vt 0.614164 0.208908
vt 0.604783 0.208908
vt 0.604783 0.216770
vt 0.614164 0.216770
vt 0.614140 0.216770
vt 0.604771 0.216770
vt 0.604771 0.208908
vt 0.614140 0.208908
vt 0.466770 0.244358
vt 0.458908 0.244358
vt 0.623520 0.216770
vt 0.614140 0.216770
vt 0.614140 0.208908
vt 0.623520 0.208908
vt 0.623532 0.208908
vt 0.614164 0.208908
vt 0.614164 0.216770
vt 0.623532 0.216770
vt 0.604783 0.244358
vt 0.614164 0.238925
vt 0.623532 0.244378
vt 0.623520 0.255265
vt 0.614140 0.260698
vt 0.604771 0.255244
vt 0.611868 0.256776
vt 0.621248 0.251343
vt 0.624059 0.252979
vt 0.611864 0.260042
vt 0.618980 0.255260
vt 0.618991 0.244373
vt 0.621805 0.242743
vt 0.621790 0.256896
vt 0.616435 0.242847
vt 0.607055 0.248280
vt 0.604244 0.246643
vt 0.616439 0.239581
vt 0.609324 0.244363
vt 0.609312 0.255249
vt 0.606497 0.256879
vt 0.606513 0.242727
vt 0.607052 0.251327
vt 0.616420 0.256781
vt 0.604237 0.252957
vt 0.621252 0.248295
vt 0.611883 0.242842
vt 0.611887 0.239576
vt 0.624066 0.246665
vt 0.601973 0.218570
vt 0.601973 0.220370
vt 0.614167 0.220370
vt 0.468570 0.242722
vt 0.468570 0.256874
vt 0.470370 0.256874
vt 0.626346 0.218570
vt 0.614167 0.218570
vt 0.614167 0.220370
vt 0.626346 0.220370
vt 0.601957 0.218570
vt 0.614136 0.218570
vt 0.614136 0.220370
vt 0.601957 0.220370
vt 0.614136 0.218570
vt 0.626330 0.218570
vt 0.626330 0.220370
vt 0.614136 0.220370
vt 0.468570 0.256901
vt 0.468570 0.242748
vt 0.470370 0.242748
vt 0.470370 0.256901
vt 0.458908 0.126630
vt 0.466770 0.126630
vt 0.466770 0.136010
vt 0.466770 0.135986
vt 0.466770 0.126618
vt 0.458908 0.126618
vt 0.458908 0.135986
vt 0.505473 0.216770
vt 0.494587 0.216770
vt 0.494587 0.208908
vt 0.505473 0.208908
vt 0.494608 0.216770
vt 0.505494 0.208908
vt 0.494608 0.208908
vt 0.466770 0.135986
vt 0.458908 0.135986
vt 0.458908 0.145366
vt 0.458908 0.145378
vt 0.458908 0.136010
vt 0.466770 0.136010
vt 0.466770 0.145378
vt 0.505494 0.126630
vt 0.510927 0.136010
vt 0.505473 0.145378
vt 0.494587 0.145366
vt 0.489154 0.135986
vt 0.494608 0.126618
vt 0.493076 0.133715
vt 0.498509 0.143095
vt 0.496873 0.145905
vt 0.489810 0.133711
vt 0.494592 0.140826
vt 0.505479 0.140838
vt 0.507108 0.143652
vt 0.492956 0.143636
vt 0.501572 0.128901
vt 0.503208 0.126091
vt 0.510271 0.138285
vt 0.505489 0.131170
vt 0.494603 0.131158
vt 0.492973 0.128344
vt 0.507125 0.128359
vt 0.498525 0.128898
vt 0.493071 0.138266
vt 0.489805 0.138262
vt 0.496895 0.126084
vt 0.501556 0.143098
vt 0.507010 0.133730
vt 0.510276 0.133733
vt 0.468570 0.136014
vt 0.468570 0.123819
vt 0.470370 0.123819
vt 0.470370 0.136014
vt 0.507131 0.218570
vt 0.492978 0.218570
vt 0.492978 0.220370
vt 0.507130 0.220370
vt 0.468570 0.148192
vt 0.468570 0.136014
vt 0.468570 0.123803
vt 0.468570 0.135982
vt 0.470370 0.135982
vt 0.470370 0.123803
vt 0.468570 0.148177
vt 0.470370 0.148177
vt 0.470370 0.135982
vt 0.492951 0.218570
vt 0.507103 0.218570
vt 0.507103 0.220370
vt 0.492951 0.220370
vt 0.458908 0.364014
vt 0.458908 0.354634
vt 0.466770 0.354634
vt 0.466770 0.364014
vt 0.466770 0.354622
vt 0.458908 0.354622
vt 0.458908 0.363990
vt 0.505474 0.216770
vt 0.494587 0.216770
vt 0.494587 0.208908
vt 0.494608 0.216770
vt 0.505494 0.216770
vt 0.505494 0.208908
vt 0.494608 0.208908
vt 0.466770 0.373371
vt 0.458908 0.363990
vt 0.458908 0.373371
vt 0.458908 0.373383
vt 0.458908 0.364014
vt 0.466770 0.364014
vt 0.466770 0.373382
vt 0.505494 0.354634
vt 0.493076 0.361718
vt 0.498509 0.371099
vt 0.496873 0.373909
vt 0.489810 0.361715
vt 0.494592 0.368830
vt 0.505479 0.368842
vt 0.507108 0.371656
vt 0.492956 0.371640
vt 0.507005 0.366286
vt 0.501572 0.356905
vt 0.503208 0.354095
vt 0.510271 0.366289
vt 0.505489 0.359174
vt 0.494603 0.359162
vt 0.492973 0.356348
vt 0.507125 0.356363
vt 0.498525 0.356902
vt 0.493071 0.366270
vt 0.489805 0.366266
vt 0.496895 0.354088
vt 0.501557 0.371102
vt 0.507010 0.361734
vt 0.510276 0.361737
vt 0.503186 0.373916
vt 0.468570 0.351823
vt 0.470370 0.351823
vt 0.470370 0.364017
vt 0.507130 0.218570
vt 0.492978 0.218570
vt 0.468570 0.376196
vt 0.468570 0.364018
vt 0.470370 0.364018
vt 0.470370 0.376197
vt 0.468570 0.351808
vt 0.468570 0.363986
vt 0.470370 0.351808
vt 0.468570 0.363986
vt 0.468570 0.376181
vt 0.470370 0.376181
vt 0.470370 0.363986
vt 0.492951 0.218570
vt 0.507103 0.218570
vt 0.427229 0.208908
vt 0.416754 0.208908
vt 0.416754 0.216770
vt 0.427229 0.216770
vt 0.466770 0.177006
vt 0.466770 0.166525
vt 0.458908 0.166525
vt 0.458908 0.177006
vt 0.429997 0.216770
vt 0.422291 0.208908
vt 0.429997 0.208908
vt 0.409048 0.216770
vt 0.416754 0.216770
vt 0.416754 0.208908
vt 0.409048 0.208908
vt 0.422291 0.216770
vt 0.411816 0.216770
vt 0.411816 0.208908
vt 0.422291 0.208908
vt 0.458908 0.172108
vt 0.458908 0.161627
vt 0.466770 0.161627
vt 0.466770 0.172108
vt 0.416754 0.158836
vt 0.427229 0.161627
vt 0.429997 0.172108
vt 0.422291 0.179797
vt 0.411816 0.177006
vt 0.409048 0.166525
vt 0.412983 0.172626
vt 0.423458 0.175418
vt 0.424288 0.178562
vt 0.410671 0.174933
vt 0.419084 0.176583
vt 0.426790 0.168894
vt 0.429932 0.169731
vt 0.419914 0.179727
vt 0.426062 0.166007
vt 0.415588 0.163215
vt 0.414757 0.160071
vt 0.428374 0.163700
vt 0.419961 0.162050
vt 0.412255 0.169739
vt 0.409113 0.168902
vt 0.419131 0.158906
vt 0.413430 0.165368
vt 0.416198 0.175849
vt 0.413886 0.178155
vt 0.410288 0.164530
vt 0.425615 0.173265
vt 0.422847 0.162785
vt 0.425159 0.160478
vt 0.428757 0.174103
vt 0.429541 0.218570
vt 0.415924 0.218570
vt 0.415924 0.220370
vt 0.405906 0.218570
vt 0.405906 0.220370
vt 0.415924 0.220370
vt 0.468570 0.172945
vt 0.468570 0.159320
vt 0.470370 0.159320
vt 0.470370 0.172945
vt 0.468570 0.165688
vt 0.468570 0.179313
vt 0.470370 0.179313
vt 0.470370 0.165688
vt 0.409504 0.218570
vt 0.423121 0.218570
vt 0.423121 0.220370
vt 0.409504 0.220370
vt 0.423121 0.218570
vt 0.433139 0.220370
vt 0.423121 0.220370
vt 0.588452 0.208908
vt 0.577978 0.208908
vt 0.577978 0.216770
vt 0.466770 0.327749
vt 0.458908 0.327749
vt 0.458908 0.338229
vt 0.591220 0.216770
vt 0.583514 0.216770
vt 0.591220 0.208908
vt 0.570271 0.216770
vt 0.577978 0.216770
vt 0.570271 0.208908
vt 0.583514 0.216770
vt 0.573039 0.216770
vt 0.583514 0.208908
vt 0.458908 0.333331
vt 0.458908 0.322850
vt 0.466770 0.322850
vt 0.466770 0.333331
vt 0.591220 0.333331
vt 0.583514 0.341021
vt 0.574207 0.333850
vt 0.584681 0.336641
vt 0.585512 0.339785
vt 0.571895 0.336156
vt 0.580307 0.337806
vt 0.588013 0.330117
vt 0.591156 0.330954
vt 0.581137 0.340951
vt 0.587285 0.327230
vt 0.576811 0.324439
vt 0.575980 0.321294
vt 0.589597 0.324923
vt 0.581185 0.323273
vt 0.573478 0.330963
vt 0.570336 0.330125
vt 0.580354 0.320129
vt 0.574654 0.326591
vt 0.577422 0.337072
vt 0.575110 0.339379
vt 0.586838 0.334488
vt 0.584070 0.324008
vt 0.586382 0.321701
vt 0.589981 0.335326
vt 0.590764 0.218570
vt 0.577147 0.218570
vt 0.577147 0.220370
vt 0.590764 0.220370
vt 0.567129 0.218570
vt 0.567129 0.220370
vt 0.577147 0.220370
vt 0.468570 0.320543
vt 0.470370 0.320544
vt 0.470370 0.334168
vt 0.468570 0.326911
vt 0.468570 0.340536
vt 0.470370 0.340536
vt 0.470370 0.326911
vt 0.570727 0.218570
vt 0.584344 0.218570
vt 0.584345 0.220370
vt 0.570727 0.220370
vt 0.584344 0.218570
vt 0.594363 0.218570
vt 0.594363 0.220370
vt 0.584344 0.220370
vt 0.458908 0.177079
vt 0.458908 0.166605
vt 0.466770 0.166605
vt 0.466770 0.177079
vt 0.572846 0.216770
vt 0.583326 0.216770
vt 0.583326 0.208908
vt 0.466770 0.179848
vt 0.466770 0.172141
vt 0.458908 0.179848
vt 0.466770 0.158899
vt 0.466770 0.166605
vt 0.458908 0.166605
vt 0.458908 0.158899
vt 0.466770 0.161667
vt 0.458908 0.161667
vt 0.458908 0.172141
vt 0.577744 0.208908
vt 0.588225 0.208908
vt 0.588225 0.216770
vt 0.577744 0.216770
vt 0.591016 0.166605
vt 0.588225 0.177079
vt 0.577744 0.179848
vt 0.570055 0.172141
vt 0.572846 0.161667
vt 0.583326 0.158899
vt 0.577225 0.162834
vt 0.574434 0.173308
vt 0.571290 0.174139
vt 0.574919 0.160522
vt 0.573269 0.168934
vt 0.580958 0.176641
vt 0.580121 0.179783
vt 0.570125 0.169765
vt 0.583845 0.175912
vt 0.586637 0.165438
vt 0.589781 0.164607
vt 0.586152 0.178224
vt 0.587802 0.169812
vt 0.580113 0.162105
vt 0.580950 0.158963
vt 0.590946 0.168981
vt 0.584484 0.163281
vt 0.574003 0.166049
vt 0.571697 0.163737
vt 0.585321 0.160138
vt 0.576586 0.175466
vt 0.587067 0.172697
vt 0.589374 0.175009
vt 0.575749 0.178608
vt 0.468570 0.179391
vt 0.468570 0.165774
vt 0.470370 0.165774
vt 0.470370 0.179391
vt 0.468570 0.165774
vt 0.468570 0.155756
vt 0.470370 0.155756
vt 0.470370 0.165774
vt 0.576907 0.218570
vt 0.590532 0.218570
vt 0.590531 0.220370
vt 0.576907 0.220370
vt 0.584164 0.218570
vt 0.570539 0.218570
vt 0.570539 0.220370
vt 0.584164 0.220370
vt 0.468570 0.159355
vt 0.468570 0.172972
vt 0.470370 0.172972
vt 0.470370 0.159355
vt 0.468570 0.172972
vt 0.468570 0.182990
vt 0.470370 0.182990
vt 0.470370 0.172972
vt 0.458908 0.338303
vt 0.458908 0.327828
vt 0.466770 0.327828
vt 0.422103 0.216770
vt 0.422103 0.208908
vt 0.411623 0.208908
vt 0.466770 0.341071
vt 0.466770 0.333365
vt 0.466770 0.320122
vt 0.466770 0.327828
vt 0.458908 0.327828
vt 0.458908 0.320122
vt 0.466770 0.333365
vt 0.466770 0.322890
vt 0.458908 0.322890
vt 0.458908 0.333365
vt 0.416521 0.208908
vt 0.427001 0.208908
vt 0.427001 0.216770
vt 0.416521 0.216770
vt 0.416002 0.324057
vt 0.413211 0.334532
vt 0.410067 0.335362
vt 0.413696 0.321745
vt 0.412045 0.330157
vt 0.419735 0.337864
vt 0.418898 0.341006
vt 0.408901 0.330988
vt 0.422622 0.337136
vt 0.425413 0.326661
vt 0.428558 0.325831
vt 0.424929 0.339448
vt 0.426579 0.331035
vt 0.418889 0.323329
vt 0.419727 0.320186
vt 0.429723 0.330205
vt 0.423261 0.324504
vt 0.412780 0.327272
vt 0.410473 0.324960
vt 0.424098 0.321361
vt 0.415363 0.336689
vt 0.425844 0.333921
vt 0.428151 0.336232
vt 0.414526 0.339831
vt 0.468570 0.340615
vt 0.468570 0.326998
vt 0.470370 0.326998
vt 0.470370 0.340615
vt 0.468570 0.326998
vt 0.468570 0.316979
vt 0.470370 0.316979
vt 0.470370 0.326998
vt 0.415684 0.218570
vt 0.429308 0.218570
vt 0.429308 0.220370
vt 0.415683 0.220370
vt 0.422941 0.218570
vt 0.409316 0.218570
vt 0.409316 0.220370
vt 0.422941 0.220370
vt 0.468570 0.320578
vt 0.468570 0.334195
vt 0.470370 0.334195
vt 0.470370 0.320578
vt 0.468570 0.334195
vt 0.468570 0.344213
vt 0.470370 0.344213
vt 0.682545 1.000000
vt 0.682545 0.166667
vt 0.682545 0.250000
vt 0.682545 -0.000000
vt 0.682545 0.083333
vt 0.682545 0.250000
vt 0.682546 0.666667
vt 0.041667 0.041667
vt 0.682545 0.833333
vt 0.682545 0.416667
vt 0.682546 0.083333
vt 0.682545 0.500000
vt 0.682545 0.583333
vt 0.376767 0.208908
vt 0.395516 0.208908
vt 0.395516 0.255265
vt 0.383864 0.256776
vt 0.393245 0.251343
vt 0.396055 0.252979
vt 0.383860 0.260042
vt 0.390975 0.255260
vt 0.390987 0.244373
vt 0.393801 0.242743
vt 0.393786 0.256896
vt 0.388431 0.242847
vt 0.379051 0.248279
vt 0.376240 0.246643
vt 0.388435 0.239581
vt 0.381319 0.244363
vt 0.381307 0.255249
vt 0.378493 0.256879
vt 0.378509 0.242727
vt 0.379047 0.251327
vt 0.388416 0.256781
vt 0.388412 0.260047
vt 0.376233 0.252957
vt 0.393248 0.248295
vt 0.383880 0.242842
vt 0.383883 0.239576
vt 0.396062 0.246665
vt 0.398342 0.218570
vt 0.386163 0.218570
vt 0.386163 0.220370
vt 0.398342 0.220370
vt 0.614164 0.208908
vt 0.604783 0.208908
vt 0.604783 0.216770
vt 0.614164 0.216770
vt 0.604771 0.216770
vt 0.614140 0.208908
vt 0.623520 0.216770
vt 0.623520 0.255265
vt 0.614140 0.260698
vt 0.611868 0.256776
vt 0.621248 0.251343
vt 0.624059 0.252979
vt 0.611865 0.260042
vt 0.618980 0.255260
vt 0.618991 0.244373
vt 0.621805 0.242743
vt 0.621790 0.256896
vt 0.616435 0.242847
vt 0.607055 0.248279
vt 0.604244 0.246643
vt 0.616439 0.239580
vt 0.609324 0.244363
vt 0.609312 0.255249
vt 0.606497 0.256879
vt 0.606513 0.242727
vt 0.607052 0.251327
vt 0.616416 0.260047
vt 0.604237 0.252957
vt 0.621252 0.248295
vt 0.611884 0.242842
vt 0.611887 0.239576
vt 0.624066 0.246665
vt 0.466770 0.135986
vt 0.458908 0.126618
vt 0.505494 0.208908
vt 0.466770 0.145366
vt 0.458908 0.145366
vt 0.458908 0.145378
vt 0.458908 0.136010
vt 0.466770 0.136010
vt 0.466770 0.145378
vt 0.505494 0.126630
vt 0.493076 0.133715
vt 0.498509 0.143095
vt 0.496873 0.145905
vt 0.489810 0.133711
vt 0.494592 0.140826
vt 0.505479 0.140838
vt 0.507108 0.143652
vt 0.492956 0.143636
vt 0.507005 0.138282
vt 0.501572 0.128901
vt 0.503208 0.126091
vt 0.510271 0.138285
vt 0.505489 0.131170
vt 0.494603 0.131158
vt 0.492973 0.128344
vt 0.507125 0.128359
vt 0.498525 0.128898
vt 0.493071 0.138266
vt 0.489805 0.138263
vt 0.496895 0.126084
vt 0.501556 0.143098
vt 0.507010 0.133730
vt 0.510276 0.133733
vt 0.503186 0.145912
vt 0.507130 0.218570
vt 0.492978 0.218570
vt 0.468570 0.148192
vt 0.470370 0.148192
vt 0.468570 0.135982
vt 0.468570 0.148177
vt 0.470370 0.148177
vt 0.470370 0.135982
vt 0.458908 0.364014
vt 0.458908 0.354634
vt 0.466770 0.354634
vt 0.466770 0.364014
vt 0.466770 0.363990
vt 0.466770 0.354622
vt 0.458908 0.354622
vt 0.458908 0.363990
vt 0.505494 0.208908
vt 0.494608 0.208908
vt 0.466770 0.363990
vt 0.458908 0.363990
vt 0.458908 0.373371
vt 0.458908 0.373382
vt 0.458908 0.364014
vt 0.466770 0.364014
vt 0.466770 0.373383
vt 0.493076 0.361718
vt 0.498509 0.371099
vt 0.496873 0.373909
vt 0.489810 0.361715
vt 0.494592 0.368830
vt 0.505479 0.368842
vt 0.507108 0.371656
vt 0.492956 0.371640
vt 0.507005 0.366286
vt 0.501572 0.356905
vt 0.503208 0.354095
vt 0.505489 0.359174
vt 0.494603 0.359162
vt 0.492973 0.356348
vt 0.507125 0.356363
vt 0.498525 0.356902
vt 0.493071 0.366270
vt 0.489805 0.366266
vt 0.496895 0.354088
vt 0.501557 0.371102
vt 0.507010 0.361734
vt 0.510276 0.361737
vt 0.503186 0.373916
vt 0.468570 0.376197
vt 0.470370 0.364018
vt 0.468570 0.351808
vt 0.468570 0.363987
vt 0.470370 0.363986
vt 0.470370 0.351808
vt 0.427229 0.208908
vt 0.416754 0.208908
vt 0.416754 0.216770
vt 0.427229 0.216770
vt 0.466770 0.177006
vt 0.458908 0.166525
vt 0.458908 0.177006
vt 0.429997 0.216770
vt 0.422291 0.216770
vt 0.422291 0.208908
vt 0.409048 0.216770
vt 0.416755 0.216770
vt 0.409048 0.208908
vt 0.411816 0.208908
vt 0.422291 0.208908
vt 0.466770 0.161627
vt 0.416754 0.158836
vt 0.411816 0.177006
vt 0.412984 0.172626
vt 0.423458 0.175418
vt 0.424288 0.178562
vt 0.410671 0.174933
vt 0.419084 0.176583
vt 0.426790 0.168894
vt 0.429932 0.169731
vt 0.419914 0.179727
vt 0.426062 0.166007
vt 0.415587 0.163215
vt 0.414757 0.160071
vt 0.428374 0.163700
vt 0.419961 0.162050
vt 0.412255 0.169739
vt 0.409113 0.168902
vt 0.419131 0.158906
vt 0.413430 0.165368
vt 0.416198 0.175849
vt 0.413886 0.178155
vt 0.410288 0.164531
vt 0.425615 0.173265
vt 0.422847 0.162785
vt 0.425159 0.160478
vt 0.428757 0.174103
vt 0.468570 0.172945
vt 0.468570 0.159320
vt 0.470370 0.159320
vt 0.470370 0.172945
vt 0.468570 0.165688
vt 0.468570 0.179313
vt 0.470370 0.179313
vt 0.470370 0.165688
vt 0.423121 0.218570
vt 0.433139 0.218570
vt 0.433139 0.220370
vt 0.577978 0.208908
vt 0.577978 0.216770
vt 0.466770 0.338229
vt 0.466770 0.327749
vt 0.458908 0.327749
vt 0.583514 0.216770
vt 0.573040 0.216770
vt 0.573040 0.208908
vt 0.583514 0.208908
vt 0.577978 0.320059
vt 0.588452 0.322850
vt 0.591220 0.333331
vt 0.583514 0.341021
vt 0.573039 0.338229
vt 0.570271 0.327748
vt 0.574206 0.333850
vt 0.584681 0.336641
vt 0.585512 0.339785
vt 0.580307 0.337807
vt 0.588013 0.330117
vt 0.591156 0.330954
vt 0.581137 0.340950
vt 0.587285 0.327230
vt 0.576811 0.324439
vt 0.575980 0.321294
vt 0.589597 0.324923
vt 0.581184 0.323273
vt 0.573478 0.330963
vt 0.570336 0.330125
vt 0.580354 0.320129
vt 0.574653 0.326591
vt 0.577421 0.337072
vt 0.571511 0.325754
vt 0.586838 0.334489
vt 0.584070 0.324008
vt 0.589981 0.335326
vt 0.590764 0.218570
vt 0.577147 0.218570
vt 0.577147 0.220370
vt 0.590764 0.220370
vt 0.468570 0.326911
vt 0.468570 0.340536
vt 0.470370 0.340536
vt 0.470370 0.326911
vt 0.570727 0.218570
vt 0.584345 0.218570
vt 0.584345 0.220370
vt 0.570728 0.220370
vt 0.458908 0.177079
vt 0.458908 0.166605
vt 0.466770 0.166605
vt 0.466770 0.177079
vt 0.572846 0.216770
vt 0.583326 0.216770
vt 0.583326 0.208908
vt 0.572846 0.208908
vt 0.466770 0.158899
vt 0.458908 0.166605
vt 0.458908 0.158899
vt 0.466770 0.172141
vt 0.458908 0.161667
vt 0.458908 0.172141
vt 0.577744 0.208908
vt 0.588225 0.208908
vt 0.588225 0.216770
vt 0.577744 0.216770
vt 0.591016 0.166605
vt 0.588225 0.177079
vt 0.577744 0.179848
vt 0.577225 0.162834
vt 0.574434 0.173308
vt 0.571290 0.174139
vt 0.574919 0.160522
vt 0.573269 0.168934
vt 0.580958 0.176640
vt 0.580121 0.179783
vt 0.570125 0.169764
vt 0.583845 0.175912
vt 0.586637 0.165438
vt 0.589781 0.164607
vt 0.586152 0.178224
vt 0.587802 0.169812
vt 0.580112 0.162105
vt 0.580950 0.158963
vt 0.590946 0.168981
vt 0.584484 0.163280
vt 0.574003 0.166049
vt 0.571697 0.163737
vt 0.585321 0.160138
vt 0.576586 0.175465
vt 0.587067 0.172697
vt 0.589374 0.175009
vt 0.575749 0.178608
vt 0.570539 0.218570
vt 0.584164 0.220370
vt 0.458908 0.338303
vt 0.458908 0.327828
vt 0.466770 0.338303
vt 0.411623 0.216770
vt 0.422103 0.216770
vt 0.422103 0.208908
vt 0.458908 0.341071
vt 0.466770 0.320122
vt 0.466770 0.327828
vt 0.458908 0.327828
vt 0.466770 0.333365
vt 0.466770 0.322890
vt 0.458908 0.322890
vt 0.458908 0.333365
vt 0.416521 0.208908
vt 0.427001 0.208908
vt 0.427001 0.216770
vt 0.416521 0.216770
vt 0.429793 0.327828
vt 0.427001 0.338303
vt 0.416521 0.341071
vt 0.416002 0.324057
vt 0.413211 0.334532
vt 0.410067 0.335362
vt 0.413696 0.321745
vt 0.412045 0.330157
vt 0.419735 0.337864
vt 0.418898 0.341006
vt 0.408901 0.330988
vt 0.422622 0.337136
vt 0.425413 0.326661
vt 0.428558 0.325831
vt 0.424929 0.339447
vt 0.426579 0.331035
vt 0.418889 0.323329
vt 0.419727 0.320186
vt 0.429723 0.330204
vt 0.423261 0.324504
vt 0.412780 0.327272
vt 0.410473 0.324960
vt 0.424098 0.321361
vt 0.415363 0.336689
vt 0.425844 0.333921
vt 0.428151 0.336232
vt 0.414526 0.339831
vt 0.422941 0.218570
vt 0.409316 0.218570
vt 0.409316 0.220370
vt 0.422941 0.220370
vt 0.682545 0.916668
vt 0.682545 1.000001
vt 0.682545 0.166663
vt 0.682545 0.249996
vt 0.682545 -0.000001
vt 0.682545 0.083332
vt 0.682545 0.249996
vt 0.682545 0.333330
vt 0.682545 0.666669
vt 0.682545 0.583336
vt 0.682545 0.666670
vt 0.682545 0.750004
vt 0.682545 0.833336
vt 0.682545 0.916669
vt 0.682545 0.416666
vt 0.682545 0.499999
vt 0.682545 0.333331
vt 0.682545 0.416664
vt 0.682545 0.083331
vt 0.682545 0.166664
vt 0.682545 0.500001
vt 0.682545 0.583334
vt 0.682545 0.750004
vt 0.682545 0.833337
vt 0.386160 0.208908
vt 0.376779 0.208908
vt 0.376779 0.216770
vt 0.376767 0.216770
vt 0.376767 0.208908
vt 0.466770 0.244378
vt 0.466770 0.255265
vt 0.458908 0.255265
vt 0.458908 0.244378
vt 0.466770 0.255244
vt 0.466770 0.244358
vt 0.458908 0.244358
vt 0.458908 0.255244
vt 0.386136 0.216770
vt 0.386136 0.208908
vt 0.395516 0.208908
vt 0.395528 0.208908
vt 0.386160 0.208908
vt 0.386160 0.216770
vt 0.395528 0.216770
vt 0.383864 0.256776
vt 0.393244 0.251343
vt 0.396055 0.252979
vt 0.383860 0.260042
vt 0.390975 0.255260
vt 0.390987 0.244373
vt 0.393801 0.242743
vt 0.393786 0.256896
vt 0.388431 0.242846
vt 0.376240 0.246643
vt 0.388435 0.239581
vt 0.381320 0.244363
vt 0.381308 0.255249
vt 0.378493 0.256879
vt 0.378509 0.242727
vt 0.379048 0.251327
vt 0.388416 0.256781
vt 0.388412 0.260047
vt 0.376233 0.252957
vt 0.393248 0.248295
vt 0.383879 0.242842
vt 0.383883 0.239576
vt 0.396062 0.246665
vt 0.373968 0.218570
vt 0.373969 0.220370
vt 0.468570 0.242721
vt 0.468570 0.256874
vt 0.470370 0.256874
vt 0.470370 0.242722
vt 0.398342 0.218570
vt 0.398342 0.220370
vt 0.468570 0.256901
vt 0.468570 0.242748
vt 0.470370 0.242748
vt 0.470370 0.256901
vt 0.614164 0.208908
vt 0.604783 0.208908
vt 0.604771 0.208908
vt 0.466770 0.255244
vt 0.466770 0.244358
vt 0.458908 0.244358
vt 0.614140 0.216770
vt 0.614140 0.208908
vt 0.623532 0.208908
vt 0.614164 0.208908
vt 0.614164 0.216770
vt 0.623532 0.216770
vt 0.611868 0.256776
vt 0.621249 0.251343
vt 0.624059 0.252979
vt 0.611865 0.260042
vt 0.618980 0.255260
vt 0.618991 0.244373
vt 0.621805 0.242743
vt 0.616435 0.242847
vt 0.607055 0.248279
vt 0.604244 0.246643
vt 0.616439 0.239581
vt 0.609324 0.244363
vt 0.606513 0.242727
vt 0.607052 0.251327
vt 0.616420 0.256781
vt 0.616416 0.260047
vt 0.604237 0.252957
vt 0.621252 0.248295
vt 0.611884 0.242842
vt 0.611887 0.239576
vt 0.624066 0.246665
vt 0.614167 0.218570
vt 0.601973 0.218570
vt 0.601973 0.220370
vt 0.614167 0.220370
vt 0.468570 0.242722
vt 0.468570 0.256874
vt 0.470370 0.256874
vt 0.601957 0.218570
vt 0.614136 0.218570
vt 0.614136 0.220370
vt 0.601957 0.220370
vt 0.468570 0.256901
vt 0.468570 0.242748
vt 0.470370 0.242748
vt 0.458908 0.136010
vt 0.458908 0.126630
vt 0.466770 0.126630
vt 0.494587 0.216770
vt 0.505494 0.208908
vt 0.494608 0.208908
vt 0.466770 0.145366
vt 0.466770 0.145378
vt 0.493076 0.133714
vt 0.498509 0.143095
vt 0.496873 0.145905
vt 0.489810 0.133711
vt 0.494592 0.140826
vt 0.492956 0.143636
vt 0.507005 0.138282
vt 0.501572 0.128901
vt 0.503208 0.126091
vt 0.510271 0.138285
vt 0.494603 0.131158
vt 0.492973 0.128344
vt 0.507125 0.128359
vt 0.498525 0.128898
vt 0.493071 0.138266
vt 0.489805 0.138262
vt 0.496895 0.126084
vt 0.501557 0.143098
vt 0.507010 0.133730
vt 0.503186 0.145912
vt 0.468570 0.136013
vt 0.468570 0.123819
vt 0.470370 0.123819
vt 0.470370 0.136014
vt 0.492977 0.218570
vt 0.492978 0.220370
vt 0.507130 0.220370
vt 0.468570 0.148192
vt 0.468570 0.136014
vt 0.507103 0.218570
vt 0.507103 0.220370
vt 0.492951 0.220370
vt 0.458908 0.364014
vt 0.458908 0.354634
vt 0.466770 0.363990
vt 0.466770 0.354622
vt 0.458908 0.354622
vt 0.458908 0.363990
vt 0.494587 0.208908
vt 0.494608 0.216770
vt 0.505494 0.216770
vt 0.505494 0.208908
vt 0.494608 0.208908
vt 0.466770 0.373371
vt 0.458908 0.363990
vt 0.458908 0.373371
vt 0.458908 0.373382
vt 0.493076 0.361719
vt 0.498509 0.371099
vt 0.496873 0.373909
vt 0.489810 0.361715
vt 0.494592 0.368830
vt 0.505479 0.368842
vt 0.507108 0.371656
vt 0.492956 0.371640
vt 0.501572 0.356905
vt 0.503209 0.354095
vt 0.510271 0.366289
vt 0.507125 0.356364
vt 0.498525 0.356902
vt 0.493071 0.366270
vt 0.489805 0.366266
vt 0.496895 0.354088
vt 0.501556 0.371102
vt 0.507010 0.361734
vt 0.503186 0.373916
vt 0.507130 0.218570
vt 0.492978 0.220370
vt 0.468570 0.351808
vt 0.468570 0.363986
vt 0.470370 0.363986
vt 0.470370 0.351807
vt 0.468570 0.363986
vt 0.470370 0.363987
vt 0.492951 0.218570
vt 0.427229 0.208908
vt 0.416754 0.208908
vt 0.416754 0.216770
vt 0.427229 0.216770
vt 0.466770 0.177006
vt 0.458908 0.166525
vt 0.458908 0.177006
vt 0.422291 0.216770
vt 0.422291 0.208908
vt 0.429997 0.208908
vt 0.409048 0.216770
vt 0.416754 0.208908
vt 0.409048 0.208908
vt 0.411816 0.216770
vt 0.411816 0.208908
vt 0.422291 0.208908
vt 0.412983 0.172626
vt 0.423458 0.175418
vt 0.424288 0.178562
vt 0.410671 0.174933
vt 0.419084 0.176583
vt 0.426790 0.168894
vt 0.429932 0.169731
vt 0.419914 0.179727
vt 0.426062 0.166007
vt 0.415587 0.163215
vt 0.414757 0.160071
vt 0.428374 0.163700
vt 0.419961 0.162050
vt 0.412255 0.169739
vt 0.409112 0.168902
vt 0.419131 0.158906
vt 0.413430 0.165368
vt 0.416198 0.175849
vt 0.413886 0.178155
vt 0.410288 0.164530
vt 0.425615 0.173265
vt 0.422847 0.162785
vt 0.425159 0.160478
vt 0.428757 0.174103
vt 0.429541 0.218570
vt 0.415924 0.218570
vt 0.429541 0.220370
vt 0.409504 0.218570
vt 0.423121 0.218570
vt 0.423121 0.220370
vt 0.409504 0.220370
vt 0.588452 0.208908
vt 0.577978 0.208908
vt 0.577978 0.216770
vt 0.588452 0.216770
vt 0.466770 0.338229
vt 0.466770 0.327749
vt 0.458908 0.338229
vt 0.583514 0.216770
vt 0.583514 0.208908
vt 0.591220 0.208908
vt 0.577978 0.208908
vt 0.570271 0.208908
vt 0.573039 0.216770
vt 0.583514 0.208908
vt 0.577978 0.320059
vt 0.588452 0.322850
vt 0.591220 0.333331
vt 0.583514 0.341020
vt 0.573040 0.338229
vt 0.574206 0.333850
vt 0.584681 0.336641
vt 0.585512 0.339785
vt 0.571895 0.336156
vt 0.580307 0.337806
vt 0.588013 0.330117
vt 0.591156 0.330954
vt 0.581137 0.340950
vt 0.587285 0.327230
vt 0.576811 0.324438
vt 0.575980 0.321294
vt 0.589597 0.324923
vt 0.581185 0.323273
vt 0.580354 0.320129
vt 0.574653 0.326591
vt 0.577421 0.337072
vt 0.575109 0.339379
vt 0.571511 0.325754
vt 0.590765 0.218570
vt 0.577147 0.218570
vt 0.577147 0.220370
vt 0.590764 0.220370
vt 0.567129 0.218570
vt 0.567129 0.220370
vt 0.577147 0.220370
vt 0.468570 0.320544
vt 0.470370 0.320543
vt 0.470370 0.334168
vt 0.572846 0.216770
vt 0.572846 0.208908
vt 0.466770 0.179848
vt 0.458908 0.172141
vt 0.458908 0.179848
vt 0.466770 0.158899
vt 0.466770 0.166605
vt 0.458908 0.166605
vt 0.458908 0.158899
vt 0.458908 0.161667
vt 0.458908 0.172141
vt 0.577744 0.208908
vt 0.588225 0.208908
vt 0.588225 0.216770
vt 0.577744 0.216770
vt 0.577225 0.162834
vt 0.571290 0.174139
vt 0.574919 0.160522
vt 0.573269 0.168934
vt 0.580958 0.176641
vt 0.580121 0.179783
vt 0.583845 0.175913
vt 0.586636 0.165438
vt 0.589781 0.164607
vt 0.586152 0.178224
vt 0.587802 0.169812
vt 0.580112 0.162105
vt 0.580950 0.158963
vt 0.590946 0.168981
vt 0.584484 0.163280
vt 0.574003 0.166049
vt 0.571697 0.163737
vt 0.576587 0.175465
vt 0.587067 0.172697
vt 0.575749 0.178608
vt 0.468570 0.165774
vt 0.468570 0.155756
vt 0.470370 0.155756
vt 0.470370 0.165774
vt 0.458908 0.327828
vt 0.422103 0.216770
vt 0.422103 0.208908
vt 0.411623 0.208908
vt 0.466770 0.341071
vt 0.458908 0.333365
vt 0.458908 0.341071
vt 0.466770 0.320122
vt 0.466770 0.327828
vt 0.466770 0.333365
vt 0.466770 0.322890
vt 0.458908 0.322890
vt 0.427001 0.208908
vt 0.427001 0.216770
vt 0.416521 0.216770
vt 0.416002 0.324057
vt 0.413211 0.334532
vt 0.413695 0.321745
vt 0.412045 0.330157
vt 0.418898 0.341006
vt 0.408901 0.330988
vt 0.422622 0.337136
vt 0.425413 0.326661
vt 0.428558 0.325831
vt 0.426579 0.331035
vt 0.418889 0.323329
vt 0.419727 0.320186
vt 0.429723 0.330205
vt 0.423261 0.324504
vt 0.412780 0.327272
vt 0.410473 0.324960
vt 0.424098 0.321361
vt 0.415363 0.336689
vt 0.425844 0.333921
vt 0.428151 0.336232
vt 0.414526 0.339831
vt 0.468570 0.326997
vt 0.468570 0.316979
vt 0.470370 0.316979
vt 0.470370 0.326998
vt 0.468570 0.320578
vt 0.468570 0.334195
vt 0.470370 0.320578
vt 0.468570 0.334195
vt 0.468570 0.344213
vt 0.470370 0.344213
vt 0.470370 0.334195
s 1
usemtl pipe_mp_1
f 4/1/1 3/2/2 76/3/2 75/4/1
f 3/2/2 8/5/3 69/6/3 76/3/2
f 79/7/4 146/8/4 148/9/5 80/10/5
f 7/11/4 6/12/5 31/13/5 30/14/4
f 102/15/6 27/16/4 33/17/4 38/18/6
f 18/19/7 20/20/8 108/21/8 28/22/7
f 20/20/8 19/23/9 32/24/9 108/21/8
f 19/23/9 17/25/6 103/26/6 32/24/9
f 11/27/10 13/28/11 113/29/11 29/30/10
f 13/28/11 12/31/12 116/32/12 113/29/11
f 12/31/12 18/33/7 28/22/7 116/32/12
f 27/16/4 106/34/5 34/35/5 33/17/4
f 106/34/5 99/36/3 35/37/3 34/35/5
f 26/38/7 109/39/8 36/40/8 43/41/7
f 105/42/4 107/43/5 106/34/13 27/16/14
f 109/39/8 111/44/9 37/45/9 36/40/8
f 111/44/9 102/46/6 38/47/6 37/45/9
f 91/48/10 114/49/11 39/50/11 44/51/10
f 114/49/11 117/52/12 40/53/12 39/50/11
f 26/38/7 43/41/7 40/53/12 117/52/12
f 53/54/1 133/55/1 135/56/2 54/57/2
f 91/48/10 44/51/10 41/58/1 25/59/1
f 22/60/6 72/61/6 67/62/4 9/63/4
f 2/64/2 95/65/2 98/66/3 5/67/3
f 7/11/4 30/14/4 103/68/6 17/69/6
f 6/12/5 5/70/3 98/66/3 31/13/5
f 96/71/2 42/72/2 35/37/3 99/36/3
f 90/73/10 87/74/1 60/75/1 61/76/10
f 56/77/10 131/78/10 133/55/1 53/54/1
f 55/79/7 140/80/7 66/81/12 52/82/12
f 65/83/11 51/84/11 52/82/12 66/81/12
f 51/84/11 65/83/11 131/78/10 56/77/10
f 153/85/9 49/86/9 50/87/6 143/88/6
f 64/89/8 48/90/8 49/86/9 153/85/9
f 48/90/8 64/89/8 140/80/7 55/79/7
f 63/91/5 46/92/5 47/93/3 138/94/3
f 143/95/6 50/96/6 45/97/4 62/98/4
f 4/1/1 75/4/1 78/99/10 14/100/10
f 54/57/2 135/56/2 138/94/3 47/93/3
f 62/98/4 45/97/4 46/92/5 63/91/5
f 84/101/6 144/102/6 146/8/4 79/7/4
f 141/103/15 142/104/7 151/105/8 150/106/16
f 146/8/17 147/107/4 149/108/5 148/9/18
f 90/73/10 61/76/10 58/109/11 85/110/11
f 85/110/11 58/109/11 59/111/12 86/112/12
f 89/113/7 141/103/7 150/106/8 82/114/8
f 80/10/5 148/9/5 57/115/3 81/116/3
f 137/117/2 134/118/1 60/75/19 136/119/20
f 86/112/12 59/111/12 141/103/7 89/113/7
f 88/120/2 81/116/3 57/115/3 136/119/2
f 25/59/1 41/58/1 42/72/2 96/71/2
f 16/121/12 74/122/12 77/123/7 21/124/7
f 15/125/11 73/126/11 74/122/12 16/121/12
f 14/127/10 78/99/10 73/126/11 15/125/11
f 24/128/9 71/129/9 72/130/6 22/131/6
f 23/132/8 70/133/8 71/129/9 24/128/9
f 21/134/7 77/123/7 70/133/8 23/132/8
f 10/135/5 68/136/5 69/6/3 8/137/3
f 9/63/4 67/62/4 68/136/5 10/135/5
f 87/74/1 88/120/2 136/119/2 60/75/1
f 158/138/4 157/139/6 84/101/21 79/7/22
f 164/140/10 167/141/1 87/74/23 90/73/24
f 159/142/5 68/136/25 67/62/26 158/138/4
f 160/143/3 69/6/27 68/136/25 159/142/5
f 159/142/5 158/138/4 79/7/22 80/10/28
f 160/143/3 159/142/5 80/10/28 81/116/29
f 163/144/9 71/129/30 70/133/31 162/145/8
f 165/146/11 164/140/10 90/73/24 85/110/32
f 163/144/9 162/145/8 82/114/33 83/147/34
f 163/144/9 157/148/6 72/130/35 71/129/30
f 166/149/12 74/122/36 73/126/37 165/146/11
f 167/141/1 168/150/2 88/120/38 87/74/23
f 166/149/12 165/146/11 85/110/32 86/112/39
f 166/149/12 161/151/7 77/123/40 74/122/36
f 162/145/8 70/133/31 77/123/40 161/151/7
f 168/150/2 160/143/3 81/116/29 88/120/38
f 11/152/10 29/30/10 93/153/1 1/154/1
f 121/155/5 46/92/41 45/97/42 120/156/4
f 122/157/3 47/93/43 46/92/41 121/155/5
f 121/155/5 120/156/4 33/17/44 34/35/45
f 122/157/3 121/155/5 34/35/45 35/37/46
f 125/158/9 49/86/47 48/90/48 124/159/8
f 127/160/11 126/161/10 44/51/49 39/50/50
f 125/158/9 124/159/8 36/40/51 37/45/52
f 125/158/9 119/162/6 50/87/53 49/86/47
f 128/163/12 52/82/54 51/84/55 127/160/11
f 130/164/2 42/72/56 41/58/57 129/165/1
f 128/163/12 127/160/11 39/50/50 40/53/58
f 128/163/12 123/166/7 55/79/59 52/82/54
f 129/165/1 126/161/10 56/77/60 53/54/61
f 127/160/11 51/84/55 56/77/60 126/161/10
f 130/164/2 129/165/1 53/54/61 54/57/62
f 124/159/8 123/166/7 43/41/63 36/40/51
f 122/157/3 35/37/46 42/72/56 130/164/2
f 126/161/10 129/165/1 41/58/57 44/51/49
f 123/166/7 128/163/12 40/53/58 43/41/63
f 124/159/8 48/90/48 55/79/59 123/166/7
f 119/162/6 125/158/9 37/45/52 38/47/64
f 120/156/4 45/97/42 50/96/53 119/167/6
f 122/157/3 130/164/2 54/57/62 47/93/43
f 167/141/1 164/140/10 78/99/65 75/4/66
f 165/146/11 73/126/37 78/99/65 164/140/10
f 167/141/1 75/4/66 76/3/67 168/150/2
f 162/145/8 161/151/7 89/113/68 82/114/33
f 161/151/7 166/149/12 86/112/39 89/113/68
f 157/148/6 163/144/9 83/147/34 84/168/21
f 158/138/4 67/62/26 72/61/35 157/139/6
f 168/150/2 76/3/67 69/6/27 160/143/3
f 104/169/6 105/42/4 27/16/14 102/15/69
f 31/13/70 107/43/5 105/42/4 30/14/71
f 107/43/5 100/170/3 99/36/72 106/34/13
f 31/13/70 98/66/73 100/170/3 107/43/5
f 28/22/74 108/21/75 110/171/8 101/172/7
f 98/66/73 95/65/76 97/173/2 100/170/3
f 101/172/7 110/171/8 109/39/77 26/38/78
f 32/24/79 112/174/9 110/171/8 108/21/75
f 110/171/8 112/174/9 111/44/80 109/39/77
f 104/175/6 112/174/9 32/24/79 103/26/81
f 102/46/69 111/44/80 112/174/9 104/175/6
f 29/30/82 113/29/83 115/176/11 92/177/10
f 92/177/10 115/176/11 114/49/84 91/48/85
f 116/32/86 118/178/12 115/176/11 113/29/83
f 115/176/11 118/178/12 117/52/87 114/49/84
f 101/172/7 118/178/12 116/32/86 28/22/74
f 26/38/78 117/52/87 118/178/12 101/172/7
f 95/65/76 93/153/88 94/179/1 97/173/2
f 100/170/3 97/173/2 96/71/89 99/36/72
f 93/153/88 29/30/82 92/177/10 94/179/1
f 97/173/2 94/179/1 25/59/90 96/71/89
f 94/179/1 92/177/10 91/48/85 25/59/90
f 59/111/91 156/180/12 142/104/7 141/103/15
f 83/147/9 152/181/9 144/182/6 84/168/6
f 58/109/92 155/183/11 156/180/12 59/111/91
f 145/184/6 154/185/9 153/85/93 143/88/94
f 142/104/7 156/180/12 66/81/95 140/80/96
f 156/180/12 155/183/11 65/83/97 66/81/95
f 82/114/8 150/106/8 152/181/9 83/147/9
f 144/182/98 152/181/99 154/185/9 145/184/6
f 152/181/99 150/106/16 151/105/8 154/185/9
f 57/115/100 148/9/18 149/108/5 139/186/3
f 58/109/92 61/76/101 132/187/10 155/183/11
f 134/118/1 132/187/10 61/76/101 60/75/19
f 154/185/9 151/105/8 64/89/102 153/85/93
f 155/183/11 132/187/10 131/78/103 65/83/97
f 149/108/5 147/107/4 62/98/104 63/91/105
f 139/186/3 149/108/5 63/91/105 138/94/106
f 146/8/17 144/102/98 145/188/6 147/107/4
f 147/107/4 145/188/6 143/95/94 62/98/104
f 138/94/106 135/56/107 137/117/2 139/186/3
f 139/186/3 137/117/2 136/119/20 57/115/100
f 135/56/107 133/55/108 134/118/1 137/117/2
f 133/55/108 131/78/103 132/187/10 134/118/1
f 151/105/8 142/104/7 140/80/96 64/89/102
f 120/156/4 119/167/6 38/18/64 33/17/44
f 103/68/81 30/14/71 105/42/4 104/169/6
f 1/154/1 93/153/1 95/65/2 2/64/2
f 186/189/12 183/190/7 172/191/7 173/192/12
f 182/193/9 184/194/6 171/195/6 169/196/9
f 183/197/7 181/198/8 170/199/8 172/200/7
f 171/195/6 184/201/6 188/202/4 177/203/4
f 192/204/1 179/205/1 180/206/2 191/207/2
f 192/208/1 187/209/10 175/210/10 179/205/1
f 192/211/109 191/212/109 190/213/109 189/214/109 188/215/109 184/216/109 182/217/109 181/218/109 183/219/109 186/220/109 185/221/109 187/222/109
f 185/223/11 186/224/12 173/192/12 174/225/11
f 189/226/5 190/227/3 178/228/3 176/229/5
f 177/203/4 188/230/4 189/231/5 176/229/5
f 181/232/8 182/233/9 169/196/9 170/199/8
f 178/228/3 190/234/3 191/235/2 180/206/2
f 187/236/10 185/237/11 174/225/11 175/210/10
f 199/238/110 200/239/110 194/240/110 197/241/110
f 198/242/111 196/243/111 204/244/111 201/245/111
f 193/246/112 195/247/112 202/248/112 203/249/112
f 196/250/113 194/251/113 200/252/113 204/253/113
f 195/254/114 198/242/114 201/255/114 202/256/114
f 203/257/115 199/258/115 197/259/115 193/260/115
f 200/261/109 199/262/109 203/263/109 202/264/109 201/265/109 204/266/109
f 198/267/116 195/268/117 207/269/118 210/270/116
f 195/271/117 193/272/119 205/273/120 207/274/118
f 197/275/121 194/276/122 206/277/123 209/278/121
f 194/279/122 196/280/124 208/281/125 206/282/123
f 196/283/124 198/284/116 210/285/116 208/286/125
f 193/287/119 197/288/121 209/289/121 205/290/120
f 209/291/126 206/292/127 212/293/127 215/294/126
f 206/295/127 208/296/128 214/297/128 212/298/127
f 205/299/129 209/300/126 215/301/126 211/302/129
f 208/303/128 210/304/130 216/305/130 214/306/128
f 210/307/130 207/308/131 213/309/131 216/310/130
f 207/311/131 205/312/129 211/313/129 213/314/131
f 223/315/132 224/316/132 218/317/132 221/318/132
f 222/319/111 220/320/111 228/321/111 225/322/111
f 217/246/112 219/247/112 226/248/112 227/249/112
f 220/250/113 218/323/113 224/324/113 228/325/113
f 219/326/114 222/327/114 225/328/114 226/329/114
f 227/330/115 223/331/115 221/332/115 217/333/115
f 224/334/109 223/335/109 227/336/109 226/337/109 225/338/109 228/339/109
f 222/340/116 219/341/117 231/342/118 234/343/116
f 219/344/117 217/345/119 229/346/120 231/347/118
f 221/348/121 218/349/122 230/350/123 233/351/121
f 218/352/122 220/353/124 232/354/125 230/355/123
f 220/356/124 222/357/116 234/358/116 232/359/125
f 217/360/119 221/361/121 233/362/121 229/363/120
f 233/364/126 230/365/127 236/366/127 239/367/126
f 230/295/127 232/368/128 238/369/128 236/298/127
f 229/370/129 233/371/126 239/372/126 235/373/129
f 232/374/128 234/375/130 240/376/130 238/377/128
f 234/378/130 231/379/131 237/380/131 240/381/130
f 231/382/131 229/383/129 235/384/129 237/385/131
f 247/386/133 248/387/133 242/388/133 245/389/133
f 246/390/134 244/391/134 252/392/134 249/393/134
f 241/394/130 243/395/130 250/396/130 251/397/130
f 244/398/126 242/399/126 248/400/126 252/401/126
f 243/402/135 246/403/135 249/404/135 250/405/135
f 251/406/136 247/407/136 245/408/136 241/409/136
f 248/410/109 247/411/109 251/412/109 250/413/109 249/414/109 252/415/109
f 246/416/137 243/417/138 255/418/139 258/419/137
f 243/420/138 241/421/140 253/422/141 255/423/139
f 245/424/142 242/425/143 254/426/144 257/427/142
f 242/428/143 244/429/145 256/430/146 254/431/144
f 244/432/145 246/433/137 258/434/137 256/435/146
f 241/436/140 245/437/142 257/438/142 253/439/141
f 257/440/112 254/441/147 260/442/147 263/443/112
f 254/444/147 256/445/148 262/446/148 260/447/147
f 253/448/149 257/449/112 263/450/112 259/451/149
f 256/452/148 258/453/113 264/454/113 262/455/148
f 258/456/113 255/457/150 261/458/150 264/459/113
f 255/460/150 253/461/149 259/462/149 261/463/150
f 271/464/133 272/465/133 266/466/133 269/467/133
f 270/468/134 268/469/134 276/470/134 273/471/134
f 265/472/130 267/473/130 274/474/130 275/475/130
f 268/476/126 266/477/126 272/478/126 276/479/126
f 267/480/135 270/481/135 273/482/135 274/483/135
f 275/484/136 271/485/136 269/486/136 265/487/136
f 272/488/109 271/489/109 275/490/109 274/491/109 273/492/109 276/493/109
f 270/494/137 267/495/151 279/496/139 282/497/137
f 267/498/151 265/499/140 277/500/141 279/501/139
f 269/502/142 266/503/152 278/504/144 281/505/142
f 266/506/152 268/507/145 280/508/146 278/509/144
f 268/510/145 270/511/137 282/512/137 280/513/146
f 265/514/140 269/515/142 281/516/142 277/517/141
f 281/518/112 278/519/147 284/520/147 287/521/112
f 278/444/147 280/445/148 286/446/148 284/447/147
f 277/522/149 281/523/112 287/524/112 283/525/149
f 280/526/148 282/527/113 288/528/113 286/529/148
f 282/530/113 279/531/150 285/532/150 288/533/113
f 279/534/150 277/461/149 283/535/149 285/536/150
f 295/537/153 296/538/153 290/539/153 293/540/153
f 294/541/154 292/542/154 300/543/154 297/544/154
f 289/545/155 291/546/155 298/547/155 299/548/155
f 292/549/156 290/550/156 296/551/156 300/552/156
f 291/553/157 294/554/157 297/555/157 298/556/157
f 299/557/158 295/558/158 293/559/158 289/560/158
f 296/561/109 295/562/109 299/563/109 298/564/109 297/565/109 300/566/109
f 294/567/159 291/568/160 303/569/161 306/570/159
f 291/571/160 289/572/162 301/573/163 303/574/161
f 293/575/164 290/576/165 302/577/166 305/578/164
f 290/579/165 292/580/167 304/581/168 302/582/166
f 292/583/167 294/584/159 306/585/159 304/586/168
f 289/587/162 293/588/164 305/589/164 301/590/163
f 305/591/169 302/592/170 308/593/170 311/594/169
f 302/595/170 304/596/171 310/597/171 308/598/170
f 301/599/172 305/600/169 311/601/169 307/602/172
f 304/603/171 306/604/173 312/605/173 310/606/171
f 306/607/173 303/608/174 309/609/174 312/610/173
f 303/611/174 301/612/172 307/613/172 309/614/174
f 319/615/153 320/616/153 314/617/153 317/618/153
f 318/619/154 316/620/154 324/621/154 321/622/154
f 313/623/155 315/624/155 322/625/155 323/626/155
f 316/627/156 314/617/156 320/628/156 324/629/156
f 315/624/157 318/630/157 321/631/157 322/625/157
f 323/632/158 319/633/158 317/634/158 313/635/158
f 320/636/109 319/637/109 323/638/109 322/639/109 321/640/109 324/641/109
f 318/642/159 315/643/160 327/644/161 330/645/159
f 315/646/160 313/647/162 325/648/163 327/649/161
f 317/650/164 314/651/165 326/652/166 329/653/164
f 314/654/165 316/655/167 328/656/168 326/657/166
f 316/658/167 318/659/159 330/660/159 328/661/168
f 313/662/162 317/663/164 329/664/164 325/665/163
f 329/666/169 326/667/170 332/668/170 335/669/169
f 326/670/170 328/671/171 334/672/171 332/673/170
f 325/674/172 329/675/169 335/676/169 331/677/172
f 328/678/171 330/679/173 336/680/173 334/681/171
f 330/682/173 327/683/174 333/684/174 336/685/173
f 327/686/174 325/687/172 331/688/172 333/689/174
f 343/690/175 344/691/175 338/692/175 341/693/175
f 342/694/176 340/695/176 348/696/176 345/697/176
f 337/698/173 339/699/173 346/700/173 347/701/173
f 340/702/169 338/703/169 344/704/169 348/705/169
f 339/706/177 342/707/177 345/708/177 346/709/177
f 347/710/178 343/711/178 341/712/178 337/713/178
f 344/714/109 343/715/109 347/716/109 346/717/109 345/718/109 348/719/109
f 342/720/179 339/721/180 351/722/181 354/723/182
f 339/724/180 337/725/183 349/726/184 351/727/181
f 341/728/185 338/729/186 350/730/187 353/731/185
f 338/732/186 340/733/188 352/734/189 350/735/187
f 340/736/188 342/737/179 354/738/182 352/739/189
f 337/740/183 341/741/185 353/742/185 349/743/184
f 353/744/155 350/745/190 356/746/190 359/747/155
f 350/748/190 352/749/191 358/750/191 356/751/190
f 349/752/192 353/753/155 359/754/155 355/755/192
f 352/756/191 354/757/156 360/758/156 358/759/191
f 354/760/156 351/761/193 357/762/193 360/763/156
f 351/764/193 349/765/192 355/766/192 357/767/193
f 367/768/175 368/769/175 362/770/175 365/771/175
f 366/772/176 364/773/176 372/774/176 369/775/176
f 361/776/173 363/777/173 370/778/173 371/779/173
f 364/780/169 362/781/169 368/782/169 372/783/169
f 363/784/177 366/785/177 369/786/177 370/787/177
f 371/788/178 367/789/178 365/790/178 361/791/178
f 368/792/109 367/793/109 371/794/109 370/795/109 369/796/109 372/797/109
f 366/798/182 363/799/194 375/800/195 378/801/182
f 363/802/194 361/803/196 373/804/184 375/805/195
f 365/806/197 362/807/186 374/808/198 377/809/197
f 362/810/186 364/811/199 376/812/189 374/813/198
f 364/814/199 366/815/182 378/816/182 376/817/189
f 361/818/196 365/819/197 377/820/197 373/821/184
f 377/822/155 374/823/200 380/824/200 383/825/155
f 374/826/200 376/827/191 382/828/191 380/829/200
f 373/830/192 377/831/155 383/832/155 379/833/192
f 376/834/191 378/835/156 384/836/156 382/837/191
f 378/838/156 375/839/193 381/840/193 384/841/156
f 375/842/193 373/843/192 379/844/192 381/845/193
f 402/846/2 399/847/3 388/191/3 389/192/2
f 398/848/4 400/194/6 387/195/6 385/196/4
f 399/849/3 397/850/5 386/199/5 388/200/3
f 387/195/6 400/851/6 404/852/9 393/203/9
f 408/208/11 395/205/11 396/206/12 407/207/12
f 408/853/11 403/854/10 391/210/10 395/205/11
f 408/211/201 407/212/201 406/213/201 405/214/201 404/855/201 400/216/201 398/856/201 397/857/201 399/219/201 402/220/201 401/221/201 403/222/201
f 401/858/1 402/859/2 389/192/2 390/225/1
f 405/860/8 406/861/7 394/228/7 392/229/8
f 393/203/9 404/862/9 405/860/8 392/229/8
f 397/863/5 398/864/4 385/196/4 386/199/5
f 394/228/7 406/865/7 407/866/12 396/206/12
f 403/867/10 401/868/1 390/225/1 391/210/10
f 415/869/202 416/870/202 410/871/202 413/259/202
f 414/242/203 412/872/203 420/873/203 417/874/203
f 409/875/204 411/876/204 418/877/204 419/878/204
f 412/879/205 410/880/205 416/881/205 420/882/205
f 411/883/206 414/884/206 417/885/206 418/886/206
f 419/887/207 415/888/207 413/889/207 409/890/207
f 416/891/201 415/892/201 419/893/201 418/894/201 417/895/201 420/896/201
f 414/897/208 411/268/209 423/898/210 426/899/208
f 411/900/209 409/901/211 421/902/212 423/903/210
f 413/904/213 410/905/214 422/906/215 425/907/213
f 410/908/214 412/909/216 424/910/217 422/911/215
f 412/912/216 414/913/208 426/914/208 424/915/217
f 409/916/211 413/917/213 425/918/213 421/919/212
f 425/291/218 422/920/219 428/921/219 431/301/218
f 422/922/219 424/923/220 430/924/220 428/925/219
f 421/926/221 425/927/218 431/928/218 427/929/221
f 424/930/220 426/931/222 432/932/222 430/933/220
f 426/934/222 423/935/223 429/936/223 432/937/222
f 423/938/223 421/939/221 427/940/221 429/385/223
f 439/941/202 440/942/202 434/943/202 437/944/202
f 438/945/203 436/946/203 444/947/203 441/948/203
f 433/875/204 435/876/204 442/877/204 443/878/204
f 436/879/205 434/949/205 440/950/205 444/882/205
f 435/951/206 438/952/206 441/953/206 442/954/206
f 443/955/207 439/956/207 437/957/207 433/958/207
f 440/959/201 439/960/201 443/961/201 442/962/201 441/963/201 444/964/201
f 438/965/208 435/966/209 447/967/210 450/968/208
f 435/969/209 433/970/211 445/971/212 447/972/210
f 437/973/213 434/974/214 446/975/215 449/976/213
f 434/977/214 436/978/216 448/979/217 446/980/215
f 436/981/216 438/982/208 450/358/208 448/983/217
f 433/984/211 437/985/213 449/986/213 445/987/212
f 449/364/218 446/988/219 452/989/219 455/990/218
f 446/991/219 448/992/220 454/993/220 452/298/219
f 445/994/221 449/995/218 455/996/218 451/997/221
f 448/998/220 450/999/222 456/1000/222 454/1001/220
f 450/1002/222 447/1003/223 453/1004/223 456/1005/222
f 447/1006/223 445/1007/221 451/1008/221 453/1009/223
f 463/386/224 464/1010/224 458/1011/224 461/1012/224
f 462/1013/225 460/1014/225 468/1015/225 465/1016/225
f 457/1017/222 459/1018/222 466/1019/222 467/1020/222
f 460/1021/218 458/399/218 464/1022/218 468/1023/218
f 459/402/226 462/1024/226 465/1025/226 466/1026/226
f 467/1027/227 463/1028/227 461/1029/227 457/1030/227
f 464/1031/201 463/1032/201 467/1033/201 466/1034/201 465/1035/201 468/1036/201
f 462/1037/228 459/1038/229 471/1039/230 474/1040/228
f 459/1041/229 457/1042/231 469/1043/232 471/1044/230
f 461/424/233 458/1045/234 470/1046/235 473/1047/233
f 458/1048/234 460/1049/236 472/1050/237 470/1051/235
f 460/1052/236 462/1053/228 474/1054/228 472/1055/237
f 457/1056/231 461/1057/233 473/1058/233 469/439/232
f 473/1059/204 470/1060/238 476/1061/238 479/1062/204
f 470/1063/238 472/1064/239 478/1065/239 476/1066/238
f 469/1067/240 473/1068/204 479/450/204 475/451/240
f 472/1069/239 474/1070/205 480/1071/205 478/1072/239
f 474/456/205 471/1073/241 477/1074/241 480/1075/205
f 471/1076/241 469/1077/240 475/1078/240 477/1079/241
f 487/1080/224 488/1081/224 482/1082/224 485/1083/224
f 486/481/225 484/1084/225 492/1085/225 489/1086/225
f 481/1087/222 483/1088/222 490/1089/222 491/1020/222
f 484/1090/218 482/1091/218 488/1092/218 492/1093/218
f 483/1094/226 486/481/226 489/1095/226 490/1096/226
f 491/1097/227 487/1098/227 485/1099/227 481/1100/227
f 488/1101/201 487/489/201 491/490/201 490/491/201 489/492/201 492/493/201
f 486/1102/228 483/1103/229 495/1104/230 498/1105/228
f 483/1106/229 481/1107/231 493/1108/232 495/1109/230
f 485/1110/233 482/1111/234 494/1112/235 497/1113/233
f 482/1114/234 484/1115/236 496/1116/237 494/1117/235
f 484/1118/236 486/1119/228 498/1120/228 496/1121/237
f 481/1122/231 485/1123/233 497/1124/233 493/1125/232
f 497/523/204 494/1126/238 500/1127/238 503/1128/204
f 494/1129/238 496/1130/239 502/1065/239 500/1066/238
f 493/1131/240 497/1132/204 503/1133/204 499/1134/240
f 496/1135/239 498/1136/205 504/533/205 502/1137/239
f 498/1138/205 495/1139/241 501/1140/241 504/1141/205
f 495/1142/241 493/1143/240 499/1078/240 501/463/241
f 511/1144/242 512/1145/242 506/1146/242 509/1147/242
f 510/1148/243 508/1149/243 516/1150/243 513/1151/243
f 505/1152/244 507/546/244 514/1153/244 515/1154/244
f 508/1155/245 506/1156/245 512/1157/245 516/1158/245
f 507/1159/246 510/1160/246 513/1161/246 514/1162/246
f 515/1163/247 511/1164/247 509/1165/247 505/1166/247
f 512/1167/201 511/1168/201 515/1169/201 514/1170/201 513/1171/201 516/1172/201
f 510/1173/248 507/1174/249 519/1175/250 522/1176/248
f 507/1177/249 505/1178/251 517/1179/252 519/1180/250
f 509/1181/253 506/1182/254 518/1183/255 521/1184/253
f 506/1185/254 508/1186/256 520/1187/257 518/1188/255
f 508/1189/256 510/1190/248 522/1191/248 520/1192/257
f 505/1193/251 509/1194/253 521/1195/253 517/1196/252
f 521/1197/258 518/1198/259 524/1199/260 527/594/258
f 518/592/259 520/1200/261 526/1201/261 524/1202/260
f 517/1203/262 521/1204/258 527/1205/258 523/1206/262
f 520/1207/261 522/1208/263 528/1209/263 526/1210/261
f 522/1211/263 519/1212/264 525/1213/264 528/1214/263
f 519/1215/264 517/612/262 523/1216/262 525/1217/264
f 535/1218/242 536/1219/242 530/1220/242 533/618/242
f 534/619/243 532/1221/243 540/1222/243 537/1223/243
f 529/1224/244 531/1225/244 538/625/244 539/1226/244
f 532/1227/245 530/1228/245 536/628/245 540/1229/245
f 531/1230/246 534/1231/246 537/631/246 538/1232/246
f 539/1233/247 535/1234/247 533/1235/247 529/1236/247
f 536/636/201 535/637/201 539/1237/201 538/1238/201 537/640/201 540/641/201
f 534/1239/248 531/1240/249 543/1241/250 546/1242/248
f 531/1243/249 529/1244/251 541/1245/252 543/1246/250
f 533/1247/253 530/1248/254 542/1249/255 545/1250/253
f 530/1251/254 532/1252/256 544/1253/257 542/1254/255
f 532/1255/256 534/1256/248 546/1257/248 544/661/257
f 529/1258/251 533/1259/253 545/1260/253 541/1261/252
f 545/1262/258 542/1263/259 548/1264/260 551/1265/258
f 542/667/259 544/1266/261 550/1267/261 548/1268/260
f 541/674/262 545/1269/258 551/1270/258 547/1271/262
f 544/1272/261 546/1273/263 552/1274/263 550/1275/261
f 546/1276/263 543/1277/265 549/1278/265 552/1279/263
f 543/1280/265 541/1281/262 547/1282/262 549/1283/265
f 559/1284/266 560/1285/266 554/1286/266 557/1287/266
f 558/1288/267 556/1289/267 564/1290/267 561/697/267
f 553/1291/263 555/1292/263 562/700/263 563/1293/263
f 556/1294/258 554/1295/258 560/1296/258 564/1297/258
f 555/706/268 558/1298/268 561/1299/268 562/1300/268
f 563/1301/269 559/1302/269 557/1303/269 553/1304/269
f 560/1305/201 559/1306/201 563/1307/201 562/1308/201 561/1309/201 564/1310/201
f 558/1311/270 555/1312/271 567/1313/272 570/1314/273
f 555/1315/271 553/1316/274 565/1317/275 567/1318/272
f 557/1319/276 554/1320/277 566/1321/278 569/1322/276
f 554/1323/277 556/1324/279 568/1325/280 566/1326/278
f 556/1327/279 558/1328/270 570/1329/273 568/1330/280
f 553/1331/274 557/1332/276 569/1333/276 565/1334/275
f 569/1335/244 566/1336/281 572/1337/281 575/1338/244
f 566/1339/281 568/1340/282 574/1341/282 572/1342/281
f 565/1343/283 569/1344/244 575/1345/244 571/1346/283
f 568/1347/282 570/1348/245 576/1349/245 574/1350/282
f 570/1351/245 567/1352/284 573/1353/285 576/1354/245
f 567/1355/284 565/1356/283 571/1357/283 573/1358/285
f 583/1359/266 584/1360/266 578/1361/266 581/771/266
f 582/772/267 580/1362/267 588/1363/267 585/1364/267
f 577/1365/263 579/1366/263 586/778/263 587/779/263
f 580/1367/258 578/1368/258 584/1369/258 588/1370/258
f 579/1371/268 582/1372/268 585/1373/268 586/1374/268
f 587/1375/269 583/1376/269 581/1377/269 577/1378/269
f 584/792/201 583/793/201 587/794/201 586/795/201 585/796/201 588/797/201
f 582/1379/270 579/1380/271 591/1381/272 594/1382/273
f 579/1383/271 577/1384/274 589/1385/275 591/1386/272
f 581/1387/276 578/1388/277 590/1389/278 593/1390/276
f 578/1391/277 580/1392/279 592/1393/280 590/1394/278
f 580/1395/279 582/1396/270 594/1397/273 592/1398/280
f 577/1399/274 581/1400/276 593/1401/276 589/1402/275
f 593/1403/244 590/1404/286 596/1405/286 599/1406/244
f 590/1407/286 592/1408/282 598/1409/282 596/1410/286
f 589/1411/283 593/1412/244 599/1413/244 595/1414/283
f 592/1415/282 594/1416/245 600/1417/245 598/1418/282
f 594/1419/245 591/1420/285 597/1421/285 600/1422/245
f 591/1423/285 589/1424/283 595/1425/283 597/845/285
f 618/189/12 615/1426/7 604/191/7 605/192/12
f 614/1427/9 616/1428/6 603/195/6 601/196/9
f 615/1429/7 613/1430/8 602/199/8 604/200/7
f 603/195/6 616/1431/6 620/862/4 609/203/4
f 624/204/1 611/205/1 612/206/2 623/207/2
f 624/1432/1 619/867/10 607/210/10 611/205/1
f 624/211/109 623/212/109 622/213/109 621/214/109 620/215/109 616/1433/109 614/217/109 613/218/109 615/219/109 618/220/109 617/221/109 619/222/109
f 617/1434/11 618/189/12 605/192/12 606/225/11
f 621/1435/5 622/234/3 610/228/3 608/229/5
f 609/203/4 620/230/4 621/231/5 608/229/5
f 613/1436/8 614/233/9 601/196/9 602/199/8
f 610/228/3 622/1437/3 623/1438/2 612/206/2
f 619/236/10 617/237/11 606/225/11 607/210/10
f 631/238/132 632/239/132 626/240/132 629/241/132
f 630/242/111 628/243/111 636/1439/111 633/874/111
f 625/246/112 627/247/112 634/248/112 635/249/112
f 628/250/113 626/251/113 632/252/113 636/253/113
f 627/254/114 630/242/114 633/245/114 634/1440/114
f 635/257/115 631/258/115 629/259/115 625/260/115
f 632/891/109 631/892/109 635/893/109 634/1441/109 633/895/109 636/896/109
f 630/1442/116 627/1443/117 639/1444/118 642/1445/116
f 627/1446/117 625/1447/119 637/1448/120 639/1449/118
f 629/1450/287 626/1451/122 638/1452/123 641/1453/121
f 626/1454/122 628/1455/288 640/1456/289 638/1457/123
f 628/1458/288 630/1459/116 642/1460/116 640/1461/289
f 625/1462/119 629/1463/287 641/1464/121 637/1465/120
f 641/291/126 638/292/127 644/293/127 647/294/126
f 638/295/127 640/296/128 646/297/128 644/298/127
f 637/1466/129 641/1467/126 647/1468/126 643/1469/129
f 640/303/128 642/304/130 648/305/130 646/306/128
f 642/307/130 639/308/131 645/309/131 648/310/130
f 639/311/131 637/312/129 643/313/129 645/314/131
f 655/1470/132 656/1471/132 650/1472/132 653/1473/132
f 654/319/111 652/1474/111 660/947/111 657/1475/111
f 649/246/112 651/247/112 658/248/112 659/249/112
f 652/250/113 650/323/113 656/324/113 660/325/113
f 651/1476/114 654/327/114 657/1475/114 658/329/114
f 659/330/115 655/331/115 653/332/115 649/333/115
f 656/959/109 655/960/109 659/961/109 658/1477/109 657/1478/109 660/964/109
f 654/1479/116 651/1480/117 663/1481/118 666/1482/116
f 651/1483/117 649/1484/119 661/1485/120 663/1486/118
f 653/1487/121 650/1488/122 662/1489/123 665/1490/121
f 650/1491/122 652/1492/124 664/1493/125 662/1494/123
f 652/1495/124 654/357/116 666/1496/116 664/1497/125
f 649/1498/119 653/1499/121 665/1500/121 661/1501/120
f 665/364/126 662/365/127 668/366/127 671/367/126
f 662/295/127 664/368/128 670/369/128 668/298/127
f 661/370/129 665/371/126 671/372/126 667/373/129
f 664/374/128 666/375/130 672/376/130 670/377/128
f 666/378/130 663/379/131 669/380/131 672/381/130
f 663/382/131 661/383/129 667/384/129 669/385/131
f 679/386/133 680/387/133 674/388/133 677/389/133
f 678/1502/134 676/1014/134 684/1503/134 681/393/134
f 673/394/130 675/395/130 682/396/130 683/397/130
f 676/1090/126 674/399/126 680/1504/126 684/479/126
f 675/1505/135 678/1502/135 681/1025/135 682/1506/135
f 683/1507/136 679/1508/136 677/1509/136 673/1510/136
f 680/1511/109 679/1032/109 683/1033/109 682/1034/109 681/1035/109 684/1036/109
f 678/1512/137 675/1513/138 687/1514/139 690/1515/137
f 675/1516/138 673/1517/140 685/1518/141 687/1519/139
f 677/1520/142 674/1521/152 686/1522/144 689/1523/142
f 674/1524/152 676/1525/145 688/1526/146 686/1527/144
f 676/1528/145 678/1529/137 690/1530/137 688/1531/146
f 673/1532/140 677/1533/142 689/1534/142 685/1535/141
f 689/440/112 686/441/147 692/442/147 695/443/112
f 686/1536/147 688/1537/148 694/446/148 692/447/147
f 685/1538/149 689/449/112 695/1062/112 691/1539/149
f 688/452/148 690/453/113 696/454/113 694/455/148
f 690/1540/113 687/1541/150 693/1542/150 696/1543/113
f 687/460/150 685/461/149 691/462/149 693/463/150
f 703/1544/133 704/1545/133 698/1546/133 701/1547/133
f 702/1548/134 700/1549/134 708/1550/134 705/1551/134
f 697/472/130 699/473/130 706/474/130 707/475/130
f 700/1021/126 698/399/126 704/1552/126 708/1553/126
f 699/480/135 702/1554/135 705/1555/135 706/1556/135
f 707/1557/136 703/1558/136 701/1559/136 697/1560/136
f 704/488/109 703/489/109 707/490/109 706/491/109 705/492/109 708/493/109
f 702/1561/137 699/1562/151 711/1563/139 714/1564/137
f 699/1565/151 697/1566/140 709/1567/141 711/1568/139
f 701/1569/142 698/1570/152 710/1571/144 713/1113/142
f 698/1572/152 700/1573/145 712/1574/290 710/1575/144
f 700/1576/145 702/1577/137 714/1578/137 712/1579/290
f 697/1580/140 701/1581/142 713/1582/142 709/1583/141
f 713/518/112 710/519/147 716/520/147 719/521/112
f 710/444/147 712/445/148 718/446/148 716/447/147
f 709/1584/149 713/523/112 719/1585/112 715/1134/149
f 712/1586/148 714/1587/113 720/1588/113 718/1589/148
f 714/530/113 711/531/150 717/532/150 720/533/113
f 711/534/150 709/461/149 715/535/149 717/536/150
f 727/1590/153 728/1591/153 722/1592/153 725/1593/153
f 726/1594/154 724/542/154 732/1595/154 729/1596/154
f 721/1597/155 723/1598/155 730/1599/155 731/1154/155
f 724/1600/156 722/1601/156 728/551/156 732/1602/156
f 723/1159/157 726/1160/157 729/1603/157 730/1604/157
f 731/557/158 727/558/158 725/1605/158 721/560/158
f 728/1606/109 727/1168/109 731/1169/109 730/1170/109 729/1607/109 732/1172/109
f 726/1608/159 723/1609/160 735/1610/161 738/1611/159
f 723/1612/160 721/1613/162 733/1614/163 735/1615/161
f 725/1616/164 722/1617/165 734/1618/291 737/1619/164
f 722/1620/165 724/1621/292 736/1622/168 734/1623/291
f 724/1624/292 726/1625/159 738/1626/159 736/1627/168
f 721/1628/162 725/1629/164 737/1630/164 733/1631/163
f 737/591/169 734/592/293 740/593/293 743/594/169
f 734/595/293 736/596/171 742/597/171 740/598/293
f 733/1632/172 737/1633/169 743/1634/169 739/1635/172
f 736/1636/171 738/1637/173 744/1638/173 742/1639/171
f 738/607/173 735/608/294 741/609/294 744/610/173
f 735/1640/294 733/1641/172 739/1642/172 741/1217/294
f 751/615/153 752/1643/153 746/1644/153 749/618/153
f 750/1645/154 748/1646/154 756/1647/154 753/1223/154
f 745/623/155 747/624/155 754/625/155 755/626/155
f 748/627/156 746/617/156 752/628/156 756/629/156
f 747/1648/157 750/1649/157 753/1650/157 754/1651/157
f 755/632/158 751/633/158 749/634/158 745/635/158
f 752/1652/109 751/1653/109 755/1654/109 754/1655/109 753/1656/109 756/1657/109
f 750/1658/159 747/1659/160 759/1660/161 762/645/159
f 747/1661/160 745/1662/162 757/1663/163 759/1664/161
f 749/1665/164 746/1666/165 758/1667/291 761/1668/164
f 746/1669/165 748/1670/292 760/1671/168 758/1672/291
f 748/1673/292 750/1674/159 762/660/159 760/1675/168
f 745/1676/162 749/1677/164 761/1260/164 757/1678/163
f 761/1679/169 758/1680/293 764/1681/293 767/1682/169
f 758/670/293 760/671/171 766/672/171 764/673/293
f 757/674/172 761/675/169 767/676/169 763/677/172
f 760/1683/171 762/1684/173 768/1685/173 766/1686/171
f 762/1687/173 759/1688/294 765/1689/294 768/1690/173
f 759/686/294 757/687/172 763/688/172 765/689/294
f 775/1691/175 776/1692/175 770/1693/175 773/1694/175
f 774/1695/176 772/1696/176 780/1697/176 777/1698/176
f 769/698/173 771/699/173 778/700/173 779/701/173
f 772/1699/169 770/703/169 776/1700/169 780/1701/169
f 771/1702/177 774/1298/177 777/1703/177 778/1704/177
f 779/1705/178 775/1706/178 773/1707/178 769/1708/178
f 776/1709/109 775/1710/109 779/1711/109 778/1308/109 777/1309/109 780/1310/109
f 774/1712/182 771/1713/180 783/1714/181 786/1715/182
f 771/1716/180 769/1717/183 781/1718/184 783/1719/181
f 773/1720/185 770/1721/186 782/1722/187 785/1723/185
f 770/1724/186 772/1725/199 784/1726/189 782/1727/187
f 772/1728/199 774/1729/182 786/1730/182 784/1731/189
f 769/1732/183 773/1733/185 785/1734/185 781/1735/184
f 785/744/155 782/745/200 788/746/200 791/747/155
f 782/748/200 784/749/191 790/750/191 788/751/200
f 781/752/192 785/753/155 791/754/155 787/755/192
f 784/756/191 786/1736/156 792/758/156 790/1737/191
f 786/760/156 783/761/295 789/762/295 792/763/156
f 783/764/295 781/765/192 787/766/192 789/767/295
f 799/1738/175 800/1739/175 794/1368/175 797/1740/175
f 798/1741/176 796/1742/176 804/1743/176 801/1364/176
f 793/776/173 795/777/173 802/1374/173 803/1744/173
f 796/1745/169 794/1746/169 800/1747/169 804/1370/169
f 795/1748/177 798/1749/177 801/1750/177 802/1751/177
f 803/1752/178 799/1753/178 797/1754/178 793/1755/178
f 800/1756/109 799/1757/109 803/1758/109 802/795/109 801/796/109 804/797/109
f 798/1759/179 795/1760/180 807/1761/181 810/1762/179
f 795/1763/180 793/1764/183 805/1765/184 807/1766/181
f 797/1767/185 794/1768/186 806/1769/187 809/1770/185
f 794/1771/186 796/1772/199 808/1773/189 806/1774/187
f 796/1775/199 798/1776/179 810/1777/179 808/1778/189
f 793/1779/183 797/1780/185 809/1781/185 805/1782/184
f 809/822/155 806/823/190 812/824/190 815/825/155
f 806/826/190 808/827/191 814/828/191 812/829/190
f 805/830/192 809/831/155 815/832/155 811/833/192
f 808/1783/191 810/1784/156 816/1785/156 814/1786/191
f 810/838/156 807/839/193 813/840/193 816/841/156
f 807/842/193 805/843/192 811/844/192 813/845/193
f 822/1787/296 819/1788/297 610/191/297 612/192/296
f 818/1789/298 820/1790/6 603/195/6 609/196/298
f 819/1791/297 817/1792/299 608/199/299 610/200/297
f 603/195/6 820/1793/6 824/1794/300 601/203/300
f 828/1795/301 606/205/301 605/206/302 827/1796/302
f 828/1797/301 823/1798/10 607/210/10 606/205/301
f 828/211/201 827/212/201 826/213/201 825/214/201 824/215/201 820/216/201 818/217/201 817/218/201 819/219/201 822/220/201 821/221/201 823/222/201
f 821/1799/303 822/1800/296 612/192/296 611/225/303
f 825/1801/304 826/1802/305 604/228/305 602/229/304
f 601/203/300 824/1803/300 825/1804/304 602/229/304
f 817/1805/299 818/1806/298 609/196/298 608/199/299
f 604/228/305 826/1807/305 827/1808/302 605/206/302
f 823/1809/10 821/1810/303 611/225/303 607/210/10
f 835/1811/202 836/1812/202 830/1813/202 833/259/202
f 834/242/203 832/1814/203 840/1815/203 837/874/203
f 829/1816/204 831/1817/204 838/1818/204 839/1819/204
f 832/1820/205 830/1821/205 836/1822/205 840/1823/205
f 831/883/206 834/1824/206 837/1825/206 838/1826/206
f 839/1827/207 835/1828/207 833/1829/207 829/1830/207
f 836/891/201 835/892/201 839/893/201 838/1441/201 837/895/201 840/896/201
f 834/1831/208 831/1832/209 843/1833/210 846/1834/208
f 831/1835/209 829/1836/211 841/1837/212 843/1838/210
f 833/1839/213 830/905/306 842/1840/307 845/1841/213
f 830/1842/306 832/1843/216 844/1844/217 842/1845/307
f 832/1846/216 834/1847/208 846/1848/208 844/1849/217
f 829/1850/211 833/1851/213 845/1852/213 841/1853/212
f 845/291/218 842/1854/219 848/1855/219 851/294/218
f 842/1856/219 844/1857/220 850/1858/220 848/1859/219
f 841/1860/221 845/300/218 851/301/218 847/1861/221
f 844/303/220 846/304/222 852/305/222 850/306/220
f 846/307/222 843/308/223 849/309/223 852/310/222
f 843/1862/223 841/1863/221 847/1864/221 849/1865/223
f 859/1866/202 860/1867/202 854/943/202 857/957/202
f 858/319/203 856/946/203 864/1868/203 861/322/203
f 853/1816/204 855/1817/204 862/1818/204 863/1819/204
f 856/1869/205 854/1870/205 860/1871/205 864/325/205
f 855/1476/206 858/1872/206 861/1873/206 862/954/206
f 863/1874/207 859/1875/207 857/1876/207 853/1877/207
f 860/959/201 859/960/201 863/961/201 862/1477/201 861/1478/201 864/964/201
f 858/1878/208 855/1879/209 867/1880/210 870/1881/208
f 855/1882/209 853/1883/211 865/1884/212 867/347/210
f 857/1885/213 854/1886/214 866/1887/215 869/1888/213
f 854/1889/214 856/1492/216 868/354/217 866/1890/215
f 856/1891/216 858/1892/208 870/1893/208 868/1894/217
f 853/1895/211 857/1896/213 869/1897/213 865/1898/212
f 869/1899/218 866/1900/219 872/1901/219 875/1902/218
f 866/1903/219 868/1904/220 874/1905/220 872/298/219
f 865/370/221 869/371/218 875/372/218 871/373/221
f 868/1906/220 870/1907/222 876/1908/222 874/1909/220
f 870/378/222 867/379/223 873/380/223 876/381/222
f 867/1910/223 865/1911/221 871/1912/221 873/385/223
f 883/1913/224 884/1914/224 878/1915/224 881/1029/224
f 882/1502/225 880/1014/225 888/1503/225 885/393/225
f 877/394/222 879/1916/222 886/396/222 887/397/222
f 880/1090/218 878/1091/218 884/1917/218 888/1918/218
f 879/1919/226 882/390/226 885/1025/226 886/1506/226
f 887/406/227 883/407/227 881/408/227 877/1920/227
f 884/1511/201 883/1032/201 887/1033/201 886/1034/201 885/1035/201 888/1036/201
f 882/1921/228 879/1922/308 891/1923/230 894/1924/228
f 879/1925/308 877/1517/231 889/1518/232 891/1926/230
f 881/1927/233 878/1928/234 890/1929/235 893/1930/233
f 878/1524/234 880/1931/236 892/1932/237 890/1933/235
f 880/1934/236 882/1935/228 894/1936/228 892/1937/237
f 877/1938/231 881/1939/233 893/1534/233 889/1940/232
f 893/1941/204 890/1942/238 896/1943/238 899/1944/204
f 890/1536/238 892/1945/239 898/1946/239 896/1947/238
f 889/1948/240 893/1949/204 899/1062/204 895/1539/240
f 892/452/239 894/453/205 900/454/205 898/455/239
f 894/1540/205 891/1541/241 897/1542/241 900/1543/205
f 891/534/241 889/1950/240 895/1951/240 897/1952/241
f 907/1953/224 908/1954/224 902/1082/224 905/1547/224
f 906/1955/225 904/1956/225 912/1957/225 909/1958/225
f 901/394/222 903/1018/222 910/1959/222 911/1020/222
f 904/1960/218 902/1961/218 908/1962/218 912/1963/218
f 903/1964/226 906/481/226 909/1965/226 910/1966/226
f 911/1967/227 907/485/227 905/467/227 901/487/227
f 908/488/201 907/489/201 911/490/201 910/491/201 909/492/201 912/493/201
f 906/1968/228 903/1969/229 915/1970/230 918/1971/228
f 903/1972/229 901/1973/231 913/1974/232 915/1975/230
f 905/1569/233 902/1976/234 914/1977/235 917/1978/233
f 902/1572/234 904/1573/236 916/1116/309 914/1979/235
f 904/1980/236 906/1981/228 918/1982/228 916/1983/309
f 901/1984/231 905/1985/233 917/1124/233 913/1986/232
f 917/518/204 914/519/238 920/520/238 923/521/204
f 914/1987/238 916/1945/239 922/1988/239 920/1947/238
f 913/1584/240 917/523/204 923/1585/204 919/1134/240
f 916/1989/239 918/1990/205 924/1991/205 922/1992/239
f 918/1993/205 915/531/241 921/532/241 924/1994/205
f 915/1995/241 913/1950/240 919/1951/240 921/1952/241
f 931/1996/242 932/1997/242 926/1998/242 929/1999/242
f 930/2000/243 928/1149/243 936/2001/243 933/2002/243
f 925/1152/244 927/2003/244 934/2004/244 935/2005/244
f 928/2006/245 926/539/245 932/2007/245 936/2008/245
f 927/553/246 930/2009/246 933/2010/246 934/2011/246
f 935/557/247 931/558/247 929/559/247 925/560/247
f 932/1606/201 931/1168/201 935/1169/201 934/1170/201 933/1607/201 936/1172/201
f 930/2012/248 927/2013/249 939/2014/250 942/2015/248
f 927/2016/249 925/2017/251 937/2018/252 939/2019/250
f 929/2020/253 926/2021/254 938/2022/310 941/2023/253
f 926/2024/254 928/2025/256 940/2026/257 938/2027/310
f 928/2028/256 930/2029/248 942/2030/248 940/2031/257
f 925/2032/251 929/2033/253 941/2034/253 937/2035/252
f 941/2036/258 938/2037/260 944/1199/260 947/2038/258
f 938/595/260 940/596/261 946/597/261 944/598/260
f 937/599/262 941/600/258 947/601/258 943/602/262
f 940/1636/261 942/1637/263 948/1638/263 946/1639/261
f 942/2039/263 939/2040/264 945/2041/264 948/2042/263
f 939/611/264 937/612/262 943/613/262 945/614/264
f 955/2043/242 956/2044/242 950/2045/242 953/2046/242
f 954/2047/243 952/2048/243 960/1222/243 957/2049/243
f 949/1224/244 951/2050/244 958/2051/244 959/2052/244
f 952/627/245 950/2045/245 956/2053/245 960/2054/245
f 951/624/246 954/2055/246 957/631/246 958/2056/246
f 959/632/247 955/633/247 953/634/247 949/635/247
f 956/2057/201 955/2058/201 959/2059/201 958/2060/201 957/2061/201 960/1657/201
f 954/2062/248 951/2063/249 963/2064/250 966/2065/248
f 951/2066/249 949/2067/251 961/2068/252 963/2069/250
f 953/2070/253 950/2071/254 962/2072/310 965/2073/253
f 950/2074/254 952/655/256 964/1253/257 962/2075/310
f 952/2076/256 954/2077/248 966/2078/248 964/2079/257
f 949/1676/251 953/1677/253 965/1260/253 961/1678/252
f 965/2080/258 962/2081/260 968/2082/260 971/2083/258
f 962/1263/260 964/2084/261 970/2085/261 968/2086/260
f 961/674/262 965/2087/258 971/2088/258 967/2089/262
f 964/678/261 966/679/263 972/680/263 970/681/261
f 966/1687/263 963/1688/264 969/1689/264 972/1690/263
f 963/686/264 961/687/262 967/688/262 969/689/264
f 979/1691/266 980/1692/266 974/1693/266 977/1694/266
f 978/2090/267 976/1289/267 984/1290/267 981/2091/267
f 973/2092/263 975/706/263 982/2093/263 983/2094/263
f 976/2095/258 974/2096/258 980/2097/258 984/2098/258
f 975/706/268 978/1298/268 981/2099/268 982/2100/268
f 983/2101/269 979/2102/269 977/2103/269 973/2104/269
f 980/1305/201 979/1306/201 983/1307/201 982/1308/201 981/1309/201 984/1310/201
f 978/2105/273 975/1312/271 987/2106/272 990/2107/273
f 975/2108/271 973/2109/274 985/2110/275 987/727/272
f 977/2111/276 974/2112/277 986/2113/278 989/2114/276
f 974/2115/277 976/2116/279 988/2117/280 986/2118/278
f 976/2119/279 978/2120/273 990/2121/273 988/1731/280
f 973/2122/274 977/2123/276 989/1734/276 985/2124/275
f 989/744/244 986/745/286 992/746/286 995/747/244
f 986/2125/286 988/2126/282 994/2127/282 992/2128/286
f 985/752/283 989/753/244 995/754/244 991/755/283
f 988/756/282 990/1736/245 996/758/245 994/1737/282
f 990/760/245 987/761/284 993/762/284 996/763/245
f 987/764/284 985/765/283 991/766/283 993/767/284
f 1003/768/266 1004/2129/266 998/1368/266 1001/1740/266
f 1002/772/267 1000/2130/267 1008/2131/267 1005/2132/267
f 997/2133/263 999/777/263 1006/2134/263 1007/2135/263
f 1000/2136/258 998/2137/258 1004/2129/258 1008/1370/258
f 999/2138/268 1002/2139/268 1005/2140/268 1006/1374/268
f 1007/788/269 1003/2141/269 1001/2142/269 997/2143/269
f 1004/792/201 1003/793/201 1007/794/201 1006/795/201 1005/796/201 1008/797/201
f 1002/2144/270 999/2145/271 1011/800/272 1014/2146/273
f 999/2147/271 997/1384/274 1009/2148/275 1011/2149/272
f 1001/2150/276 998/2151/277 1010/2152/278 1013/1770/276
f 998/2153/277 1000/2154/279 1012/2155/280 1010/2156/278
f 1000/2157/279 1002/2158/270 1014/2159/273 1012/2160/280
f 997/2161/274 1001/2162/276 1013/2163/276 1009/2164/275
f 1013/822/244 1010/823/281 1016/824/281 1019/825/244
f 1010/2165/281 1012/2166/282 1018/2167/282 1016/2168/281
f 1009/830/283 1013/831/244 1019/832/244 1015/833/283
f 1012/1783/282 1014/1784/245 1020/1785/245 1018/1786/282
f 1014/2169/245 1011/2170/285 1017/845/285 1020/2171/245
f 1011/2172/285 1009/2173/283 1015/2174/283 1017/2175/285
