# Blender 5.0.1
# www.blender.org
mtllib supply_crate_1_4.mtl
o supply_crate_1_4
v -0.334000 -0.000000 -0.041371
v -0.334000 0.000000 0.042000
v -0.334000 0.016000 -0.041371
v -0.334000 0.016000 0.042000
v 0.333999 -0.000000 -0.041371
v 0.333999 0.000000 0.042000
v 0.333999 0.016000 -0.041371
v 0.333999 0.016000 0.042000
v -0.334000 0.143086 0.212206
v -0.334000 0.200000 0.212206
v -0.334000 0.143086 0.196000
v -0.334000 0.200000 0.196000
v 0.333999 0.143086 0.212206
v 0.333999 0.200000 0.212206
v 0.333999 0.143086 0.196000
v 0.333999 0.200000 0.196000
v 0.333999 0.143086 -0.210521
v 0.333999 0.200000 -0.210521
v 0.333999 0.143086 -0.196000
v 0.333999 0.200000 -0.196000
v -0.334000 0.143086 -0.210521
v -0.334000 0.200000 -0.210521
v -0.334000 0.143086 -0.196000
v -0.334000 0.200000 -0.196000
v -0.307999 0.143086 0.072000
v -0.307999 0.167486 0.052000
v -0.307999 0.167486 -0.052000
v -0.307999 0.143086 -0.072000
v -0.323999 0.143086 -0.072000
v -0.323999 0.167486 0.052000
v -0.323999 0.143086 0.072000
v -0.323999 0.167486 -0.052000
v 0.324000 0.143086 0.196000
v 0.324000 0.200000 0.196000
v 0.308000 0.143086 0.196000
v 0.308000 0.200000 0.196000
v 0.324000 0.143086 -0.196000
v 0.324000 0.200000 -0.196000
v 0.308000 0.143086 -0.196000
v 0.308000 0.200000 -0.196000
v -0.323999 0.200000 -0.196000
v -0.323999 0.143086 -0.196000
v -0.307999 0.200000 -0.196000
v -0.307999 0.143086 -0.196000
v -0.323999 0.200000 0.196000
v -0.324000 0.143086 0.196000
v -0.307999 0.200000 0.196000
v -0.307999 0.143086 0.196000
v 0.308000 0.167486 -0.052000
v 0.308000 0.143086 0.072000
v 0.308000 0.167486 0.052000
v 0.308000 0.143086 -0.072000
v 0.324000 0.143086 -0.072000
v 0.324000 0.167486 -0.052000
v 0.324000 0.167486 0.052000
v 0.324000 0.143086 0.072000
v -0.334000 0.078556 -0.213973
v -0.334000 0.078556 0.209534
v -0.334000 0.126995 0.209534
v -0.334000 0.078556 0.196000
v -0.334000 0.126995 0.196000
v 0.333999 0.078556 0.209534
v 0.333999 0.126995 0.209534
v 0.333999 0.078556 0.196000
v 0.333999 0.126995 0.196000
v 0.333999 0.078556 -0.213973
v 0.333999 0.126995 -0.213973
v 0.333999 0.078556 -0.196000
v 0.333999 0.126995 -0.196000
v -0.334000 0.126995 -0.213973
v -0.334000 0.078556 -0.196000
v -0.334000 0.126995 -0.196000
v -0.324000 0.078556 -0.196000
v -0.324000 0.126995 -0.196000
v -0.308000 0.078556 -0.196000
v -0.308000 0.126995 -0.196000
v -0.324000 0.078556 0.196000
v -0.324000 0.126995 0.196000
v -0.308000 0.126995 0.196000
v 0.324000 0.078556 0.196000
v 0.324000 0.126995 0.196000
v 0.308000 0.126995 0.196000
v 0.324000 0.078556 -0.196000
v 0.324000 0.126995 -0.196000
v 0.308000 0.078556 -0.196000
v 0.308000 0.126995 -0.196000
v -0.308000 0.078556 0.196000
v 0.308000 0.078556 0.196000
v -0.334000 -0.000000 -0.126520
v -0.334000 0.000000 -0.051452
v -0.334000 0.016000 -0.126520
v -0.334000 0.016000 -0.051452
v 0.333999 -0.000000 -0.126520
v 0.333999 0.000000 -0.051452
v 0.333999 0.016000 -0.126520
v 0.333999 0.016000 -0.051452
v -0.334000 -0.000000 -0.212000
v -0.334000 0.000000 -0.134548
v -0.334000 0.016000 -0.212000
v -0.334000 0.016000 -0.134548
v 0.333999 -0.000000 -0.212000
v 0.333999 0.000000 -0.134548
v 0.333999 0.016000 -0.212000
v 0.333999 0.016000 -0.134548
v -0.334000 -0.000000 0.050602
v -0.334000 0.000000 0.131371
v -0.334000 0.016000 0.050602
v -0.334000 0.016000 0.131371
v 0.333999 -0.000000 0.050602
v 0.333999 0.000000 0.131371
v 0.333999 0.016000 0.050602
v 0.333999 0.016000 0.131371
v -0.334000 -0.000000 0.138000
v -0.334000 0.000000 0.212000
v -0.334000 0.016000 0.138000
v -0.334000 0.016000 0.212000
v 0.333999 -0.000000 0.138000
v 0.333999 0.000000 0.212000
v 0.333999 0.016000 0.138000
v 0.333999 0.016000 0.212000
v -0.324000 0.016000 -0.196000
v -0.324000 0.060000 -0.196000
v -0.308000 0.016000 -0.196000
v -0.308000 0.060000 -0.196000
v -0.324000 0.016000 0.196000
v -0.324000 0.060000 0.196000
v -0.308000 0.060000 0.196000
v 0.324000 0.016000 0.196000
v 0.324000 0.060000 0.196000
v 0.308000 0.060000 0.196000
v 0.324000 0.016000 -0.196000
v 0.324000 0.060000 -0.196000
v 0.308000 0.016000 -0.196000
v 0.308000 0.060000 -0.196000
v -0.256000 0.016000 0.196000
v -0.256000 0.184000 0.196000
v -0.308000 0.016000 0.144000
v -0.308000 0.184000 0.144000
v -0.308000 0.016000 0.196000
v -0.308000 0.184000 0.196000
v 0.308000 0.016000 0.144000
v 0.308000 0.184000 0.144000
v 0.256000 0.016000 0.196000
v 0.256000 0.184000 0.196000
v 0.308000 0.016000 0.196000
v 0.308000 0.184000 0.196000
v 0.256000 0.016000 -0.196000
v 0.256000 0.184000 -0.196000
v 0.308000 0.016000 -0.144000
v 0.308000 0.184000 -0.144000
v 0.308000 0.184000 -0.196000
v -0.308000 0.016000 -0.144000
v -0.308000 0.184000 -0.144000
v -0.256000 0.016000 -0.196000
v -0.256000 0.184000 -0.196000
v -0.308000 0.184000 -0.196000
v -0.334000 0.016000 -0.212000
v -0.334000 0.016000 0.212000
v -0.334000 0.060000 0.212000
v -0.334000 0.016000 0.196000
v -0.334000 0.060000 0.196000
v 0.333999 0.016000 0.212000
v 0.333999 0.060000 0.212000
v 0.333999 0.016000 0.196000
v 0.333999 0.060000 0.196000
v 0.333999 0.016000 -0.212000
v 0.333999 0.060000 -0.212000
v 0.333999 0.016000 -0.196000
v 0.333999 0.060000 -0.196000
v -0.334000 0.060000 -0.212000
v -0.334000 0.016000 -0.196000
v -0.334000 0.060000 -0.196000
v 0.196692 0.033507 -0.055843
v 0.193055 0.196200 -0.058385
v 0.227275 0.033507 -0.075360
v 0.226501 0.196200 -0.079729
v 0.262701 0.033507 -0.067534
v 0.265244 0.196200 -0.071171
v 0.282218 0.033507 -0.036951
v 0.286588 0.196200 -0.037725
v 0.274393 0.033507 -0.001525
v 0.278030 0.196200 0.001018
v 0.243810 0.033507 0.017992
v 0.244584 0.196200 0.022362
v 0.208383 0.033507 0.010167
v 0.205841 0.196200 0.013804
v 0.188866 0.033507 -0.020416
v 0.184497 0.196200 -0.019642
v 0.219020 0.023137 -0.040234
v 0.232026 0.023137 -0.048534
v 0.247093 0.023137 -0.045206
v 0.255393 0.023137 -0.032200
v 0.252065 0.023137 -0.017133
v 0.239058 0.023137 -0.008833
v 0.223992 0.023137 -0.012161
v 0.215692 0.023137 -0.025168
v 0.218547 0.358200 -0.040564
v 0.231926 0.358200 -0.049102
v 0.247423 0.358200 -0.045679
v 0.255960 0.358200 -0.032300
v 0.252537 0.358200 -0.016803
v 0.239159 0.358200 -0.008265
v 0.223662 0.358200 -0.011689
v 0.215124 0.358200 -0.025067
v 0.204372 0.018693 -0.050473
v 0.228909 0.018693 -0.066132
v 0.257332 0.018693 -0.059854
v 0.272991 0.018693 -0.035317
v 0.266713 0.018693 -0.006894
v 0.242175 0.018693 0.008765
v 0.213752 0.018693 0.002487
v 0.198094 0.018693 -0.022051
v 0.209697 0.026100 0.008288
v 0.243410 0.026100 0.015735
v 0.272514 0.026100 -0.002838
v 0.279961 0.026100 -0.036551
v 0.191124 0.026100 -0.020816
v 0.261388 0.026100 -0.065655
v 0.227675 0.026100 -0.073102
v 0.198571 0.026100 -0.054529
v 0.240220 0.309600 -0.002274
v 0.220176 0.309600 -0.006702
v 0.261952 0.309600 -0.033361
v 0.257524 0.309600 -0.013317
v 0.230865 0.309600 -0.055093
v 0.250909 0.309600 -0.050665
v 0.209133 0.309600 -0.024006
v 0.213561 0.309600 -0.044050
v 0.207402 0.245986 -0.048355
v 0.213832 0.278998 -0.043860
v 0.212562 0.261874 -0.044748
v 0.229554 0.245986 -0.062492
v 0.230922 0.278998 -0.054766
v 0.230652 0.261874 -0.056292
v 0.255214 0.245986 -0.056824
v 0.250719 0.278998 -0.050394
v 0.251607 0.261874 -0.051663
v 0.269350 0.245986 -0.034672
v 0.261625 0.278998 -0.033303
v 0.263151 0.261874 -0.033574
v 0.263682 0.245986 -0.009012
v 0.257252 0.278998 -0.013507
v 0.258522 0.261874 -0.012619
v 0.241530 0.245986 0.005124
v 0.240162 0.278998 -0.002601
v 0.240432 0.261874 -0.001075
v 0.215871 0.245986 -0.000544
v 0.220366 0.278998 -0.006974
v 0.219478 0.261874 -0.005704
v 0.201734 0.245986 -0.022696
v 0.209460 0.278998 -0.024064
v 0.207934 0.261874 -0.023794
v 0.226796 0.058997 -0.078063
v 0.264275 0.058997 -0.069785
v 0.284922 0.058997 -0.037430
v 0.276644 0.058997 0.000049
v 0.244289 0.058997 0.020696
v 0.206810 0.058997 0.012418
v 0.186163 0.058997 -0.019937
v 0.194441 0.058997 -0.057416
v 0.239503 0.333900 -0.006322
v 0.257904 0.333900 -0.032644
v 0.231582 0.333900 -0.051045
v 0.216930 0.333900 -0.041695
v 0.222531 0.333900 -0.010071
v 0.254155 0.333900 -0.015672
v 0.248554 0.333900 -0.047296
v 0.213181 0.333900 -0.024723
v 0.213015 0.294299 -0.044431
v 0.230749 0.294299 -0.055748
v 0.251290 0.294299 -0.051211
v 0.262606 0.294299 -0.033477
v 0.258069 0.294299 -0.012936
v 0.240336 0.294299 -0.001620
v 0.219795 0.294299 -0.006157
v 0.208478 0.294299 -0.023890
v 0.226519 0.187625 -0.079625
v 0.265183 0.187625 -0.071085
v 0.286484 0.187625 -0.037707
v 0.277943 0.187625 0.000957
v 0.244565 0.187625 0.022258
v 0.205901 0.187625 0.013717
v 0.184601 0.187625 -0.019661
v 0.193141 0.187625 -0.058325
v 0.216848 0.358677 -0.041752
v 0.231564 0.358677 -0.051144
v 0.248611 0.358677 -0.047378
v 0.258002 0.358677 -0.032662
v 0.254237 0.358677 -0.015615
v 0.239520 0.358677 -0.006224
v 0.222474 0.358677 -0.009989
v 0.213082 0.358677 -0.024705
v 0.220100 0.372468 -0.039479
v 0.232256 0.372468 -0.047237
v 0.246338 0.372468 -0.044126
v 0.254095 0.372468 -0.031970
v 0.250985 0.372468 -0.017888
v 0.238828 0.372468 -0.010131
v 0.224747 0.372468 -0.013241
v 0.216989 0.372468 -0.025398
v 0.223068 0.369529 -0.010840
v 0.214104 0.369529 -0.024886
v 0.253386 0.369529 -0.016210
v 0.239339 0.369529 -0.007245
v 0.248016 0.369529 -0.046528
v 0.256980 0.369529 -0.032481
v 0.217698 0.369529 -0.041158
v 0.231745 0.369529 -0.050122
v 0.227444 0.220500 -0.074406
v 0.273600 0.220500 -0.002079
v 0.189820 0.220500 -0.020585
v 0.262147 0.220500 -0.066741
v 0.243641 0.220500 0.017039
v 0.197485 0.220500 -0.055288
v 0.281265 0.220500 -0.036782
v 0.208938 0.220500 0.009374
v -0.024983 0.033507 -0.163933
v -0.022222 0.196200 -0.167408
v -0.007381 0.033507 -0.132210
v -0.002972 0.196200 -0.132714
v -0.017366 0.033507 -0.097331
v -0.013892 0.196200 -0.094570
v -0.049090 0.033507 -0.079728
v -0.048586 0.196200 -0.075319
v -0.083969 0.033507 -0.089713
v -0.086730 0.196200 -0.086239
v -0.101572 0.033507 -0.121437
v -0.105981 0.196200 -0.120933
v -0.091586 0.033507 -0.156316
v -0.095060 0.196200 -0.159077
v -0.059862 0.033507 -0.173919
v -0.060367 0.196200 -0.178328
v -0.041933 0.023137 -0.142606
v -0.034447 0.023137 -0.129114
v -0.038694 0.023137 -0.114281
v -0.052186 0.023137 -0.106795
v -0.067019 0.023137 -0.111041
v -0.074505 0.023137 -0.124533
v -0.070258 0.023137 -0.139366
v -0.056767 0.023137 -0.146852
v -0.041575 0.358200 -0.143057
v -0.033875 0.358200 -0.129180
v -0.038243 0.358200 -0.113922
v -0.052120 0.358200 -0.106222
v -0.067378 0.358200 -0.110590
v -0.075078 0.358200 -0.124467
v -0.070710 0.358200 -0.139725
v -0.056832 0.358200 -0.147425
v -0.030814 0.018693 -0.156597
v -0.016691 0.018693 -0.131145
v -0.024703 0.018693 -0.103161
v -0.050155 0.018693 -0.089038
v -0.078139 0.018693 -0.097050
v -0.092261 0.018693 -0.122502
v -0.084250 0.018693 -0.150486
v -0.058798 0.018693 -0.164609
v -0.089791 0.026100 -0.154890
v -0.099294 0.026100 -0.121698
v -0.082543 0.026100 -0.091508
v -0.049351 0.026100 -0.082006
v -0.059602 0.026100 -0.171641
v -0.019161 0.026100 -0.098757
v -0.009659 0.026100 -0.131949
v -0.026410 0.026100 -0.162139
v -0.081123 0.309600 -0.123776
v -0.075473 0.309600 -0.143511
v -0.051429 0.309600 -0.100177
v -0.071163 0.309600 -0.105827
v -0.027830 0.309600 -0.129871
v -0.033479 0.309600 -0.110136
v -0.057524 0.309600 -0.153470
v -0.037789 0.309600 -0.147820
v -0.033114 0.245986 -0.153703
v -0.037996 0.278998 -0.147561
v -0.037032 0.261874 -0.148774
v -0.020365 0.245986 -0.130725
v -0.028159 0.278998 -0.129833
v -0.026620 0.261874 -0.130009
v -0.027597 0.245986 -0.105461
v -0.033739 0.278998 -0.110343
v -0.032526 0.261874 -0.109379
v -0.050575 0.245986 -0.092712
v -0.051467 0.278998 -0.100506
v -0.051290 0.261874 -0.098967
v -0.075838 0.245986 -0.099944
v -0.070957 0.278998 -0.106086
v -0.071921 0.261874 -0.104873
v -0.088588 0.245986 -0.122922
v -0.080793 0.278998 -0.123814
v -0.082333 0.261874 -0.123638
v -0.081356 0.245986 -0.148186
v -0.075213 0.278998 -0.143304
v -0.076427 0.261874 -0.144268
v -0.058378 0.245986 -0.160935
v -0.057486 0.278998 -0.153141
v -0.057662 0.261874 -0.154680
v -0.004653 0.058997 -0.132522
v -0.015217 0.058997 -0.095622
v -0.048778 0.058997 -0.077000
v -0.085678 0.058997 -0.087564
v -0.104300 0.058997 -0.121125
v -0.093736 0.058997 -0.158025
v -0.060174 0.058997 -0.176647
v -0.023275 0.058997 -0.166083
v -0.077039 0.333900 -0.124243
v -0.051896 0.333900 -0.104261
v -0.031914 0.333900 -0.129404
v -0.040347 0.333900 -0.144602
v -0.072255 0.333900 -0.140953
v -0.068606 0.333900 -0.109045
v -0.036698 0.333900 -0.112694
v -0.057057 0.333900 -0.149386
v -0.037375 0.294299 -0.148341
v -0.027169 0.294299 -0.129946
v -0.032959 0.294299 -0.109723
v -0.051353 0.294299 -0.099516
v -0.071577 0.294299 -0.105306
v -0.081784 0.294299 -0.123700
v -0.075994 0.294299 -0.143924
v -0.057599 0.294299 -0.154131
v -0.003077 0.187625 -0.132702
v -0.013975 0.187625 -0.094635
v -0.048598 0.187625 -0.075424
v -0.086664 0.187625 -0.086322
v -0.105876 0.187625 -0.120945
v -0.094978 0.187625 -0.159012
v -0.060355 0.187625 -0.178223
v -0.022288 0.187625 -0.167325
v -0.040285 0.358677 -0.144681
v -0.031814 0.358677 -0.129415
v -0.036619 0.358677 -0.112632
v -0.051885 0.358677 -0.104162
v -0.068668 0.358677 -0.108966
v -0.077138 0.358677 -0.124232
v -0.072333 0.358677 -0.141015
v -0.057068 0.358677 -0.149485
v -0.042753 0.372468 -0.141574
v -0.035757 0.372468 -0.128964
v -0.039726 0.372468 -0.115101
v -0.052335 0.372468 -0.108104
v -0.066199 0.372468 -0.112073
v -0.073196 0.372468 -0.124683
v -0.069227 0.372468 -0.138546
v -0.056617 0.372468 -0.145543
v -0.071521 0.369529 -0.140370
v -0.056950 0.369529 -0.148454
v -0.068022 0.369529 -0.109779
v -0.076107 0.369529 -0.124350
v -0.037432 0.369529 -0.113277
v -0.052002 0.369529 -0.105193
v -0.040930 0.369529 -0.143868
v -0.032845 0.369529 -0.129297
v -0.008343 0.220500 -0.132100
v -0.083367 0.220500 -0.090471
v -0.059752 0.220500 -0.172957
v -0.018124 0.220500 -0.097933
v -0.100610 0.220500 -0.121547
v -0.025586 0.220500 -0.163176
v -0.049200 0.220500 -0.080690
v -0.090828 0.220500 -0.155714
v 0.010367 0.118195 0.016953
v 0.021650 0.104006 0.027660
v 0.028136 0.084944 0.033815
v 0.028837 0.063911 0.034479
v 0.023645 0.044111 0.029553
v 0.013353 0.028556 0.019786
v -0.000475 0.019615 0.006666
v -0.015731 0.018649 -0.007812
v -0.030095 0.025805 -0.021441
v -0.041378 0.039994 -0.032148
v -0.047864 0.059056 -0.038303
v -0.048565 0.080089 -0.038967
v -0.043374 0.099889 -0.034041
v -0.033081 0.115444 -0.024274
v -0.019253 0.124385 -0.011154
v -0.003997 0.125351 0.003324
v 0.022841 0.105215 0.028790
v 0.011131 0.119940 0.017679
v 0.029572 0.085433 0.035177
v 0.030299 0.063606 0.035867
v 0.024912 0.043057 0.030755
v 0.014230 0.026914 0.020619
v -0.000120 0.017635 0.007002
v -0.015953 0.016633 -0.008022
v -0.030860 0.024060 -0.022167
v -0.042569 0.038785 -0.033278
v -0.049300 0.058567 -0.039665
v -0.050027 0.080394 -0.040355
v -0.044640 0.100943 -0.035243
v -0.033958 0.117086 -0.025107
v -0.019608 0.126365 -0.011490
v -0.003775 0.127367 0.003534
v 0.023223 0.103365 0.024741
v 0.012165 0.117271 0.014248
v 0.029579 0.084685 0.030772
v 0.030265 0.064073 0.031424
v 0.025178 0.044668 0.026596
v 0.015091 0.029424 0.017025
v 0.001540 0.020662 0.004166
v -0.013411 0.019716 -0.010021
v -0.027488 0.026729 -0.023378
v -0.038546 0.040635 -0.033871
v -0.044902 0.059315 -0.039903
v -0.045588 0.079927 -0.040554
v -0.040501 0.099332 -0.035727
v -0.030414 0.114576 -0.026155
v -0.016863 0.123338 -0.013297
v -0.001911 0.124284 0.000891
v 0.122641 0.119940 -0.099835
v 0.134351 0.105215 -0.088724
v 0.141082 0.085433 -0.082337
v 0.141809 0.063606 -0.081647
v 0.136421 0.043057 -0.086759
v 0.125740 0.026914 -0.096895
v 0.111390 0.017635 -0.110512
v 0.095557 0.016633 -0.125536
v 0.080650 0.024060 -0.139681
v 0.068940 0.038785 -0.150792
v 0.062209 0.058567 -0.157179
v 0.061482 0.080394 -0.157869
v 0.066870 0.100943 -0.152757
v 0.077552 0.117086 -0.142621
v 0.091901 0.126365 -0.129004
v 0.107735 0.127367 -0.113980
v 0.123865 0.116449 -0.104188
v 0.134722 0.102796 -0.093886
v 0.140963 0.084455 -0.087964
v 0.141637 0.064217 -0.087324
v 0.136642 0.045165 -0.092064
v 0.126738 0.030197 -0.101462
v 0.113434 0.021594 -0.114087
v 0.098753 0.020665 -0.128017
v 0.084933 0.027551 -0.141131
v 0.074076 0.041204 -0.151434
v 0.067835 0.059545 -0.157356
v 0.067161 0.079783 -0.157995
v 0.072156 0.098835 -0.153255
v 0.082060 0.113803 -0.143858
v 0.095364 0.122406 -0.131233
v 0.110045 0.123335 -0.117303
v 0.013885 0.119940 0.014777
v 0.025595 0.105215 0.025889
v 0.032325 0.085433 0.032276
v 0.033052 0.063606 0.032966
v 0.027665 0.043057 0.027853
v 0.016983 0.026914 0.017717
v 0.002633 0.017635 0.004101
v -0.013200 0.016633 -0.010924
v -0.028106 0.024060 -0.025068
v -0.039816 0.038785 -0.036180
v -0.046547 0.058567 -0.042567
v -0.047274 0.080394 -0.043257
v -0.041887 0.100943 -0.038144
v -0.031205 0.117086 -0.028009
v -0.016855 0.126365 -0.014392
v -0.001022 0.127367 0.000632
v 0.131598 0.105215 -0.085822
v 0.138328 0.085433 -0.079435
v 0.139056 0.063606 -0.078745
v 0.133668 0.043057 -0.083858
v 0.122986 0.026914 -0.093994
v 0.108637 0.017635 -0.107610
v 0.092803 0.016633 -0.122635
v 0.077897 0.024060 -0.136779
v 0.066187 0.038785 -0.147891
v 0.059456 0.058567 -0.154278
v 0.058729 0.080394 -0.154968
v 0.064117 0.100943 -0.149855
v 0.074798 0.117086 -0.139719
v 0.089148 0.126365 -0.126103
v 0.104981 0.127367 -0.111079
v 0.119888 0.119940 -0.096934
v -0.011562 0.072717 -0.008267
v -0.005214 0.067434 -0.002243
v -0.002827 0.062345 0.000022
v -0.001800 0.049546 0.000996
v -0.004787 0.042725 -0.001838
v -0.007396 0.041639 -0.004314
v -0.015086 0.029735 -0.011610
v -0.018595 0.026607 -0.014941
v -0.021159 0.025638 -0.017373
v -0.026878 0.028226 -0.022799
v -0.031020 0.033690 -0.026731
v -0.031674 0.037336 -0.027350
v -0.031411 0.043323 -0.027102
v -0.027001 0.058266 -0.022916
v -0.027708 0.061802 -0.023588
v -0.024771 0.068509 -0.020801
v -0.015891 0.073373 -0.012375
v -0.014658 0.066034 -0.011204
v -0.008196 0.060656 -0.005072
v -0.006848 0.053459 -0.003794
v -0.009794 0.046733 -0.006589
v -0.015000 0.045120 -0.011529
v -0.021462 0.050498 -0.017661
v -0.022780 0.057541 -0.018911
v -0.019834 0.064267 -0.016116
v -0.013627 0.072717 -0.006091
v -0.007279 0.067434 -0.000067
v -0.004892 0.062345 0.002198
v -0.003865 0.049546 0.003173
v -0.006852 0.042725 0.000338
v -0.009461 0.041639 -0.002137
v -0.017151 0.029735 -0.009434
v -0.020660 0.026607 -0.012764
v -0.023224 0.025638 -0.015197
v -0.028943 0.028226 -0.020623
v -0.033085 0.033690 -0.024554
v -0.033739 0.037336 -0.025174
v -0.033476 0.043323 -0.024926
v -0.029066 0.058266 -0.020740
v -0.029773 0.061802 -0.021412
v -0.026836 0.068509 -0.018624
v -0.017956 0.073373 -0.010198
v -0.027266 0.032260 -0.018757
v -0.016723 0.066034 -0.009028
v -0.010261 0.060656 -0.002896
v -0.008913 0.053459 -0.001617
v -0.011859 0.046733 -0.004413
v -0.017065 0.045120 -0.009353
v -0.023527 0.050498 -0.015485
v -0.024845 0.057541 -0.016735
v -0.021899 0.064267 -0.013940
v -0.022453 0.043251 -0.014189
v -0.024597 0.041501 -0.013467
v -0.023522 0.035497 -0.012447
v -0.020875 0.034440 -0.012692
v -0.027877 0.034011 -0.016579
v -0.028956 0.040019 -0.017603
v -0.028850 0.041077 -0.020260
v -0.160010 0.182000 -0.001905
v -0.169326 0.182000 -0.020787
v -0.170708 0.182000 -0.041796
v -0.163944 0.182000 -0.061734
v -0.150065 0.182000 -0.077567
v -0.131184 0.182000 -0.086883
v -0.110175 0.182000 -0.088264
v -0.090237 0.182000 -0.081501
v -0.074404 0.182000 -0.067622
v -0.065088 0.182000 -0.048741
v -0.063706 0.182000 -0.027732
v -0.070470 0.182000 -0.007793
v -0.084349 0.182000 0.008039
v -0.103230 0.182000 0.017356
v -0.124239 0.182000 0.018737
v -0.144178 0.182000 0.011974
v -0.171296 0.182000 -0.020258
v -0.161628 0.182000 -0.000664
v -0.172729 0.182000 -0.042061
v -0.165710 0.182000 -0.062753
v -0.151307 0.182000 -0.079184
v -0.131712 0.182000 -0.088852
v -0.109909 0.182000 -0.090286
v -0.089217 0.182000 -0.083267
v -0.072786 0.182000 -0.068864
v -0.063118 0.182000 -0.049269
v -0.061685 0.182000 -0.027466
v -0.068704 0.182000 -0.006774
v -0.083107 0.182000 0.009657
v -0.102702 0.182000 0.019325
v -0.124505 0.182000 0.020759
v -0.145197 0.182000 0.013740
v -0.168284 0.178800 -0.021066
v -0.159154 0.178800 -0.002562
v -0.169638 0.178800 -0.041655
v -0.163009 0.178800 -0.061195
v -0.149408 0.178800 -0.076711
v -0.130905 0.178800 -0.085840
v -0.110316 0.178800 -0.087194
v -0.090776 0.178800 -0.080566
v -0.075260 0.178800 -0.066965
v -0.066130 0.178800 -0.048461
v -0.064776 0.178800 -0.027872
v -0.071405 0.178800 -0.008333
v -0.085006 0.178800 0.007183
v -0.103509 0.178800 0.016313
v -0.124098 0.178800 0.017667
v -0.143638 0.178800 0.011039
v -0.161628 0.020000 -0.000664
v -0.171296 0.020000 -0.020258
v -0.172730 0.020000 -0.042061
v -0.165710 0.020000 -0.062753
v -0.151307 0.020000 -0.079184
v -0.131712 0.020000 -0.088852
v -0.109909 0.020000 -0.090286
v -0.089217 0.020000 -0.083267
v -0.072787 0.020000 -0.068864
v -0.063118 0.020000 -0.049269
v -0.061685 0.020000 -0.027466
v -0.068704 0.020000 -0.006774
v -0.083107 0.020000 0.009657
v -0.102702 0.020000 0.019325
v -0.124505 0.020000 0.020759
v -0.145197 0.020000 0.013740
v -0.158393 0.016000 -0.003147
v -0.167357 0.016000 -0.021315
v -0.168686 0.016000 -0.041530
v -0.162178 0.016000 -0.060715
v -0.148824 0.016000 -0.075949
v -0.130656 0.016000 -0.084913
v -0.110441 0.016000 -0.086243
v -0.091256 0.016000 -0.079735
v -0.076022 0.016000 -0.066380
v -0.067057 0.016000 -0.048213
v -0.065728 0.016000 -0.027997
v -0.072236 0.016000 -0.008812
v -0.085590 0.016000 0.006422
v -0.103758 0.016000 0.015386
v -0.123973 0.016000 0.016715
v -0.143158 0.016000 0.010207
v -0.161628 0.178000 -0.000664
v -0.171296 0.178000 -0.020258
v -0.172729 0.178000 -0.042061
v -0.165710 0.178000 -0.062753
v -0.151307 0.178000 -0.079184
v -0.131712 0.178000 -0.088852
v -0.109909 0.178000 -0.090286
v -0.089217 0.178000 -0.083267
v -0.072786 0.178000 -0.068864
v -0.063118 0.178000 -0.049269
v -0.061685 0.178000 -0.027466
v -0.068704 0.178000 -0.006774
v -0.083107 0.178000 0.009657
v -0.102702 0.178000 0.019325
v -0.124505 0.178000 0.020759
v -0.145197 0.178000 0.013740
v -0.171296 0.024000 -0.020258
v -0.172730 0.024000 -0.042061
v -0.165710 0.024000 -0.062753
v -0.151307 0.024000 -0.079184
v -0.131712 0.024000 -0.088852
v -0.109909 0.024000 -0.090286
v -0.089217 0.024000 -0.083267
v -0.072787 0.024000 -0.068864
v -0.063118 0.024000 -0.049269
v -0.061685 0.024000 -0.027466
v -0.068704 0.024000 -0.006774
v -0.083107 0.024000 0.009657
v -0.102702 0.024000 0.019325
v -0.124505 0.024000 0.020759
v -0.145197 0.024000 0.013740
v -0.161628 0.024000 -0.000664
v -0.112460 0.178800 -0.032136
v -0.118685 0.178800 -0.040245
v -0.119895 0.178800 -0.046183
v -0.116551 0.178800 -0.058618
v -0.110231 0.178800 -0.063470
v -0.106486 0.178800 -0.063171
v -0.092277 0.178800 -0.070395
v -0.086631 0.178800 -0.071545
v -0.082987 0.178800 -0.071159
v -0.076589 0.178800 -0.065878
v -0.073261 0.178800 -0.058708
v -0.073751 0.178800 -0.054984
v -0.076268 0.178800 -0.049541
v -0.087375 0.178800 -0.037840
v -0.087755 0.178800 -0.034192
v -0.093970 0.178800 -0.029421
v -0.107142 0.178800 -0.029351
v -0.106051 0.178800 -0.036805
v -0.112388 0.178800 -0.045060
v -0.111496 0.178800 -0.052439
v -0.105263 0.178800 -0.057223
v -0.097992 0.178800 -0.056111
v -0.091656 0.178800 -0.047856
v -0.092530 0.178800 -0.040635
v -0.098762 0.178800 -0.035851
v -0.112460 0.181800 -0.032136
v -0.118685 0.181800 -0.040245
v -0.119895 0.181800 -0.046183
v -0.116551 0.181800 -0.058618
v -0.110231 0.181800 -0.063470
v -0.106486 0.181800 -0.063171
v -0.092277 0.181800 -0.070395
v -0.086631 0.181800 -0.071545
v -0.082987 0.181800 -0.071159
v -0.076589 0.181800 -0.065878
v -0.073261 0.181800 -0.058708
v -0.073751 0.181800 -0.054984
v -0.076268 0.181800 -0.049541
v -0.087375 0.181800 -0.037840
v -0.087755 0.181800 -0.034192
v -0.093970 0.181800 -0.029421
v -0.107142 0.181800 -0.029351
v -0.080387 0.182000 -0.063032
v -0.106051 0.181800 -0.036805
v -0.112388 0.181800 -0.045060
v -0.111496 0.181800 -0.052439
v -0.105263 0.181800 -0.057223
v -0.097992 0.181800 -0.056111
v -0.091656 0.181800 -0.047856
v -0.092530 0.181800 -0.040635
v -0.098762 0.181800 -0.035851
v -0.090571 0.182000 -0.055214
v -0.088949 0.184000 -0.056458
v -0.088141 0.184000 -0.062590
v -0.089386 0.182000 -0.064212
v -0.082009 0.184000 -0.061786
v -0.082813 0.184000 -0.055649
v -0.081567 0.182000 -0.054026
v 0.086996 0.182000 0.189237
v 0.066461 0.182000 0.184590
v 0.049267 0.182000 0.172438
v 0.038033 0.182000 0.154632
v 0.034468 0.182000 0.133881
v 0.039115 0.182000 0.113346
v 0.051267 0.182000 0.096152
v 0.069074 0.182000 0.084918
v 0.089824 0.182000 0.081353
v 0.110359 0.182000 0.086000
v 0.127553 0.182000 0.098152
v 0.138787 0.182000 0.115959
v 0.142352 0.182000 0.136709
v 0.137705 0.182000 0.157244
v 0.125553 0.182000 0.174438
v 0.107747 0.182000 0.185672
v 0.065632 0.182000 0.186453
v 0.086943 0.182000 0.191276
v 0.047788 0.182000 0.173842
v 0.036129 0.182000 0.155362
v 0.032429 0.182000 0.133828
v 0.037252 0.182000 0.112517
v 0.049863 0.182000 0.094673
v 0.068343 0.182000 0.083014
v 0.089877 0.182000 0.079314
v 0.111189 0.182000 0.084137
v 0.129032 0.182000 0.096748
v 0.140691 0.182000 0.115228
v 0.144391 0.182000 0.136762
v 0.139568 0.182000 0.158074
v 0.126957 0.182000 0.175917
v 0.108477 0.182000 0.187576
v 0.066900 0.178800 0.183604
v 0.087024 0.178800 0.188159
v 0.050050 0.178800 0.171695
v 0.039040 0.178800 0.154245
v 0.035547 0.178800 0.133910
v 0.040101 0.178800 0.113785
v 0.052010 0.178800 0.096935
v 0.069460 0.178800 0.085925
v 0.089796 0.178800 0.082432
v 0.109920 0.178800 0.086986
v 0.126770 0.178800 0.098895
v 0.137780 0.178800 0.116345
v 0.141274 0.178800 0.136681
v 0.136719 0.178800 0.156805
v 0.124810 0.178800 0.173655
v 0.107360 0.178800 0.184665
v 0.086943 0.020000 0.191276
v 0.065632 0.020000 0.186453
v 0.047788 0.020000 0.173842
v 0.036129 0.020000 0.155362
v 0.032429 0.020000 0.133828
v 0.037252 0.020000 0.112517
v 0.049863 0.020000 0.094673
v 0.068343 0.020000 0.083014
v 0.089877 0.020000 0.079314
v 0.111189 0.020000 0.084137
v 0.129032 0.020000 0.096748
v 0.140691 0.020000 0.115228
v 0.144391 0.020000 0.136762
v 0.139568 0.020000 0.158074
v 0.126957 0.020000 0.175917
v 0.108477 0.020000 0.187576
v 0.087050 0.016000 0.187199
v 0.067290 0.016000 0.182727
v 0.050747 0.016000 0.171035
v 0.039937 0.016000 0.153901
v 0.036506 0.016000 0.133935
v 0.040978 0.016000 0.114176
v 0.052671 0.016000 0.097632
v 0.069804 0.016000 0.086822
v 0.089771 0.016000 0.083391
v 0.109530 0.016000 0.087863
v 0.126074 0.016000 0.099556
v 0.136884 0.016000 0.116689
v 0.140314 0.016000 0.136656
v 0.135842 0.016000 0.156415
v 0.124150 0.016000 0.172959
v 0.107016 0.016000 0.183769
v 0.086943 0.178000 0.191276
v 0.065632 0.178000 0.186453
v 0.047788 0.178000 0.173842
v 0.036129 0.178000 0.155362
v 0.032429 0.178000 0.133828
v 0.037252 0.178000 0.112517
v 0.049863 0.178000 0.094673
v 0.068343 0.178000 0.083014
v 0.089877 0.178000 0.079314
v 0.111189 0.178000 0.084137
v 0.129032 0.178000 0.096748
v 0.140691 0.178000 0.115228
v 0.144391 0.178000 0.136762
v 0.139568 0.178000 0.158074
v 0.126957 0.178000 0.175917
v 0.108477 0.178000 0.187576
v 0.065632 0.024000 0.186453
v 0.047788 0.024000 0.173842
v 0.036129 0.024000 0.155362
v 0.032429 0.024000 0.133828
v 0.037252 0.024000 0.112517
v 0.049863 0.024000 0.094673
v 0.068343 0.024000 0.083014
v 0.089877 0.024000 0.079314
v 0.111189 0.024000 0.084137
v 0.129032 0.024000 0.096748
v 0.140691 0.024000 0.115228
v 0.144391 0.024000 0.136762
v 0.139568 0.024000 0.158074
v 0.126957 0.024000 0.175917
v 0.108477 0.024000 0.187576
v 0.086943 0.024000 0.191276
v 0.093440 0.178800 0.133261
v 0.083220 0.178800 0.132993
v 0.077845 0.178800 0.130195
v 0.070288 0.178800 0.119769
v 0.070497 0.178800 0.111804
v 0.073087 0.178800 0.109082
v 0.076418 0.178800 0.093495
v 0.079079 0.178800 0.088384
v 0.081672 0.178800 0.085795
v 0.089804 0.178800 0.084148
v 0.097470 0.178800 0.086076
v 0.100054 0.178800 0.088801
v 0.102699 0.178800 0.094184
v 0.104799 0.178800 0.110179
v 0.107394 0.178800 0.112771
v 0.107189 0.178800 0.120603
v 0.098952 0.178800 0.130881
v 0.093846 0.178800 0.125342
v 0.083444 0.178800 0.125069
v 0.078272 0.178800 0.119731
v 0.078478 0.178800 0.111877
v 0.083919 0.178800 0.106927
v 0.094322 0.178800 0.107200
v 0.099382 0.178800 0.112425
v 0.099176 0.178800 0.120279
v 0.093440 0.181800 0.133261
v 0.083220 0.181800 0.132993
v 0.077845 0.181800 0.130195
v 0.070288 0.181800 0.119769
v 0.070497 0.181800 0.111804
v 0.073087 0.181800 0.109082
v 0.076418 0.181800 0.093495
v 0.079079 0.181800 0.088384
v 0.081672 0.181800 0.085795
v 0.089804 0.181800 0.084148
v 0.097470 0.181800 0.086076
v 0.100054 0.181800 0.088801
v 0.102699 0.181800 0.094184
v 0.104799 0.181800 0.110179
v 0.107394 0.181800 0.112771
v 0.107189 0.181800 0.120603
v 0.098952 0.181800 0.130881
v 0.089624 0.182000 0.088892
v 0.093846 0.181800 0.125342
v 0.083444 0.181800 0.125069
v 0.078272 0.181800 0.119731
v 0.078478 0.181800 0.111877
v 0.083919 0.181800 0.106927
v 0.094322 0.181800 0.107200
v 0.099382 0.181800 0.112425
v 0.099176 0.181800 0.120279
v 0.089288 0.182000 0.101726
v 0.089342 0.184000 0.099682
v 0.085086 0.184000 0.095194
v 0.083042 0.182000 0.095141
v 0.089571 0.184000 0.090936
v 0.093834 0.184000 0.095424
v 0.095879 0.182000 0.095477
v -0.181500 0.182000 -0.077344
v -0.198458 0.182000 -0.064865
v -0.218901 0.182000 -0.059825
v -0.239715 0.182000 -0.062992
v -0.257734 0.182000 -0.073884
v -0.270213 0.182000 -0.090842
v -0.275252 0.182000 -0.111284
v -0.272085 0.182000 -0.132099
v -0.261194 0.182000 -0.150117
v -0.244236 0.182000 -0.162596
v -0.223793 0.182000 -0.167636
v -0.202979 0.182000 -0.164469
v -0.184960 0.182000 -0.153577
v -0.172481 0.182000 -0.136619
v -0.167442 0.182000 -0.116177
v -0.170609 0.182000 -0.095362
v -0.197593 0.182000 -0.063018
v -0.179994 0.182000 -0.075969
v -0.218808 0.182000 -0.057788
v -0.240410 0.182000 -0.061075
v -0.259109 0.182000 -0.072378
v -0.272060 0.182000 -0.089977
v -0.277289 0.182000 -0.111192
v -0.274003 0.182000 -0.132793
v -0.262700 0.182000 -0.151492
v -0.245101 0.182000 -0.164443
v -0.223886 0.182000 -0.169673
v -0.202284 0.182000 -0.166386
v -0.183585 0.182000 -0.155083
v -0.170635 0.182000 -0.137484
v -0.165405 0.182000 -0.116269
v -0.168691 0.182000 -0.094668
v -0.198916 0.178800 -0.065842
v -0.182297 0.178800 -0.078071
v -0.218949 0.178800 -0.060903
v -0.239348 0.178800 -0.064007
v -0.257006 0.178800 -0.074681
v -0.269236 0.178800 -0.091299
v -0.274174 0.178800 -0.111333
v -0.271070 0.178800 -0.131732
v -0.260397 0.178800 -0.149390
v -0.243778 0.178800 -0.161619
v -0.223745 0.178800 -0.166558
v -0.203346 0.178800 -0.163454
v -0.185688 0.178800 -0.152780
v -0.173459 0.178800 -0.136162
v -0.168520 0.178800 -0.116128
v -0.171624 0.178800 -0.095729
v -0.179995 0.020000 -0.075969
v -0.197593 0.020000 -0.063018
v -0.218808 0.020000 -0.057788
v -0.240410 0.020000 -0.061075
v -0.259109 0.020000 -0.072378
v -0.272060 0.020000 -0.089977
v -0.277290 0.020000 -0.111192
v -0.274003 0.020000 -0.132793
v -0.262700 0.020000 -0.151493
v -0.245101 0.020000 -0.164443
v -0.223886 0.020000 -0.169673
v -0.202284 0.020000 -0.166386
v -0.183585 0.020000 -0.155083
v -0.170635 0.020000 -0.137484
v -0.165405 0.020000 -0.116269
v -0.168691 0.020000 -0.094668
v -0.183006 0.016000 -0.078719
v -0.199323 0.016000 -0.066711
v -0.218993 0.016000 -0.061862
v -0.239021 0.016000 -0.064910
v -0.256359 0.016000 -0.075390
v -0.268366 0.016000 -0.091707
v -0.273215 0.016000 -0.111377
v -0.270168 0.016000 -0.131405
v -0.259688 0.016000 -0.148742
v -0.243371 0.016000 -0.160750
v -0.223701 0.016000 -0.165599
v -0.203673 0.016000 -0.162551
v -0.186335 0.016000 -0.152071
v -0.174328 0.016000 -0.135755
v -0.169479 0.016000 -0.116085
v -0.172526 0.016000 -0.096056
v -0.179994 0.178000 -0.075969
v -0.197593 0.178000 -0.063018
v -0.218808 0.178000 -0.057788
v -0.240410 0.178000 -0.061075
v -0.259109 0.178000 -0.072378
v -0.272060 0.178000 -0.089977
v -0.277289 0.178000 -0.111192
v -0.274003 0.178000 -0.132793
v -0.262700 0.178000 -0.151492
v -0.245101 0.178000 -0.164443
v -0.223886 0.178000 -0.169673
v -0.202284 0.178000 -0.166386
v -0.183585 0.178000 -0.155083
v -0.170635 0.178000 -0.137484
v -0.165405 0.178000 -0.116269
v -0.168691 0.178000 -0.094668
v -0.197593 0.024000 -0.063018
v -0.218808 0.024000 -0.057788
v -0.240410 0.024000 -0.061075
v -0.259109 0.024000 -0.072378
v -0.272060 0.024000 -0.089977
v -0.277290 0.024000 -0.111192
v -0.274003 0.024000 -0.132793
v -0.262700 0.024000 -0.151493
v -0.245101 0.024000 -0.164443
v -0.223886 0.024000 -0.169673
v -0.202284 0.024000 -0.166386
v -0.183585 0.024000 -0.155083
v -0.170635 0.024000 -0.137484
v -0.165405 0.024000 -0.116269
v -0.168691 0.024000 -0.094668
v -0.179994 0.024000 -0.075969
v -0.219592 0.178800 -0.118864
v -0.226485 0.178800 -0.111315
v -0.232119 0.178800 -0.109084
v -0.244948 0.178800 -0.110199
v -0.250831 0.178800 -0.115572
v -0.251193 0.178800 -0.119311
v -0.260793 0.178800 -0.132035
v -0.262915 0.178800 -0.137392
v -0.263173 0.178800 -0.141048
v -0.259094 0.178800 -0.148272
v -0.252617 0.178800 -0.152804
v -0.248866 0.178800 -0.152974
v -0.243066 0.178800 -0.151448
v -0.229601 0.178800 -0.142562
v -0.225942 0.178800 -0.142827
v -0.220157 0.178800 -0.137544
v -0.217781 0.178800 -0.124588
v -0.225311 0.178800 -0.124356
v -0.232328 0.178800 -0.116672
v -0.239749 0.178800 -0.116258
v -0.245551 0.178800 -0.121556
v -0.245729 0.178800 -0.128910
v -0.238712 0.178800 -0.136594
v -0.231450 0.178800 -0.136998
v -0.225648 0.178800 -0.131700
v -0.219592 0.181800 -0.118864
v -0.226485 0.181800 -0.111315
v -0.232119 0.181800 -0.109084
v -0.244948 0.181800 -0.110199
v -0.250831 0.181800 -0.115572
v -0.251193 0.181800 -0.119311
v -0.260793 0.181800 -0.132035
v -0.262915 0.181800 -0.137392
v -0.263173 0.181800 -0.141048
v -0.259094 0.181800 -0.148272
v -0.252617 0.181800 -0.152804
v -0.248866 0.181800 -0.152974
v -0.243066 0.181800 -0.151448
v -0.229601 0.181800 -0.142562
v -0.225942 0.181800 -0.142827
v -0.220157 0.181800 -0.137544
v -0.217781 0.181800 -0.124588
v -0.255626 0.182000 -0.145030
v -0.225311 0.181800 -0.124356
v -0.232328 0.181800 -0.116672
v -0.239749 0.181800 -0.116258
v -0.245551 0.181800 -0.121556
v -0.245729 0.181800 -0.128910
v -0.238712 0.181800 -0.136594
v -0.231450 0.181800 -0.136998
v -0.225648 0.181800 -0.131700
v -0.246146 0.182000 -0.136373
v -0.247655 0.184000 -0.137753
v -0.253834 0.184000 -0.137474
v -0.255212 0.182000 -0.135964
v -0.254116 0.184000 -0.143652
v -0.247933 0.184000 -0.143936
v -0.246553 0.182000 -0.145447
v 0.093899 0.182000 -0.009272
v 0.110072 0.182000 -0.022753
v 0.130172 0.182000 -0.029019
v 0.151140 0.182000 -0.027116
v 0.169784 0.182000 -0.017333
v 0.183265 0.182000 -0.001161
v 0.189531 0.182000 0.018940
v 0.187628 0.182000 0.039908
v 0.177845 0.182000 0.058552
v 0.161672 0.182000 0.072033
v 0.141572 0.182000 0.078299
v 0.120604 0.182000 0.076395
v 0.101960 0.182000 0.066613
v 0.088479 0.182000 0.050440
v 0.082213 0.182000 0.030340
v 0.084116 0.182000 0.009371
v 0.109097 0.182000 -0.024544
v 0.092313 0.182000 -0.010554
v 0.129957 0.182000 -0.031047
v 0.151717 0.182000 -0.029072
v 0.171066 0.182000 -0.018919
v 0.185056 0.182000 -0.002136
v 0.191559 0.182000 0.018724
v 0.189583 0.182000 0.040485
v 0.179431 0.182000 0.059833
v 0.162647 0.182000 0.073824
v 0.141787 0.182000 0.080326
v 0.120027 0.182000 0.078351
v 0.100678 0.182000 0.068199
v 0.086688 0.182000 0.051415
v 0.080185 0.182000 0.030555
v 0.082161 0.182000 0.008794
v 0.110588 0.178800 -0.021806
v 0.094738 0.178800 -0.008594
v 0.130286 0.178800 -0.027946
v 0.150835 0.178800 -0.026081
v 0.169106 0.178800 -0.016494
v 0.182317 0.178800 -0.000645
v 0.188458 0.178800 0.019054
v 0.186593 0.178800 0.039603
v 0.177006 0.178800 0.057874
v 0.161156 0.178800 0.071085
v 0.141458 0.178800 0.077226
v 0.120909 0.178800 0.075360
v 0.102638 0.178800 0.065773
v 0.089427 0.178800 0.049924
v 0.083286 0.178800 0.030226
v 0.085151 0.178800 0.009677
v 0.092313 0.020000 -0.010554
v 0.109097 0.020000 -0.024544
v 0.129957 0.020000 -0.031047
v 0.151717 0.020000 -0.029072
v 0.171066 0.020000 -0.018919
v 0.185056 0.020000 -0.002136
v 0.191559 0.020000 0.018724
v 0.189583 0.020000 0.040485
v 0.179431 0.020000 0.059833
v 0.162647 0.020000 0.073824
v 0.141787 0.020000 0.080326
v 0.120027 0.020000 0.078351
v 0.100678 0.020000 0.068199
v 0.086688 0.020000 0.051415
v 0.080185 0.020000 0.030555
v 0.082160 0.020000 0.008794
v 0.095485 0.016000 -0.007991
v 0.111047 0.016000 -0.020962
v 0.130387 0.016000 -0.026991
v 0.150563 0.016000 -0.025160
v 0.168503 0.016000 -0.015747
v 0.181474 0.016000 -0.000186
v 0.187503 0.016000 0.019155
v 0.185672 0.016000 0.039331
v 0.176259 0.016000 0.057270
v 0.160697 0.016000 0.070242
v 0.141356 0.016000 0.076271
v 0.121181 0.016000 0.074440
v 0.103241 0.016000 0.065027
v 0.090270 0.016000 0.049465
v 0.084241 0.016000 0.030124
v 0.086072 0.016000 0.009948
v 0.092313 0.178000 -0.010554
v 0.109097 0.178000 -0.024544
v 0.129957 0.178000 -0.031047
v 0.151717 0.178000 -0.029072
v 0.171066 0.178000 -0.018919
v 0.185056 0.178000 -0.002136
v 0.191559 0.178000 0.018724
v 0.189583 0.178000 0.040485
v 0.179431 0.178000 0.059833
v 0.162647 0.178000 0.073824
v 0.141787 0.178000 0.080326
v 0.120027 0.178000 0.078351
v 0.100678 0.178000 0.068199
v 0.086688 0.178000 0.051415
v 0.080185 0.178000 0.030555
v 0.082161 0.178000 0.008794
v 0.109097 0.024000 -0.024544
v 0.129957 0.024000 -0.031047
v 0.151717 0.024000 -0.029072
v 0.171066 0.024000 -0.018919
v 0.185056 0.024000 -0.002136
v 0.191559 0.024000 0.018724
v 0.189583 0.024000 0.040485
v 0.179431 0.024000 0.059833
v 0.162647 0.024000 0.073824
v 0.141787 0.024000 0.080326
v 0.120027 0.024000 0.078351
v 0.100678 0.024000 0.068199
v 0.086688 0.024000 0.051415
v 0.080185 0.024000 0.030555
v 0.082160 0.024000 0.008794
v 0.092313 0.024000 -0.010554
v 0.134430 0.178800 0.029870
v 0.140855 0.178800 0.021918
v 0.146344 0.178800 0.019350
v 0.159216 0.178800 0.019688
v 0.165414 0.178800 0.024696
v 0.166001 0.178800 0.028406
v 0.176353 0.178800 0.040527
v 0.178794 0.178800 0.045746
v 0.179273 0.178800 0.049379
v 0.175637 0.178800 0.056837
v 0.169447 0.178800 0.061752
v 0.165712 0.178800 0.062148
v 0.159830 0.178800 0.060976
v 0.145853 0.178800 0.052920
v 0.142217 0.178800 0.053406
v 0.136123 0.178800 0.048482
v 0.132969 0.178800 0.035693
v 0.140471 0.178800 0.035007
v 0.147011 0.178800 0.026912
v 0.154393 0.178800 0.026051
v 0.160505 0.178800 0.030988
v 0.161127 0.178800 0.038318
v 0.154587 0.178800 0.046412
v 0.147362 0.178800 0.047254
v 0.141251 0.178800 0.042317
v 0.134430 0.181800 0.029870
v 0.140855 0.181800 0.021918
v 0.146344 0.181800 0.019350
v 0.159216 0.181800 0.019688
v 0.165414 0.181800 0.024696
v 0.166001 0.181800 0.028406
v 0.176353 0.181800 0.040527
v 0.178794 0.181800 0.045746
v 0.179273 0.181800 0.049379
v 0.175637 0.181800 0.056837
v 0.169447 0.181800 0.061752
v 0.165712 0.181800 0.062148
v 0.159830 0.181800 0.060976
v 0.145853 0.181800 0.052920
v 0.142217 0.181800 0.053406
v 0.136123 0.181800 0.048482
v 0.132969 0.181800 0.035693
v 0.171980 0.182000 0.053811
v 0.140471 0.181800 0.035007
v 0.147011 0.181800 0.026912
v 0.154393 0.181800 0.026051
v 0.160505 0.181800 0.030988
v 0.161127 0.181800 0.038318
v 0.154587 0.181800 0.046412
v 0.147362 0.181800 0.047254
v 0.141251 0.181800 0.042317
v 0.161994 0.182000 0.045742
v 0.163584 0.184000 0.047028
v 0.169734 0.184000 0.046376
v 0.171019 0.182000 0.044786
v 0.170389 0.184000 0.052526
v 0.164235 0.184000 0.053183
v 0.162949 0.182000 0.054775
v -0.132174 0.112520 0.154299
v -0.126722 0.095799 0.165873
v -0.124412 0.075454 0.170777
v -0.125595 0.054584 0.168265
v -0.130092 0.036365 0.158718
v -0.137218 0.023571 0.143592
v -0.145889 0.018150 0.125187
v -0.154783 0.020927 0.106306
v -0.162547 0.031479 0.089825
v -0.167999 0.048201 0.078251
v -0.170310 0.068545 0.073347
v -0.169126 0.089416 0.075859
v -0.164629 0.107635 0.085405
v -0.157503 0.120429 0.100532
v -0.148833 0.125850 0.118937
v -0.139939 0.123073 0.137817
v -0.125942 0.096698 0.167529
v -0.131600 0.114052 0.155517
v -0.123544 0.075585 0.172618
v -0.124773 0.053926 0.170011
v -0.129440 0.035018 0.160104
v -0.136835 0.021741 0.144405
v -0.145833 0.016115 0.125305
v -0.155063 0.018997 0.105711
v -0.163121 0.029948 0.088606
v -0.168779 0.047302 0.076595
v -0.171177 0.068415 0.071506
v -0.169949 0.090074 0.074113
v -0.165282 0.108982 0.084020
v -0.157886 0.122259 0.099719
v -0.148889 0.127885 0.118819
v -0.139658 0.125003 0.138413
v -0.124240 0.095323 0.163633
v -0.129583 0.111710 0.152291
v -0.121976 0.075385 0.168439
v -0.123136 0.054932 0.165977
v -0.127543 0.037077 0.156622
v -0.134526 0.024539 0.141797
v -0.143023 0.019227 0.123761
v -0.151739 0.021948 0.105258
v -0.159349 0.032290 0.089106
v -0.164692 0.048677 0.077763
v -0.166956 0.068615 0.072957
v -0.165796 0.089068 0.075419
v -0.161389 0.106922 0.084775
v -0.154405 0.119460 0.099599
v -0.145909 0.124773 0.117636
v -0.137192 0.122051 0.136138
v 0.014952 0.114052 0.086479
v 0.020611 0.096698 0.098490
v 0.023008 0.075585 0.103579
v 0.021780 0.053926 0.100972
v 0.017113 0.035018 0.091065
v 0.009717 0.021741 0.075366
v 0.000720 0.016115 0.056266
v -0.008511 0.018997 0.036672
v -0.016568 0.029948 0.019568
v -0.022227 0.047302 0.007556
v -0.024624 0.068415 0.002467
v -0.023396 0.090074 0.005074
v -0.018729 0.108982 0.014981
v -0.011334 0.122259 0.030680
v -0.002336 0.127885 0.049780
v 0.006894 0.125003 0.069374
v 0.017423 0.110989 0.082337
v 0.022669 0.094900 0.093474
v 0.024892 0.075324 0.098193
v 0.023753 0.055242 0.095775
v 0.019426 0.037711 0.086590
v 0.012570 0.025401 0.072035
v 0.004227 0.020185 0.054325
v -0.004331 0.022857 0.036159
v -0.011802 0.033011 0.020300
v -0.017048 0.049100 0.009163
v -0.019271 0.068676 0.004444
v -0.018133 0.088758 0.006862
v -0.013805 0.106288 0.016047
v -0.006949 0.118599 0.030602
v 0.001394 0.123815 0.048312
v 0.009952 0.121143 0.066479
v -0.127982 0.114052 0.153813
v -0.122323 0.096698 0.165824
v -0.119926 0.075585 0.170913
v -0.121154 0.053926 0.168306
v -0.125821 0.035018 0.158399
v -0.133217 0.021741 0.142700
v -0.142214 0.016115 0.123600
v -0.151445 0.018997 0.104006
v -0.159502 0.029948 0.086902
v -0.165161 0.047302 0.074890
v -0.167558 0.068415 0.069801
v -0.166330 0.090074 0.072408
v -0.161663 0.108982 0.082315
v -0.154268 0.122259 0.098014
v -0.145270 0.127885 0.117114
v -0.136040 0.125003 0.136708
v 0.016992 0.096698 0.100195
v 0.019390 0.075585 0.105284
v 0.018161 0.053926 0.102677
v 0.013494 0.035018 0.092770
v 0.006099 0.021741 0.077071
v -0.002899 0.016115 0.057971
v -0.012129 0.018997 0.038377
v -0.020187 0.029948 0.021272
v -0.025845 0.047302 0.009261
v -0.028243 0.068415 0.004172
v -0.027015 0.090074 0.006779
v -0.022348 0.108982 0.016686
v -0.014952 0.122259 0.032385
v -0.005954 0.127885 0.051485
v 0.003276 0.125003 0.071079
v 0.011334 0.114052 0.088183
v -0.146667 0.073659 0.116025
v -0.143396 0.066908 0.122970
v -0.142400 0.061316 0.125083
v -0.142773 0.048469 0.124292
v -0.145015 0.042486 0.119532
v -0.146606 0.042055 0.116156
v -0.151951 0.032218 0.104810
v -0.154216 0.029997 0.100000
v -0.155772 0.029670 0.096698
v -0.158883 0.033614 0.090095
v -0.160865 0.040004 0.085886
v -0.160968 0.043752 0.085669
v -0.160364 0.049580 0.086950
v -0.156685 0.063208 0.094760
v -0.156827 0.066861 0.094458
v -0.154622 0.072745 0.099139
v -0.149121 0.075362 0.110817
v -0.148962 0.067838 0.111154
v -0.145632 0.060966 0.118224
v -0.145396 0.053554 0.118723
v -0.147607 0.047654 0.114030
v -0.150739 0.047338 0.107381
v -0.154069 0.054210 0.100312
v -0.154299 0.061464 0.099824
v -0.152088 0.067364 0.104518
v -0.149381 0.073659 0.117304
v -0.146110 0.066908 0.124248
v -0.145114 0.061316 0.126362
v -0.145487 0.048469 0.125570
v -0.147729 0.042486 0.120810
v -0.149320 0.042055 0.117434
v -0.154665 0.032218 0.106088
v -0.156930 0.029997 0.101279
v -0.158486 0.029670 0.097977
v -0.161597 0.033614 0.091373
v -0.163579 0.040004 0.087164
v -0.163682 0.043752 0.086947
v -0.163078 0.049580 0.088229
v -0.159399 0.063208 0.096038
v -0.159541 0.066861 0.095737
v -0.157336 0.072745 0.100417
v -0.151835 0.075362 0.112096
v -0.160424 0.037141 0.094332
v -0.151676 0.067838 0.112433
v -0.148346 0.060966 0.119502
v -0.148110 0.053554 0.120002
v -0.150321 0.047654 0.115308
v -0.153453 0.047338 0.108660
v -0.156783 0.054210 0.101591
v -0.157013 0.061464 0.101102
v -0.154802 0.067364 0.105796
v -0.156811 0.046782 0.102002
v -0.159196 0.045247 0.101632
v -0.159028 0.039075 0.101988
v -0.156564 0.037725 0.102525
v -0.161658 0.038677 0.096405
v -0.161828 0.044854 0.096044
v -0.160674 0.046205 0.093802
v 0.140545 0.182000 -0.163182
v 0.155930 0.182000 -0.177555
v 0.175645 0.182000 -0.184946
v 0.196687 0.182000 -0.184229
v 0.215854 0.182000 -0.175515
v 0.230226 0.182000 -0.160129
v 0.237617 0.182000 -0.140414
v 0.236900 0.182000 -0.119372
v 0.228186 0.182000 -0.100206
v 0.212800 0.182000 -0.085833
v 0.193086 0.182000 -0.078443
v 0.172043 0.182000 -0.079159
v 0.152877 0.182000 -0.087873
v 0.138504 0.182000 -0.103259
v 0.131114 0.182000 -0.122974
v 0.131830 0.182000 -0.144016
v 0.154856 0.182000 -0.179288
v 0.138889 0.182000 -0.164372
v 0.175316 0.182000 -0.186958
v 0.197153 0.182000 -0.186214
v 0.217044 0.182000 -0.177171
v 0.231959 0.182000 -0.161204
v 0.239629 0.182000 -0.140744
v 0.238886 0.182000 -0.118906
v 0.229842 0.182000 -0.099016
v 0.213875 0.182000 -0.084100
v 0.193415 0.182000 -0.076430
v 0.171578 0.182000 -0.077174
v 0.151687 0.182000 -0.086217
v 0.136771 0.182000 -0.102185
v 0.129101 0.182000 -0.122644
v 0.129845 0.182000 -0.144482
v 0.156499 0.178800 -0.176638
v 0.141421 0.178800 -0.162553
v 0.175819 0.178800 -0.183881
v 0.196441 0.178800 -0.183178
v 0.215224 0.178800 -0.174638
v 0.229309 0.178800 -0.159560
v 0.236552 0.178800 -0.140240
v 0.235850 0.178800 -0.119618
v 0.227310 0.178800 -0.100835
v 0.212232 0.178800 -0.086750
v 0.192911 0.178800 -0.079508
v 0.172290 0.178800 -0.080210
v 0.153507 0.178800 -0.088750
v 0.139422 0.178800 -0.103828
v 0.132179 0.178800 -0.123148
v 0.132881 0.178800 -0.143770
v 0.138889 0.020000 -0.164372
v 0.154856 0.020000 -0.179288
v 0.175315 0.020000 -0.186958
v 0.197153 0.020000 -0.186215
v 0.217044 0.020000 -0.177171
v 0.231959 0.020000 -0.161204
v 0.239629 0.020000 -0.140744
v 0.238886 0.020000 -0.118906
v 0.229842 0.020000 -0.099016
v 0.213875 0.020000 -0.084100
v 0.193415 0.020000 -0.076430
v 0.171578 0.020000 -0.077174
v 0.151687 0.020000 -0.086217
v 0.136771 0.020000 -0.102185
v 0.129101 0.020000 -0.122644
v 0.129845 0.020000 -0.144482
v 0.142201 0.016000 -0.161993
v 0.157005 0.016000 -0.175822
v 0.175975 0.016000 -0.182933
v 0.196222 0.016000 -0.182244
v 0.214664 0.016000 -0.173859
v 0.228493 0.016000 -0.159054
v 0.235604 0.016000 -0.140085
v 0.234915 0.016000 -0.119838
v 0.226530 0.016000 -0.101396
v 0.211726 0.016000 -0.087566
v 0.192756 0.016000 -0.080455
v 0.172509 0.016000 -0.081144
v 0.154067 0.016000 -0.089529
v 0.140237 0.016000 -0.104334
v 0.133126 0.016000 -0.123303
v 0.133815 0.016000 -0.143550
v 0.138889 0.178000 -0.164372
v 0.154856 0.178000 -0.179288
v 0.175316 0.178000 -0.186958
v 0.197153 0.178000 -0.186214
v 0.217044 0.178000 -0.177171
v 0.231959 0.178000 -0.161204
v 0.239629 0.178000 -0.140744
v 0.238886 0.178000 -0.118906
v 0.229842 0.178000 -0.099016
v 0.213875 0.178000 -0.084100
v 0.193415 0.178000 -0.076430
v 0.171578 0.178000 -0.077174
v 0.151687 0.178000 -0.086217
v 0.136771 0.178000 -0.102185
v 0.129101 0.178000 -0.122644
v 0.129845 0.178000 -0.144482
v 0.154856 0.024000 -0.179288
v 0.175315 0.024000 -0.186958
v 0.197153 0.024000 -0.186215
v 0.217044 0.024000 -0.177171
v 0.231959 0.024000 -0.161204
v 0.239629 0.024000 -0.140744
v 0.238886 0.024000 -0.118906
v 0.229842 0.024000 -0.099016
v 0.213875 0.024000 -0.084100
v 0.193415 0.024000 -0.076430
v 0.171578 0.024000 -0.077174
v 0.151687 0.024000 -0.086217
v 0.136771 0.024000 -0.102185
v 0.129101 0.024000 -0.122644
v 0.129845 0.024000 -0.144482
v 0.138889 0.024000 -0.164372
v 0.183221 0.178800 -0.126391
v 0.189187 0.178800 -0.134693
v 0.194522 0.178800 -0.137566
v 0.207393 0.178800 -0.137956
v 0.213863 0.178800 -0.133306
v 0.214659 0.178800 -0.129635
v 0.225678 0.178800 -0.118118
v 0.228410 0.178800 -0.113045
v 0.229094 0.178800 -0.109445
v 0.225885 0.178800 -0.101793
v 0.219982 0.178800 -0.096537
v 0.216276 0.178800 -0.095930
v 0.210337 0.178800 -0.096768
v 0.195927 0.178800 -0.104022
v 0.192325 0.178800 -0.103332
v 0.185962 0.178800 -0.107904
v 0.182091 0.178800 -0.120494
v 0.189542 0.178800 -0.121603
v 0.195615 0.178800 -0.130054
v 0.202937 0.178800 -0.131331
v 0.209317 0.178800 -0.126746
v 0.210352 0.178800 -0.119464
v 0.204280 0.178800 -0.111013
v 0.197114 0.178800 -0.109764
v 0.190734 0.178800 -0.114349
v 0.183221 0.181800 -0.126391
v 0.189187 0.181800 -0.134693
v 0.194522 0.181800 -0.137566
v 0.207393 0.181800 -0.137956
v 0.213863 0.181800 -0.133306
v 0.214659 0.181800 -0.129635
v 0.225678 0.181800 -0.118118
v 0.228410 0.181800 -0.113045
v 0.229094 0.181800 -0.109445
v 0.225885 0.181800 -0.101793
v 0.219982 0.181800 -0.096537
v 0.216276 0.181800 -0.095930
v 0.210337 0.181800 -0.096768
v 0.195927 0.181800 -0.104022
v 0.192325 0.181800 -0.103332
v 0.185962 0.181800 -0.107904
v 0.182091 0.181800 -0.120494
v 0.222063 0.182000 -0.104608
v 0.189542 0.181800 -0.121603
v 0.195615 0.181800 -0.130054
v 0.202937 0.181800 -0.131331
v 0.209317 0.181800 -0.126746
v 0.210352 0.181800 -0.119464
v 0.204280 0.181800 -0.111013
v 0.197114 0.181800 -0.109764
v 0.190734 0.181800 -0.114349
v 0.211637 0.182000 -0.112100
v 0.213297 0.184000 -0.110906
v 0.219401 0.184000 -0.111904
v 0.220594 0.182000 -0.113564
v 0.220402 0.184000 -0.105801
v 0.214294 0.184000 -0.104798
v 0.213100 0.182000 -0.103136
vn -0.0000 1.0000 -0.0000
vn 1.0000 -0.0000 -0.0000
vn -0.0000 -1.0000 -0.0000
vn -0.0000 -0.0000 -1.0000
vn -0.0000 -0.6339 0.7734
vn -0.0000 -0.0000 1.0000
vn -0.0000 -0.6339 -0.7734
vn -1.0000 -0.0000 -0.0000
vn -0.7071 -0.0000 -0.7071
vn -0.7071 -0.0000 0.7071
vn 0.7071 -0.0000 -0.7071
vn 0.7071 -0.0000 0.7071
vn 0.9821 0.0723 -0.1740
vn 0.5714 0.0723 -0.8174
vn 0.5417 0.3255 -0.7749
vn 0.9310 0.3255 -0.1649
vn 0.5729 0.0128 -0.8195
vn -0.1744 0.0128 -0.9846
vn -0.1744 -0.0107 -0.9846
vn 0.5729 -0.0107 -0.8195
vn -0.5616 -0.1978 0.8034
vn -0.5015 -0.4837 0.7173
vn 0.1526 -0.4837 0.8618
vn 0.1710 -0.1978 0.9652
vn -0.0867 -0.9885 0.1240
vn 0.0264 -0.9885 0.1489
vn 0.0421 -0.9704 0.2376
vn -0.1383 -0.9704 0.1978
vn 0.8034 -0.1978 0.5616
vn 0.7173 -0.4837 0.5015
vn 0.8618 -0.4837 -0.1526
vn 0.9652 -0.1978 -0.1710
vn -0.9652 -0.1978 0.1710
vn -0.8618 -0.4837 0.1526
vn 0.5616 -0.1978 -0.8034
vn 0.5015 -0.4837 -0.7173
vn -0.1526 -0.4837 -0.8618
vn -0.1710 -0.1978 -0.9652
vn -0.8034 -0.1978 -0.5616
vn -0.7173 -0.4837 -0.5015
vn 0.7119 -0.6909 -0.1261
vn 0.4142 -0.6909 -0.5925
vn 0.1744 0.0128 0.9846
vn 0.8195 0.0128 0.5729
vn 0.8195 -0.0107 0.5729
vn 0.1744 -0.0107 0.9846
vn 0.5696 -0.1071 -0.8149
vn 0.9790 -0.1071 -0.1734
vn 0.7749 0.3255 0.5417
vn 0.7414 0.4264 0.5182
vn 0.1578 0.4264 0.8907
vn 0.1649 0.3255 0.9310
vn 0.8152 0.1038 0.5699
vn 0.1735 0.1038 0.9794
vn -0.5699 0.1038 0.8152
vn -0.5729 -0.0107 0.8195
vn 0.9846 -0.0107 -0.1744
vn 0.9794 0.1038 -0.1735
vn 0.8907 0.4264 -0.1578
vn 0.8131 0.1253 0.5684
vn 0.9769 0.1253 -0.1730
vn 0.9814 0.0810 -0.1738
vn 0.8169 0.0810 0.5711
vn -0.9769 0.1253 0.1730
vn -0.5684 0.1253 0.8131
vn -0.5711 0.0810 0.8169
vn -0.9814 0.0810 0.1738
vn 0.1730 0.1253 0.9769
vn 0.1738 0.0810 0.9814
vn 0.5684 0.1253 -0.8131
vn -0.1730 0.1253 -0.9769
vn -0.1738 0.0810 -0.9814
vn 0.5711 0.0810 -0.8169
vn -0.9310 0.3255 0.1649
vn -0.8907 0.4264 0.1578
vn -0.7413 0.4264 -0.5183
vn -0.7749 0.3255 -0.5417
vn -0.8131 0.1253 -0.5684
vn -0.8169 0.0810 -0.5711
vn 0.1240 -0.9885 0.0867
vn 0.1978 -0.9704 0.1383
vn -0.1489 -0.9885 0.0264
vn -0.2376 -0.9704 0.0421
vn -0.1240 -0.9885 -0.0867
vn -0.1978 -0.9704 -0.1383
vn -0.0264 -0.9885 -0.1489
vn -0.0421 -0.9704 -0.2376
vn 0.0867 -0.9885 -0.1240
vn 0.1383 -0.9704 -0.1978
vn 0.1489 -0.9885 -0.0264
vn 0.2376 -0.9704 -0.0421
vn 0.9846 0.0128 -0.1744
vn 0.5729 -0.0123 -0.8195
vn 0.9846 -0.0123 -0.1744
vn -0.1744 -0.0123 -0.9846
vn -0.5729 0.0128 0.8195
vn -0.9794 0.1038 0.1735
vn -0.9846 -0.0107 0.1744
vn -0.1734 -0.1071 -0.9790
vn -0.5182 0.4264 0.7414
vn -0.5417 0.3255 0.7749
vn 0.5182 0.4264 -0.7414
vn -0.1578 0.4264 -0.8907
vn -0.1649 0.3255 -0.9310
vn -0.1735 0.1038 -0.9794
vn 0.5699 0.1038 -0.8152
vn -0.1261 -0.6909 -0.7119
vn -0.5925 -0.6909 -0.4142
vn -0.9846 0.0128 0.1744
vn -0.7119 -0.6909 0.1261
vn 0.1261 -0.6909 0.7119
vn 0.5925 -0.6909 0.4142
vn -0.4142 -0.6909 0.5925
vn -0.1740 0.0723 -0.9821
vn 0.5562 0.2399 -0.7957
vn 0.9559 0.2399 -0.1693
vn -0.9821 0.0723 0.1739
vn -0.8174 0.0723 -0.5714
vn -0.8195 -0.0123 -0.5729
vn -0.9846 -0.0123 0.1744
vn -0.5714 0.0723 0.8174
vn -0.5729 -0.0123 0.8195
vn -0.7957 0.2399 -0.5562
vn -0.1693 0.2399 -0.9559
vn 0.1739 0.0723 0.9821
vn 0.1744 -0.0123 0.9846
vn -0.9790 -0.1071 0.1734
vn -0.8149 -0.1071 -0.5696
vn 0.8174 0.0723 0.5714
vn 0.8195 -0.0123 0.5729
vn -0.5696 -0.1071 0.8149
vn 0.1734 -0.1071 0.9790
vn 0.8149 -0.1071 0.5696
vn -0.8195 0.0128 -0.5729
vn -0.8195 -0.0107 -0.5729
vn 0.7957 0.2399 0.5562
vn 0.1693 0.2399 0.9559
vn -0.5562 0.2399 0.7957
vn -0.9559 0.2399 0.1693
vn -0.8152 0.1038 -0.5699
vn -0.5703 0.0952 0.8159
vn -0.9802 0.0952 0.1736
vn -0.6973 0.7061 0.1235
vn -0.4057 0.7061 0.5804
vn -0.1838 -0.9745 -0.1285
vn -0.0391 -0.9745 -0.2208
vn 0.1285 -0.9745 -0.1838
vn 0.2208 -0.9745 -0.0391
vn 0.1838 -0.9745 0.1285
vn 0.0391 -0.9745 0.2208
vn -0.1285 -0.9745 0.1838
vn -0.2208 -0.9745 0.0391
vn 0.8159 0.0952 0.5703
vn 0.1736 0.0952 0.9802
vn 0.5703 0.0952 -0.8159
vn 0.9802 0.0952 -0.1736
vn -0.8159 0.0952 -0.5703
vn -0.1736 0.0952 -0.9802
vn 0.4057 0.7061 -0.5804
vn -0.1235 0.7061 -0.6973
vn 0.5804 0.7061 0.4057
vn 0.6973 0.7061 -0.1235
vn -0.5804 0.7061 -0.4057
vn 0.1235 0.7061 0.6973
vn 0.1133 0.0723 0.9909
vn 0.7808 0.0723 0.6206
vn 0.7402 0.3255 0.5883
vn 0.1074 0.3255 0.9394
vn 0.7828 0.0128 0.6221
vn 0.9934 0.0128 -0.1136
vn 0.9935 -0.0107 -0.1136
vn 0.7828 -0.0107 0.6221
vn -0.7674 -0.1978 -0.6099
vn -0.6852 -0.4837 -0.5445
vn -0.8696 -0.4837 0.0994
vn -0.9739 -0.1978 0.1114
vn -0.1184 -0.9885 -0.0941
vn -0.1503 -0.9885 0.0172
vn -0.2397 -0.9704 0.0274
vn -0.1889 -0.9704 -0.1501
vn -0.6099 -0.1978 0.7674
vn -0.5445 -0.4837 0.6852
vn 0.0994 -0.4837 0.8696
vn 0.1114 -0.1978 0.9739
vn -0.1114 -0.1978 -0.9739
vn -0.0994 -0.4837 -0.8696
vn 0.7674 -0.1978 0.6099
vn 0.6852 -0.4837 0.5445
vn 0.8696 -0.4837 -0.0994
vn 0.9739 -0.1978 -0.1114
vn 0.6099 -0.1978 -0.7674
vn 0.5445 -0.4837 -0.6852
vn 0.0821 -0.6909 0.7183
vn 0.5660 -0.6909 0.4498
vn -0.9934 0.0128 0.1136
vn -0.6221 0.0128 0.7828
vn -0.6221 -0.0107 0.7828
vn -0.9935 -0.0107 0.1136
vn 0.7784 -0.1071 0.6186
vn 0.1130 -0.1071 0.9878
vn -0.5883 0.3255 0.7402
vn -0.5628 0.4264 0.7081
vn -0.8987 0.4264 0.1028
vn -0.9394 0.3255 0.1074
vn -0.6188 0.1038 0.7786
vn -0.9882 0.1038 0.1130
vn -0.7786 0.1038 -0.6188
vn -0.7828 -0.0107 -0.6221
vn 0.1136 -0.0107 0.9935
vn 0.1130 0.1038 0.9882
vn 0.1028 0.4264 0.8987
vn -0.6173 0.1253 0.7767
vn 0.1127 0.1253 0.9857
vn 0.1133 0.0809 0.9903
vn -0.6201 0.0809 0.7803
vn -0.1127 0.1253 -0.9857
vn -0.7767 0.1253 -0.6173
vn -0.7803 0.0809 -0.6201
vn -0.1133 0.0809 -0.9903
vn -0.9857 0.1253 0.1127
vn -0.9903 0.0809 0.1133
vn 0.7767 0.1253 0.6173
vn 0.9857 0.1253 -0.1127
vn 0.9903 0.0810 -0.1133
vn 0.7803 0.0809 0.6201
vn -0.1074 0.3255 -0.9394
vn -0.1028 0.4264 -0.8987
vn 0.5628 0.4264 -0.7081
vn 0.5883 0.3255 -0.7402
vn 0.6173 0.1253 -0.7767
vn 0.6201 0.0810 -0.7803
vn -0.0941 -0.9885 0.1184
vn -0.1501 -0.9704 0.1889
vn -0.0172 -0.9885 -0.1503
vn -0.0274 -0.9704 -0.2397
vn 0.0941 -0.9885 -0.1184
vn 0.1501 -0.9704 -0.1889
vn 0.1503 -0.9885 -0.0172
vn 0.2397 -0.9704 -0.0274
vn 0.1184 -0.9885 0.0941
vn 0.1889 -0.9704 0.1501
vn 0.0172 -0.9885 0.1503
vn 0.0274 -0.9704 0.2397
vn 0.1136 0.0128 0.9934
vn 0.7828 -0.0123 0.6221
vn 0.1136 -0.0123 0.9934
vn 0.9934 -0.0123 -0.1136
vn -0.7828 0.0128 -0.6221
vn -0.1130 0.1038 -0.9882
vn -0.1136 -0.0107 -0.9935
vn 0.9878 -0.1071 -0.1130
vn -0.7081 0.4264 -0.5628
vn -0.7402 0.3255 -0.5883
vn 0.7081 0.4264 0.5628
vn 0.8987 0.4264 -0.1028
vn 0.9394 0.3255 -0.1074
vn 0.9882 0.1038 -0.1130
vn 0.7786 0.1038 0.6188
vn 0.7183 -0.6909 -0.0821
vn 0.4498 -0.6909 -0.5660
vn -0.1136 0.0128 -0.9934
vn -0.0821 -0.6909 -0.7183
vn -0.7183 -0.6909 0.0821
vn -0.4498 -0.6909 0.5660
vn -0.5660 -0.6909 -0.4498
vn 0.9909 0.0723 -0.1133
vn 0.7600 0.2399 0.6040
vn 0.1103 0.2399 0.9645
vn -0.1133 0.0723 -0.9909
vn 0.6206 0.0723 -0.7808
vn 0.6221 -0.0123 -0.7828
vn -0.1136 -0.0123 -0.9934
vn -0.7808 0.0723 -0.6206
vn -0.7828 -0.0123 -0.6221
vn 0.6040 0.2399 -0.7600
vn 0.9645 0.2399 -0.1103
vn -0.9909 0.0723 0.1133
vn -0.9934 -0.0123 0.1136
vn -0.1130 -0.1071 -0.9878
vn 0.6186 -0.1071 -0.7784
vn -0.6206 0.0723 0.7808
vn -0.6221 -0.0123 0.7828
vn -0.7784 -0.1071 -0.6186
vn -0.9878 -0.1071 0.1130
vn -0.6186 -0.1071 0.7784
vn 0.6221 0.0128 -0.7828
vn 0.6221 -0.0107 -0.7828
vn -0.6040 0.2399 0.7600
vn -0.9645 0.2399 0.1103
vn -0.7600 0.2399 -0.6040
vn -0.1103 0.2399 -0.9645
vn 0.6188 0.1038 -0.7786
vn -0.7793 0.0952 -0.6194
vn -0.1131 0.0952 -0.9890
vn -0.0805 0.7061 -0.7036
vn -0.5544 0.7061 -0.4406
vn 0.1395 -0.9745 -0.1756
vn 0.2228 -0.9745 -0.0255
vn 0.1756 -0.9745 0.1395
vn 0.0255 -0.9745 0.2228
vn -0.1395 -0.9745 0.1756
vn -0.2228 -0.9745 0.0255
vn -0.1756 -0.9745 -0.1395
vn -0.0255 -0.9745 -0.2228
vn -0.6194 0.0952 0.7793
vn -0.9890 0.0952 0.1131
vn 0.7793 0.0952 0.6194
vn 0.1131 0.0952 0.9890
vn 0.6194 0.0952 -0.7793
vn 0.9890 0.0952 -0.1131
vn 0.5544 0.7061 0.4406
vn 0.7036 0.7061 -0.0805
vn -0.4406 0.7061 0.5544
vn 0.0805 0.7061 0.7036
vn 0.4406 0.7061 -0.5544
vn -0.7036 0.7061 0.0805
vn 0.7042 0.2399 0.6682
vn 0.5840 0.5931 0.5542
vn 0.7172 -0.1499 0.6806
vn -0.0928 -0.7950 -0.5995
vn 0.1544 -0.9181 -0.3649
vn -0.1087 -0.9887 -0.1032
vn -0.3749 -0.8561 -0.3558
vn 0.4169 -0.9015 -0.1158
vn 0.6549 -0.7477 0.1100
vn 0.4303 -0.8051 0.4083
vn 0.1740 -0.9708 0.1651
vn -0.5840 -0.5931 -0.5542
vn -0.7042 -0.2399 -0.6682
vn -0.6210 0.5168 -0.5893
vn -0.7172 0.1499 -0.6806
vn 0.9214 -0.1392 0.3629
vn 0.9936 -0.1050 -0.0413
vn 0.9845 0.1680 -0.0500
vn 0.9093 0.2228 0.3514
vn -0.6883 -0.0000 0.7254
vn 0.3334 0.5620 0.7569
vn 0.4473 0.2273 0.8650
vn -0.8873 -0.2273 -0.4014
vn -0.7734 -0.5620 -0.2933
vn -0.3230 -0.9369 0.1340
vn -0.5752 -0.8112 -0.1053
vn 0.4596 -0.1420 0.8767
vn -0.1169 0.9369 0.3296
vn 0.1353 0.8112 0.5689
vn -0.3848 0.9199 0.0754
vn -0.0551 -0.9199 0.3883
vn 0.1877 -0.7629 0.6187
vn -0.6277 0.7629 -0.1550
vn 0.3685 -0.4897 0.7902
vn -0.8084 0.4897 -0.3266
vn -0.8996 0.1420 -0.4131
vn 0.6883 -0.0000 -0.7254
vn 0.8320 -0.4800 0.2781
vn 0.9263 -0.3619 -0.1053
vn -0.3986 -0.2228 -0.8897
vn -0.0017 -0.1680 -0.9858
vn 0.0825 -0.4153 -0.9059
vn -0.2870 -0.5508 -0.7837
vn 0.0938 0.9015 -0.4224
vn 0.3696 0.6798 -0.6335
vn 0.1902 0.5638 -0.8038
vn -0.1442 0.7477 -0.6482
vn 0.6035 0.7950 0.0613
vn 0.7539 0.5994 -0.2688
vn 0.5676 0.6923 -0.4456
vn 0.3563 0.9181 -0.1733
vn 0.0566 0.3619 -0.9305
vn -0.3213 0.4800 -0.8163
vn -0.4107 0.1392 -0.9011
vn -0.0108 0.1050 -0.9944
vn 0.2289 -0.5994 -0.7670
vn 0.4153 -0.6923 -0.5901
vn 0.7927 -0.5637 -0.2320
vn 0.7977 0.5508 0.2455
vn 0.9004 0.4153 -0.1298
vn 0.6133 -0.6798 -0.4023
vn 0.6210 -0.5168 0.5893
vn 0.1087 0.9887 0.1032
vn -0.1740 0.9708 -0.1651
vn 0.3749 0.8561 0.3558
vn -0.4303 0.8051 -0.4083
vn -0.7044 -0.0353 0.7089
vn -0.6867 -0.0287 0.7264
vn -0.6994 -0.0262 0.7142
vn -0.7072 -0.0120 0.7069
vn -0.6854 -0.0000 0.7282
vn -0.6771 0.0079 0.7359
vn -0.6777 -0.0118 0.7353
vn -0.6784 -0.0106 0.7346
vn -0.6996 0.0069 0.7145
vn -0.6788 0.0214 0.7340
vn -0.6883 0.0174 0.7252
vn -0.7077 -0.0034 0.7065
vn -0.6808 -0.0253 0.7320
vn -0.7006 0.0070 0.7136
vn -0.6897 0.0035 0.7241
vn -0.0180 -0.9997 -0.0171
vn 0.2962 -0.9128 0.2811
vn -0.3731 -0.8576 -0.3540
vn -0.6278 -0.5010 -0.5957
vn -0.1085 -0.9887 -0.1030
vn -0.5818 -0.5973 -0.5521
vn -0.7224 -0.0908 -0.6855
vn -0.7186 0.1366 -0.6819
vn -0.7242 0.0586 -0.6871
vn 0.4304 -0.8050 0.4084
vn -0.7178 0.1448 -0.6811
vn -0.7074 0.2215 -0.6712
vn 0.4721 -0.7593 0.4479
vn 0.4721 -0.7593 0.4480
vn 0.3904 -0.8428 0.3705
vn -0.4241 0.8113 -0.4024
vn 0.1163 0.9871 0.1104
vn 0.5050 0.7179 0.4792
vn 0.2325 0.9472 0.2206
vn 0.6834 0.3354 0.6485
vn 0.7177 -0.1448 0.6811
vn 0.5818 0.5972 0.5521
vn 0.7085 -0.2148 0.6723
vn -0.0972 0.9910 -0.0922
vn -0.4689 0.7630 -0.4450
vn 0.4450 -0.7897 0.4223
vn -0.2298 0.5984 0.7675
vn -0.0579 -0.3614 0.9306
vn -0.7541 -0.5987 0.2700
vn -0.9263 0.3613 0.1069
vn -0.9915 -0.0000 -0.1303
vn -0.9659 -0.0000 0.2590
vn -0.8661 -0.0000 -0.4998
vn 0.7366 -0.3710 -0.5655
vn 0.4642 -0.3710 -0.8043
vn 0.4998 -0.0000 -0.8661
vn 0.7932 -0.0000 -0.6089
vn 0.1210 -0.3710 -0.9207
vn -0.2405 -0.3710 -0.8969
vn -0.2590 -0.0000 -0.9659
vn 0.1303 -0.0000 -0.9915
vn 0.9659 -0.0000 -0.2590
vn 0.9915 -0.0000 0.1303
vn 0.6089 -0.0000 0.7932
vn 0.8661 -0.0000 0.4998
vn -0.8043 -0.3710 -0.4641
vn -0.6065 -0.7139 -0.3500
vn -0.6942 -0.7139 -0.0912
vn -0.9207 -0.3710 -0.1210
vn -0.9152 0.3196 0.2454
vn -0.9395 0.3196 -0.1235
vn 0.9395 0.3196 0.1235
vn 0.9152 0.3196 -0.2454
vn 0.4736 0.3196 -0.8207
vn 0.7516 0.3196 -0.5770
vn -0.8207 0.3196 -0.4736
vn -0.4736 0.3196 0.8207
vn -0.7516 0.3196 0.5770
vn -0.1235 0.3196 0.9395
vn 0.1235 0.3196 -0.9395
vn -0.2454 0.3196 -0.9152
vn 0.2454 0.3196 0.9152
vn -0.5770 0.3196 -0.7516
vn 0.5770 0.3196 0.7516
vn 0.8207 0.3196 0.4736
vn -0.5655 -0.3710 -0.7366
vn -0.4264 -0.7139 -0.5554
vn 0.9207 -0.3710 0.1210
vn 0.6942 -0.7139 0.0912
vn 0.6763 -0.7139 -0.1814
vn 0.8969 -0.3710 -0.2405
vn -0.1210 -0.3710 0.9207
vn -0.0912 -0.7139 0.6942
vn 0.1814 -0.7139 0.6763
vn 0.2405 -0.3710 0.8969
vn -0.7366 -0.3710 0.5655
vn -0.5554 -0.7139 0.4264
vn -0.3500 -0.7139 0.6065
vn -0.4641 -0.3710 0.8043
vn 0.4264 -0.7139 0.5554
vn 0.5655 -0.3710 0.7366
vn 0.8043 -0.3710 0.4642
vn 0.6065 -0.7139 0.3500
vn 0.5554 -0.7139 -0.4264
vn 0.3500 -0.7139 -0.6065
vn -0.1814 -0.7139 -0.6763
vn -0.8969 -0.3710 0.2405
vn -0.6763 -0.7139 0.1814
vn 0.0912 -0.7139 -0.6942
vn -0.6089 -0.0000 -0.7932
vn -0.4998 -0.0000 0.8661
vn -0.1303 -0.0000 0.9915
vn -0.7932 -0.0000 0.6089
vn 0.2590 -0.0000 0.9659
vn 0.0342 0.9991 -0.0246
vn 0.0088 0.9996 -0.0273
vn 0.0242 0.9995 -0.0187
vn 0.0290 0.9996 -0.0015
vn -0.0038 1.0000 -0.0015
vn -0.0172 0.9999 0.0018
vn -0.0092 0.9998 -0.0163
vn -0.0088 0.9999 -0.0148
vn 0.0121 0.9999 0.0122
vn -0.0198 0.9997 0.0153
vn -0.0062 0.9998 0.0163
vn 0.0264 0.9996 0.0067
vn -0.0001 0.9996 -0.0271
vn 0.0133 0.9998 0.0127
vn 0.0004 1.0000 0.0039
vn 0.3874 -0.0000 -0.9219
vn -0.0478 -0.0000 -0.9989
vn 0.7914 -0.0000 -0.6112
vn 0.9885 -0.0000 -0.1513
vn 0.4996 -0.0000 -0.8663
vn 0.9645 -0.0000 -0.2640
vn 0.9605 -0.0000 0.2783
vn 0.8728 -0.0000 0.4881
vn 0.9083 -0.0000 0.4183
vn -0.2593 -0.0000 -0.9658
vn 0.8687 -0.0000 0.4953
vn 0.8274 -0.0000 0.5616
vn -0.3294 -0.0000 -0.9442
vn -0.1941 -0.0000 -0.9810
vn 0.2488 -0.0000 0.9686
vn -0.5089 -0.0000 0.8608
vn -0.9098 -0.0000 0.4149
vn -0.6436 -0.0000 0.7653
vn -0.9995 -0.0000 -0.0309
vn -0.8687 -0.0000 -0.4954
vn -0.9645 -0.0000 0.2640
vn -0.8313 -0.0000 -0.5559
vn -0.2363 -0.0000 0.9717
vn 0.3240 -0.0000 0.9460
vn -0.2836 -0.0000 -0.9589
vn -0.5548 0.7150 0.4255
vn -0.4258 0.7149 -0.5546
vn 0.5544 0.7150 -0.4260
vn 0.4256 0.7152 0.5544
vn -0.7254 -0.0000 0.6883
vn -0.4068 -0.0000 0.9135
vn -0.9336 -0.0000 0.3583
vn 0.0243 -0.3710 -0.9283
vn -0.3328 -0.3710 -0.8670
vn -0.3583 -0.0000 -0.9336
vn 0.0262 -0.0000 -0.9997
vn -0.6392 -0.3710 -0.6736
vn -0.8483 -0.3710 -0.3777
vn -0.9135 -0.0000 -0.4068
vn -0.6883 -0.0000 -0.7254
vn 0.4068 -0.0000 -0.9135
vn 0.7254 -0.0000 -0.6883
vn 0.9997 -0.0000 0.0262
vn 0.9336 -0.0000 -0.3583
vn -0.8670 -0.3710 0.3328
vn -0.6537 -0.7139 0.2509
vn -0.5079 -0.7139 0.4820
vn -0.6736 -0.3710 0.6392
vn -0.3854 0.3196 0.8656
vn -0.6874 0.3196 0.6522
vn 0.6874 0.3196 -0.6522
vn 0.3854 0.3196 -0.8656
vn -0.3396 0.3196 -0.8846
vn 0.0248 0.3196 -0.9472
vn -0.8846 0.3196 0.3396
vn 0.3396 0.3196 0.8846
vn -0.0248 0.3196 0.9472
vn 0.6522 0.3196 0.6874
vn -0.6522 0.3196 -0.6874
vn -0.8656 0.3196 -0.3854
vn 0.8656 0.3196 0.3854
vn -0.9472 0.3196 -0.0248
vn 0.9472 0.3196 0.0248
vn 0.8846 0.3196 -0.3396
vn -0.9283 -0.3710 -0.0243
vn -0.7000 -0.7139 -0.0183
vn 0.6736 -0.3710 -0.6392
vn 0.5079 -0.7139 -0.4820
vn 0.2848 -0.7139 -0.6397
vn 0.3777 -0.3710 -0.8483
vn 0.6392 -0.3710 0.6736
vn 0.4820 -0.7139 0.5079
vn 0.6397 -0.7139 0.2848
vn 0.8483 -0.3710 0.3777
vn -0.0243 -0.3710 0.9283
vn -0.0183 -0.7139 0.7000
vn 0.2509 -0.7139 0.6537
vn 0.3328 -0.3710 0.8670
vn 0.7000 -0.7139 0.0183
vn 0.9283 -0.3710 0.0243
vn 0.8670 -0.3710 -0.3328
vn 0.6537 -0.7139 -0.2509
vn 0.0183 -0.7139 -0.7000
vn -0.2509 -0.7139 -0.6537
vn -0.6397 -0.7139 -0.2848
vn -0.3777 -0.3710 0.8483
vn -0.2848 -0.7139 0.6397
vn -0.4820 -0.7139 -0.5079
vn -0.9997 -0.0000 -0.0262
vn 0.3583 -0.0000 0.9336
vn 0.6883 -0.0000 0.7254
vn -0.0262 -0.0000 0.9997
vn 0.9135 -0.0000 0.4068
vn 0.0024 0.9991 -0.0420
vn -0.0157 0.9996 -0.0240
vn 0.0007 0.9995 -0.0306
vn 0.0171 0.9996 -0.0235
vn -0.0036 1.0000 0.0020
vn -0.0094 0.9999 0.0145
vn -0.0185 0.9998 -0.0031
vn -0.0170 0.9999 -0.0025
vn 0.0170 0.9999 -0.0017
vn -0.0006 0.9997 0.0250
vn 0.0087 0.9998 0.0151
vn 0.0218 0.9996 -0.0163
vn -0.0211 0.9996 -0.0170
vn 0.0182 0.9998 -0.0023
vn 0.0033 1.0000 0.0021
vn -0.4725 -0.0000 -0.8813
vn -0.8062 -0.0000 -0.5917
vn 0.0233 -0.0000 -0.9997
vn 0.5047 -0.0000 -0.8633
vn -0.3586 -0.0000 -0.9335
vn 0.4020 -0.0000 -0.9156
vn 0.8209 -0.0000 -0.5711
vn 0.9287 -0.0000 -0.3709
vn 0.8968 -0.0000 -0.4424
vn -0.9136 -0.0000 -0.4065
vn 0.9317 -0.0000 -0.3632
vn 0.9572 -0.0000 -0.2894
vn -0.9410 -0.0000 -0.3384
vn -0.8844 -0.0000 -0.4667
vn 0.9092 -0.0000 0.4164
vn 0.3485 -0.0000 0.9373
vn -0.2504 -0.0000 0.9682
vn 0.1895 -0.0000 0.9819
vn -0.6532 -0.0000 0.7572
vn -0.9317 -0.0000 0.3631
vn -0.4021 -0.0000 0.9156
vn -0.9552 -0.0000 0.2960
vn 0.6063 -0.0000 0.7953
vn 0.9391 -0.0000 0.3438
vn -0.9236 -0.0000 -0.3833
vn -0.0186 0.7150 0.6989
vn -0.6990 0.7149 -0.0183
vn 0.0181 0.7150 -0.6989
vn 0.6987 0.7152 0.0183
vn 0.0453 -0.0000 0.9990
vn 0.4242 -0.0000 0.9056
vn -0.3404 -0.0000 0.9403
vn -0.6857 -0.3710 -0.6262
vn -0.8732 -0.3710 -0.3161
vn -0.9403 -0.0000 -0.3404
vn -0.7384 -0.0000 -0.6743
vn -0.9277 -0.3710 0.0421
vn -0.8410 -0.3710 0.3939
vn -0.9056 -0.0000 0.4242
vn -0.9990 -0.0000 0.0453
vn -0.4242 -0.0000 -0.9056
vn -0.0453 -0.0000 -0.9990
vn 0.6743 -0.0000 -0.7384
vn 0.3404 -0.0000 -0.9403
vn -0.3161 -0.3710 0.8732
vn -0.2384 -0.7139 0.6584
vn 0.0317 -0.7139 0.6995
vn 0.0421 -0.3710 0.9277
vn 0.4019 0.3196 0.8581
vn 0.0430 0.3196 0.9466
vn -0.0430 0.3196 -0.9466
vn -0.4019 0.3196 -0.8581
vn -0.8910 0.3196 -0.3226
vn -0.6997 0.3196 -0.6390
vn -0.3226 0.3196 0.8910
vn 0.8910 0.3196 0.3226
vn 0.6997 0.3196 0.6390
vn 0.9466 0.3196 -0.0430
vn -0.9466 0.3196 0.0430
vn -0.8581 0.3196 0.4019
vn 0.8581 0.3196 -0.4019
vn -0.6390 0.3196 0.6997
vn 0.6390 0.3196 -0.6997
vn 0.3226 0.3196 -0.8910
vn -0.6262 -0.3710 0.6857
vn -0.4722 -0.7139 0.5171
vn -0.0421 -0.3710 -0.9277
vn -0.0317 -0.7139 -0.6995
vn -0.2970 -0.7139 -0.6341
vn -0.3939 -0.3710 -0.8410
vn 0.9277 -0.3710 -0.0421
vn 0.6995 -0.7139 -0.0317
vn 0.6341 -0.7139 -0.2970
vn 0.8410 -0.3710 -0.3939
vn 0.6857 -0.3710 0.6262
vn 0.5171 -0.7139 0.4722
vn 0.6584 -0.7139 0.2384
vn 0.8732 -0.3710 0.3161
vn 0.4722 -0.7139 -0.5171
vn 0.6262 -0.3710 -0.6857
vn 0.3161 -0.3710 -0.8732
vn 0.2384 -0.7139 -0.6584
vn -0.5171 -0.7139 -0.4722
vn -0.6584 -0.7139 -0.2384
vn -0.6341 -0.7139 0.2970
vn 0.3939 -0.3710 0.8410
vn 0.2970 -0.7139 0.6341
vn -0.6995 -0.7139 0.0317
vn -0.6743 -0.0000 0.7384
vn 0.9403 -0.0000 0.3404
vn 0.9990 -0.0000 -0.0453
vn 0.7384 -0.0000 0.6743
vn 0.9056 -0.0000 -0.4242
vn -0.0302 0.9991 -0.0294
vn -0.0285 0.9996 -0.0039
vn -0.0227 0.9995 -0.0206
vn -0.0066 0.9996 -0.0282
vn -0.0008 1.0000 0.0040
vn 0.0048 0.9999 0.0166
vn -0.0144 0.9998 0.0119
vn -0.0130 0.9999 0.0112
vn 0.0099 0.9999 -0.0140
vn 0.0185 0.9997 0.0168
vn 0.0171 0.9998 0.0033
vn 0.0020 0.9996 -0.0272
vn -0.0267 0.9996 0.0048
vn 0.0102 0.9998 -0.0153
vn 0.0038 1.0000 -0.0011
vn -0.9755 -0.0000 -0.2199
vn -0.9751 -0.0000 0.2220
vn -0.7404 -0.0000 -0.6722
vn -0.3221 -0.0000 -0.9467
vn -0.9404 -0.0000 -0.3402
vn -0.4289 -0.0000 -0.9034
vn 0.1058 -0.0000 -0.9944
vn 0.3277 -0.0000 -0.9448
vn 0.2528 -0.0000 -0.9675
vn -0.9055 -0.0000 0.4244
vn 0.3355 -0.0000 -0.9420
vn 0.4080 -0.0000 -0.9130
vn -0.8719 -0.0000 0.4897
vn -0.9318 -0.0000 0.3629
vn 0.9100 -0.0000 -0.4146
vn 0.9366 -0.0000 0.3503
vn 0.5679 -0.0000 0.8231
vn 0.8662 -0.0000 0.4996
vn 0.1447 -0.0000 0.9895
vn -0.3356 -0.0000 0.9420
vn 0.4288 -0.0000 0.9034
vn -0.4017 -0.0000 0.9158
vn 0.9980 -0.0000 0.0625
vn 0.8747 -0.0000 -0.4847
vn -0.8945 -0.0000 0.4472
vn 0.5161 0.7150 0.4717
vn -0.4715 0.7149 0.5163
vn -0.5165 0.7150 -0.4713
vn 0.4713 0.7152 -0.5161
vn -0.1056 -0.0000 -0.9944
vn -0.4781 -0.0000 -0.8783
vn 0.2830 -0.0000 -0.9591
vn 0.7223 -0.3710 0.5836
vn 0.8907 -0.3710 0.2628
vn 0.9591 -0.0000 0.2830
vn 0.7778 -0.0000 0.6285
vn 0.9234 -0.3710 -0.0981
vn 0.8156 -0.3710 -0.4440
vn 0.8783 -0.0000 -0.4781
vn 0.9944 -0.0000 -0.1056
vn 0.4781 -0.0000 0.8783
vn 0.1056 -0.0000 0.9944
vn -0.6285 -0.0000 0.7778
vn -0.2830 -0.0000 0.9591
vn 0.2628 -0.3710 -0.8907
vn 0.1981 -0.7139 -0.6716
vn -0.0740 -0.7139 -0.6963
vn -0.0981 -0.3710 -0.9234
vn -0.4531 0.3196 -0.8322
vn -0.1001 0.3196 -0.9423
vn 0.1001 0.3196 0.9423
vn 0.4531 0.3196 0.8322
vn 0.9088 0.3196 0.2681
vn 0.7371 0.3196 0.5955
vn 0.2681 0.3196 -0.9088
vn -0.9088 0.3196 -0.2681
vn -0.7371 0.3196 -0.5955
vn -0.9423 0.3196 0.1001
vn 0.9423 0.3196 -0.1001
vn 0.8322 0.3196 -0.4531
vn -0.8322 0.3196 0.4531
vn 0.5955 0.3196 -0.7371
vn -0.5955 0.3196 0.7371
vn -0.2681 0.3196 0.9088
vn 0.5836 -0.3710 -0.7223
vn 0.4401 -0.7139 -0.5447
vn 0.0981 -0.3710 0.9234
vn 0.0740 -0.7139 0.6963
vn 0.3348 -0.7139 0.6150
vn 0.4440 -0.3710 0.8156
vn -0.9234 -0.3710 0.0981
vn -0.6963 -0.7139 0.0740
vn -0.6150 -0.7139 0.3348
vn -0.8156 -0.3710 0.4440
vn -0.7223 -0.3710 -0.5836
vn -0.5447 -0.7139 -0.4401
vn -0.6716 -0.7139 -0.1981
vn -0.8907 -0.3710 -0.2628
vn -0.4401 -0.7139 0.5447
vn -0.5836 -0.3710 0.7223
vn -0.2628 -0.3710 0.8907
vn -0.1981 -0.7139 0.6716
vn 0.5447 -0.7139 0.4401
vn 0.6716 -0.7139 0.1981
vn 0.6150 -0.7139 -0.3348
vn -0.4440 -0.3710 -0.8156
vn -0.3348 -0.7139 -0.6150
vn 0.6963 -0.7139 -0.0740
vn 0.6285 -0.0000 -0.7778
vn -0.9591 -0.0000 -0.2830
vn -0.9944 -0.0000 0.1056
vn -0.7778 -0.0000 -0.6285
vn -0.8783 -0.0000 0.4781
vn 0.0319 0.9991 0.0275
vn 0.0287 0.9996 0.0020
vn 0.0239 0.9995 0.0192
vn 0.0083 0.9996 0.0278
vn 0.0006 1.0000 -0.0040
vn -0.0058 0.9999 -0.0163
vn 0.0137 0.9998 -0.0128
vn 0.0123 0.9999 -0.0120
vn -0.0090 0.9999 0.0146
vn -0.0195 0.9997 -0.0157
vn -0.0173 0.9998 -0.0023
vn -0.0003 0.9996 0.0272
vn 0.0264 0.9996 -0.0064
vn -0.0092 0.9998 0.0159
vn -0.0037 1.0000 0.0013
vn 0.9870 -0.0000 0.1606
vn 0.9599 -0.0000 -0.2805
vn 0.7797 -0.0000 0.6262
vn 0.3787 -0.0000 0.9255
vn 0.9592 -0.0000 0.2827
vn 0.4827 -0.0000 0.8758
vn -0.0455 -0.0000 0.9990
vn -0.2700 -0.0000 0.9629
vn -0.1938 -0.0000 0.9810
vn 0.8782 -0.0000 -0.4784
vn -0.2780 -0.0000 0.9606
vn -0.3521 -0.0000 0.9360
vn 0.8407 -0.0000 -0.5415
vn 0.9082 -0.0000 -0.4186
vn -0.8833 -0.0000 0.4688
vn -0.9561 -0.0000 -0.2931
vn -0.6166 -0.0000 -0.7873
vn -0.8948 -0.0000 -0.4464
vn -0.2042 -0.0000 -0.9789
vn 0.2781 -0.0000 -0.9606
vn -0.4826 -0.0000 -0.8758
vn 0.3456 -0.0000 -0.9384
vn -1.0000 -0.0000 -0.0020
vn -0.8438 -0.0000 0.5367
vn 0.8658 -0.0000 -0.5004
vn -0.5437 0.7150 -0.4396
vn 0.4394 0.7149 -0.5439
vn 0.5440 0.7150 0.4392
vn -0.4393 0.7152 0.5437
vn 0.4253 0.0640 0.9028
vn 0.3825 0.4410 0.8119
vn 0.4034 -0.3228 0.8562
vn 0.0743 -0.6973 -0.7129
vn 0.2079 -0.8789 -0.4292
vn -0.1375 -0.9465 -0.2920
vn -0.2814 -0.7509 -0.5974
vn 0.3609 -0.9267 -0.1043
vn 0.5101 -0.8334 0.2124
vn 0.1880 -0.8975 0.3990
vn 0.0273 -0.9979 0.0579
vn -0.3825 -0.4410 -0.8119
vn -0.4253 -0.0640 -0.9028
vn -0.3200 0.6604 -0.6793
vn -0.4034 0.3228 -0.8562
vn 0.7102 -0.2997 0.6370
vn 0.9283 -0.2260 0.2953
vn 0.9437 0.0448 0.3279
vn 0.7305 0.0594 0.6803
vn -0.9046 -0.0000 0.4262
vn -0.9047 -0.0000 0.4262
vn 0.0733 0.4179 0.9055
vn 0.1139 0.0607 0.9916
vn -0.6921 -0.0607 -0.7193
vn -0.6515 -0.4179 -0.6331
vn -0.4194 -0.8969 -0.1405
vn -0.5558 -0.7115 -0.4299
vn 0.0931 -0.3058 0.9475
vn -0.1588 0.8969 0.4129
vn -0.0224 0.7115 0.7023
vn -0.3150 0.9456 0.0813
vn -0.2632 -0.9456 0.1911
vn -0.1110 -0.8504 0.5143
vn -0.4672 0.8504 -0.2419
vn 0.0141 -0.6258 0.7799
vn -0.5923 0.6258 -0.5075
vn -0.6713 0.3058 -0.6751
vn 0.9046 -0.0000 -0.4262
vn 0.6328 -0.6133 0.4727
vn 0.8699 -0.4624 0.1714
vn -0.0593 -0.0594 -0.9965
vn 0.3481 -0.0448 -0.9364
vn 0.3780 -0.3088 -0.8728
vn -0.0196 -0.4096 -0.9121
vn 0.3103 0.9267 -0.2119
vn 0.6268 0.6988 -0.3448
vn 0.5142 0.6284 -0.5836
vn 0.1611 0.8334 -0.5286
vn 0.5970 0.6973 0.3967
vn 0.8429 0.5258 0.1141
vn 0.7422 0.6627 -0.0998
vn 0.4633 0.8789 0.1130
vn 0.4218 0.4624 -0.7799
vn 0.0384 0.6133 -0.7889
vn -0.0390 0.2997 -0.9532
vn 0.3634 0.2260 -0.9038
vn 0.4488 -0.5258 -0.7226
vn 0.5495 -0.6627 -0.5087
vn 0.7775 -0.6284 -0.0249
vn 0.6908 0.4096 0.5959
vn 0.9137 0.3088 0.2643
vn 0.6650 -0.6988 -0.2637
vn 0.3200 -0.6604 0.6793
vn 0.1375 0.9465 0.2920
vn -0.0273 0.9979 -0.0579
vn 0.2814 0.7509 0.5974
vn -0.1880 0.8975 -0.3990
vn -0.9161 -0.0308 0.3998
vn -0.9056 -0.0286 0.4231
vn -0.9128 -0.0230 0.4077
vn -0.9163 -0.0071 0.4005
vn -0.9029 -0.0008 0.4298
vn -0.8975 0.0051 0.4410
vn -0.8993 -0.0142 0.4371
vn -0.8996 -0.0128 0.4365
vn -0.9106 0.0096 0.4133
vn -0.8973 0.0188 0.4410
vn -0.9032 0.0172 0.4288
vn -0.9159 0.0014 0.4014
vn -0.9020 -0.0266 0.4308
vn -0.9111 0.0099 0.4121
vn -0.9051 0.0038 0.4251
vn -0.0859 -0.9795 -0.1824
vn 0.1023 -0.9707 0.2173
vn -0.2805 -0.7528 -0.5954
vn -0.4008 -0.3397 -0.8508
vn -0.1374 -0.9466 -0.2918
vn -0.3815 -0.4457 -0.8098
vn -0.4245 0.0871 -0.9012
vn -0.4052 0.3100 -0.8601
vn -0.4143 0.2346 -0.8794
vn 0.1881 -0.8974 0.3992
vn -0.4041 0.3179 -0.8577
vn -0.3923 0.3908 -0.8327
vn 0.2156 -0.8626 0.4577
vn 0.1621 -0.9249 0.3440
vn -0.1839 0.9021 -0.3904
vn 0.1418 0.9430 0.3010
vn 0.3462 0.5832 0.7349
vn 0.2060 0.8754 0.4373
vn 0.4205 0.1632 0.8925
vn 0.4041 -0.3179 0.8577
vn 0.3815 0.4456 0.8099
vn 0.3934 -0.3845 0.8351
vn 0.0187 0.9990 0.0396
vn -0.2135 0.8655 -0.4532
vn 0.1977 -0.8859 0.4196
vn -0.4499 0.5248 0.7226
vn -0.4230 -0.4618 0.7797
vn -0.8435 -0.5252 -0.1128
vn -0.8707 0.4616 -0.1700
vn -0.1616 -0.0000 -0.9869
vn -0.5270 -0.0000 -0.8499
vn 0.2284 -0.0000 -0.9736
vn 0.7541 -0.3710 0.5419
vn 0.9041 -0.3710 0.2121
vn 0.9736 -0.0000 0.2284
vn 0.8121 -0.0000 0.5835
vn 0.9164 -0.3710 -0.1501
vn 0.7892 -0.3710 -0.4894
vn 0.8499 -0.0000 -0.5270
vn 0.9869 -0.0000 -0.1616
vn 0.5270 -0.0000 0.8499
vn 0.1616 -0.0000 0.9869
vn -0.5835 -0.0000 0.8121
vn -0.2284 -0.0000 0.9736
vn 0.2121 -0.3710 -0.9041
vn 0.1599 -0.7139 -0.6817
vn -0.1132 -0.7139 -0.6910
vn -0.1501 -0.3710 -0.9164
vn -0.4993 0.3196 -0.8053
vn -0.1531 0.3196 -0.9351
vn 0.1531 0.3196 0.9351
vn 0.4993 0.3196 0.8053
vn 0.9225 0.3196 0.2164
vn 0.7695 0.3196 0.5529
vn 0.2164 0.3196 -0.9225
vn -0.9225 0.3196 -0.2164
vn -0.7695 0.3196 -0.5529
vn -0.9351 0.3196 0.1531
vn 0.9351 0.3196 -0.1531
vn 0.8053 0.3196 -0.4993
vn -0.8053 0.3196 0.4993
vn 0.5529 0.3196 -0.7695
vn -0.5529 0.3196 0.7695
vn -0.2164 0.3196 0.9225
vn 0.5419 -0.3710 -0.7541
vn 0.4086 -0.7139 -0.5686
vn 0.1501 -0.3710 0.9164
vn 0.1132 -0.7139 0.6910
vn 0.3690 -0.7139 0.5951
vn 0.4894 -0.3710 0.7892
vn -0.9164 -0.3710 0.1501
vn -0.6910 -0.7139 0.1132
vn -0.5951 -0.7139 0.3690
vn -0.7892 -0.3710 0.4894
vn -0.7541 -0.3710 -0.5419
vn -0.5686 -0.7139 -0.4086
vn -0.6817 -0.7139 -0.1599
vn -0.9041 -0.3710 -0.2121
vn -0.4086 -0.7139 0.5686
vn -0.5419 -0.3710 0.7541
vn -0.2121 -0.3710 0.9041
vn -0.1599 -0.7139 0.6817
vn 0.5686 -0.7139 0.4086
vn 0.6817 -0.7139 0.1599
vn 0.5951 -0.7139 -0.3690
vn -0.4894 -0.3710 -0.7892
vn -0.3690 -0.7139 -0.5951
vn 0.6910 -0.7139 -0.1132
vn 0.5835 -0.0000 -0.8121
vn -0.9736 -0.0000 -0.2284
vn -0.9869 -0.0000 0.1616
vn -0.8121 -0.0000 -0.5835
vn -0.8499 -0.0000 0.5270
vn 0.0334 0.9991 0.0256
vn 0.0287 0.9996 0.0005
vn 0.0249 0.9995 0.0178
vn 0.0099 0.9996 0.0273
vn 0.0004 1.0000 -0.0041
vn -0.0067 0.9999 -0.0159
vn 0.0129 0.9998 -0.0135
vn 0.0116 0.9999 -0.0127
vn -0.0081 0.9999 0.0151
vn -0.0203 0.9997 -0.0146
vn -0.0174 0.9998 -0.0013
vn 0.0012 0.9996 0.0272
vn 0.0260 0.9996 -0.0079
vn -0.0083 0.9998 0.0164
vn -0.0036 1.0000 0.0016
vn 0.9945 -0.0000 0.1046
vn 0.9425 -0.0000 -0.3342
vn 0.8138 -0.0000 0.5812
vn 0.4303 -0.0000 0.9027
vn 0.9736 -0.0000 0.2281
vn 0.5313 -0.0000 0.8472
vn 0.0110 -0.0000 0.9999
vn -0.2152 -0.0000 0.9766
vn -0.1381 -0.0000 0.9904
vn 0.8498 -0.0000 -0.5272
vn -0.2233 -0.0000 0.9747
vn -0.2987 -0.0000 0.9544
vn 0.8088 -0.0000 -0.5881
vn 0.8831 -0.0000 -0.4692
vn -0.8554 -0.0000 0.5180
vn -0.9711 -0.0000 -0.2386
vn -0.6600 -0.0000 -0.7512
vn -0.9186 -0.0000 -0.3951
vn -0.2592 -0.0000 -0.9658
vn 0.2234 -0.0000 -0.9747
vn -0.5313 -0.0000 -0.8472
vn 0.2921 -0.0000 -0.9564
vn -0.9985 -0.0000 0.0544
vn -0.8121 -0.0000 0.5835
vn 0.8362 -0.0000 -0.5485
vn -0.5676 0.7150 -0.4082
vn 0.4080 0.7149 -0.5678
vn 0.5679 0.7150 0.4078
vn -0.4079 0.7152 0.5676
vt -0.000586 0.925034
vt 0.499414 0.925034
vt 0.499414 0.987438
vt -0.000586 0.987438
vt 0.561817 0.306530
vt 0.561817 0.318506
vt 0.499414 0.318506
vt 0.499414 0.306530
vt 0.499414 0.913058
vt -0.000586 0.913058
vt -0.000586 0.850655
vt 0.499414 0.850655
vt 0.717302 0.115191
vt 0.693688 0.115191
vt 0.693688 0.103215
vt 0.717302 0.103215
vt -0.000586 0.999414
vt 0.499414 0.999414
vt 0.913273 0.147847
vt 0.870672 0.147847
vt 0.870672 0.135871
vt 0.913273 0.135871
vt 0.499414 0.240101
vt 0.499414 0.282702
vt -0.000586 0.282702
vt -0.000586 0.240101
vt 0.615843 0.115191
vt 0.592228 0.115191
vt 0.592228 0.103215
vt 0.615843 0.103215
vt 0.792827 0.651215
vt 0.792827 0.663191
vt 0.499414 0.663191
vt 0.499414 0.651215
vt 0.787732 0.306376
vt 0.787732 0.318506
vt 0.745131 0.318506
vt 0.745131 0.306376
vt 0.499414 0.728637
vt 0.499414 0.717768
vt 0.542014 0.717768
vt 0.542014 0.728637
vt 0.499414 0.174501
vt 0.499414 0.185370
vt -0.000586 0.185370
vt -0.000586 0.174501
vt 0.913273 0.135871
vt 0.870672 0.135871
vt 0.870672 0.123895
vt 0.913273 0.123895
vt 0.499414 0.554037
vt 0.607198 0.529700
vt 0.685043 0.529700
vt 0.792827 0.554037
vt 0.792827 0.566013
vt 0.792827 0.608614
vt 0.700013 0.608614
vt 0.685043 0.590350
vt 0.499414 0.566013
vt 0.607198 0.590350
vt 0.592228 0.608614
vt 0.499414 0.608614
vt -0.000586 0.078431
vt 0.499414 0.078431
vt 0.499414 0.121032
vt -0.000586 0.121032
vt 0.792827 0.705791
vt 0.700013 0.705791
vt 0.685043 0.687528
vt 0.607198 0.687528
vt 0.592228 0.705791
vt 0.499414 0.705791
vt 0.685043 0.626878
vt 0.607198 0.626878
vt 0.499414 0.294832
vt -0.000586 0.294832
vt 0.700013 0.608614
vt 0.792827 0.608614
vt 0.592228 0.608614
vt 0.700013 0.511437
vt 0.792827 0.511437
vt 0.499414 0.511437
vt 0.592228 0.511437
vt 0.913273 0.162817
vt 0.870672 0.162817
vt 0.870672 0.150841
vt 0.913273 0.150841
vt 0.693687 0.705791
vt 0.693687 0.717768
vt 0.615843 0.717768
vt 0.615843 0.705792
vt -0.000586 0.185370
vt 0.499414 0.185370
vt 0.499414 0.227971
vt -0.000586 0.227971
vt 0.624220 0.306530
vt 0.624220 0.318506
vt 0.561817 0.306530
vt 0.717302 0.705791
vt 0.717302 0.717768
vt 0.910691 0.717768
vt 0.868090 0.717768
vt 0.868090 0.705792
vt 0.910691 0.705792
vt 0.592228 0.705792
vt 0.592228 0.717768
vt 0.584615 0.717768
vt 0.584615 0.728637
vt 0.542014 0.728637
vt 0.542014 0.717768
vt 0.780198 0.091084
vt 0.822799 0.091084
vt 0.822799 0.103215
vt 0.780198 0.103215
vt -0.000586 0.131900
vt 0.499414 0.131901
vt 0.792827 0.402995
vt 0.792827 0.414971
vt 0.499414 0.414971
vt 0.499414 0.402995
vt 0.777390 0.091239
vt 0.741133 0.091239
vt 0.741133 0.079262
vt 0.777390 0.079262
vt 0.590715 0.077786
vt 0.626971 0.077786
vt 0.626971 0.091239
vt 0.590715 0.091239
vt 0.620871 0.727898
vt 0.584615 0.727898
vt 0.584615 0.717768
vt 0.620871 0.717768
vt 0.499414 0.807221
vt 0.999414 0.807222
vt 0.999414 0.843478
vt 0.499414 0.843478
vt 0.590714 0.091238
vt 0.554458 0.091239
vt 0.554458 0.077786
vt 0.590714 0.077786
vt 0.999414 0.889865
vt 0.999414 0.899995
vt 0.499414 0.899995
vt 0.499414 0.889865
vt 0.792827 0.499460
vt 0.499414 0.499460
vt 0.499414 0.463204
vt 0.792827 0.463204
vt 0.999414 0.985961
vt 0.999414 0.999414
vt 0.499414 0.999414
vt 0.499414 0.985961
vt 0.704877 0.091239
vt 0.704877 0.079262
vt 0.499414 0.853608
vt 0.999414 0.853608
vt 0.620871 0.727898
vt 0.620871 0.717768
vt 0.657128 0.717768
vt 0.657128 0.727898
vt 0.499414 0.366739
vt 0.499414 0.354763
vt 0.792827 0.354763
vt 0.792827 0.366739
vt 0.499414 0.949704
vt 0.999414 0.949704
vt 0.499414 0.414971
vt 0.792827 0.451228
vt 0.499414 0.451228
vt 0.626971 0.091238
vt 0.626971 0.079262
vt 0.663228 0.079262
vt 0.663228 0.091239
vt 0.499414 0.511436
vt 0.499414 0.936251
vt 0.999414 0.936251
vt 0.499414 0.318506
vt 0.792827 0.318506
vt 0.499414 0.899995
vt 0.999414 0.899995
vt 0.668620 0.091239
vt 0.668620 0.079262
vt 0.704877 0.079263
vt 0.704877 0.091239
vt 0.499414 0.497728
vt -0.000586 0.497728
vt -0.000586 0.441539
vt 0.499414 0.441539
vt 0.668620 0.103215
vt 0.724809 0.091239
vt 0.724809 0.103215
vt -0.000586 0.509704
vt 0.499414 0.509704
vt 0.499414 0.565893
vt -0.000586 0.565892
vt 0.499414 0.429563
vt -0.000586 0.429563
vt 0.612431 0.103215
vt 0.612431 0.091239
vt 0.499414 0.635842
vt -0.000586 0.635842
vt -0.000586 0.577869
vt 0.499414 0.577869
vt 0.810117 0.717768
vt 0.810117 0.705792
vt 0.868090 0.705792
vt 0.868090 0.717768
vt -0.000586 0.647818
vt 0.499414 0.647818
vt 0.499414 0.705791
vt -0.000586 0.705791
vt -0.000586 0.565892
vt 0.612431 0.091239
vt 0.554458 0.103215
vt 0.554458 0.091239
vt -0.000586 0.778223
vt 0.499414 0.778223
vt 0.499414 0.838679
vt -0.000586 0.838679
vt 0.684676 0.318506
vt 0.684676 0.306530
vt 0.745131 0.306530
vt 0.745131 0.318506
vt 0.499414 0.766247
vt -0.000586 0.766247
vt 0.499414 0.705791
vt -0.000586 0.850655
vt 0.499414 0.850655
vt 0.684676 0.318506
vt 0.624220 0.318506
vt 0.499414 0.362197
vt -0.000586 0.362197
vt -0.000586 0.306808
vt 0.499414 0.306808
vt 0.831750 0.096373
vt 0.831750 0.084397
vt 0.887139 0.084397
vt 0.887139 0.096373
vt -0.000586 0.374173
vt 0.499414 0.374173
vt 0.499414 0.429563
vt -0.000586 0.429563
vt 0.499414 0.294832
vt 0.780198 0.091239
vt 0.859272 0.123895
vt 0.886794 0.096373
vt 0.526936 0.103215
vt 0.499414 0.075692
vt 0.554458 0.075692
vt 0.792827 0.123895
vt 0.831750 0.123895
vt 0.792827 0.162817
vt 0.831750 0.123895
vt 0.870672 0.123895
vt 0.831750 0.162817
vt 0.499414 0.127167
vt 0.499414 0.115191
vt 0.792827 0.115191
vt 0.792827 0.127167
vt 0.792827 0.279584
vt 0.792827 0.240662
vt 0.918576 0.240662
vt 0.918576 0.279584
vt 0.919728 0.111919
vt 0.886794 0.111919
vt 0.886794 0.099943
vt 0.919728 0.099943
vt 0.918576 0.368847
vt 0.918576 0.423892
vt 0.792827 0.423892
vt 0.792827 0.368847
vt 0.792827 0.517858
vt 0.792827 0.478936
vt 0.918576 0.478936
vt 0.918576 0.517858
vt 0.792827 0.611825
vt 0.792827 0.556780
vt 0.918576 0.556781
vt 0.918576 0.611825
vt 0.792827 0.329925
vt 0.918576 0.329925
vt 0.792827 0.282856
vt 0.499414 0.282856
vt 0.499414 0.249922
vt 0.792827 0.249922
vt 0.887139 0.096373
vt 0.887139 0.084397
vt 0.920073 0.084397
vt 0.920073 0.096373
vt 0.792827 0.517858
vt 0.792827 0.160101
vt 0.792827 0.172077
vt 0.499414 0.172077
vt 0.499414 0.160101
vt 0.918576 0.201739
vt 0.792827 0.201739
vt 0.918576 0.318506
vt 0.499414 0.205011
vt 0.792827 0.205011
vt 0.792827 0.237946
vt 0.499414 0.237946
vt 0.918576 0.666869
vt 0.918576 0.705791
vt 0.792827 0.705791
vt 0.792827 0.666869
vt 0.887139 0.072421
vt 0.920073 0.072421
vt 0.920073 0.084397
vt 0.918576 0.611825
vt 0.792827 0.294832
vt 0.499414 0.294832
vt 0.918576 0.162817
vt 0.918576 0.201739
vt 0.792827 0.201739
vt 0.792827 0.423892
vt 0.918576 0.423892
vt 0.792827 0.205011
vt 0.499414 0.205011
vt 0.919728 0.111919
vt 0.919728 0.123895
vt 0.886794 0.123895
vt 0.696162 0.067286
vt 0.729096 0.067286
vt 0.729096 0.079262
vt 0.696162 0.079262
vt 0.831750 0.072421
vt 0.864684 0.072421
vt 0.864684 0.084397
vt -0.000586 0.000586
vt 0.499414 0.000586
vt 0.499414 0.033521
vt -0.000586 0.033521
vt 0.822799 0.091084
vt 0.789865 0.091084
vt 0.789865 0.079108
vt 0.822799 0.079108
vt -0.000586 0.078431
vt -0.000586 0.045497
vt 0.499414 0.045497
vt 0.696162 0.067286
vt 0.696162 0.079262
vt 0.663228 0.067286
vt 0.499414 0.729377
vt 0.999414 0.729377
vt 0.999414 0.762311
vt 0.499414 0.762311
vt 0.999414 0.774287
vt 0.499414 0.774287
vt 0.999414 0.807221
vt 0.810117 0.103215
vt 0.810117 0.115191
vt 0.499414 0.115191
vt 0.499414 0.103215
vt 0.810117 0.705792
vt 0.810117 0.717768
vt 0.499414 0.705792
vt 0.499414 0.717768
vt 0.023136 0.833984
vt 0.074177 0.833984
vt 0.074177 0.861328
vt 0.023136 0.861328
vt 0.074177 0.922332
vt 0.094594 0.922332
vt 0.094594 0.935450
vt 0.074177 0.935450
vt 0.224226 0.708574
vt 0.230935 0.708574
vt 0.244688 0.684552
vt 0.239945 0.681121
vt 0.300716 0.708574
vt 0.294032 0.720250
vt 0.306354 0.729165
vt 0.318143 0.708574
vt 0.277893 0.669749
vt 0.277893 0.674602
vt 0.311097 0.684552
vt 0.315841 0.681121
vt 0.239945 0.736028
vt 0.244688 0.732597
vt 0.331560 0.708574
vt 0.324851 0.708574
vt 0.311097 0.732597
vt 0.315841 0.736028
vt 0.277893 0.747400
vt 0.277893 0.742547
vt 0.306354 0.687984
vt 0.053761 0.922332
vt 0.053761 0.935450
vt 0.074177 0.687893
vt 0.023136 0.687893
vt 0.023136 0.667318
vt 0.074177 0.667318
vt 0.074177 0.890007
vt 0.023136 0.890007
vt 0.074177 0.948568
vt 0.053761 0.948568
vt 0.094594 0.948568
vt 0.125219 0.890007
vt 0.125219 0.861328
vt 0.074177 0.969401
vt 0.094594 0.969401
vt 0.094594 0.990234
vt 0.074177 0.990234
vt 0.053761 0.969401
vt 0.053761 0.990234
vt 0.277893 0.725086
vt 0.277893 0.737694
vt 0.294032 0.696899
vt 0.277893 0.692063
vt 0.277893 0.679455
vt 0.261754 0.696899
vt 0.249432 0.687984
vt 0.255069 0.708574
vt 0.237643 0.708574
vt 0.261754 0.720250
vt 0.249432 0.729165
vt 0.000000 0.817708
vt 0.055556 0.817708
vt 0.055556 0.692708
vt 0.000000 0.692708
vt 0.094594 0.922332
vt 0.166667 0.817708
vt 0.222222 0.817708
vt 0.222222 0.692708
vt 0.166667 0.692708
vt 0.125219 0.667318
vt 0.125219 0.687893
vt 0.125219 0.833984
vt 0.074177 0.906901
vt 0.023136 0.906901
vt 0.074177 0.825179
vt 0.023136 0.825179
vt 0.125219 0.825179
vt 0.125219 0.906901
vt 0.125219 0.687893
vt 0.125219 0.825179
vt 0.094594 0.906901
vt 0.053761 0.906901
vt 0.111111 0.692708
vt 0.111111 0.817708
vt 0.074177 0.825179
vt 0.229167 0.911458
vt 0.229167 0.927083
vt 0.253672 0.927083
vt 0.253672 0.911458
vt 0.256807 0.978813
vt 0.248029 0.963677
vt 0.252063 0.963677
vt 0.259659 0.976776
vt 0.277986 0.985137
vt 0.299151 0.978875
vt 0.307918 0.963757
vt 0.299151 0.948639
vt 0.277986 0.942377
vt 0.256821 0.948639
vt 0.248054 0.963757
vt 0.256821 0.978875
vt 0.277778 0.911458
vt 0.277778 0.927083
vt 0.302400 0.927083
vt 0.302400 0.911458
vt 0.326389 0.927083
vt 0.326389 0.911458
vt 0.307964 0.963677
vt 0.299187 0.978813
vt 0.296335 0.976776
vt 0.303931 0.963677
vt 0.277997 0.942272
vt 0.299187 0.948541
vt 0.296335 0.950578
vt 0.277997 0.945153
vt 0.277997 0.985082
vt 0.277997 0.982202
vt 0.256807 0.948541
vt 0.259659 0.950578
vt 0.356469 0.833984
vt 0.407511 0.833984
vt 0.407511 0.861328
vt 0.356469 0.861328
vt 0.407511 0.922332
vt 0.427927 0.922332
vt 0.427927 0.935450
vt 0.407511 0.935450
vt 0.557559 0.708574
vt 0.564268 0.708574
vt 0.578022 0.684552
vt 0.573278 0.681121
vt 0.634050 0.708574
vt 0.627365 0.720250
vt 0.639687 0.729165
vt 0.651476 0.708574
vt 0.611226 0.669749
vt 0.611226 0.674602
vt 0.644431 0.684552
vt 0.649174 0.681121
vt 0.573278 0.736028
vt 0.578022 0.732596
vt 0.664893 0.708574
vt 0.658185 0.708574
vt 0.644431 0.732596
vt 0.649174 0.736028
vt 0.611226 0.747400
vt 0.611226 0.742547
vt 0.639687 0.687984
vt 0.387094 0.922332
vt 0.387094 0.935450
vt 0.407511 0.687893
vt 0.356469 0.687893
vt 0.356469 0.667318
vt 0.407511 0.667318
vt 0.407511 0.890007
vt 0.356469 0.890007
vt 0.407511 0.948568
vt 0.387094 0.948568
vt 0.427927 0.948568
vt 0.458552 0.890007
vt 0.458552 0.861328
vt 0.407511 0.969401
vt 0.427927 0.969401
vt 0.427927 0.990234
vt 0.407511 0.990234
vt 0.387094 0.969401
vt 0.387094 0.990234
vt 0.611226 0.725086
vt 0.611226 0.737694
vt 0.627365 0.696899
vt 0.611226 0.692063
vt 0.611226 0.679455
vt 0.595088 0.696899
vt 0.582765 0.687984
vt 0.588403 0.708574
vt 0.570976 0.708574
vt 0.595088 0.720250
vt 0.582765 0.729165
vt 0.333333 0.817708
vt 0.388889 0.817708
vt 0.388889 0.692708
vt 0.333333 0.692708
vt 0.427927 0.922332
vt 0.500000 0.817708
vt 0.555556 0.817708
vt 0.555556 0.692708
vt 0.500000 0.692708
vt 0.458552 0.667318
vt 0.458552 0.687893
vt 0.458552 0.833984
vt 0.407511 0.906901
vt 0.356469 0.906901
vt 0.407511 0.825179
vt 0.356469 0.825179
vt 0.458552 0.825179
vt 0.458552 0.906901
vt 0.458552 0.687893
vt 0.458552 0.825179
vt 0.427927 0.906901
vt 0.387094 0.906901
vt 0.444444 0.692708
vt 0.444444 0.817708
vt 0.407511 0.825179
vt 0.562500 0.927083
vt 0.562500 0.911458
vt 0.587005 0.911458
vt 0.587005 0.927083
vt 0.590140 0.978813
vt 0.581363 0.963677
vt 0.585396 0.963677
vt 0.592992 0.976776
vt 0.611320 0.985137
vt 0.632485 0.978875
vt 0.641252 0.963757
vt 0.632485 0.948639
vt 0.611320 0.942377
vt 0.590154 0.948639
vt 0.581387 0.963757
vt 0.590154 0.978875
vt 0.611111 0.927083
vt 0.611111 0.911458
vt 0.635734 0.911458
vt 0.635734 0.927083
vt 0.659722 0.911458
vt 0.659722 0.927083
vt 0.641298 0.963677
vt 0.632520 0.978813
vt 0.629668 0.976776
vt 0.637264 0.963677
vt 0.611330 0.942272
vt 0.632520 0.948541
vt 0.629668 0.950578
vt 0.611330 0.945153
vt 0.611330 0.985082
vt 0.611330 0.982201
vt 0.590140 0.948541
vt 0.592992 0.950578
vt 0.187500 0.363281
vt 0.156250 0.363281
vt 0.156250 0.355469
vt 0.187500 0.355469
vt 0.218750 0.363281
vt 0.218750 0.355469
vt 0.125000 0.355469
vt 0.125000 0.363281
vt 0.281250 0.804688
vt 0.308594 0.804688
vt 0.308594 1.000000
vt 0.281250 1.000000
vt 0.093750 0.363281
vt 0.062500 0.363281
vt 0.062500 0.355469
vt 0.093750 0.355469
vt 0.250000 0.363281
vt 0.250000 0.355469
vt 0.085938 0.804688
vt 0.113281 0.804688
vt 0.113281 1.000000
vt 0.085938 1.000000
vt 0.173511 0.267319
vt 0.181721 0.265704
vt 0.192967 0.292167
vt 0.186011 0.296838
vt 0.140625 0.804688
vt 0.140625 1.000000
vt 0.148655 0.295953
vt 0.126611 0.317997
vt 0.124994 0.315578
vt 0.146236 0.294336
vt 0.003857 0.267151
vt 0.006710 0.266583
vt 0.018206 0.294337
vt 0.015787 0.295953
vt 0.037831 0.317997
vt 0.039448 0.315578
vt 0.160585 0.235975
vt 0.157732 0.236543
vt 0.146236 0.208790
vt 0.148655 0.207173
vt 0.097809 0.329927
vt 0.097241 0.327073
vt 0.157732 0.266583
vt 0.160585 0.267151
vt 0.015787 0.207173
vt 0.037831 0.185129
vt 0.039448 0.187548
vt 0.018206 0.208790
vt 0.066633 0.173199
vt 0.097809 0.173199
vt 0.097241 0.176052
vt 0.067201 0.176052
vt 0.006710 0.236543
vt 0.003857 0.235976
vt 0.000000 0.804688
vt 0.027344 0.804688
vt 0.027344 1.000000
vt 0.000000 1.000000
vt 0.145555 0.293108
vt 0.157363 0.266288
vt 0.162305 0.267279
vt 0.149835 0.296154
vt 0.007345 0.236446
vt 0.002187 0.235332
vt 0.015168 0.206548
vt 0.019273 0.209542
vt 0.067843 0.179297
vt 0.040429 0.189655
vt 0.037828 0.185488
vt 0.066862 0.174254
vt 0.157564 0.237666
vt 0.162305 0.236730
vt 0.096307 0.323823
vt 0.124058 0.313080
vt 0.126702 0.317311
vt 0.097269 0.329063
vt 0.065164 0.328699
vt 0.066252 0.323643
vt 0.097946 0.179325
vt 0.098973 0.174063
vt 0.128590 0.186341
vt 0.125700 0.190603
vt 0.036118 0.316483
vt 0.038940 0.312293
vt 0.150699 0.208496
vt 0.146498 0.211254
vt 0.014235 0.294997
vt 0.018236 0.292256
vt 0.007081 0.265816
vt 0.002137 0.266861
vt 0.126611 0.185129
vt 0.124994 0.187548
vt 0.037832 0.317997
vt 0.039448 0.315578
vt 0.067201 0.327073
vt 0.066634 0.329927
vt 0.112125 0.324105
vt 0.082088 0.330027
vt 0.052071 0.324003
vt 0.294446 0.189072
vt 0.238828 0.178504
vt 0.267528 0.178464
vt 0.173425 0.235303
vt 0.181637 0.236924
vt 0.322219 0.204641
vt 0.315209 0.209344
vt 0.299088 0.181893
vt 0.300618 0.318576
vt 0.295982 0.311760
vt 0.315988 0.291389
vt 0.322913 0.295986
vt 0.238845 0.331161
vt 0.240480 0.322893
vt 0.269461 0.322902
vt 0.271150 0.331251
vt 0.326566 0.264728
vt 0.334767 0.266348
vt 0.334723 0.234299
vt 0.326491 0.235912
vt 0.269057 0.170325
vt 0.237236 0.170325
vt 0.185287 0.205542
vt 0.192257 0.210166
vt 0.208944 0.319303
vt 0.213566 0.312298
vt 0.212395 0.189677
vt 0.207753 0.182726
vt 0.031250 0.355469
vt 0.031250 0.363281
vt 0.000000 0.363281
vt 0.000000 0.355469
vt 0.195312 0.804688
vt 0.226562 0.804688
vt 0.226562 1.000000
vt 0.195312 1.000000
vt 0.367188 0.804688
vt 0.394531 0.804688
vt 0.394531 1.000000
vt 0.367188 1.000000
vt 0.335938 0.804688
vt 0.335938 1.000000
vt 0.421875 0.804688
vt 0.421875 1.000000
vt 0.449219 0.804688
vt 0.449219 1.000000
vt 0.167969 0.804688
vt 0.167969 1.000000
vt 0.054688 0.804688
vt 0.054688 1.000000
vt 0.253906 0.804688
vt 0.253906 1.000000
vt 0.082171 0.327481
vt 0.070178 0.324702
vt 0.082168 0.320717
vt 0.093621 0.324939
vt 0.058408 0.289807
vt 0.054680 0.285663
vt 0.066520 0.285886
vt 0.074386 0.293452
vt 0.062704 0.313065
vt 0.073184 0.310729
vt 0.090855 0.311263
vt 0.082318 0.301341
vt 0.089827 0.293478
vt 0.082149 0.301401
vt 0.073404 0.310662
vt 0.097567 0.321005
vt 0.082365 0.320811
vt 0.090972 0.311166
vt 0.082215 0.301380
vt 0.066438 0.320755
vt 0.073202 0.310723
vt 0.073311 0.310640
vt 0.082030 0.320936
vt 0.091094 0.311168
vt 0.101713 0.313131
vt 0.091110 0.311162
vt 0.105489 0.289493
vt 0.097568 0.274281
vt 0.089872 0.266550
vt 0.089597 0.254788
vt 0.097673 0.258546
vt 0.066540 0.274228
vt 0.054700 0.273841
vt 0.066339 0.258690
vt 0.109446 0.285756
vt 0.097548 0.285938
vt 0.109466 0.274132
vt 0.074431 0.266524
vt 0.074428 0.254763
vt 0.082215 0.304394
vt 0.088058 0.311224
vt 0.082192 0.317801
vt 0.076283 0.310773
vt 0.082680 0.304951
vt 0.076586 0.311130
vt 0.072986 0.310046
vt 0.082394 0.301512
vt 0.076567 0.310449
vt 0.082833 0.317084
vt 0.083441 0.319421
vt 0.073180 0.310982
vt 0.081580 0.317042
vt 0.087752 0.310868
vt 0.091066 0.311615
vt 0.081030 0.319346
vt 0.087750 0.311547
vt 0.081767 0.304914
vt 0.082128 0.301477
vt 0.091375 0.310687
vt 0.082354 0.173099
vt 0.112371 0.179122
vt 0.052317 0.179020
vt 0.137798 0.196175
vt 0.026833 0.195986
vt 0.154764 0.221659
vt 0.009781 0.221413
vt 0.160685 0.251696
vt 0.003757 0.251430
vt 0.154662 0.281713
vt 0.009679 0.281467
vt 0.137609 0.307140
vt 0.026644 0.306951
vt 0.187500 0.347656
vt 0.156250 0.347656
vt 0.156250 0.339844
vt 0.187500 0.339844
vt 0.218750 0.347656
vt 0.218750 0.339844
vt 0.125000 0.339844
vt 0.125000 0.347656
vt 0.281250 0.414062
vt 0.308594 0.414062
vt 0.308594 0.609375
vt 0.281250 0.609375
vt 0.093750 0.347656
vt 0.062500 0.347656
vt 0.062500 0.339844
vt 0.093750 0.339844
vt 0.250000 0.347656
vt 0.250000 0.339844
vt 0.085938 0.414062
vt 0.113281 0.414062
vt 0.113281 0.609375
vt 0.085938 0.609375
vt 0.173511 0.098932
vt 0.181721 0.097317
vt 0.192967 0.123780
vt 0.186011 0.128451
vt 0.140625 0.414062
vt 0.140625 0.609375
vt 0.148655 0.127566
vt 0.126611 0.149610
vt 0.124994 0.147191
vt 0.146236 0.125949
vt 0.003857 0.098764
vt 0.006710 0.098196
vt 0.018206 0.125950
vt 0.015787 0.127566
vt 0.037831 0.149610
vt 0.039448 0.147191
vt 0.160585 0.067588
vt 0.157732 0.068156
vt 0.146236 0.040403
vt 0.148655 0.038786
vt 0.097809 0.161540
vt 0.097241 0.158686
vt 0.157732 0.098196
vt 0.160585 0.098763
vt 0.015787 0.038786
vt 0.037831 0.016742
vt 0.039448 0.019161
vt 0.018206 0.040403
vt 0.066633 0.004812
vt 0.097809 0.004812
vt 0.097241 0.007665
vt 0.067201 0.007665
vt 0.006710 0.068156
vt 0.003857 0.067589
vt 0.000000 0.414062
vt 0.027344 0.414062
vt 0.027344 0.609375
vt 0.000000 0.609375
vt 0.145555 0.124721
vt 0.157363 0.097901
vt 0.162305 0.098891
vt 0.149835 0.127766
vt 0.007345 0.068059
vt 0.002187 0.066945
vt 0.015168 0.038161
vt 0.019273 0.041154
vt 0.067843 0.010910
vt 0.040429 0.021268
vt 0.037828 0.017101
vt 0.066862 0.005867
vt 0.157564 0.069279
vt 0.162305 0.068343
vt 0.096307 0.155436
vt 0.124058 0.144693
vt 0.126702 0.148924
vt 0.097269 0.160676
vt 0.065164 0.160312
vt 0.066252 0.155256
vt 0.097946 0.010938
vt 0.098973 0.005676
vt 0.128590 0.017954
vt 0.125700 0.022216
vt 0.036118 0.148096
vt 0.038940 0.143905
vt 0.150699 0.040109
vt 0.146498 0.042867
vt 0.014235 0.126610
vt 0.018236 0.123869
vt 0.007081 0.097429
vt 0.002137 0.098474
vt 0.126611 0.016742
vt 0.124994 0.019161
vt 0.037832 0.149610
vt 0.039448 0.147191
vt 0.067201 0.158686
vt 0.066634 0.161540
vt 0.112125 0.155718
vt 0.082088 0.161640
vt 0.052071 0.155616
vt 0.294446 0.020685
vt 0.238828 0.010117
vt 0.267528 0.010077
vt 0.173425 0.066916
vt 0.181637 0.068537
vt 0.322219 0.036254
vt 0.315209 0.040957
vt 0.299088 0.013506
vt 0.300618 0.150189
vt 0.295982 0.143373
vt 0.315988 0.123002
vt 0.322913 0.127599
vt 0.238845 0.162774
vt 0.240480 0.154506
vt 0.269461 0.154515
vt 0.271150 0.162864
vt 0.326566 0.096341
vt 0.334767 0.097961
vt 0.334723 0.065912
vt 0.326491 0.067525
vt 0.269057 0.001938
vt 0.237236 0.001938
vt 0.185287 0.037155
vt 0.192257 0.041779
vt 0.208944 0.150916
vt 0.213566 0.143911
vt 0.212395 0.021290
vt 0.207753 0.014339
vt 0.031250 0.339844
vt 0.031250 0.347656
vt 0.000000 0.347656
vt 0.000000 0.339844
vt 0.195312 0.414062
vt 0.226562 0.414062
vt 0.226562 0.609375
vt 0.195312 0.609375
vt 0.367188 0.414062
vt 0.394531 0.414062
vt 0.394531 0.609375
vt 0.367188 0.609375
vt 0.335938 0.414062
vt 0.335938 0.609375
vt 0.421875 0.414062
vt 0.421875 0.609375
vt 0.449219 0.414062
vt 0.449219 0.609375
vt 0.167969 0.414062
vt 0.167969 0.609375
vt 0.054688 0.414062
vt 0.054688 0.609375
vt 0.253906 0.414062
vt 0.253906 0.609375
vt 0.082171 0.159094
vt 0.070178 0.156315
vt 0.082168 0.152330
vt 0.093621 0.156552
vt 0.058408 0.121420
vt 0.054680 0.117276
vt 0.066520 0.117499
vt 0.074386 0.125065
vt 0.062704 0.144678
vt 0.073184 0.142342
vt 0.090855 0.142876
vt 0.082318 0.132954
vt 0.089827 0.125091
vt 0.082149 0.133014
vt 0.073404 0.142275
vt 0.097567 0.152618
vt 0.082365 0.152424
vt 0.090972 0.142779
vt 0.082215 0.132993
vt 0.066438 0.152368
vt 0.073202 0.142336
vt 0.073311 0.142253
vt 0.082030 0.152548
vt 0.091094 0.142781
vt 0.101713 0.144744
vt 0.091110 0.142775
vt 0.105489 0.121106
vt 0.097568 0.105894
vt 0.089872 0.098163
vt 0.089597 0.086401
vt 0.097673 0.090159
vt 0.066540 0.105841
vt 0.054700 0.105454
vt 0.066339 0.090303
vt 0.109446 0.117369
vt 0.097548 0.117551
vt 0.109466 0.105744
vt 0.074431 0.098137
vt 0.074428 0.086376
vt 0.082215 0.136007
vt 0.088058 0.142837
vt 0.082192 0.149413
vt 0.076283 0.142386
vt 0.082680 0.136564
vt 0.076586 0.142742
vt 0.072986 0.141659
vt 0.082394 0.133125
vt 0.076567 0.142062
vt 0.082833 0.148697
vt 0.083441 0.151034
vt 0.073180 0.142595
vt 0.081580 0.148655
vt 0.087752 0.142481
vt 0.091066 0.143228
vt 0.081030 0.150959
vt 0.087750 0.143160
vt 0.081767 0.136527
vt 0.082128 0.133090
vt 0.091375 0.142300
vt 0.082354 0.004712
vt 0.112371 0.010735
vt 0.052317 0.010633
vt 0.137798 0.027788
vt 0.026833 0.027599
vt 0.154764 0.053272
vt 0.009781 0.053026
vt 0.160685 0.083309
vt 0.003757 0.083043
vt 0.154662 0.113326
vt 0.009679 0.113080
vt 0.137609 0.138753
vt 0.026644 0.138564
vt 0.832031 0.804688
vt 0.859375 0.804688
vt 0.859375 1.000000
vt 0.832031 1.000000
vt 0.636719 0.804688
vt 0.664062 0.804688
vt 0.664062 1.000000
vt 0.636719 1.000000
vt 0.691406 0.804688
vt 0.691406 1.000000
vt 0.550781 0.804688
vt 0.578125 0.804688
vt 0.578125 1.000000
vt 0.550781 1.000000
vt 0.746094 0.804688
vt 0.777344 0.804688
vt 0.777344 1.000000
vt 0.746094 1.000000
vt 0.917969 0.804688
vt 0.945312 0.804688
vt 0.945312 1.000000
vt 0.917969 1.000000
vt 0.886719 0.804688
vt 0.886719 1.000000
vt 0.972656 0.804688
vt 0.972656 1.000000
vt 1.000000 0.804688
vt 1.000000 1.000000
vt 0.718750 0.804688
vt 0.718750 1.000000
vt 0.605469 0.804688
vt 0.605469 1.000000
vt 0.804688 0.804688
vt 0.804688 1.000000
vt 0.832031 0.609375
vt 0.859375 0.609375
vt 0.636719 0.609375
vt 0.664062 0.609375
vt 0.691406 0.609375
vt 0.550781 0.609375
vt 0.578125 0.609375
vt 0.746094 0.609375
vt 0.777344 0.609375
vt 0.917969 0.609375
vt 0.945312 0.609375
vt 0.886719 0.609375
vt 0.972656 0.609375
vt 1.000000 0.609375
vt 0.718750 0.609375
vt 0.605469 0.609375
vt 0.804688 0.609375
s 1
usemtl wooden_crate_7_4
f 7/1/1 3/2/1 4/3/1 8/4/1
f 5/5/2 7/6/2 8/7/2 6/8/2
f 1/9/3 5/10/3 6/11/3 2/12/3
f 1/9/4 3/2/4 7/1/4 5/10/4
f 53/13/5 54/14/5 49/15/5 52/16/5
f 6/17/6 8/4/6 4/3/6 2/18/6
f 36/19/6 35/20/6 33/21/6 34/22/6
f 10/23/6 9/24/6 13/25/6 14/26/6
f 55/27/7 56/28/7 50/29/7 51/30/7
f 38/31/1 40/32/1 36/33/1 34/34/1
f 55/27/3 51/30/3 49/15/3 54/14/3
f 11/35/8 9/36/8 10/37/8 12/38/8
f 19/39/2 17/40/2 18/41/2 20/42/2
f 17/43/3 19/44/3 23/45/3 21/46/3
f 38/47/4 37/48/4 39/49/4 40/50/4
f 41/51/8 32/52/8 30/53/8 45/54/8
f 47/55/2 48/56/2 25/57/2 26/58/2
f 43/59/2 27/60/2 28/61/2 44/62/2
f 23/63/6 19/64/6 20/65/6 24/66/6
f 40/32/8 39/67/8 52/68/8 49/69/8
f 36/33/8 51/70/8 50/71/8 35/72/8
f 27/60/2 43/59/2 47/55/2 26/58/2
f 54/73/2 38/31/2 34/34/2 55/74/2
f 9/24/3 11/75/3 15/76/3 13/25/3
f 38/31/2 54/73/2 53/77/2 37/78/2
f 34/34/2 33/62/2 56/79/2 55/74/2
f 45/54/8 30/53/8 31/80/8 46/81/8
f 41/51/8 42/82/8 29/83/8 32/52/8
f 43/84/4 44/85/4 42/86/4 41/87/4
f 40/32/8 49/69/8 51/70/8 36/33/8
f 26/88/3 30/89/3 32/90/3 27/91/3
f 15/92/4 11/93/4 12/94/4 16/95/4
f 43/59/1 41/51/1 45/54/1 47/55/1
f 3/96/8 1/97/8 2/6/8 4/98/8
f 26/88/7 25/99/7 31/100/7 30/89/7
f 45/101/6 46/102/6 48/103/6 47/104/6
f 28/105/5 27/91/5 32/90/5 29/106/5
f 21/107/8 23/108/8 24/109/8 22/110/8
f 14/111/2 13/112/2 15/113/2 16/114/2
f 14/26/1 16/95/1 12/94/1 10/23/1
f 22/115/1 24/66/1 20/65/1 18/116/1
f 17/43/4 21/46/4 22/115/4 18/116/4
f 80/117/3 88/118/3 85/119/3 83/120/3
f 84/121/4 83/122/4 85/123/4 86/124/4
f 69/125/2 68/126/2 66/127/2 67/128/2
f 63/129/2 62/130/2 64/131/2 65/132/2
f 64/133/4 60/134/4 61/135/4 65/136/4
f 70/137/8 57/138/8 71/139/8 72/140/8
f 58/141/3 60/142/3 64/143/3 62/144/3
f 73/145/8 77/146/8 78/147/8 74/148/8
f 66/149/3 68/150/3 71/151/3 57/152/3
f 77/153/6 87/154/6 79/123/6 78/122/6
f 58/141/6 62/144/6 63/155/6 59/156/6
f 60/157/8 58/158/8 59/159/8 61/160/8
f 84/161/1 86/162/1 82/163/1 81/164/1
f 66/149/4 57/152/4 70/165/4 67/166/4
f 87/167/2 75/118/2 76/168/2 79/169/2
f 88/170/6 80/171/6 81/172/6 82/173/6
f 78/147/1 79/169/1 76/168/1 74/148/1
f 77/146/3 73/145/3 75/81/3 87/174/3
f 70/165/1 72/175/1 69/176/1 67/166/1
f 86/162/8 85/177/8 88/178/8 82/163/8
f 71/179/6 68/180/6 69/176/6 72/175/6
f 80/117/2 83/120/2 84/161/2 81/164/2
f 63/155/1 65/136/1 61/135/1 59/156/1
f 75/181/4 73/182/4 74/183/4 76/184/4
f 95/185/1 91/186/1 92/187/1 96/188/1
f 93/189/2 95/181/2 96/190/2 94/191/2
f 89/192/3 93/193/3 94/194/3 90/195/3
f 89/192/4 91/186/4 95/185/4 93/193/4
f 94/196/6 96/188/6 92/187/6 90/197/6
f 91/181/8 89/189/8 90/198/8 92/199/8
f 103/200/1 99/201/1 100/202/1 104/203/1
f 101/204/2 103/205/2 104/206/2 102/207/2
f 97/208/3 101/209/3 102/210/3 98/211/3
f 97/208/4 99/201/4 103/200/4 101/209/4
f 102/194/6 104/203/6 100/202/6 98/212/6
f 99/213/8 97/198/8 98/214/8 100/215/8
f 111/216/1 107/217/1 108/218/1 112/219/1
f 109/220/2 111/221/2 112/222/2 110/223/2
f 105/224/3 109/225/3 110/211/3 106/226/3
f 105/224/4 107/217/4 111/216/4 109/225/4
f 110/227/6 112/219/6 108/218/6 106/228/6
f 107/221/8 105/229/8 106/230/8 108/96/8
f 119/231/1 115/232/1 116/233/1 120/234/1
f 117/235/2 119/236/2 120/237/2 118/238/2
f 113/239/3 117/240/3 118/241/3 114/242/3
f 113/239/4 115/232/4 119/231/4 117/240/4
f 118/243/6 120/234/6 116/233/6 114/76/6
f 115/244/8 113/114/8 114/191/8 116/190/8
f 140/245/1 136/235/1 138/246/1
f 146/247/1 142/248/1 144/249/1
f 151/250/1 148/251/1 150/252/1
f 156/253/1 153/254/1 155/255/1
f 128/256/3 145/257/3 133/258/3 131/259/3
f 154/260/4 123/261/4 156/262/4 155/263/4
f 132/264/4 131/265/4 133/266/4 134/267/4
f 141/268/9 143/269/9 144/270/9 142/271/9
f 123/272/8 152/273/8 153/274/8 156/275/8
f 147/276/10 149/277/10 150/278/10 148/279/10
f 146/280/2 145/281/2 141/268/2 142/271/2
f 121/282/8 125/283/8 126/284/8 122/285/8
f 125/286/6 139/287/6 127/288/6 126/289/6
f 149/277/2 133/290/2 151/275/2 150/278/2
f 132/291/1 134/292/1 130/293/1 129/294/1
f 133/295/4 147/262/4 148/261/4 151/296/4
f 143/263/6 145/297/6 146/178/6 144/260/6
f 139/298/2 123/299/2 124/300/2 127/301/2
f 137/302/8 139/303/8 140/304/8 138/305/8
f 145/237/6 128/306/6 129/307/6 130/308/6
f 135/309/11 137/302/11 138/305/11 136/276/11
f 126/284/1 127/301/1 124/300/1 122/285/1
f 125/283/3 121/282/3 123/310/3 139/311/3
f 139/312/6 135/313/6 136/314/6 140/252/6
f 152/273/12 154/315/12 155/316/12 153/274/12
f 134/292/8 133/317/8 145/318/8 130/293/8
f 128/256/2 131/259/2 132/291/2 129/294/2
f 123/319/4 121/320/4 122/321/4 124/265/4
f 169/322/2 168/323/2 166/324/2 167/325/2
f 163/326/2 162/327/2 164/328/2 165/236/2
f 164/329/4 160/330/4 161/331/4 165/332/4
f 170/333/8 157/334/8 171/335/8 172/336/8
f 158/64/6 162/337/6 163/338/6 159/339/6
f 160/340/8 158/341/8 159/172/8 161/342/8
f 166/343/4 157/344/4 170/345/4 167/346/4
f 170/345/1 172/347/1 169/348/1 167/346/1
f 171/349/6 168/133/6 169/348/6 172/347/6
f 163/338/1 165/332/1 161/331/1 159/339/1
f 52/16/3 39/350/3 37/351/3 53/13/3
f 33/352/3 35/353/3 50/29/3 56/28/3
f 25/99/3 48/354/3 46/355/3 31/100/3
f 44/356/3 28/105/3 29/106/3 42/357/3
usemtl glass_bottles_1
f 180/358/13 178/359/14 312/360/15 315/361/16
f 236/362/17 233/363/18 270/364/19 271/365/20
f 185/366/21 213/367/22 214/368/23 183/369/24
f 191/370/25 190/371/26 206/372/27 207/373/28
f 181/374/29 215/375/30 216/376/31 179/377/32
f 187/378/33 217/379/34 213/367/22 185/366/21
f 177/380/35 218/381/36 219/382/37 175/383/38
f 183/369/24 214/368/23 215/375/30 181/374/29
f 173/384/39 220/385/40 217/379/34 187/378/33
f 175/383/38 219/382/37 220/385/40 173/384/39
f 179/377/32 216/376/31 218/381/36 177/380/35
f 218/381/36 216/376/31 208/386/41 207/373/42
f 245/387/43 242/362/44 273/365/45 274/388/46
f 254/389/47 255/390/48 179/391/32 177/392/35
f 310/360/49 241/393/50 244/394/51 313/361/52
f 273/365/45 224/395/53 221/396/54 274/388/46
f 274/388/46 221/396/54 222/395/55 275/365/56
f 273/365/45 272/364/57 223/397/58 224/395/53
f 238/398/59 241/393/50 310/360/49 315/399/16
f 266/400/60 262/401/61 200/402/62 201/403/63
f 268/401/64 265/400/65 203/403/66 204/402/67
f 261/404/68 266/400/60 201/403/63 202/405/69
f 267/400/70 263/401/71 198/402/72 199/403/73
f 262/404/61 267/400/70 199/403/73 200/405/62
f 311/361/74 250/394/75 229/393/76 314/360/77
f 263/401/71 264/400/78 197/403/79 198/402/72
f 190/371/26 189/406/80 205/407/81 206/372/27
f 192/408/82 191/370/25 207/373/28 208/386/83
f 193/409/84 192/408/82 208/386/83 209/410/85
f 194/411/86 193/409/84 209/410/85 210/412/87
f 195/413/88 194/411/86 210/412/87 211/414/89
f 196/415/90 195/413/88 211/414/89 212/416/91
f 264/400/78 268/404/64 204/405/67 197/403/79
f 239/387/92 236/362/17 271/365/20 272/388/57
f 278/417/93 279/418/94 255/419/94 254/420/93
f 239/421/92 272/364/57 273/365/45 242/362/44
f 277/422/95 278/423/93 254/424/93 253/425/95
f 248/362/96 245/387/43 274/388/46 275/365/56
f 275/365/56 222/395/55 227/397/97 276/364/98
f 175/426/38 253/427/99 254/389/47 177/392/35
f 244/394/51 247/393/100 316/360/101 313/361/52
f 235/393/102 238/394/59 315/361/16 312/360/15
f 229/393/76 232/398/103 309/399/104 314/360/77
f 270/364/19 225/397/105 226/395/106 271/365/20
f 220/385/40 219/382/37 206/372/107 205/407/108
f 309/399/104 232/398/103 235/393/102 312/360/15
f 265/400/65 261/404/68 202/405/69 203/403/66
f 251/363/109 248/362/96 275/365/56 276/364/98
f 217/379/34 220/385/40 205/407/108 212/416/110
f 219/382/37 218/381/36 207/373/42 206/372/107
f 215/375/30 214/368/23 210/412/111 209/410/112
f 213/367/22 217/379/34 212/416/110 211/414/113
f 178/359/14 176/428/114 309/399/104 312/360/15
f 216/376/31 215/375/30 209/410/112 208/386/41
f 214/368/23 213/367/22 211/414/113 210/412/111
f 238/394/59 235/393/102 237/429/115 240/430/116
f 188/358/117 174/359/118 284/431/119 283/432/120
f 186/359/121 188/428/117 283/433/120 282/431/122
f 232/398/103 229/393/76 231/429/123 234/434/124
f 192/408/82 193/409/84 190/371/26 191/370/25
f 184/358/125 186/359/121 282/431/122 281/432/126
f 259/390/127 260/389/128 173/392/39 187/391/33
f 182/359/129 184/358/125 281/432/126 280/431/130
f 258/389/131 259/435/127 187/426/33 185/392/21
f 180/428/13 182/359/129 280/431/130 279/436/94
f 257/390/132 258/389/131 185/392/21 183/391/24
f 189/406/80 196/415/90 212/416/91 205/407/81
f 256/389/133 257/390/132 183/391/24 181/392/29
f 255/427/48 256/389/133 181/392/29 179/426/32
f 194/411/86 195/413/88 196/415/90 189/406/80
f 234/437/124 231/429/123 230/362/134 233/363/18
f 235/393/102 232/398/103 234/434/124 237/429/115
f 237/429/115 234/437/124 233/363/18 236/362/17
f 233/363/18 230/362/134 269/365/135 270/364/19
f 240/438/116 237/429/115 236/362/17 239/387/92
f 241/393/50 238/398/59 240/434/116 243/429/136
f 243/429/136 240/437/116 239/421/92 242/362/44
f 244/394/51 241/393/50 243/429/136 246/430/137
f 246/438/137 243/429/136 242/362/44 245/387/43
f 247/393/100 244/394/51 246/430/137 249/429/138
f 249/429/138 246/438/137 245/387/43 248/362/96
f 250/398/75 247/393/100 249/429/138 252/434/139
f 252/437/139 249/429/138 248/362/96 251/363/109
f 229/393/76 250/394/75 252/430/139 231/429/123
f 231/429/123 252/438/139 251/387/109 230/362/134
f 276/388/98 227/396/97 228/395/140 269/365/135
f 277/436/95 284/431/119 174/359/118 176/428/114
f 173/392/39 260/389/128 253/427/99 175/426/38
f 225/397/105 228/395/140 264/400/78 263/401/71
f 228/395/140 227/396/97 268/404/64 264/400/78
f 230/362/134 251/387/109 276/388/98 269/365/135
f 222/395/55 221/396/54 261/404/68 265/400/65
f 269/365/135 228/395/140 225/397/105 270/364/19
f 224/395/53 223/397/58 262/401/61 266/400/60
f 227/397/97 222/395/55 265/400/65 268/401/64
f 221/396/54 224/395/53 266/400/60 261/404/68
f 226/395/106 225/397/105 263/401/71 267/400/70
f 223/396/58 226/395/106 267/400/70 262/404/61
f 271/365/20 226/395/106 223/396/58 272/388/57
f 260/439/119 284/440/119 277/422/95 253/425/95
f 279/418/94 280/440/130 256/439/130 255/419/94
f 280/440/130 281/422/126 257/425/126 256/439/130
f 281/422/126 282/423/122 258/424/122 257/425/126
f 282/417/122 283/418/120 259/419/120 258/420/122
f 283/418/120 284/440/119 260/439/119 259/419/120
f 176/428/114 178/359/14 278/441/93 277/436/95
f 178/359/14 180/358/13 279/432/94 278/441/93
f 291/442/141 301/443/141 302/444/142 292/445/142
f 302/446/143 301/447/144 299/448/144 300/449/143
f 285/450/145 286/451/146 287/452/147 288/453/148 289/454/149 290/455/150 291/456/151 292/457/152
f 289/458/153 303/459/153 304/460/154 290/461/154
f 287/442/155 305/443/155 306/444/156 288/445/156
f 285/458/157 307/459/157 308/460/158 286/461/158
f 292/445/142 302/444/142 307/459/157 285/458/157
f 290/461/154 304/460/154 301/462/141 291/463/141
f 288/445/156 306/444/156 303/459/153 289/458/153
f 286/461/158 308/460/158 305/462/155 287/463/155
f 305/464/159 308/465/160 294/466/160 295/467/159
f 303/468/161 306/469/162 296/470/162 297/471/161
f 308/465/160 307/472/163 293/473/163 294/466/160
f 301/447/144 304/474/164 298/475/164 299/448/144
f 307/472/163 302/446/143 300/449/143 293/473/163
f 306/469/162 305/464/159 295/467/159 296/470/162
f 304/474/164 303/468/161 297/471/161 298/475/164
f 293/473/1 300/449/1 299/448/1 298/475/1 297/471/1 296/470/1 295/467/1 294/466/1
f 184/358/125 182/359/129 310/360/49 313/361/52
f 174/359/118 188/358/117 311/361/74 314/360/77
f 174/359/118 314/360/77 309/399/104 176/428/114
f 186/359/121 184/358/125 313/361/52 316/360/101
f 182/359/129 180/428/13 315/399/16 310/360/49
f 188/428/117 186/359/121 316/360/101 311/399/74
f 193/409/84 194/411/86 189/406/80 190/371/26
f 247/393/100 250/398/75 311/399/74 316/360/101
f 324/476/165 322/477/166 456/478/167 459/479/168
f 380/480/169 377/481/170 414/482/171 415/483/172
f 329/484/173 357/485/174 358/486/175 327/487/176
f 335/488/177 334/489/178 350/490/179 351/491/180
f 325/492/181 359/493/182 360/494/183 323/495/184
f 331/496/185 361/497/186 357/485/174 329/484/173
f 321/498/187 362/499/188 363/500/189 319/501/190
f 327/487/176 358/486/175 359/493/182 325/492/181
f 317/502/191 364/503/192 361/497/186 331/496/185
f 319/501/190 363/500/189 364/503/192 317/502/191
f 323/495/184 360/494/183 362/499/188 321/498/187
f 362/499/188 360/494/183 352/504/193 351/491/194
f 389/505/195 386/480/196 417/483/197 418/506/198
f 398/507/199 399/508/200 323/509/184 321/510/187
f 454/478/201 385/511/202 388/512/203 457/479/204
f 417/483/197 368/513/205 365/514/206 418/506/198
f 418/506/198 365/514/206 366/513/207 419/483/208
f 417/483/197 416/482/209 367/515/210 368/513/205
f 382/516/211 385/511/202 454/478/201 459/517/168
f 410/518/212 406/519/213 344/520/214 345/521/215
f 412/519/216 409/518/217 347/521/218 348/520/219
f 405/522/220 410/518/212 345/521/215 346/523/221
f 411/518/222 407/519/223 342/520/224 343/521/225
f 406/522/213 411/518/222 343/521/225 344/523/214
f 455/479/226 394/512/227 373/511/228 458/478/229
f 407/519/223 408/518/230 341/521/231 342/520/224
f 334/489/178 333/524/232 349/525/233 350/490/179
f 336/526/234 335/488/177 351/491/180 352/504/235
f 337/527/236 336/526/234 352/504/235 353/528/237
f 338/529/238 337/527/236 353/528/237 354/530/239
f 339/531/240 338/529/238 354/530/239 355/532/241
f 340/533/242 339/531/240 355/532/241 356/534/243
f 408/518/230 412/522/216 348/523/219 341/521/231
f 383/505/244 380/480/169 415/483/172 416/506/209
f 422/535/245 423/536/246 399/537/246 398/538/245
f 383/539/244 416/482/209 417/483/197 386/480/196
f 421/540/247 422/541/245 398/542/245 397/543/247
f 392/480/248 389/505/195 418/506/198 419/483/208
f 419/483/208 366/513/207 371/515/249 420/482/250
f 319/544/190 397/545/251 398/507/199 321/510/187
f 388/512/203 391/511/252 460/478/253 457/479/204
f 379/511/254 382/512/211 459/479/168 456/478/167
f 373/511/228 376/516/255 453/517/256 458/478/229
f 414/482/171 369/515/257 370/513/258 415/483/172
f 364/503/192 363/500/189 350/490/259 349/525/260
f 453/517/256 376/516/255 379/511/254 456/478/167
f 409/518/217 405/522/220 346/523/221 347/521/218
f 395/481/261 392/480/248 419/483/208 420/482/250
f 361/497/186 364/503/192 349/525/260 356/534/262
f 363/500/189 362/499/188 351/491/194 350/490/259
f 359/493/182 358/486/175 354/530/263 353/528/264
f 357/485/174 361/497/186 356/534/262 355/532/265
f 322/477/166 320/546/266 453/517/256 456/478/167
f 360/494/183 359/493/182 353/528/264 352/504/193
f 358/486/175 357/485/174 355/532/265 354/530/263
f 382/512/211 379/511/254 381/547/267 384/548/268
f 332/476/269 318/477/270 428/549/271 427/550/272
f 330/477/273 332/546/269 427/551/272 426/549/274
f 376/516/255 373/511/228 375/547/275 378/552/276
f 328/476/277 330/477/273 426/549/274 425/550/278
f 403/508/279 404/507/280 317/510/191 331/509/185
f 326/477/281 328/476/277 425/550/278 424/549/282
f 402/507/283 403/553/279 331/544/185 329/510/173
f 324/546/165 326/477/281 424/549/282 423/554/246
f 401/508/284 402/507/283 329/510/173 327/509/176
f 333/524/232 340/533/242 356/534/243 349/525/233
f 400/507/285 401/508/284 327/509/176 325/510/181
f 399/545/200 400/507/285 325/510/181 323/544/184
f 338/529/238 339/531/240 340/533/242 333/524/232
f 378/555/276 375/547/275 374/480/286 377/481/170
f 379/511/254 376/516/255 378/552/276 381/547/267
f 381/547/267 378/555/276 377/481/170 380/480/169
f 377/481/170 374/480/286 413/483/287 414/482/171
f 384/556/268 381/547/267 380/480/169 383/505/244
f 385/511/202 382/516/211 384/552/268 387/547/288
f 387/547/288 384/555/268 383/539/244 386/480/196
f 388/512/203 385/511/202 387/547/288 390/548/289
f 390/556/289 387/547/288 386/480/196 389/505/195
f 391/511/252 388/512/203 390/548/289 393/547/290
f 393/547/290 390/556/289 389/505/195 392/480/248
f 394/516/227 391/511/252 393/547/290 396/552/291
f 396/555/291 393/547/290 392/480/248 395/481/261
f 373/511/228 394/512/227 396/548/291 375/547/275
f 375/547/275 396/556/291 395/505/261 374/480/286
f 420/506/250 371/514/249 372/513/292 413/483/287
f 421/554/247 428/549/271 318/477/270 320/546/266
f 317/510/191 404/507/280 397/545/251 319/544/190
f 369/515/257 372/513/292 408/518/230 407/519/223
f 372/513/292 371/514/249 412/522/216 408/518/230
f 374/480/286 395/505/261 420/506/250 413/483/287
f 366/513/207 365/514/206 405/522/220 409/518/217
f 413/483/287 372/513/292 369/515/257 414/482/171
f 368/513/205 367/515/210 406/519/213 410/518/212
f 371/515/249 366/513/207 409/518/217 412/519/216
f 365/514/206 368/513/205 410/518/212 405/522/220
f 370/513/258 369/515/257 407/519/223 411/518/222
f 367/514/210 370/513/258 411/518/222 406/522/213
f 415/483/172 370/513/258 367/514/210 416/506/209
f 404/557/271 428/558/271 421/540/247 397/543/247
f 423/536/246 424/558/282 400/557/282 399/537/246
f 424/558/282 425/540/278 401/543/278 400/557/282
f 425/540/278 426/541/274 402/542/274 401/543/278
f 426/535/274 427/536/272 403/537/272 402/538/274
f 427/536/272 428/558/271 404/557/271 403/537/272
f 320/546/266 322/477/166 422/559/245 421/554/247
f 322/477/166 324/476/165 423/550/246 422/559/245
f 435/560/293 445/561/293 446/562/294 436/563/294
f 446/564/295 445/565/296 443/566/296 444/567/295
f 429/568/297 430/569/298 431/570/299 432/571/300 433/572/301 434/573/302 435/574/303 436/575/304
f 433/576/305 447/577/305 448/578/306 434/579/306
f 431/560/307 449/561/307 450/562/308 432/563/308
f 429/576/309 451/577/309 452/578/310 430/579/310
f 436/563/294 446/562/294 451/577/309 429/576/309
f 434/579/306 448/578/306 445/580/293 435/581/293
f 432/563/308 450/562/308 447/577/305 433/576/305
f 430/579/310 452/578/310 449/580/307 431/581/307
f 449/582/311 452/583/312 438/584/312 439/585/311
f 447/586/313 450/587/314 440/588/314 441/589/313
f 452/583/312 451/590/315 437/591/315 438/584/312
f 445/565/296 448/592/316 442/593/316 443/566/296
f 451/590/315 446/564/295 444/567/295 437/591/315
f 450/587/314 449/582/311 439/585/311 440/588/314
f 448/592/316 447/586/313 441/589/313 442/593/316
f 437/591/1 444/567/1 443/566/1 442/593/1 441/589/1 440/588/1 439/585/1 438/584/1
f 328/476/277 326/477/281 454/478/201 457/479/204
f 318/477/270 332/476/269 455/479/226 458/478/229
f 318/477/270 458/478/229 453/517/256 320/546/266
f 330/477/273 328/476/277 457/479/204 460/478/253
f 326/477/281 324/546/165 459/517/168 454/478/201
f 332/546/269 330/477/273 460/478/253 455/517/226
f 391/511/252 394/516/227 455/517/226 460/478/253
f 337/527/236 338/529/238 333/524/232 334/489/178
f 336/526/234 337/527/236 334/489/178 335/488/177
f 534/695/353 532/696/353 533/697/353
f 535/701/353 531/721/353 532/696/353 534/695/353
f 536/714/353 530/718/353 531/721/353 535/701/353
f 537/711/353 529/699/353 530/718/353 536/714/353
f 538/705/353 528/617/353 529/699/353 537/711/353
f 527/618/353 528/617/353 538/705/353 539/704/353
f 526/720/353 527/618/353 539/704/353 540/709/353
f 525/708/353 526/720/353 540/709/353
f 704/920/3 702/921/3 703/922/3
f 705/926/3 701/946/3 702/921/3 704/920/3
f 706/939/3 700/943/3 701/946/3 705/926/3
f 707/936/3 699/924/3 700/943/3 706/939/3
f 708/930/3 698/842/3 699/924/3 707/936/3
f 697/843/3 698/842/3 708/930/3 709/929/3
f 696/945/3 697/843/3 709/929/3 710/934/3
f 695/933/3 696/945/3 710/934/3
f 874/695/3 872/696/3 873/697/3
f 875/701/3 871/721/3 872/696/3 874/695/3
f 876/714/3 870/718/3 871/721/3 875/701/3
f 877/711/3 869/699/3 870/718/3 876/714/3
f 878/705/3 868/617/3 869/699/3 877/711/3
f 867/618/3 868/617/3 878/705/3 879/704/3
f 866/720/3 867/618/3 879/704/3 880/709/3
f 865/708/3 866/720/3 880/709/3
f 1044/695/3 1042/696/3 1043/697/3
f 1045/701/3 1041/721/3 1042/696/3 1044/695/3
f 1046/714/3 1040/718/3 1041/721/3 1045/701/3
f 1047/711/3 1039/699/3 1040/718/3 1046/714/3
f 1048/705/3 1038/617/3 1039/699/3 1047/711/3
f 1037/618/3 1038/617/3 1048/705/3 1049/704/3
f 1036/720/3 1037/618/3 1049/704/3 1050/709/3
f 1035/708/3 1036/720/3 1050/709/3
f 1214/920/3 1212/921/3 1213/922/3
f 1215/926/3 1211/946/3 1212/921/3 1214/920/3
f 1216/939/3 1210/943/3 1211/946/3 1215/926/3
f 1217/936/3 1209/924/3 1210/943/3 1216/939/3
f 1218/930/3 1208/842/3 1209/924/3 1217/936/3
f 1207/843/3 1208/842/3 1218/930/3 1219/929/3
f 1206/945/3 1207/843/3 1219/929/3 1220/934/3
f 1205/933/3 1206/945/3 1220/934/3
f 1384/920/897 1382/921/897 1383/922/897
f 1385/926/897 1381/946/897 1382/921/897 1384/920/897
f 1386/939/897 1380/943/897 1381/946/897 1385/926/897
f 1387/936/897 1379/924/897 1380/943/897 1386/939/897
f 1388/930/897 1378/842/897 1379/924/897 1387/936/897
f 1377/843/897 1378/842/897 1388/930/897 1389/929/897
f 1376/945/897 1377/843/897 1389/929/897 1390/934/897
f 1375/933/897 1376/945/897 1390/934/897
f 1554/695/3 1552/696/3 1553/697/3
f 1555/701/3 1551/721/3 1552/696/3 1554/695/3
f 1556/714/3 1550/718/3 1551/721/3 1555/701/3
f 1557/711/3 1549/699/3 1550/718/3 1556/714/3
f 1558/705/3 1548/617/3 1549/699/3 1557/711/3
f 1547/618/3 1548/617/3 1558/705/3 1559/704/3
f 1546/720/3 1547/618/3 1559/704/3 1560/709/3
f 1545/708/3 1546/720/3 1560/709/3
usemtl canned_foods_mp_1
f 543/594/317 542/595/318 477/596/318 479/597/317
f 544/598/319 543/594/317 479/597/317 480/599/319
f 517/600/320 516/596/321 563/595/322 564/601/323
f 558/602/317 557/603/318 542/604/318 543/605/317
f 515/597/324 514/599/325 561/598/326 562/594/327
f 548/606/322 547/607/327 483/608/327 484/609/322
f 549/601/323 548/606/322 484/609/322 485/600/323
f 550/595/328 549/601/323 485/600/323 486/596/328
f 551/594/329 550/595/328 486/596/328 487/597/329
f 553/610/330 552/598/331 488/599/331 489/611/330
f 565/612/328 564/613/323 549/614/323 550/615/328
f 512/616/332 528/617/333 527/618/334 511/619/335
f 564/613/323 563/620/322 548/621/322 549/614/323
f 478/622/336 492/623/336 476/624/336 461/625/336
f 487/626/336 471/627/336 472/628/336 488/629/336
f 489/630/336 488/629/336 472/628/336 473/631/336
f 479/632/336 463/633/336 464/634/336 480/635/336
f 491/636/336 475/637/336 476/624/336 492/623/336
f 478/622/336 461/625/336 462/638/336 477/639/336
f 485/640/336 484/641/336 468/642/336 469/643/336
f 477/639/336 462/638/336 463/633/336 479/632/336
f 483/644/336 482/645/336 466/646/336 467/647/336
f 485/640/336 469/643/336 470/648/336 486/649/336
f 568/650/330 567/651/331 552/652/331 553/653/330
f 502/654/337 503/655/338 471/656/338 470/657/337
f 495/658/339 463/659/339 462/660/340 493/661/340
f 508/662/341 494/663/342 461/664/342 476/665/341
f 503/655/338 504/666/343 472/667/343 471/656/338
f 493/661/340 462/660/340 461/664/342 494/663/342
f 500/668/344 501/669/345 469/670/345 468/671/344
f 500/668/344 468/671/344 467/672/346 499/673/346
f 502/654/337 470/657/337 469/670/345 501/669/345
f 507/674/347 475/675/347 474/676/348 506/677/348
f 499/673/346 467/672/346 466/678/349 498/679/349
f 506/677/348 474/676/348 473/680/350 505/681/350
f 507/674/347 508/662/341 476/665/341 475/675/347
f 505/681/350 473/680/350 472/667/343 504/666/343
f 498/679/349 466/678/349 465/682/351 497/683/351
f 495/658/339 496/684/352 464/685/352 463/659/339
f 481/686/336 465/687/336 466/646/336 482/645/336
f 489/688/336 473/689/336 474/690/336 490/691/336
f 481/686/336 480/635/336 464/634/336 465/687/336
f 491/636/336 490/691/336 474/690/336 475/637/336
f 502/692/336 501/693/336 500/694/336
f 513/698/354 529/699/355 528/617/333 512/616/332
f 519/700/356 535/701/357 534/695/358 518/702/359
f 523/703/360 539/704/361 538/705/362 522/706/363
f 509/707/364 525/708/365 540/709/366 524/710/367
f 522/706/363 538/705/362 537/711/368 521/712/369
f 520/713/370 536/714/371 535/701/357 519/700/356
f 517/715/320 533/697/372 532/696/373 516/716/321
f 514/717/325 530/718/374 529/699/355 513/698/354
f 510/719/375 526/720/376 525/708/365 509/707/364
f 516/716/321 532/696/373 531/721/377 515/722/324
f 523/703/360 524/710/367 540/709/366 539/704/361
f 517/715/320 518/702/359 534/695/358 533/697/372
f 521/712/369 537/711/368 536/714/371 520/713/370
f 515/722/324 531/721/377 530/718/374 514/717/325
f 511/619/335 527/618/334 526/720/376 510/719/375
f 483/644/336 467/647/336 468/642/336 484/641/336
f 486/649/336 470/648/336 471/627/336 487/626/336
f 518/609/359 517/600/320 564/601/323 565/606/328
f 482/723/326 546/724/326 545/725/378 481/726/378
f 561/727/326 560/728/378 545/729/378 546/730/326
f 571/731/379 570/732/380 555/733/380 556/734/379
f 556/606/379 555/607/380 491/608/380 492/609/379
f 557/603/318 572/735/381 541/736/381 542/604/318
f 554/724/382 553/725/330 489/726/330 490/723/382
f 572/735/381 571/731/379 556/734/379 541/736/381
f 570/732/380 569/737/382 554/738/382 555/733/380
f 569/737/382 568/739/330 553/740/330 554/738/382
f 563/620/322 562/741/327 547/742/327 548/621/322
f 519/608/356 518/609/359 565/606/328 566/607/329
f 562/741/327 561/727/326 546/730/326 547/742/327
f 522/599/363 521/611/369 568/610/330 569/598/382
f 570/594/380 523/597/360 522/599/363 569/598/382
f 568/725/330 521/726/369 520/723/370 567/724/331
f 516/596/321 515/597/324 562/594/327 563/595/322
f 545/610/378 544/598/319 480/599/319 481/611/378
f 509/600/364 524/596/367 571/595/379 572/601/381
f 514/599/325 513/611/354 560/610/378 561/598/326
f 512/723/332 511/608/335 558/607/317 559/724/319
f 513/726/354 512/723/332 559/724/319 560/725/378
f 524/596/367 523/597/360 570/594/380 571/595/379
f 511/608/335 510/609/375 557/606/318 558/607/317
f 547/607/327 546/724/326 482/723/326 483/608/327
f 567/651/331 566/743/329 551/744/329 552/652/331
f 510/609/375 509/600/364 572/601/381 557/606/318
f 559/745/319 558/602/317 543/605/317 544/746/319
f 555/607/380 554/724/382 490/723/382 491/608/380
f 560/728/378 559/745/319 544/746/319 545/729/378
f 542/595/318 541/601/381 478/600/381 477/596/318
f 541/601/381 556/606/379 492/609/379 478/600/381
f 552/598/331 551/594/329 487/597/329 488/599/331
f 520/723/370 519/608/356 566/607/329 567/724/331
f 566/743/329 565/612/328 550/615/328 551/744/329
f 496/684/352 497/683/351 465/682/351 464/685/352
f 607/747/383 606/748/384 615/749/385 608/750/386
f 603/751/387 602/752/336 619/753/336 620/754/388
f 604/755/389 603/751/387 620/754/388 627/756/390
f 630/757/391 624/758/392 621/759/393
f 624/760/392 627/761/390 620/754/388
f 609/762/394 608/750/386 615/763/385 630/764/391
f 620/754/388 621/759/393 624/765/392
f 605/766/395 604/755/389 627/767/390
f 627/768/390 615/769/385 606/748/384 605/766/395
f 630/770/391 610/771/396 609/762/394
f 610/771/396 630/772/391 621/759/393 611/773/397
f 623/774/336 616/775/336 598/776/336 614/777/336
f 618/778/336 601/779/336 600/780/336
f 612/781/336 622/782/336 623/774/336 613/783/336
f 612/781/336 611/773/397 621/759/393 622/782/336
f 614/777/336 613/783/336 623/774/336
f 619/753/336 602/752/336 601/779/336 618/778/336
f 606/748/398 581/748/398 580/766/399 605/766/399
f 607/747/400 582/747/400 581/748/398 606/748/398
f 608/750/401 583/750/401 582/747/400 607/747/400
f 616/775/402 590/775/402 591/784/403 617/784/403
f 609/762/404 584/762/404 583/750/401 608/750/401
f 612/781/405 587/781/405 586/773/406 611/773/406
f 623/774/407 597/774/407 590/775/402 616/775/402
f 617/784/403 591/784/403 592/778/408 618/778/408
f 610/771/409 585/771/409 584/762/404 609/762/404
f 604/755/410 579/755/411 578/751/412 603/751/412
f 619/753/413 593/753/413 594/754/414 620/754/414
f 605/766/399 580/766/399 579/755/411 604/755/410
f 599/785/415 574/785/415 573/776/416 598/776/416
f 599/785/415 600/780/417 575/780/417 574/785/415
f 622/782/418 596/782/418 597/774/407 623/774/407
f 620/754/414 594/754/414 595/759/419 621/759/419
f 601/779/420 576/779/420 575/780/417 600/780/417
f 616/775/336 617/784/336 599/785/336 598/776/336
f 614/777/421 589/777/421 588/783/422 613/783/422
f 621/759/419 595/759/419 596/782/418 622/782/418
f 612/781/405 613/783/422 588/783/422 587/781/405
f 602/752/423 577/752/423 576/779/420 601/779/420
f 598/776/416 573/776/416 589/777/421 614/777/421
f 603/751/412 578/751/412 577/752/423 602/752/423
f 619/753/413 618/778/408 592/778/408 593/753/413
f 611/773/406 586/773/406 585/771/409 610/771/409
f 625/786/336 629/787/336 628/788/336 626/789/336
f 625/790/424 626/791/425 627/792/425 624/793/424
f 626/794/425 628/795/426 615/796/426 627/797/425
f 628/798/426 629/799/427 630/800/427 615/801/426
f 629/802/427 625/803/424 624/804/424 630/805/427
f 600/780/336 599/785/336 617/784/336 618/778/336
f 494/806/336 508/807/336 493/808/336
f 508/807/336 507/809/336 495/810/336 493/808/336
f 507/809/336 506/811/336 496/812/336 495/810/336
f 506/811/336 505/813/336 497/814/336 496/812/336
f 505/813/336 504/815/336 498/816/336 497/814/336
f 504/815/336 503/817/336 499/818/336 498/816/336
f 503/817/336 502/692/336 500/694/336 499/818/336
f 713/819/428 712/820/429 647/821/429 649/822/428
f 714/823/430 713/819/428 649/822/428 650/824/430
f 687/825/431 686/821/432 733/820/433 734/826/434
f 728/827/428 727/828/429 712/829/429 713/830/428
f 685/822/435 684/824/436 731/823/437 732/819/438
f 718/831/433 717/832/438 653/833/438 654/834/433
f 719/826/434 718/831/433 654/834/433 655/825/434
f 720/820/439 719/826/434 655/825/434 656/821/439
f 721/819/440 720/820/439 656/821/439 657/822/440
f 723/835/441 722/823/442 658/824/442 659/836/441
f 735/837/439 734/838/434 719/839/434 720/840/439
f 682/841/443 698/842/444 697/843/445 681/844/446
f 734/838/434 733/845/433 718/846/433 719/839/434
f 648/847/1 662/848/1 646/849/1 631/850/1
f 657/851/1 641/852/1 642/853/1 658/854/1
f 659/855/1 658/854/1 642/853/1 643/856/1
f 649/857/1 633/858/1 634/859/1 650/860/1
f 661/861/1 645/862/1 646/849/1 662/848/1
f 648/847/1 631/850/1 632/863/1 647/864/1
f 655/865/1 654/866/1 638/867/1 639/868/1
f 647/864/1 632/863/1 633/858/1 649/857/1
f 653/869/1 652/870/1 636/871/1 637/872/1
f 655/865/1 639/868/1 640/873/1 656/874/1
f 738/875/441 737/876/442 722/877/442 723/878/441
f 672/879/447 673/880/448 641/881/448 640/882/447
f 665/883/449 633/884/449 632/885/450 663/886/450
f 678/887/451 664/888/452 631/889/452 646/890/451
f 673/880/448 674/891/453 642/892/453 641/881/448
f 663/886/450 632/885/450 631/889/452 664/888/452
f 670/893/454 671/894/455 639/895/455 638/896/454
f 670/893/454 638/896/454 637/897/456 669/898/456
f 672/879/447 640/882/447 639/895/455 671/894/455
f 677/899/457 645/900/457 644/901/458 676/902/458
f 669/898/456 637/897/456 636/903/459 668/904/459
f 676/902/458 644/901/458 643/905/460 675/906/460
f 677/899/457 678/887/451 646/890/451 645/900/457
f 675/906/460 643/905/460 642/892/453 674/891/453
f 668/904/459 636/903/459 635/907/461 667/908/461
f 665/883/449 666/909/462 634/910/462 633/884/449
f 651/911/1 635/912/1 636/871/1 652/870/1
f 659/913/1 643/914/1 644/915/1 660/916/1
f 651/911/1 650/860/1 634/859/1 635/912/1
f 661/861/1 660/916/1 644/915/1 645/862/1
f 672/917/1 671/918/1 670/919/1
f 683/923/463 699/924/464 698/842/444 682/841/443
f 689/925/465 705/926/466 704/920/467 688/927/468
f 693/928/469 709/929/470 708/930/471 692/931/472
f 679/932/473 695/933/474 710/934/475 694/935/476
f 692/931/472 708/930/471 707/936/477 691/937/478
f 690/938/479 706/939/480 705/926/466 689/925/465
f 687/940/431 703/922/481 702/921/482 686/941/432
f 684/942/436 700/943/483 699/924/464 683/923/463
f 680/944/484 696/945/485 695/933/474 679/932/473
f 686/941/432 702/921/482 701/946/486 685/947/435
f 693/928/469 694/935/476 710/934/475 709/929/470
f 687/940/431 688/927/468 704/920/467 703/922/481
f 691/937/478 707/936/477 706/939/480 690/938/479
f 685/947/435 701/946/486 700/943/483 684/942/436
f 681/844/446 697/843/445 696/945/485 680/944/484
f 653/869/1 637/872/1 638/867/1 654/866/1
f 656/874/1 640/873/1 641/852/1 657/851/1
f 688/834/468 687/825/431 734/826/434 735/831/439
f 652/948/437 716/949/437 715/950/487 651/951/487
f 731/952/437 730/953/487 715/954/487 716/955/437
f 741/956/488 740/957/489 725/958/489 726/959/488
f 726/831/488 725/832/489 661/833/489 662/834/488
f 727/828/429 742/960/490 711/961/490 712/829/429
f 724/949/491 723/950/441 659/951/441 660/948/491
f 742/960/490 741/956/488 726/959/488 711/961/490
f 740/957/489 739/962/491 724/963/491 725/958/489
f 739/962/491 738/964/441 723/965/441 724/963/491
f 733/845/433 732/966/438 717/967/438 718/846/433
f 689/833/465 688/834/468 735/831/439 736/832/440
f 732/966/438 731/952/437 716/955/437 717/967/438
f 692/824/472 691/836/478 738/835/441 739/823/491
f 740/819/489 693/822/469 692/824/472 739/823/491
f 738/950/441 691/951/478 690/948/479 737/949/442
f 686/821/432 685/822/435 732/819/438 733/820/433
f 715/835/487 714/823/430 650/824/430 651/836/487
f 679/825/473 694/821/476 741/820/488 742/826/490
f 684/824/436 683/836/463 730/835/487 731/823/437
f 682/948/443 681/833/446 728/832/428 729/949/430
f 683/951/463 682/948/443 729/949/430 730/950/487
f 694/821/476 693/822/469 740/819/489 741/820/488
f 681/833/446 680/834/484 727/831/429 728/832/428
f 717/832/438 716/949/437 652/948/437 653/833/438
f 737/876/442 736/968/440 721/969/440 722/877/442
f 680/834/484 679/825/473 742/826/490 727/831/429
f 729/970/430 728/827/428 713/830/428 714/971/430
f 725/832/489 724/949/491 660/948/491 661/833/489
f 730/953/487 729/970/430 714/971/430 715/954/487
f 712/820/429 711/826/490 648/825/490 647/821/429
f 711/826/490 726/831/488 662/834/488 648/825/490
f 722/823/442 721/819/440 657/822/440 658/824/442
f 690/948/479 689/833/465 736/832/440 737/949/442
f 736/968/440 735/837/439 720/840/439 721/969/440
f 666/909/462 667/908/461 635/907/461 634/910/462
f 777/972/492 776/973/493 785/974/494 778/975/495
f 773/976/496 772/977/1 789/978/1 790/979/497
f 774/980/498 773/976/496 790/979/497 797/981/499
f 800/982/500 794/983/501 791/984/502
f 794/985/501 797/986/499 790/979/497
f 779/987/503 778/975/495 785/988/494 800/989/500
f 790/979/497 791/984/502 794/990/501
f 775/991/504 774/980/498 797/992/499
f 797/993/499 785/994/494 776/973/493 775/991/504
f 800/995/500 780/996/505 779/987/503
f 780/996/505 800/997/500 791/984/502 781/998/506
f 793/999/1 786/1000/1 768/1001/1 784/1002/1
f 788/1003/1 771/1004/1 770/1005/1
f 782/1006/1 792/1007/1 793/999/1 783/1008/1
f 782/1006/1 781/998/506 791/984/502 792/1007/1
f 784/1002/1 783/1008/1 793/999/1
f 789/978/1 772/977/1 771/1004/1 788/1003/1
f 776/973/507 751/973/507 750/991/508 775/991/508
f 777/972/509 752/972/509 751/973/507 776/973/507
f 778/975/510 753/975/510 752/972/509 777/972/509
f 786/1000/511 760/1000/511 761/1009/512 787/1009/512
f 779/987/513 754/987/513 753/975/510 778/975/510
f 782/1006/514 757/1006/514 756/998/515 781/998/515
f 793/999/516 767/999/516 760/1000/511 786/1000/511
f 787/1009/512 761/1009/512 762/1003/517 788/1003/517
f 780/996/518 755/996/518 754/987/513 779/987/513
f 774/980/519 749/980/519 748/976/520 773/976/520
f 789/978/521 763/978/521 764/979/522 790/979/522
f 775/991/508 750/991/508 749/980/519 774/980/519
f 769/1010/523 744/1010/523 743/1001/524 768/1001/524
f 769/1010/523 770/1005/525 745/1005/525 744/1010/523
f 792/1007/526 766/1007/526 767/999/516 793/999/516
f 790/979/522 764/979/522 765/984/527 791/984/527
f 771/1004/528 746/1004/528 745/1005/525 770/1005/525
f 786/1000/1 787/1009/1 769/1010/1 768/1001/1
f 784/1002/529 759/1002/529 758/1008/530 783/1008/530
f 791/984/527 765/984/527 766/1007/526 792/1007/526
f 782/1006/514 783/1008/530 758/1008/530 757/1006/514
f 772/977/531 747/977/531 746/1004/528 771/1004/528
f 768/1001/524 743/1001/524 759/1002/529 784/1002/529
f 773/976/520 748/976/520 747/977/531 772/977/531
f 789/978/521 788/1003/517 762/1003/517 763/978/521
f 781/998/515 756/998/515 755/996/518 780/996/518
f 795/1011/1 799/1012/1 798/1013/1 796/1014/1
f 795/1015/532 796/1016/533 797/1017/533 794/1018/532
f 796/1019/533 798/1020/534 785/1021/534 797/1022/533
f 798/1023/534 799/1024/535 800/1025/535 785/1026/534
f 799/1027/535 795/1028/532 794/1029/532 800/1030/535
f 770/1005/1 769/1010/1 787/1009/1 788/1003/1
f 664/1031/1 678/1032/1 663/1033/1
f 678/1032/1 677/1034/1 665/1035/1 663/1033/1
f 677/1034/1 676/1036/1 666/1037/1 665/1035/1
f 676/1036/1 675/1038/1 667/1039/1 666/1037/1
f 675/1038/1 674/1040/1 668/1041/1 667/1039/1
f 674/1040/1 673/1042/1 669/1043/1 668/1041/1
f 673/1042/1 672/917/1 670/919/1 669/1043/1
f 883/594/536 882/595/537 817/596/537 819/597/536
f 884/598/538 883/594/536 819/597/536 820/599/538
f 857/600/539 856/596/540 903/595/541 904/601/542
f 898/1044/536 897/1045/537 882/1046/537 883/1047/536
f 855/597/543 854/599/544 901/598/545 902/594/546
f 888/606/541 887/607/546 823/608/546 824/609/541
f 889/601/542 888/606/541 824/609/541 825/600/542
f 890/595/547 889/601/542 825/600/542 826/596/547
f 891/594/548 890/595/547 826/596/547 827/597/548
f 893/610/549 892/598/550 828/599/550 829/611/549
f 905/1048/547 904/1049/542 889/1050/542 890/1051/547
f 852/616/551 868/617/552 867/618/553 851/619/554
f 904/1049/542 903/1052/541 888/1053/541 889/1050/542
f 818/622/1 832/623/1 816/624/1 801/625/1
f 827/626/1 811/627/1 812/628/1 828/629/1
f 829/630/1 828/629/1 812/628/1 813/631/1
f 819/632/1 803/633/1 804/634/1 820/635/1
f 831/636/1 815/637/1 816/624/1 832/623/1
f 818/622/1 801/625/1 802/638/1 817/639/1
f 825/640/1 824/641/1 808/642/1 809/643/1
f 817/639/1 802/638/1 803/633/1 819/632/1
f 823/644/1 822/645/1 806/646/1 807/647/1
f 825/640/1 809/643/1 810/648/1 826/649/1
f 908/1054/549 907/1055/550 892/1056/550 893/1057/549
f 842/654/555 843/655/556 811/656/556 810/657/555
f 835/658/557 803/659/557 802/660/558 833/661/558
f 848/662/559 834/663/560 801/664/560 816/665/559
f 843/655/556 844/666/561 812/667/561 811/656/556
f 833/661/558 802/660/558 801/664/560 834/663/560
f 840/668/562 841/669/563 809/670/563 808/671/562
f 840/668/562 808/671/562 807/672/564 839/673/564
f 842/654/555 810/657/555 809/670/563 841/669/563
f 847/674/565 815/675/565 814/676/566 846/677/566
f 839/673/564 807/672/564 806/678/567 838/679/567
f 846/677/566 814/676/566 813/680/568 845/681/568
f 847/674/565 848/662/559 816/665/559 815/675/565
f 845/681/568 813/680/568 812/667/561 844/666/561
f 838/679/567 806/678/567 805/682/569 837/683/569
f 835/658/557 836/684/570 804/685/570 803/659/557
f 821/686/1 805/687/1 806/646/1 822/645/1
f 829/688/1 813/689/1 814/690/1 830/691/1
f 821/686/1 820/635/1 804/634/1 805/687/1
f 831/636/1 830/691/1 814/690/1 815/637/1
f 842/692/1 841/693/1 840/694/1
f 853/698/571 869/699/572 868/617/552 852/616/551
f 859/700/573 875/701/574 874/695/575 858/702/576
f 863/703/577 879/704/578 878/705/579 862/706/580
f 849/707/581 865/708/582 880/709/583 864/710/584
f 862/706/580 878/705/579 877/711/585 861/712/586
f 860/713/587 876/714/588 875/701/574 859/700/573
f 857/715/539 873/697/589 872/696/590 856/716/540
f 854/717/544 870/718/591 869/699/572 853/698/571
f 850/719/592 866/720/593 865/708/582 849/707/581
f 856/716/540 872/696/590 871/721/594 855/722/543
f 863/703/577 864/710/584 880/709/583 879/704/578
f 857/715/539 858/702/576 874/695/575 873/697/589
f 861/712/586 877/711/585 876/714/588 860/713/587
f 855/722/543 871/721/594 870/718/591 854/717/544
f 851/619/554 867/618/553 866/720/593 850/719/592
f 823/644/1 807/647/1 808/642/1 824/641/1
f 826/649/1 810/648/1 811/627/1 827/626/1
f 858/609/576 857/600/539 904/601/542 905/606/547
f 822/723/545 886/724/545 885/725/595 821/726/595
f 901/1058/545 900/1059/595 885/1060/595 886/1061/545
f 911/1062/596 910/1063/597 895/1064/597 896/1065/596
f 896/606/596 895/607/597 831/608/597 832/609/596
f 897/1045/537 912/1066/598 881/1067/598 882/1046/537
f 894/724/599 893/725/549 829/726/549 830/723/599
f 912/1066/598 911/1062/596 896/1065/596 881/1067/598
f 910/1063/597 909/1068/599 894/1069/599 895/1064/597
f 909/1068/599 908/1070/549 893/1071/549 894/1069/599
f 903/1052/541 902/1072/546 887/1073/546 888/1053/541
f 859/608/573 858/609/576 905/606/547 906/607/548
f 902/1072/546 901/1058/545 886/1061/545 887/1073/546
f 862/599/580 861/611/586 908/610/549 909/598/599
f 910/594/597 863/597/577 862/599/580 909/598/599
f 908/725/549 861/726/586 860/723/587 907/724/550
f 856/596/540 855/597/543 902/594/546 903/595/541
f 885/610/595 884/598/538 820/599/538 821/611/595
f 849/600/581 864/596/584 911/595/596 912/601/598
f 854/599/544 853/611/571 900/610/595 901/598/545
f 852/723/551 851/608/554 898/607/536 899/724/538
f 853/726/571 852/723/551 899/724/538 900/725/595
f 864/596/584 863/597/577 910/594/597 911/595/596
f 851/608/554 850/609/592 897/606/537 898/607/536
f 887/607/546 886/724/545 822/723/545 823/608/546
f 907/1055/550 906/1074/548 891/1075/548 892/1056/550
f 850/609/592 849/600/581 912/601/598 897/606/537
f 899/1076/538 898/1044/536 883/1047/536 884/1077/538
f 895/607/597 894/724/599 830/723/599 831/608/597
f 900/1059/595 899/1076/538 884/1077/538 885/1060/595
f 882/595/537 881/601/598 818/600/598 817/596/537
f 881/601/598 896/606/596 832/609/596 818/600/598
f 892/598/550 891/594/548 827/597/548 828/599/550
f 860/723/587 859/608/573 906/607/548 907/724/550
f 906/1074/548 905/1048/547 890/1051/547 891/1075/548
f 836/684/570 837/683/569 805/682/569 804/685/570
f 947/747/600 946/748/601 955/749/602 948/750/603
f 943/751/604 942/752/1 959/753/1 960/754/605
f 944/755/606 943/751/604 960/754/605 967/756/607
f 970/757/608 964/758/609 961/759/610
f 964/760/609 967/761/607 960/754/605
f 949/762/611 948/750/603 955/763/602 970/764/608
f 960/754/605 961/759/610 964/765/609
f 945/766/612 944/755/606 967/767/607
f 967/768/607 955/769/602 946/748/601 945/766/612
f 970/770/608 950/771/613 949/762/611
f 950/771/613 970/772/608 961/759/610 951/773/614
f 963/774/1 956/775/1 938/776/1 954/777/1
f 958/778/1 941/779/1 940/780/1
f 952/781/1 962/782/1 963/774/1 953/783/1
f 952/781/1 951/773/614 961/759/610 962/782/1
f 954/777/1 953/783/1 963/774/1
f 959/753/1 942/752/1 941/779/1 958/778/1
f 946/748/615 921/748/615 920/766/616 945/766/616
f 947/747/617 922/747/617 921/748/615 946/748/615
f 948/750/618 923/750/618 922/747/617 947/747/617
f 956/775/619 930/775/619 931/784/620 957/784/620
f 949/762/621 924/762/621 923/750/618 948/750/618
f 952/781/622 927/781/622 926/773/623 951/773/623
f 963/774/624 937/774/624 930/775/619 956/775/619
f 957/784/620 931/784/620 932/778/625 958/778/625
f 950/771/626 925/771/626 924/762/621 949/762/621
f 944/755/627 919/755/627 918/751/628 943/751/628
f 959/753/629 933/753/629 934/754/630 960/754/630
f 945/766/616 920/766/616 919/755/627 944/755/627
f 939/785/631 914/785/631 913/776/632 938/776/632
f 939/785/631 940/780/633 915/780/633 914/785/631
f 962/782/634 936/782/634 937/774/624 963/774/624
f 960/754/630 934/754/630 935/759/635 961/759/635
f 941/779/636 916/779/636 915/780/633 940/780/633
f 956/775/1 957/784/1 939/785/1 938/776/1
f 954/777/637 929/777/637 928/783/638 953/783/638
f 961/759/635 935/759/635 936/782/634 962/782/634
f 952/781/622 953/783/638 928/783/638 927/781/622
f 942/752/639 917/752/639 916/779/636 941/779/636
f 938/776/632 913/776/632 929/777/637 954/777/637
f 943/751/628 918/751/628 917/752/639 942/752/639
f 959/753/629 958/778/625 932/778/625 933/753/629
f 951/773/623 926/773/623 925/771/626 950/771/626
f 965/786/1 969/787/1 968/788/1 966/789/1
f 965/790/640 966/791/641 967/792/641 964/793/640
f 966/794/641 968/795/642 955/796/642 967/797/641
f 968/798/642 969/799/643 970/800/643 955/801/642
f 969/802/643 965/803/640 964/804/640 970/805/643
f 940/780/1 939/785/1 957/784/1 958/778/1
f 834/806/1 848/807/1 833/808/1
f 848/807/1 847/809/1 835/810/1 833/808/1
f 847/809/1 846/811/1 836/812/1 835/810/1
f 846/811/1 845/813/1 837/814/1 836/812/1
f 845/813/1 844/815/1 838/816/1 837/814/1
f 844/815/1 843/817/1 839/818/1 838/816/1
f 843/817/1 842/692/1 840/694/1 839/818/1
f 1053/594/644 1052/595/645 987/596/645 989/597/644
f 1054/598/646 1053/594/644 989/597/644 990/599/646
f 1027/600/647 1026/596/648 1073/595/649 1074/601/650
f 1068/1078/644 1067/1079/645 1052/1045/645 1053/1044/644
f 1025/597/651 1024/599/652 1071/598/653 1072/594/654
f 1058/606/649 1057/607/654 993/608/654 994/609/649
f 1059/601/650 1058/606/649 994/609/649 995/600/650
f 1060/595/655 1059/601/650 995/600/650 996/596/655
f 1061/594/656 1060/595/655 996/596/655 997/597/656
f 1063/610/657 1062/598/658 998/599/658 999/611/657
f 1075/1080/655 1074/1081/650 1059/1049/650 1060/1048/655
f 1022/616/659 1038/617/660 1037/618/661 1021/619/662
f 1074/1081/650 1073/1082/649 1058/1052/649 1059/1049/650
f 988/622/1 1002/623/1 986/624/1 971/625/1
f 997/626/1 981/627/1 982/628/1 998/629/1
f 999/630/1 998/629/1 982/628/1 983/631/1
f 989/632/1 973/633/1 974/634/1 990/635/1
f 1001/636/1 985/637/1 986/624/1 1002/623/1
f 988/622/1 971/625/1 972/638/1 987/639/1
f 995/640/1 994/641/1 978/642/1 979/643/1
f 987/639/1 972/638/1 973/633/1 989/632/1
f 993/644/1 992/645/1 976/646/1 977/647/1
f 995/640/1 979/643/1 980/648/1 996/649/1
f 1078/1083/657 1077/1084/658 1062/1055/658 1063/1054/657
f 1012/654/663 1013/655/664 981/656/664 980/657/663
f 1005/658/665 973/659/665 972/660/666 1003/661/666
f 1018/662/667 1004/663/668 971/664/668 986/665/667
f 1013/655/664 1014/666/669 982/667/669 981/656/664
f 1003/661/666 972/660/666 971/664/668 1004/663/668
f 1010/668/670 1011/669/671 979/670/671 978/671/670
f 1010/668/670 978/671/670 977/672/672 1009/673/672
f 1012/654/663 980/657/663 979/670/671 1011/669/671
f 1017/674/673 985/675/673 984/676/674 1016/677/674
f 1009/673/672 977/672/672 976/678/675 1008/679/675
f 1016/677/674 984/676/674 983/680/676 1015/681/676
f 1017/674/673 1018/662/667 986/665/667 985/675/673
f 1015/681/676 983/680/676 982/667/669 1014/666/669
f 1008/679/675 976/678/675 975/682/677 1007/683/677
f 1005/658/665 1006/684/678 974/685/678 973/659/665
f 991/686/1 975/687/1 976/646/1 992/645/1
f 999/688/1 983/689/1 984/690/1 1000/691/1
f 991/686/1 990/635/1 974/634/1 975/687/1
f 1001/636/1 1000/691/1 984/690/1 985/637/1
f 1012/692/1 1011/693/1 1010/694/1
f 1023/698/679 1039/699/680 1038/617/660 1022/616/659
f 1029/700/681 1045/701/682 1044/695/683 1028/702/684
f 1033/703/685 1049/704/686 1048/705/687 1032/706/688
f 1019/707/689 1035/708/690 1050/709/691 1034/710/692
f 1032/706/688 1048/705/687 1047/711/693 1031/712/694
f 1030/713/695 1046/714/696 1045/701/682 1029/700/681
f 1027/715/647 1043/697/697 1042/696/698 1026/716/648
f 1024/717/652 1040/718/699 1039/699/680 1023/698/679
f 1020/719/700 1036/720/701 1035/708/690 1019/707/689
f 1026/716/648 1042/696/698 1041/721/702 1025/722/651
f 1033/703/685 1034/710/692 1050/709/691 1049/704/686
f 1027/715/647 1028/702/684 1044/695/683 1043/697/697
f 1031/712/694 1047/711/693 1046/714/696 1030/713/695
f 1025/722/651 1041/721/702 1040/718/699 1024/717/652
f 1021/619/662 1037/618/661 1036/720/701 1020/719/700
f 993/644/1 977/647/1 978/642/1 994/641/1
f 996/649/1 980/648/1 981/627/1 997/626/1
f 1028/609/684 1027/600/647 1074/601/650 1075/606/655
f 992/723/653 1056/724/653 1055/725/703 991/726/703
f 1071/1085/653 1070/1086/703 1055/1059/703 1056/1058/653
f 1081/1087/704 1080/1088/705 1065/1063/705 1066/1062/704
f 1066/606/704 1065/607/705 1001/608/705 1002/609/704
f 1067/1079/645 1082/1089/706 1051/1066/706 1052/1045/645
f 1064/724/707 1063/725/657 999/726/657 1000/723/707
f 1082/1089/706 1081/1087/704 1066/1062/704 1051/1066/706
f 1080/1088/705 1079/1090/707 1064/1068/707 1065/1063/705
f 1079/1090/707 1078/1091/657 1063/1070/657 1064/1068/707
f 1073/1082/649 1072/1092/654 1057/1072/654 1058/1052/649
f 1029/608/681 1028/609/684 1075/606/655 1076/607/656
f 1072/1092/654 1071/1085/653 1056/1058/653 1057/1072/654
f 1032/599/688 1031/611/694 1078/610/657 1079/598/707
f 1080/594/705 1033/597/685 1032/599/688 1079/598/707
f 1078/725/657 1031/726/694 1030/723/695 1077/724/658
f 1026/596/648 1025/597/651 1072/594/654 1073/595/649
f 1055/610/703 1054/598/646 990/599/646 991/611/703
f 1019/600/689 1034/596/692 1081/595/704 1082/601/706
f 1024/599/652 1023/611/679 1070/610/703 1071/598/653
f 1022/723/659 1021/608/662 1068/607/644 1069/724/646
f 1023/726/679 1022/723/659 1069/724/646 1070/725/703
f 1034/596/692 1033/597/685 1080/594/705 1081/595/704
f 1021/608/662 1020/609/700 1067/606/645 1068/607/644
f 1057/607/654 1056/724/653 992/723/653 993/608/654
f 1077/1084/658 1076/1093/656 1061/1074/656 1062/1055/658
f 1020/609/700 1019/600/689 1082/601/706 1067/606/645
f 1069/1094/646 1068/1078/644 1053/1044/644 1054/1076/646
f 1065/607/705 1064/724/707 1000/723/707 1001/608/705
f 1070/1086/703 1069/1094/646 1054/1076/646 1055/1059/703
f 1052/595/645 1051/601/706 988/600/706 987/596/645
f 1051/601/706 1066/606/704 1002/609/704 988/600/706
f 1062/598/658 1061/594/656 997/597/656 998/599/658
f 1030/723/695 1029/608/681 1076/607/656 1077/724/658
f 1076/1093/656 1075/1080/655 1060/1048/655 1061/1074/656
f 1006/684/678 1007/683/677 975/682/677 974/685/678
f 1117/747/708 1116/748/709 1125/749/710 1118/750/711
f 1113/751/712 1112/752/1 1129/753/1 1130/754/713
f 1114/755/714 1113/751/712 1130/754/713 1137/756/715
f 1140/757/716 1134/758/717 1131/759/718
f 1134/760/717 1137/761/715 1130/754/713
f 1119/762/719 1118/750/711 1125/763/710 1140/764/716
f 1130/754/713 1131/759/718 1134/765/717
f 1115/766/720 1114/755/714 1137/767/715
f 1137/768/715 1125/769/710 1116/748/709 1115/766/720
f 1140/770/716 1120/771/721 1119/762/719
f 1120/771/721 1140/772/716 1131/759/718 1121/773/722
f 1133/774/1 1126/775/1 1108/776/1 1124/777/1
f 1128/778/1 1111/779/1 1110/780/1
f 1122/781/1 1132/782/1 1133/774/1 1123/783/1
f 1122/781/1 1121/773/722 1131/759/718 1132/782/1
f 1124/777/1 1123/783/1 1133/774/1
f 1129/753/1 1112/752/1 1111/779/1 1128/778/1
f 1116/748/723 1091/748/723 1090/766/724 1115/766/724
f 1117/747/725 1092/747/725 1091/748/723 1116/748/723
f 1118/750/726 1093/750/726 1092/747/725 1117/747/725
f 1126/775/727 1100/775/727 1101/784/728 1127/784/728
f 1119/762/729 1094/762/729 1093/750/726 1118/750/726
f 1122/781/730 1097/781/730 1096/773/731 1121/773/731
f 1133/774/732 1107/774/732 1100/775/727 1126/775/727
f 1127/784/728 1101/784/728 1102/778/733 1128/778/733
f 1120/771/734 1095/771/734 1094/762/729 1119/762/729
f 1114/755/735 1089/755/735 1088/751/736 1113/751/736
f 1129/753/737 1103/753/737 1104/754/738 1130/754/738
f 1115/766/724 1090/766/724 1089/755/735 1114/755/735
f 1109/785/739 1084/785/739 1083/776/740 1108/776/740
f 1109/785/739 1110/780/741 1085/780/741 1084/785/739
f 1132/782/742 1106/782/742 1107/774/732 1133/774/732
f 1130/754/738 1104/754/738 1105/759/743 1131/759/743
f 1111/779/744 1086/779/744 1085/780/741 1110/780/741
f 1126/775/1 1127/784/1 1109/785/1 1108/776/1
f 1124/777/745 1099/777/745 1098/783/746 1123/783/746
f 1131/759/743 1105/759/743 1106/782/742 1132/782/742
f 1122/781/730 1123/783/746 1098/783/746 1097/781/730
f 1112/752/747 1087/752/747 1086/779/744 1111/779/744
f 1108/776/740 1083/776/740 1099/777/745 1124/777/745
f 1113/751/736 1088/751/736 1087/752/747 1112/752/747
f 1129/753/737 1128/778/733 1102/778/733 1103/753/737
f 1121/773/731 1096/773/731 1095/771/734 1120/771/734
f 1135/786/1 1139/787/1 1138/788/1 1136/789/1
f 1135/790/748 1136/791/749 1137/792/749 1134/793/748
f 1136/794/749 1138/795/750 1125/796/750 1137/797/749
f 1138/798/750 1139/799/751 1140/800/751 1125/801/750
f 1139/802/751 1135/803/748 1134/804/748 1140/805/751
f 1110/780/1 1109/785/1 1127/784/1 1128/778/1
f 1004/806/1 1018/807/1 1003/808/1
f 1018/807/1 1017/809/1 1005/810/1 1003/808/1
f 1017/809/1 1016/811/1 1006/812/1 1005/810/1
f 1016/811/1 1015/813/1 1007/814/1 1006/812/1
f 1015/813/1 1014/815/1 1008/816/1 1007/814/1
f 1014/815/1 1013/817/1 1009/818/1 1008/816/1
f 1013/817/1 1012/692/1 1010/694/1 1009/818/1
f 1223/819/752 1222/820/753 1157/821/753 1159/822/752
f 1224/823/754 1223/819/752 1159/822/752 1160/824/754
f 1197/825/755 1196/821/756 1243/820/757 1244/826/758
f 1238/827/752 1237/828/753 1222/829/753 1223/830/752
f 1195/822/759 1194/824/760 1241/823/761 1242/819/762
f 1228/831/757 1227/832/762 1163/833/762 1164/834/757
f 1229/826/758 1228/831/757 1164/834/757 1165/825/758
f 1230/820/763 1229/826/758 1165/825/758 1166/821/763
f 1231/819/764 1230/820/763 1166/821/763 1167/822/764
f 1233/835/765 1232/823/766 1168/824/766 1169/836/765
f 1245/837/763 1244/838/758 1229/839/758 1230/840/763
f 1192/841/767 1208/842/768 1207/843/769 1191/844/770
f 1244/838/758 1243/845/757 1228/846/757 1229/839/758
f 1158/847/1 1172/848/1 1156/849/1 1141/850/1
f 1167/851/1 1151/852/1 1152/853/1 1168/854/1
f 1169/855/1 1168/854/1 1152/853/1 1153/856/1
f 1159/857/1 1143/858/1 1144/859/1 1160/860/1
f 1171/861/1 1155/862/1 1156/849/1 1172/848/1
f 1158/847/1 1141/850/1 1142/863/1 1157/864/1
f 1165/865/1 1164/866/1 1148/867/1 1149/868/1
f 1157/864/1 1142/863/1 1143/858/1 1159/857/1
f 1163/869/1 1162/870/1 1146/871/1 1147/872/1
f 1165/865/1 1149/868/1 1150/873/1 1166/874/1
f 1248/875/765 1247/876/766 1232/877/766 1233/878/765
f 1182/879/771 1183/880/772 1151/881/772 1150/882/771
f 1175/883/773 1143/884/773 1142/885/774 1173/886/774
f 1188/887/775 1174/888/776 1141/889/776 1156/890/775
f 1183/880/772 1184/891/777 1152/892/777 1151/881/772
f 1173/886/774 1142/885/774 1141/889/776 1174/888/776
f 1180/893/778 1181/894/779 1149/895/779 1148/896/778
f 1180/893/778 1148/896/778 1147/897/780 1179/898/780
f 1182/879/771 1150/882/771 1149/895/779 1181/894/779
f 1187/899/781 1155/900/781 1154/901/782 1186/902/782
f 1179/898/780 1147/897/780 1146/903/783 1178/904/783
f 1186/902/782 1154/901/782 1153/905/784 1185/906/784
f 1187/899/781 1188/887/775 1156/890/775 1155/900/781
f 1185/906/784 1153/905/784 1152/892/777 1184/891/777
f 1178/904/783 1146/903/783 1145/907/785 1177/908/785
f 1175/883/773 1176/909/786 1144/910/786 1143/884/773
f 1161/911/1 1145/912/1 1146/871/1 1162/870/1
f 1169/913/1 1153/914/1 1154/915/1 1170/916/1
f 1161/911/1 1160/860/1 1144/859/1 1145/912/1
f 1171/861/1 1170/916/1 1154/915/1 1155/862/1
f 1182/917/1 1181/918/1 1180/919/1
f 1193/923/787 1209/924/788 1208/842/768 1192/841/767
f 1199/925/789 1215/926/790 1214/920/791 1198/927/792
f 1203/928/793 1219/929/794 1218/930/795 1202/931/796
f 1189/932/797 1205/933/798 1220/934/799 1204/935/800
f 1202/931/796 1218/930/795 1217/936/801 1201/937/802
f 1200/938/803 1216/939/804 1215/926/790 1199/925/789
f 1197/940/755 1213/922/805 1212/921/806 1196/941/756
f 1194/942/760 1210/943/807 1209/924/788 1193/923/787
f 1190/944/808 1206/945/809 1205/933/798 1189/932/797
f 1196/941/756 1212/921/806 1211/946/810 1195/947/759
f 1203/928/793 1204/935/800 1220/934/799 1219/929/794
f 1197/940/755 1198/927/792 1214/920/791 1213/922/805
f 1201/937/802 1217/936/801 1216/939/804 1200/938/803
f 1195/947/759 1211/946/810 1210/943/807 1194/942/760
f 1191/844/770 1207/843/769 1206/945/809 1190/944/808
f 1163/869/1 1147/872/1 1148/867/1 1164/866/1
f 1166/874/1 1150/873/1 1151/852/1 1167/851/1
f 1198/834/792 1197/825/755 1244/826/758 1245/831/763
f 1162/948/761 1226/949/761 1225/950/811 1161/951/811
f 1241/952/761 1240/953/811 1225/954/811 1226/955/761
f 1251/956/812 1250/957/813 1235/958/813 1236/959/812
f 1236/831/812 1235/832/813 1171/833/813 1172/834/812
f 1237/828/753 1252/960/814 1221/961/814 1222/829/753
f 1234/949/815 1233/950/765 1169/951/765 1170/948/815
f 1252/960/814 1251/956/812 1236/959/812 1221/961/814
f 1250/957/813 1249/962/815 1234/963/815 1235/958/813
f 1249/962/815 1248/964/765 1233/965/765 1234/963/815
f 1243/845/757 1242/966/762 1227/967/762 1228/846/757
f 1199/833/789 1198/834/792 1245/831/763 1246/832/764
f 1242/966/762 1241/952/761 1226/955/761 1227/967/762
f 1202/824/796 1201/836/802 1248/835/765 1249/823/815
f 1250/819/813 1203/822/793 1202/824/796 1249/823/815
f 1248/950/765 1201/951/802 1200/948/803 1247/949/766
f 1196/821/756 1195/822/759 1242/819/762 1243/820/757
f 1225/835/811 1224/823/754 1160/824/754 1161/836/811
f 1189/825/797 1204/821/800 1251/820/812 1252/826/814
f 1194/824/760 1193/836/787 1240/835/811 1241/823/761
f 1192/948/767 1191/833/770 1238/832/752 1239/949/754
f 1193/951/787 1192/948/767 1239/949/754 1240/950/811
f 1204/821/800 1203/822/793 1250/819/813 1251/820/812
f 1191/833/770 1190/834/808 1237/831/753 1238/832/752
f 1227/832/762 1226/949/761 1162/948/761 1163/833/762
f 1247/876/766 1246/968/764 1231/969/764 1232/877/766
f 1190/834/808 1189/825/797 1252/826/814 1237/831/753
f 1239/970/754 1238/827/752 1223/830/752 1224/971/754
f 1235/832/813 1234/949/815 1170/948/815 1171/833/813
f 1240/953/811 1239/970/754 1224/971/754 1225/954/811
f 1222/820/753 1221/826/814 1158/825/814 1157/821/753
f 1221/826/814 1236/831/812 1172/834/812 1158/825/814
f 1232/823/766 1231/819/764 1167/822/764 1168/824/766
f 1200/948/803 1199/833/789 1246/832/764 1247/949/766
f 1246/968/764 1245/837/763 1230/840/763 1231/969/764
f 1176/909/786 1177/908/785 1145/907/785 1144/910/786
f 1287/972/816 1286/973/817 1295/974/818 1288/975/819
f 1283/976/820 1282/977/1 1299/978/1 1300/979/821
f 1284/980/822 1283/976/820 1300/979/821 1307/981/823
f 1310/982/824 1304/983/825 1301/984/826
f 1304/985/825 1307/986/823 1300/979/821
f 1289/987/827 1288/975/819 1295/988/818 1310/989/824
f 1300/979/821 1301/984/826 1304/990/825
f 1285/991/828 1284/980/822 1307/992/823
f 1307/993/823 1295/994/818 1286/973/817 1285/991/828
f 1310/995/824 1290/996/829 1289/987/827
f 1290/996/829 1310/997/824 1301/984/826 1291/998/830
f 1303/999/1 1296/1000/1 1278/1001/1 1294/1002/1
f 1298/1003/1 1281/1004/1 1280/1005/1
f 1292/1006/1 1302/1007/1 1303/999/1 1293/1008/1
f 1292/1006/1 1291/998/830 1301/984/826 1302/1007/1
f 1294/1002/1 1293/1008/1 1303/999/1
f 1299/978/1 1282/977/1 1281/1004/1 1298/1003/1
f 1286/973/831 1261/973/831 1260/991/832 1285/991/832
f 1287/972/833 1262/972/833 1261/973/831 1286/973/831
f 1288/975/834 1263/975/834 1262/972/833 1287/972/833
f 1296/1000/835 1270/1000/835 1271/1009/836 1297/1009/836
f 1289/987/837 1264/987/837 1263/975/834 1288/975/834
f 1292/1006/838 1267/1006/838 1266/998/839 1291/998/839
f 1303/999/840 1277/999/840 1270/1000/835 1296/1000/835
f 1297/1009/836 1271/1009/836 1272/1003/841 1298/1003/841
f 1290/996/842 1265/996/842 1264/987/837 1289/987/837
f 1284/980/843 1259/980/843 1258/976/844 1283/976/844
f 1299/978/845 1273/978/845 1274/979/846 1300/979/846
f 1285/991/832 1260/991/832 1259/980/843 1284/980/843
f 1279/1010/847 1254/1010/847 1253/1001/848 1278/1001/848
f 1279/1010/847 1280/1005/849 1255/1005/849 1254/1010/847
f 1302/1007/850 1276/1007/850 1277/999/840 1303/999/840
f 1300/979/846 1274/979/846 1275/984/851 1301/984/851
f 1281/1004/852 1256/1004/852 1255/1005/849 1280/1005/849
f 1296/1000/1 1297/1009/1 1279/1010/1 1278/1001/1
f 1294/1002/853 1269/1002/853 1268/1008/854 1293/1008/854
f 1301/984/851 1275/984/851 1276/1007/850 1302/1007/850
f 1292/1006/838 1293/1008/854 1268/1008/854 1267/1006/838
f 1282/977/855 1257/977/855 1256/1004/852 1281/1004/852
f 1278/1001/848 1253/1001/848 1269/1002/853 1294/1002/853
f 1283/976/844 1258/976/844 1257/977/855 1282/977/855
f 1299/978/845 1298/1003/841 1272/1003/841 1273/978/845
f 1291/998/839 1266/998/839 1265/996/842 1290/996/842
f 1305/1011/1 1309/1012/1 1308/1013/1 1306/1014/1
f 1305/1015/856 1306/1016/857 1307/1017/857 1304/1018/856
f 1306/1019/857 1308/1020/858 1295/1021/858 1307/1022/857
f 1308/1023/858 1309/1024/859 1310/1025/859 1295/1026/858
f 1309/1027/859 1305/1028/856 1304/1029/856 1310/1030/859
f 1280/1005/1 1279/1010/1 1297/1009/1 1298/1003/1
f 1174/1031/1 1188/1032/1 1173/1033/1
f 1188/1032/1 1187/1034/1 1175/1035/1 1173/1033/1
f 1187/1034/1 1186/1036/1 1176/1037/1 1175/1035/1
f 1186/1036/1 1185/1038/1 1177/1039/1 1176/1037/1
f 1185/1038/1 1184/1040/1 1178/1041/1 1177/1039/1
f 1184/1040/1 1183/1042/1 1179/1043/1 1178/1041/1
f 1183/1042/1 1182/917/1 1180/919/1 1179/1043/1
f 1393/819/860 1392/820/861 1327/821/861 1329/822/860
f 1394/823/862 1393/819/860 1329/822/860 1330/824/862
f 1367/825/863 1366/821/864 1413/820/865 1414/826/866
f 1408/827/860 1407/828/861 1392/829/861 1393/830/860
f 1365/822/867 1364/824/868 1411/823/869 1412/819/870
f 1398/831/865 1397/832/870 1333/833/870 1334/834/865
f 1399/826/866 1398/831/865 1334/834/865 1335/825/866
f 1400/820/871 1399/826/866 1335/825/866 1336/821/871
f 1401/819/872 1400/820/871 1336/821/871 1337/822/872
f 1403/835/873 1402/823/874 1338/824/874 1339/836/873
f 1415/837/871 1414/838/866 1399/839/866 1400/840/871
f 1362/841/875 1378/842/876 1377/843/877 1361/844/878
f 1414/838/866 1413/845/865 1398/846/865 1399/839/866
f 1328/847/879 1342/848/879 1326/849/879 1311/850/879
f 1337/851/879 1321/852/879 1322/853/879 1338/854/879
f 1339/855/879 1338/854/879 1322/853/879 1323/856/879
f 1329/857/880 1313/858/880 1314/859/879 1330/860/879
f 1341/861/879 1325/862/879 1326/849/879 1342/848/879
f 1328/847/879 1311/850/879 1312/863/879 1327/864/879
f 1335/865/879 1334/866/879 1318/867/879 1319/868/879
f 1327/864/879 1312/863/879 1313/858/880 1329/857/880
f 1333/869/879 1332/870/879 1316/871/879 1317/872/879
f 1335/865/879 1319/868/879 1320/873/879 1336/874/879
f 1418/875/873 1417/876/874 1402/877/874 1403/878/873
f 1352/879/881 1353/880/882 1321/881/882 1320/882/881
f 1345/883/883 1313/884/883 1312/885/884 1343/886/884
f 1358/887/885 1344/888/886 1311/889/886 1326/890/885
f 1353/880/882 1354/891/887 1322/892/887 1321/881/882
f 1343/886/884 1312/885/884 1311/889/886 1344/888/886
f 1350/893/888 1351/894/889 1319/895/889 1318/896/888
f 1350/893/888 1318/896/888 1317/897/890 1349/898/890
f 1352/879/881 1320/882/881 1319/895/889 1351/894/889
f 1357/899/891 1325/900/891 1324/901/892 1356/902/892
f 1349/898/890 1317/897/890 1316/903/893 1348/904/893
f 1356/902/892 1324/901/892 1323/905/894 1355/906/894
f 1357/899/891 1358/887/885 1326/890/885 1325/900/891
f 1355/906/894 1323/905/894 1322/892/887 1354/891/887
f 1348/904/893 1316/903/893 1315/907/895 1347/908/895
f 1345/883/883 1346/909/896 1314/910/896 1313/884/883
f 1331/911/879 1315/912/879 1316/871/879 1332/870/879
f 1339/913/879 1323/914/879 1324/915/879 1340/916/879
f 1331/911/879 1330/860/879 1314/859/879 1315/912/879
f 1341/861/879 1340/916/879 1324/915/879 1325/862/879
f 1352/917/879 1351/918/879 1350/919/879
f 1363/923/898 1379/924/899 1378/842/876 1362/841/875
f 1369/925/900 1385/926/901 1384/920/902 1368/927/903
f 1373/928/904 1389/929/905 1388/930/906 1372/931/907
f 1359/932/908 1375/933/909 1390/934/910 1374/935/911
f 1372/931/907 1388/930/906 1387/936/912 1371/937/913
f 1370/938/914 1386/939/915 1385/926/901 1369/925/900
f 1367/940/863 1383/922/916 1382/921/917 1366/941/864
f 1364/942/868 1380/943/918 1379/924/899 1363/923/898
f 1360/944/919 1376/945/920 1375/933/909 1359/932/908
f 1366/941/864 1382/921/917 1381/946/921 1365/947/867
f 1373/928/904 1374/935/911 1390/934/910 1389/929/905
f 1367/940/863 1368/927/903 1384/920/902 1383/922/916
f 1371/937/913 1387/936/912 1386/939/915 1370/938/914
f 1365/947/867 1381/946/921 1380/943/918 1364/942/868
f 1361/844/878 1377/843/877 1376/945/920 1360/944/919
f 1333/869/879 1317/872/879 1318/867/879 1334/866/879
f 1336/874/879 1320/873/879 1321/852/879 1337/851/879
f 1368/834/903 1367/825/863 1414/826/866 1415/831/871
f 1332/948/869 1396/949/869 1395/950/922 1331/951/922
f 1411/952/869 1410/953/922 1395/954/922 1396/955/869
f 1421/956/923 1420/957/924 1405/958/924 1406/959/923
f 1406/831/923 1405/832/924 1341/833/924 1342/834/923
f 1407/828/861 1422/960/925 1391/961/925 1392/829/861
f 1404/949/926 1403/950/873 1339/951/873 1340/948/926
f 1422/960/925 1421/956/923 1406/959/923 1391/961/925
f 1420/957/924 1419/962/926 1404/963/926 1405/958/924
f 1419/962/926 1418/964/873 1403/965/873 1404/963/926
f 1413/845/865 1412/966/870 1397/967/870 1398/846/865
f 1369/833/900 1368/834/903 1415/831/871 1416/832/872
f 1412/966/870 1411/952/869 1396/955/869 1397/967/870
f 1372/824/907 1371/836/913 1418/835/873 1419/823/926
f 1420/819/924 1373/822/904 1372/824/907 1419/823/926
f 1418/950/873 1371/951/913 1370/948/914 1417/949/874
f 1366/821/864 1365/822/867 1412/819/870 1413/820/865
f 1395/835/922 1394/823/862 1330/824/862 1331/836/922
f 1359/825/908 1374/821/911 1421/820/923 1422/826/925
f 1364/824/868 1363/836/898 1410/835/922 1411/823/869
f 1362/948/875 1361/833/878 1408/832/860 1409/949/862
f 1363/951/898 1362/948/875 1409/949/862 1410/950/922
f 1374/821/911 1373/822/904 1420/819/924 1421/820/923
f 1361/833/878 1360/834/919 1407/831/861 1408/832/860
f 1397/832/870 1396/949/869 1332/948/869 1333/833/870
f 1417/876/874 1416/968/872 1401/969/872 1402/877/874
f 1360/834/919 1359/825/908 1422/826/925 1407/831/861
f 1409/970/862 1408/827/860 1393/830/860 1394/971/862
f 1405/832/924 1404/949/926 1340/948/926 1341/833/924
f 1410/953/922 1409/970/862 1394/971/862 1395/954/922
f 1392/820/861 1391/826/925 1328/825/925 1327/821/861
f 1391/826/925 1406/831/923 1342/834/923 1328/825/925
f 1402/823/874 1401/819/872 1337/822/872 1338/824/874
f 1370/948/914 1369/833/900 1416/832/872 1417/949/874
f 1416/968/872 1415/837/871 1400/840/871 1401/969/872
f 1346/909/896 1347/908/895 1315/907/895 1314/910/896
f 1457/972/927 1456/973/928 1465/974/929 1458/975/930
f 1453/976/931 1452/977/879 1469/978/879 1470/979/932
f 1454/980/933 1453/976/931 1470/979/932 1477/981/934
f 1480/982/935 1474/983/936 1471/984/937
f 1474/985/936 1477/986/934 1470/979/932
f 1459/987/938 1458/975/930 1465/988/929 1480/989/935
f 1470/979/932 1471/984/937 1474/990/936
f 1455/991/939 1454/980/933 1477/992/934
f 1477/993/934 1465/994/929 1456/973/928 1455/991/939
f 1480/995/935 1460/996/940 1459/987/938
f 1460/996/940 1480/997/935 1471/984/937 1461/998/941
f 1473/999/879 1466/1000/879 1448/1001/879 1464/1002/879
f 1468/1003/879 1451/1004/879 1450/1005/879
f 1462/1006/879 1472/1007/879 1473/999/879 1463/1008/879
f 1462/1006/879 1461/998/941 1471/984/937 1472/1007/879
f 1464/1002/879 1463/1008/879 1473/999/879
f 1469/978/879 1452/977/879 1451/1004/879 1468/1003/879
f 1456/973/942 1431/973/942 1430/991/943 1455/991/943
f 1457/972/944 1432/972/944 1431/973/942 1456/973/942
f 1458/975/945 1433/975/945 1432/972/944 1457/972/944
f 1466/1000/946 1440/1000/946 1441/1009/947 1467/1009/947
f 1459/987/948 1434/987/948 1433/975/945 1458/975/945
f 1462/1006/949 1437/1006/949 1436/998/950 1461/998/950
f 1473/999/951 1447/999/951 1440/1000/946 1466/1000/946
f 1467/1009/947 1441/1009/947 1442/1003/952 1468/1003/952
f 1460/996/953 1435/996/953 1434/987/948 1459/987/948
f 1454/980/954 1429/980/954 1428/976/955 1453/976/955
f 1469/978/956 1443/978/956 1444/979/957 1470/979/957
f 1455/991/943 1430/991/943 1429/980/954 1454/980/954
f 1449/1010/958 1424/1010/958 1423/1001/959 1448/1001/959
f 1449/1010/958 1450/1005/960 1425/1005/960 1424/1010/958
f 1472/1007/961 1446/1007/961 1447/999/951 1473/999/951
f 1470/979/957 1444/979/957 1445/984/962 1471/984/962
f 1451/1004/963 1426/1004/963 1425/1005/960 1450/1005/960
f 1466/1000/879 1467/1009/879 1449/1010/879 1448/1001/879
f 1464/1002/964 1439/1002/964 1438/1008/965 1463/1008/965
f 1471/984/962 1445/984/962 1446/1007/961 1472/1007/961
f 1462/1006/949 1463/1008/965 1438/1008/965 1437/1006/949
f 1452/977/966 1427/977/966 1426/1004/963 1451/1004/963
f 1448/1001/959 1423/1001/959 1439/1002/964 1464/1002/964
f 1453/976/955 1428/976/955 1427/977/966 1452/977/966
f 1469/978/956 1468/1003/952 1442/1003/952 1443/978/956
f 1461/998/950 1436/998/950 1435/996/953 1460/996/953
f 1475/1011/879 1479/1012/879 1478/1013/879 1476/1014/879
f 1475/1015/967 1476/1016/968 1477/1017/968 1474/1018/967
f 1476/1019/968 1478/1020/969 1465/1021/969 1477/1022/968
f 1478/1023/969 1479/1024/970 1480/1025/970 1465/1026/969
f 1479/1027/970 1475/1028/967 1474/1029/967 1480/1030/970
f 1450/1005/879 1449/1010/879 1467/1009/879 1468/1003/879
f 1344/1031/879 1358/1032/879 1343/1033/879
f 1358/1032/879 1357/1034/879 1345/1035/879 1343/1033/879
f 1357/1034/879 1356/1036/879 1346/1037/879 1345/1035/879
f 1356/1036/879 1355/1038/879 1347/1039/879 1346/1037/879
f 1355/1038/879 1354/1040/879 1348/1041/879 1347/1039/879
f 1354/1040/879 1353/1042/879 1349/1043/879 1348/1041/879
f 1353/1042/879 1352/917/879 1350/919/879 1349/1043/879
f 1563/594/971 1562/595/972 1497/596/972 1499/597/971
f 1564/598/973 1563/594/971 1499/597/971 1500/599/973
f 1537/600/974 1536/596/975 1583/595/976 1584/601/977
f 1578/830/971 1577/829/972 1562/603/972 1563/602/971
f 1535/597/978 1534/599/979 1581/598/980 1582/594/981
f 1568/606/976 1567/607/981 1503/608/981 1504/609/976
f 1569/601/977 1568/606/976 1504/609/976 1505/600/977
f 1570/595/982 1569/601/977 1505/600/977 1506/596/982
f 1571/594/983 1570/595/982 1506/596/982 1507/597/983
f 1573/610/984 1572/598/985 1508/599/985 1509/611/984
f 1585/840/982 1584/839/977 1569/613/977 1570/612/982
f 1532/616/986 1548/617/987 1547/618/988 1531/619/989
f 1584/839/977 1583/846/976 1568/620/976 1569/613/977
f 1498/622/1 1512/623/1 1496/624/1 1481/625/1
f 1507/626/1 1491/627/1 1492/628/1 1508/629/1
f 1509/630/1 1508/629/1 1492/628/1 1493/631/1
f 1499/632/1 1483/633/1 1484/634/1 1500/635/1
f 1511/636/1 1495/637/1 1496/624/1 1512/623/1
f 1498/622/1 1481/625/1 1482/638/1 1497/639/1
f 1505/640/1 1504/641/1 1488/642/1 1489/643/1
f 1497/639/1 1482/638/1 1483/633/1 1499/632/1
f 1503/644/1 1502/645/1 1486/646/1 1487/647/1
f 1505/640/1 1489/643/1 1490/648/1 1506/649/1
f 1588/878/984 1587/877/985 1572/651/985 1573/650/984
f 1522/654/990 1523/655/991 1491/656/991 1490/657/990
f 1515/658/992 1483/659/992 1482/660/993 1513/661/993
f 1528/662/994 1514/663/995 1481/664/995 1496/665/994
f 1523/655/991 1524/666/996 1492/667/996 1491/656/991
f 1513/661/993 1482/660/993 1481/664/995 1514/663/995
f 1520/668/997 1521/669/998 1489/670/998 1488/671/997
f 1520/668/997 1488/671/997 1487/672/999 1519/673/999
f 1522/654/990 1490/657/990 1489/670/998 1521/669/998
f 1527/674/1000 1495/675/1000 1494/676/1001 1526/677/1001
f 1519/673/999 1487/672/999 1486/678/1002 1518/679/1002
f 1526/677/1001 1494/676/1001 1493/680/1003 1525/681/1003
f 1527/674/1000 1528/662/994 1496/665/994 1495/675/1000
f 1525/681/1003 1493/680/1003 1492/667/996 1524/666/996
f 1518/679/1002 1486/678/1002 1485/682/1004 1517/683/1004
f 1515/658/992 1516/684/1005 1484/685/1005 1483/659/992
f 1501/686/1 1485/687/1 1486/646/1 1502/645/1
f 1509/688/1 1493/689/1 1494/690/1 1510/691/1
f 1501/686/1 1500/635/1 1484/634/1 1485/687/1
f 1511/636/1 1510/691/1 1494/690/1 1495/637/1
f 1522/692/1 1521/693/1 1520/694/1
f 1533/698/1006 1549/699/1007 1548/617/987 1532/616/986
f 1539/700/1008 1555/701/1009 1554/695/1010 1538/702/1011
f 1543/703/1012 1559/704/1013 1558/705/1014 1542/706/1015
f 1529/707/1016 1545/708/1017 1560/709/1018 1544/710/1019
f 1542/706/1015 1558/705/1014 1557/711/1020 1541/712/1021
f 1540/713/1022 1556/714/1023 1555/701/1009 1539/700/1008
f 1537/715/974 1553/697/1024 1552/696/1025 1536/716/975
f 1534/717/979 1550/718/1026 1549/699/1007 1533/698/1006
f 1530/719/1027 1546/720/1028 1545/708/1017 1529/707/1016
f 1536/716/975 1552/696/1025 1551/721/1029 1535/722/978
f 1543/703/1012 1544/710/1019 1560/709/1018 1559/704/1013
f 1537/715/974 1538/702/1011 1554/695/1010 1553/697/1024
f 1541/712/1021 1557/711/1020 1556/714/1023 1540/713/1022
f 1535/722/978 1551/721/1029 1550/718/1026 1534/717/979
f 1531/619/989 1547/618/988 1546/720/1028 1530/719/1027
f 1503/644/1 1487/647/1 1488/642/1 1504/641/1
f 1506/649/1 1490/648/1 1491/627/1 1507/626/1
f 1538/609/1011 1537/600/974 1584/601/977 1585/606/982
f 1502/723/980 1566/724/980 1565/725/1030 1501/726/1030
f 1581/955/980 1580/954/1030 1565/728/1030 1566/727/980
f 1591/959/1031 1590/958/1032 1575/732/1032 1576/731/1031
f 1576/606/1031 1575/607/1032 1511/608/1032 1512/609/1031
f 1577/829/972 1592/961/1033 1561/735/1033 1562/603/972
f 1574/724/1034 1573/725/984 1509/726/984 1510/723/1034
f 1592/961/1033 1591/959/1031 1576/731/1031 1561/735/1033
f 1590/958/1032 1589/963/1034 1574/737/1034 1575/732/1032
f 1589/963/1034 1588/965/984 1573/739/984 1574/737/1034
f 1583/846/976 1582/967/981 1567/741/981 1568/620/976
f 1539/608/1008 1538/609/1011 1585/606/982 1586/607/983
f 1582/967/981 1581/955/980 1566/727/980 1567/741/981
f 1542/599/1015 1541/611/1021 1588/610/984 1589/598/1034
f 1590/594/1032 1543/597/1012 1542/599/1015 1589/598/1034
f 1588/725/984 1541/726/1021 1540/723/1022 1587/724/985
f 1536/596/975 1535/597/978 1582/594/981 1583/595/976
f 1565/610/1030 1564/598/973 1500/599/973 1501/611/1030
f 1529/600/1016 1544/596/1019 1591/595/1031 1592/601/1033
f 1534/599/979 1533/611/1006 1580/610/1030 1581/598/980
f 1532/723/986 1531/608/989 1578/607/971 1579/724/973
f 1533/726/1006 1532/723/986 1579/724/973 1580/725/1030
f 1544/596/1019 1543/597/1012 1590/594/1032 1591/595/1031
f 1531/608/989 1530/609/1027 1577/606/972 1578/607/971
f 1567/607/981 1566/724/980 1502/723/980 1503/608/981
f 1587/877/985 1586/969/983 1571/743/983 1572/651/985
f 1530/609/1027 1529/600/1016 1592/601/1033 1577/606/972
f 1579/971/973 1578/830/971 1563/602/971 1564/745/973
f 1575/607/1032 1574/724/1034 1510/723/1034 1511/608/1032
f 1580/954/1030 1579/971/973 1564/745/973 1565/728/1030
f 1562/595/972 1561/601/1033 1498/600/1033 1497/596/972
f 1561/601/1033 1576/606/1031 1512/609/1031 1498/600/1033
f 1572/598/985 1571/594/983 1507/597/983 1508/599/985
f 1540/723/1022 1539/608/1008 1586/607/983 1587/724/985
f 1586/969/983 1585/840/982 1570/612/982 1571/743/983
f 1516/684/1005 1517/683/1004 1485/682/1004 1484/685/1005
f 1627/747/1035 1626/748/1036 1635/749/1037 1628/750/1038
f 1623/751/1039 1622/752/1 1639/753/1 1640/754/1040
f 1624/755/1041 1623/751/1039 1640/754/1040 1647/756/1042
f 1650/757/1043 1644/758/1044 1641/759/1045
f 1644/760/1044 1647/761/1042 1640/754/1040
f 1629/762/1046 1628/750/1038 1635/763/1037 1650/764/1043
f 1640/754/1040 1641/759/1045 1644/765/1044
f 1625/766/1047 1624/755/1041 1647/767/1042
f 1647/768/1042 1635/769/1037 1626/748/1036 1625/766/1047
f 1650/770/1043 1630/771/1048 1629/762/1046
f 1630/771/1048 1650/772/1043 1641/759/1045 1631/773/1049
f 1643/774/1 1636/775/1 1618/776/1 1634/777/1
f 1638/778/1 1621/779/1 1620/780/1
f 1632/781/1 1642/782/1 1643/774/1 1633/783/1
f 1632/781/1 1631/773/1049 1641/759/1045 1642/782/1
f 1634/777/1 1633/783/1 1643/774/1
f 1639/753/1 1622/752/1 1621/779/1 1638/778/1
f 1626/748/1050 1601/748/1050 1600/766/1051 1625/766/1051
f 1627/747/1052 1602/747/1052 1601/748/1050 1626/748/1050
f 1628/750/1053 1603/750/1053 1602/747/1052 1627/747/1052
f 1636/775/1054 1610/775/1054 1611/784/1055 1637/784/1055
f 1629/762/1056 1604/762/1056 1603/750/1053 1628/750/1053
f 1632/781/1057 1607/781/1057 1606/773/1058 1631/773/1058
f 1643/774/1059 1617/774/1059 1610/775/1054 1636/775/1054
f 1637/784/1055 1611/784/1055 1612/778/1060 1638/778/1060
f 1630/771/1061 1605/771/1061 1604/762/1056 1629/762/1056
f 1624/755/1062 1599/755/1062 1598/751/1063 1623/751/1063
f 1639/753/1064 1613/753/1064 1614/754/1065 1640/754/1065
f 1625/766/1051 1600/766/1051 1599/755/1062 1624/755/1062
f 1619/785/1066 1594/785/1066 1593/776/1067 1618/776/1067
f 1619/785/1066 1620/780/1068 1595/780/1068 1594/785/1066
f 1642/782/1069 1616/782/1069 1617/774/1059 1643/774/1059
f 1640/754/1065 1614/754/1065 1615/759/1070 1641/759/1070
f 1621/779/1071 1596/779/1071 1595/780/1068 1620/780/1068
f 1636/775/1 1637/784/1 1619/785/1 1618/776/1
f 1634/777/1072 1609/777/1072 1608/783/1073 1633/783/1073
f 1641/759/1070 1615/759/1070 1616/782/1069 1642/782/1069
f 1632/781/1057 1633/783/1073 1608/783/1073 1607/781/1057
f 1622/752/1074 1597/752/1074 1596/779/1071 1621/779/1071
f 1618/776/1067 1593/776/1067 1609/777/1072 1634/777/1072
f 1623/751/1063 1598/751/1063 1597/752/1074 1622/752/1074
f 1639/753/1064 1638/778/1060 1612/778/1060 1613/753/1064
f 1631/773/1058 1606/773/1058 1605/771/1061 1630/771/1061
f 1645/786/1 1649/787/1 1648/788/1 1646/789/1
f 1645/790/1075 1646/791/1076 1647/792/1076 1644/793/1075
f 1646/794/1076 1648/795/1077 1635/796/1077 1647/797/1076
f 1648/798/1077 1649/799/1078 1650/800/1078 1635/801/1077
f 1649/802/1078 1645/803/1075 1644/804/1075 1650/805/1078
f 1620/780/1 1619/785/1 1637/784/1 1638/778/1
f 1514/806/1 1528/807/1 1513/808/1
f 1528/807/1 1527/809/1 1515/810/1 1513/808/1
f 1527/809/1 1526/811/1 1516/812/1 1515/810/1
f 1526/811/1 1525/813/1 1517/814/1 1516/812/1
f 1525/813/1 1524/815/1 1518/816/1 1517/814/1
f 1524/815/1 1523/817/1 1519/818/1 1518/816/1
f 1523/817/1 1522/692/1 1520/694/1 1519/818/1
