# Blender 5.0.1
# www.blender.org
mtllib supply_crate_1.mtl
o supply_crate_1
v -0.334000 -0.000000 -0.041371
v -0.334000 0.000000 0.042000
v -0.334000 0.016000 -0.041371
v -0.334000 0.016000 0.042000
v 0.333999 -0.000000 -0.041371
v 0.333999 0.000000 0.042000
v 0.333999 0.016000 -0.041371
v 0.333999 0.016000 0.042000
v -0.334000 0.143086 0.212206
v -0.334000 0.200000 0.212206
v -0.334000 0.143086 0.196000
v -0.334000 0.200000 0.196000
v 0.333999 0.143086 0.212206
v 0.333999 0.200000 0.212206
v 0.333999 0.143086 0.196000
v 0.333999 0.200000 0.196000
v 0.333999 0.143086 -0.210521
v 0.333999 0.200000 -0.210521
v 0.333999 0.143086 -0.196000
v 0.333999 0.200000 -0.196000
v -0.334000 0.143086 -0.210521
v -0.334000 0.200000 -0.210521
v -0.334000 0.143086 -0.196000
v -0.334000 0.200000 -0.196000
v -0.307999 0.143086 0.072000
v -0.307999 0.167486 0.052000
v -0.307999 0.167486 -0.052000
v -0.307999 0.143086 -0.072000
v -0.323999 0.143086 -0.072000
v -0.323999 0.167486 0.052000
v -0.323999 0.143086 0.072000
v -0.323999 0.167486 -0.052000
v 0.324000 0.143086 0.196000
v 0.324000 0.200000 0.196000
v 0.308000 0.143086 0.196000
v 0.308000 0.200000 0.196000
v 0.324000 0.143086 -0.196000
v 0.324000 0.200000 -0.196000
v 0.308000 0.143086 -0.196000
v 0.308000 0.200000 -0.196000
v -0.323999 0.200000 -0.196000
v -0.323999 0.143086 -0.196000
v -0.307999 0.200000 -0.196000
v -0.307999 0.143086 -0.196000
v -0.323999 0.200000 0.196000
v -0.324000 0.143086 0.196000
v -0.307999 0.200000 0.196000
v -0.307999 0.143086 0.196000
v 0.308000 0.167486 -0.052000
v 0.308000 0.143086 0.072000
v 0.308000 0.167486 0.052000
v 0.308000 0.143086 -0.072000
v 0.324000 0.143086 -0.072000
v 0.324000 0.167486 -0.052000
v 0.324000 0.167486 0.052000
v 0.324000 0.143086 0.072000
v -0.334000 0.078556 -0.213973
v -0.334000 0.078556 0.209534
v -0.334000 0.126995 0.209534
v -0.334000 0.078556 0.196000
v -0.334000 0.126995 0.196000
v 0.333999 0.078556 0.209534
v 0.333999 0.126995 0.209534
v 0.333999 0.078556 0.196000
v 0.333999 0.126995 0.196000
v 0.333999 0.078556 -0.213973
v 0.333999 0.126995 -0.213973
v 0.333999 0.078556 -0.196000
v 0.333999 0.126995 -0.196000
v -0.334000 0.126995 -0.213973
v -0.334000 0.078556 -0.196000
v -0.334000 0.126995 -0.196000
v -0.324000 0.078556 -0.196000
v -0.324000 0.126995 -0.196000
v -0.308000 0.078556 -0.196000
v -0.308000 0.126995 -0.196000
v -0.324000 0.078556 0.196000
v -0.324000 0.126995 0.196000
v -0.308000 0.126995 0.196000
v 0.324000 0.078556 0.196000
v 0.324000 0.126995 0.196000
v 0.308000 0.126995 0.196000
v 0.324000 0.078556 -0.196000
v 0.324000 0.126995 -0.196000
v 0.308000 0.078556 -0.196000
v 0.308000 0.126995 -0.196000
v -0.308000 0.078556 0.196000
v 0.308000 0.078556 0.196000
v -0.334000 -0.000000 -0.126520
v -0.334000 0.000000 -0.051452
v -0.334000 0.016000 -0.126520
v -0.334000 0.016000 -0.051452
v 0.333999 -0.000000 -0.126520
v 0.333999 0.000000 -0.051452
v 0.333999 0.016000 -0.126520
v 0.333999 0.016000 -0.051452
v -0.334000 -0.000000 -0.212000
v -0.334000 0.000000 -0.134548
v -0.334000 0.016000 -0.212000
v -0.334000 0.016000 -0.134548
v 0.333999 -0.000000 -0.212000
v 0.333999 0.000000 -0.134548
v 0.333999 0.016000 -0.212000
v 0.333999 0.016000 -0.134548
v -0.334000 -0.000000 0.050602
v -0.334000 0.000000 0.131371
v -0.334000 0.016000 0.050602
v -0.334000 0.016000 0.131371
v 0.333999 -0.000000 0.050602
v 0.333999 0.000000 0.131371
v 0.333999 0.016000 0.050602
v 0.333999 0.016000 0.131371
v -0.334000 -0.000000 0.138000
v -0.334000 0.000000 0.212000
v -0.334000 0.016000 0.138000
v -0.334000 0.016000 0.212000
v 0.333999 -0.000000 0.138000
v 0.333999 0.000000 0.212000
v 0.333999 0.016000 0.138000
v 0.333999 0.016000 0.212000
v -0.324000 0.016000 -0.196000
v -0.324000 0.060000 -0.196000
v -0.308000 0.016000 -0.196000
v -0.308000 0.060000 -0.196000
v -0.324000 0.016000 0.196000
v -0.324000 0.060000 0.196000
v -0.308000 0.060000 0.196000
v 0.324000 0.016000 0.196000
v 0.324000 0.060000 0.196000
v 0.308000 0.060000 0.196000
v 0.324000 0.016000 -0.196000
v 0.324000 0.060000 -0.196000
v 0.308000 0.016000 -0.196000
v 0.308000 0.060000 -0.196000
v -0.256000 0.016000 0.196000
v -0.256000 0.184000 0.196000
v -0.308000 0.016000 0.144000
v -0.308000 0.184000 0.144000
v -0.308000 0.016000 0.196000
v -0.308000 0.184000 0.196000
v 0.308000 0.016000 0.144000
v 0.308000 0.184000 0.144000
v 0.256000 0.016000 0.196000
v 0.256000 0.184000 0.196000
v 0.308000 0.016000 0.196000
v 0.308000 0.184000 0.196000
v 0.256000 0.016000 -0.196000
v 0.256000 0.184000 -0.196000
v 0.308000 0.016000 -0.144000
v 0.308000 0.184000 -0.144000
v 0.308000 0.184000 -0.196000
v -0.308000 0.016000 -0.144000
v -0.308000 0.184000 -0.144000
v -0.256000 0.016000 -0.196000
v -0.256000 0.184000 -0.196000
v -0.308000 0.184000 -0.196000
v -0.334000 0.016000 -0.212000
v -0.334000 0.016000 0.212000
v -0.334000 0.060000 0.212000
v -0.334000 0.016000 0.196000
v -0.334000 0.060000 0.196000
v 0.333999 0.016000 0.212000
v 0.333999 0.060000 0.212000
v 0.333999 0.016000 0.196000
v 0.333999 0.060000 0.196000
v 0.333999 0.016000 -0.212000
v 0.333999 0.060000 -0.212000
v 0.333999 0.016000 -0.196000
v 0.333999 0.060000 -0.196000
v -0.334000 0.060000 -0.212000
v -0.334000 0.016000 -0.196000
v -0.334000 0.060000 -0.196000
v 0.196692 0.033507 -0.055843
v 0.193055 0.196200 -0.058385
v 0.227275 0.033507 -0.075360
v 0.226501 0.196200 -0.079729
v 0.262701 0.033507 -0.067534
v 0.265244 0.196200 -0.071171
v 0.282218 0.033507 -0.036951
v 0.286588 0.196200 -0.037725
v 0.274393 0.033507 -0.001525
v 0.278030 0.196200 0.001018
v 0.243810 0.033507 0.017992
v 0.244584 0.196200 0.022362
v 0.208383 0.033507 0.010167
v 0.205841 0.196200 0.013804
v 0.188866 0.033507 -0.020416
v 0.184497 0.196200 -0.019642
v 0.219020 0.023137 -0.040234
v 0.232026 0.023137 -0.048534
v 0.247093 0.023137 -0.045206
v 0.255393 0.023137 -0.032200
v 0.252065 0.023137 -0.017133
v 0.239058 0.023137 -0.008833
v 0.223992 0.023137 -0.012161
v 0.215692 0.023137 -0.025168
v 0.218547 0.358200 -0.040564
v 0.231926 0.358200 -0.049102
v 0.247423 0.358200 -0.045679
v 0.255960 0.358200 -0.032300
v 0.252537 0.358200 -0.016803
v 0.239159 0.358200 -0.008265
v 0.223662 0.358200 -0.011689
v 0.215124 0.358200 -0.025067
v 0.204372 0.018693 -0.050473
v 0.228909 0.018693 -0.066132
v 0.257332 0.018693 -0.059854
v 0.272991 0.018693 -0.035317
v 0.266713 0.018693 -0.006894
v 0.242175 0.018693 0.008765
v 0.213752 0.018693 0.002487
v 0.198094 0.018693 -0.022051
v 0.209697 0.026100 0.008288
v 0.243410 0.026100 0.015735
v 0.272514 0.026100 -0.002838
v 0.279961 0.026100 -0.036551
v 0.191124 0.026100 -0.020816
v 0.261388 0.026100 -0.065655
v 0.227675 0.026100 -0.073102
v 0.198571 0.026100 -0.054529
v 0.240220 0.309600 -0.002274
v 0.220176 0.309600 -0.006702
v 0.261952 0.309600 -0.033361
v 0.257524 0.309600 -0.013317
v 0.230865 0.309600 -0.055093
v 0.250909 0.309600 -0.050665
v 0.209133 0.309600 -0.024006
v 0.213561 0.309600 -0.044050
v 0.207402 0.245986 -0.048355
v 0.213832 0.278998 -0.043860
v 0.212562 0.261874 -0.044748
v 0.229554 0.245986 -0.062492
v 0.230922 0.278998 -0.054766
v 0.230652 0.261874 -0.056292
v 0.255214 0.245986 -0.056824
v 0.250719 0.278998 -0.050394
v 0.251607 0.261874 -0.051663
v 0.269350 0.245986 -0.034672
v 0.261625 0.278998 -0.033303
v 0.263151 0.261874 -0.033574
v 0.263682 0.245986 -0.009012
v 0.257252 0.278998 -0.013507
v 0.258522 0.261874 -0.012619
v 0.241530 0.245986 0.005124
v 0.240162 0.278998 -0.002601
v 0.240432 0.261874 -0.001075
v 0.215871 0.245986 -0.000544
v 0.220366 0.278998 -0.006974
v 0.219478 0.261874 -0.005704
v 0.201734 0.245986 -0.022696
v 0.209460 0.278998 -0.024064
v 0.207934 0.261874 -0.023794
v 0.226796 0.058997 -0.078063
v 0.264275 0.058997 -0.069785
v 0.284922 0.058997 -0.037430
v 0.276644 0.058997 0.000049
v 0.244289 0.058997 0.020696
v 0.206810 0.058997 0.012418
v 0.186163 0.058997 -0.019937
v 0.194441 0.058997 -0.057416
v 0.239503 0.333900 -0.006322
v 0.257904 0.333900 -0.032644
v 0.231582 0.333900 -0.051045
v 0.216930 0.333900 -0.041695
v 0.222531 0.333900 -0.010071
v 0.254155 0.333900 -0.015672
v 0.248554 0.333900 -0.047296
v 0.213181 0.333900 -0.024723
v 0.213015 0.294299 -0.044431
v 0.230749 0.294299 -0.055748
v 0.251290 0.294299 -0.051211
v 0.262606 0.294299 -0.033477
v 0.258069 0.294299 -0.012936
v 0.240336 0.294299 -0.001620
v 0.219795 0.294299 -0.006157
v 0.208478 0.294299 -0.023890
v 0.226519 0.187625 -0.079625
v 0.265183 0.187625 -0.071085
v 0.286484 0.187625 -0.037707
v 0.277943 0.187625 0.000957
v 0.244565 0.187625 0.022258
v 0.205901 0.187625 0.013717
v 0.184601 0.187625 -0.019661
v 0.193141 0.187625 -0.058325
v 0.216848 0.358677 -0.041752
v 0.231564 0.358677 -0.051144
v 0.248611 0.358677 -0.047378
v 0.258002 0.358677 -0.032662
v 0.254237 0.358677 -0.015615
v 0.239520 0.358677 -0.006224
v 0.222474 0.358677 -0.009989
v 0.213082 0.358677 -0.024705
v 0.220100 0.372468 -0.039479
v 0.232256 0.372468 -0.047237
v 0.246338 0.372468 -0.044126
v 0.254095 0.372468 -0.031970
v 0.250985 0.372468 -0.017888
v 0.238828 0.372468 -0.010131
v 0.224747 0.372468 -0.013241
v 0.216989 0.372468 -0.025398
v 0.223068 0.369529 -0.010840
v 0.214104 0.369529 -0.024886
v 0.253386 0.369529 -0.016210
v 0.239339 0.369529 -0.007245
v 0.248016 0.369529 -0.046528
v 0.256980 0.369529 -0.032481
v 0.217698 0.369529 -0.041158
v 0.231745 0.369529 -0.050122
v 0.227444 0.220500 -0.074406
v 0.273600 0.220500 -0.002079
v 0.189820 0.220500 -0.020585
v 0.262147 0.220500 -0.066741
v 0.243641 0.220500 0.017039
v 0.197485 0.220500 -0.055288
v 0.281265 0.220500 -0.036782
v 0.208938 0.220500 0.009374
v -0.024983 0.033507 -0.163933
v -0.022222 0.196200 -0.167408
v -0.007381 0.033507 -0.132210
v -0.002972 0.196200 -0.132714
v -0.017366 0.033507 -0.097331
v -0.013892 0.196200 -0.094570
v -0.049090 0.033507 -0.079728
v -0.048586 0.196200 -0.075319
v -0.083969 0.033507 -0.089713
v -0.086730 0.196200 -0.086239
v -0.101572 0.033507 -0.121437
v -0.105981 0.196200 -0.120933
v -0.091586 0.033507 -0.156316
v -0.095060 0.196200 -0.159077
v -0.059862 0.033507 -0.173919
v -0.060367 0.196200 -0.178328
v -0.041933 0.023137 -0.142606
v -0.034447 0.023137 -0.129114
v -0.038694 0.023137 -0.114281
v -0.052186 0.023137 -0.106795
v -0.067019 0.023137 -0.111041
v -0.074505 0.023137 -0.124533
v -0.070258 0.023137 -0.139366
v -0.056767 0.023137 -0.146852
v -0.041575 0.358200 -0.143057
v -0.033875 0.358200 -0.129180
v -0.038243 0.358200 -0.113922
v -0.052120 0.358200 -0.106222
v -0.067378 0.358200 -0.110590
v -0.075078 0.358200 -0.124467
v -0.070710 0.358200 -0.139725
v -0.056832 0.358200 -0.147425
v -0.030814 0.018693 -0.156597
v -0.016691 0.018693 -0.131145
v -0.024703 0.018693 -0.103161
v -0.050155 0.018693 -0.089038
v -0.078139 0.018693 -0.097050
v -0.092261 0.018693 -0.122502
v -0.084250 0.018693 -0.150486
v -0.058798 0.018693 -0.164609
v -0.089791 0.026100 -0.154890
v -0.099294 0.026100 -0.121698
v -0.082543 0.026100 -0.091508
v -0.049351 0.026100 -0.082006
v -0.059602 0.026100 -0.171641
v -0.019161 0.026100 -0.098757
v -0.009659 0.026100 -0.131949
v -0.026410 0.026100 -0.162139
v -0.081123 0.309600 -0.123776
v -0.075473 0.309600 -0.143511
v -0.051429 0.309600 -0.100177
v -0.071163 0.309600 -0.105827
v -0.027830 0.309600 -0.129871
v -0.033479 0.309600 -0.110136
v -0.057524 0.309600 -0.153470
v -0.037789 0.309600 -0.147820
v -0.033114 0.245986 -0.153703
v -0.037996 0.278998 -0.147561
v -0.037032 0.261874 -0.148774
v -0.020365 0.245986 -0.130725
v -0.028159 0.278998 -0.129833
v -0.026620 0.261874 -0.130009
v -0.027597 0.245986 -0.105461
v -0.033739 0.278998 -0.110343
v -0.032526 0.261874 -0.109379
v -0.050575 0.245986 -0.092712
v -0.051467 0.278998 -0.100506
v -0.051290 0.261874 -0.098967
v -0.075838 0.245986 -0.099944
v -0.070957 0.278998 -0.106086
v -0.071921 0.261874 -0.104873
v -0.088588 0.245986 -0.122922
v -0.080793 0.278998 -0.123814
v -0.082333 0.261874 -0.123638
v -0.081356 0.245986 -0.148186
v -0.075213 0.278998 -0.143304
v -0.076427 0.261874 -0.144268
v -0.058378 0.245986 -0.160935
v -0.057486 0.278998 -0.153141
v -0.057662 0.261874 -0.154680
v -0.004653 0.058997 -0.132522
v -0.015217 0.058997 -0.095622
v -0.048778 0.058997 -0.077000
v -0.085678 0.058997 -0.087564
v -0.104300 0.058997 -0.121125
v -0.093736 0.058997 -0.158025
v -0.060174 0.058997 -0.176647
v -0.023275 0.058997 -0.166083
v -0.077039 0.333900 -0.124243
v -0.051896 0.333900 -0.104261
v -0.031914 0.333900 -0.129404
v -0.040347 0.333900 -0.144602
v -0.072255 0.333900 -0.140953
v -0.068606 0.333900 -0.109045
v -0.036698 0.333900 -0.112694
v -0.057057 0.333900 -0.149386
v -0.037375 0.294299 -0.148341
v -0.027169 0.294299 -0.129946
v -0.032959 0.294299 -0.109723
v -0.051353 0.294299 -0.099516
v -0.071577 0.294299 -0.105306
v -0.081784 0.294299 -0.123700
v -0.075994 0.294299 -0.143924
v -0.057599 0.294299 -0.154131
v -0.003077 0.187625 -0.132702
v -0.013975 0.187625 -0.094635
v -0.048598 0.187625 -0.075424
v -0.086664 0.187625 -0.086322
v -0.105876 0.187625 -0.120945
v -0.094978 0.187625 -0.159012
v -0.060355 0.187625 -0.178223
v -0.022288 0.187625 -0.167325
v -0.040285 0.358677 -0.144681
v -0.031814 0.358677 -0.129415
v -0.036619 0.358677 -0.112632
v -0.051885 0.358677 -0.104162
v -0.068668 0.358677 -0.108966
v -0.077138 0.358677 -0.124232
v -0.072333 0.358677 -0.141015
v -0.057068 0.358677 -0.149485
v -0.042753 0.372468 -0.141574
v -0.035757 0.372468 -0.128964
v -0.039726 0.372468 -0.115101
v -0.052335 0.372468 -0.108104
v -0.066199 0.372468 -0.112073
v -0.073196 0.372468 -0.124683
v -0.069227 0.372468 -0.138546
v -0.056617 0.372468 -0.145543
v -0.071521 0.369529 -0.140370
v -0.056950 0.369529 -0.148454
v -0.068022 0.369529 -0.109779
v -0.076107 0.369529 -0.124350
v -0.037432 0.369529 -0.113277
v -0.052002 0.369529 -0.105193
v -0.040930 0.369529 -0.143868
v -0.032845 0.369529 -0.129297
v -0.008343 0.220500 -0.132100
v -0.083367 0.220500 -0.090471
v -0.059752 0.220500 -0.172957
v -0.018124 0.220500 -0.097933
v -0.100610 0.220500 -0.121547
v -0.025586 0.220500 -0.163176
v -0.049200 0.220500 -0.080690
v -0.090828 0.220500 -0.155714
v 0.010367 0.118195 0.016953
v 0.021650 0.104006 0.027660
v 0.028136 0.084944 0.033815
v 0.028837 0.063911 0.034479
v 0.023645 0.044111 0.029553
v 0.013353 0.028556 0.019786
v -0.000475 0.019615 0.006666
v -0.015731 0.018649 -0.007812
v -0.030095 0.025805 -0.021441
v -0.041378 0.039994 -0.032148
v -0.047864 0.059056 -0.038303
v -0.048565 0.080089 -0.038967
v -0.043374 0.099889 -0.034041
v -0.033081 0.115444 -0.024274
v -0.019253 0.124385 -0.011154
v -0.003997 0.125351 0.003324
v 0.022841 0.105215 0.028790
v 0.011131 0.119940 0.017679
v 0.029572 0.085433 0.035177
v 0.030299 0.063606 0.035867
v 0.024912 0.043057 0.030755
v 0.014230 0.026914 0.020619
v -0.000120 0.017635 0.007002
v -0.015953 0.016633 -0.008022
v -0.030860 0.024060 -0.022167
v -0.042569 0.038785 -0.033278
v -0.049300 0.058567 -0.039665
v -0.050027 0.080394 -0.040355
v -0.044640 0.100943 -0.035243
v -0.033958 0.117086 -0.025107
v -0.019608 0.126365 -0.011490
v -0.003775 0.127367 0.003534
v 0.023223 0.103365 0.024741
v 0.012165 0.117271 0.014248
v 0.029579 0.084685 0.030772
v 0.030265 0.064073 0.031424
v 0.025178 0.044668 0.026596
v 0.015091 0.029424 0.017025
v 0.001540 0.020662 0.004166
v -0.013411 0.019716 -0.010021
v -0.027488 0.026729 -0.023378
v -0.038546 0.040635 -0.033871
v -0.044902 0.059315 -0.039903
v -0.045588 0.079927 -0.040554
v -0.040501 0.099332 -0.035727
v -0.030414 0.114576 -0.026155
v -0.016863 0.123338 -0.013297
v -0.001911 0.124284 0.000891
v 0.122641 0.119940 -0.099835
v 0.134351 0.105215 -0.088724
v 0.141082 0.085433 -0.082337
v 0.141809 0.063606 -0.081647
v 0.136421 0.043057 -0.086759
v 0.125740 0.026914 -0.096895
v 0.111390 0.017635 -0.110512
v 0.095557 0.016633 -0.125536
v 0.080650 0.024060 -0.139681
v 0.068940 0.038785 -0.150792
v 0.062209 0.058567 -0.157179
v 0.061482 0.080394 -0.157869
v 0.066870 0.100943 -0.152757
v 0.077552 0.117086 -0.142621
v 0.091901 0.126365 -0.129004
v 0.107735 0.127367 -0.113980
v 0.123865 0.116449 -0.104188
v 0.134722 0.102796 -0.093886
v 0.140963 0.084455 -0.087964
v 0.141637 0.064217 -0.087324
v 0.136642 0.045165 -0.092064
v 0.126738 0.030197 -0.101462
v 0.113434 0.021594 -0.114087
v 0.098753 0.020665 -0.128017
v 0.084933 0.027551 -0.141131
v 0.074076 0.041204 -0.151434
v 0.067835 0.059545 -0.157356
v 0.067161 0.079783 -0.157995
v 0.072156 0.098835 -0.153255
v 0.082060 0.113803 -0.143858
v 0.095364 0.122406 -0.131233
v 0.110045 0.123335 -0.117303
v 0.013885 0.119940 0.014777
v 0.025595 0.105215 0.025889
v 0.032325 0.085433 0.032276
v 0.033052 0.063606 0.032966
v 0.027665 0.043057 0.027853
v 0.016983 0.026914 0.017717
v 0.002633 0.017635 0.004101
v -0.013200 0.016633 -0.010924
v -0.028106 0.024060 -0.025068
v -0.039816 0.038785 -0.036180
v -0.046547 0.058567 -0.042567
v -0.047274 0.080394 -0.043257
v -0.041887 0.100943 -0.038144
v -0.031205 0.117086 -0.028009
v -0.016855 0.126365 -0.014392
v -0.001022 0.127367 0.000632
v 0.131598 0.105215 -0.085822
v 0.138328 0.085433 -0.079435
v 0.139056 0.063606 -0.078745
v 0.133668 0.043057 -0.083858
v 0.122986 0.026914 -0.093994
v 0.108637 0.017635 -0.107610
v 0.092803 0.016633 -0.122635
v 0.077897 0.024060 -0.136779
v 0.066187 0.038785 -0.147891
v 0.059456 0.058567 -0.154278
v 0.058729 0.080394 -0.154968
v 0.064117 0.100943 -0.149855
v 0.074798 0.117086 -0.139719
v 0.089148 0.126365 -0.126103
v 0.104981 0.127367 -0.111079
v 0.119888 0.119940 -0.096934
v -0.011562 0.072717 -0.008267
v -0.005214 0.067434 -0.002243
v -0.002827 0.062345 0.000022
v -0.001800 0.049546 0.000996
v -0.004787 0.042725 -0.001838
v -0.007396 0.041639 -0.004314
v -0.015086 0.029735 -0.011610
v -0.018595 0.026607 -0.014941
v -0.021159 0.025638 -0.017373
v -0.026878 0.028226 -0.022799
v -0.031020 0.033690 -0.026731
v -0.031674 0.037336 -0.027350
v -0.031411 0.043323 -0.027102
v -0.027001 0.058266 -0.022916
v -0.027708 0.061802 -0.023588
v -0.024771 0.068509 -0.020801
v -0.015891 0.073373 -0.012375
v -0.014658 0.066034 -0.011204
v -0.008196 0.060656 -0.005072
v -0.006848 0.053459 -0.003794
v -0.009794 0.046733 -0.006589
v -0.015000 0.045120 -0.011529
v -0.021462 0.050498 -0.017661
v -0.022780 0.057541 -0.018911
v -0.019834 0.064267 -0.016116
v -0.013627 0.072717 -0.006091
v -0.007279 0.067434 -0.000067
v -0.004892 0.062345 0.002198
v -0.003865 0.049546 0.003173
v -0.006852 0.042725 0.000338
v -0.009461 0.041639 -0.002137
v -0.017151 0.029735 -0.009434
v -0.020660 0.026607 -0.012764
v -0.023224 0.025638 -0.015197
v -0.028943 0.028226 -0.020623
v -0.033085 0.033690 -0.024554
v -0.033739 0.037336 -0.025174
v -0.033476 0.043323 -0.024926
v -0.029066 0.058266 -0.020740
v -0.029773 0.061802 -0.021412
v -0.026836 0.068509 -0.018624
v -0.017956 0.073373 -0.010198
v -0.027266 0.032260 -0.018757
v -0.016723 0.066034 -0.009028
v -0.010261 0.060656 -0.002896
v -0.008913 0.053459 -0.001617
v -0.011859 0.046733 -0.004413
v -0.017065 0.045120 -0.009353
v -0.023527 0.050498 -0.015485
v -0.024845 0.057541 -0.016735
v -0.021899 0.064267 -0.013940
v -0.022453 0.043251 -0.014189
v -0.024597 0.041501 -0.013467
v -0.023522 0.035497 -0.012447
v -0.020875 0.034440 -0.012692
v -0.027877 0.034011 -0.016579
v -0.028956 0.040019 -0.017603
v -0.028850 0.041077 -0.020260
v -0.208014 0.182000 -0.045286
v -0.192593 0.182000 -0.030952
v -0.183831 0.182000 -0.011807
v -0.183062 0.182000 0.009233
v -0.190403 0.182000 0.028966
v -0.204737 0.182000 0.044388
v -0.223882 0.182000 0.053150
v -0.244922 0.182000 0.053919
v -0.264655 0.182000 0.046578
v -0.280077 0.182000 0.032243
v -0.288839 0.182000 0.013099
v -0.289608 0.182000 -0.007942
v -0.282266 0.182000 -0.027675
v -0.267932 0.182000 -0.043096
v -0.248788 0.182000 -0.051858
v -0.227747 0.182000 -0.052627
v -0.190940 0.182000 -0.032146
v -0.206944 0.182000 -0.047022
v -0.181846 0.182000 -0.012278
v -0.181048 0.182000 0.009558
v -0.188667 0.182000 0.030036
v -0.203543 0.182000 0.046041
v -0.223411 0.182000 0.055134
v -0.245247 0.182000 0.055932
v -0.265725 0.182000 0.048313
v -0.281730 0.182000 0.033437
v -0.290823 0.182000 0.013569
v -0.291621 0.182000 -0.008266
v -0.284002 0.182000 -0.028745
v -0.269126 0.182000 -0.044749
v -0.249258 0.182000 -0.053843
v -0.227423 0.182000 -0.054641
v -0.193468 0.178800 -0.030320
v -0.208581 0.178800 -0.044367
v -0.184881 0.178800 -0.011558
v -0.184127 0.178800 0.009061
v -0.191322 0.178800 0.028400
v -0.205369 0.178800 0.043513
v -0.224131 0.178800 0.052100
v -0.244750 0.178800 0.052853
v -0.264089 0.178800 0.045659
v -0.279202 0.178800 0.031611
v -0.287789 0.178800 0.012850
v -0.288542 0.178800 -0.007770
v -0.281348 0.178800 -0.027108
v -0.267300 0.178800 -0.042221
v -0.248539 0.178800 -0.050808
v -0.227919 0.178800 -0.051562
v -0.206944 0.020000 -0.047022
v -0.190940 0.020000 -0.032146
v -0.181846 0.020000 -0.012278
v -0.181048 0.020000 0.009558
v -0.188667 0.020000 0.030036
v -0.203543 0.020000 0.046041
v -0.223411 0.020000 0.055134
v -0.245247 0.020000 0.055932
v -0.265725 0.020000 0.048313
v -0.281730 0.020000 0.033437
v -0.290823 0.020000 0.013569
v -0.291621 0.020000 -0.008266
v -0.284002 0.020000 -0.028745
v -0.269126 0.020000 -0.044749
v -0.249258 0.020000 -0.053843
v -0.227423 0.020000 -0.054641
v -0.209084 0.016000 -0.043550
v -0.194246 0.016000 -0.029758
v -0.185815 0.016000 -0.011337
v -0.185075 0.016000 0.008909
v -0.192139 0.016000 0.027896
v -0.205931 0.016000 0.042735
v -0.224352 0.016000 0.051166
v -0.244598 0.016000 0.051906
v -0.263585 0.016000 0.044842
v -0.278424 0.016000 0.031049
v -0.286855 0.016000 0.012628
v -0.287595 0.016000 -0.007617
v -0.280531 0.016000 -0.026604
v -0.266738 0.016000 -0.041443
v -0.248317 0.016000 -0.049874
v -0.228072 0.016000 -0.050614
v -0.206944 0.178000 -0.047022
v -0.190940 0.178000 -0.032146
v -0.181846 0.178000 -0.012278
v -0.181048 0.178000 0.009558
v -0.188667 0.178000 0.030036
v -0.203543 0.178000 0.046041
v -0.223411 0.178000 0.055134
v -0.245247 0.178000 0.055932
v -0.265725 0.178000 0.048313
v -0.281730 0.178000 0.033437
v -0.290823 0.178000 0.013569
v -0.291621 0.178000 -0.008266
v -0.284002 0.178000 -0.028745
v -0.269126 0.178000 -0.044749
v -0.249258 0.178000 -0.053843
v -0.227423 0.178000 -0.054641
v -0.190940 0.024000 -0.032146
v -0.181846 0.024000 -0.012278
v -0.181048 0.024000 0.009558
v -0.188667 0.024000 0.030036
v -0.203543 0.024000 0.046041
v -0.223411 0.024000 0.055134
v -0.245247 0.024000 0.055932
v -0.265725 0.024000 0.048313
v -0.281730 0.024000 0.033437
v -0.290823 0.024000 0.013569
v -0.291621 0.024000 -0.008266
v -0.284002 0.024000 -0.028745
v -0.269126 0.024000 -0.044749
v -0.249258 0.024000 -0.053843
v -0.227423 0.024000 -0.054641
v -0.206944 0.024000 -0.047022
v -0.241706 0.178800 -0.000122
v -0.233004 0.178800 0.005244
v -0.229761 0.178800 0.010363
v -0.228465 0.178800 0.023174
v -0.232647 0.178800 0.029956
v -0.236253 0.178800 0.031009
v -0.246964 0.178800 0.042813
v -0.251832 0.178800 0.045896
v -0.255375 0.178800 0.046831
v -0.263234 0.178800 0.044170
v -0.268893 0.178800 0.038652
v -0.269760 0.178800 0.034998
v -0.269342 0.178800 0.029015
v -0.263122 0.178800 0.014130
v -0.264065 0.178800 0.010585
v -0.259953 0.178800 0.003916
v -0.247667 0.178800 -0.000833
v -0.246035 0.178800 0.006521
v -0.237177 0.178800 0.011983
v -0.235387 0.178800 0.019197
v -0.239511 0.178800 0.025884
v -0.246702 0.178800 0.027430
v -0.255560 0.178800 0.021969
v -0.257311 0.178800 0.014909
v -0.253187 0.178800 0.008221
v -0.241706 0.181800 -0.000122
v -0.233004 0.181800 0.005244
v -0.229761 0.181800 0.010363
v -0.228465 0.181800 0.023174
v -0.232647 0.181800 0.029956
v -0.236253 0.181800 0.031009
v -0.246964 0.181800 0.042813
v -0.251832 0.181800 0.045896
v -0.255375 0.181800 0.046831
v -0.263234 0.181800 0.044170
v -0.268893 0.181800 0.038652
v -0.269760 0.181800 0.034998
v -0.269342 0.181800 0.029015
v -0.263122 0.181800 0.014130
v -0.264065 0.181800 0.010585
v -0.259953 0.181800 0.003916
v -0.247667 0.181800 -0.000833
v -0.260695 0.182000 0.040159
v -0.246035 0.181800 0.006521
v -0.237177 0.181800 0.011983
v -0.235387 0.181800 0.019197
v -0.239511 0.181800 0.025884
v -0.246702 0.181800 0.027430
v -0.255560 0.181800 0.021969
v -0.257311 0.181800 0.014909
v -0.253187 0.181800 0.008221
v -0.253957 0.182000 0.029231
v -0.255031 0.184000 0.030971
v -0.253605 0.184000 0.036989
v -0.251865 0.182000 0.038062
v -0.259623 0.184000 0.038418
v -0.261054 0.184000 0.032397
v -0.262796 0.182000 0.031323
v -0.160010 0.182000 -0.001905
v -0.169326 0.182000 -0.020787
v -0.170708 0.182000 -0.041796
v -0.163944 0.182000 -0.061734
v -0.150065 0.182000 -0.077567
v -0.131184 0.182000 -0.086883
v -0.110175 0.182000 -0.088264
v -0.090237 0.182000 -0.081501
v -0.074404 0.182000 -0.067622
v -0.065088 0.182000 -0.048741
v -0.063706 0.182000 -0.027732
v -0.070470 0.182000 -0.007793
v -0.084349 0.182000 0.008039
v -0.103230 0.182000 0.017356
v -0.124239 0.182000 0.018737
v -0.144178 0.182000 0.011974
v -0.171296 0.182000 -0.020258
v -0.161628 0.182000 -0.000664
v -0.172729 0.182000 -0.042061
v -0.165710 0.182000 -0.062753
v -0.151307 0.182000 -0.079184
v -0.131712 0.182000 -0.088852
v -0.109909 0.182000 -0.090286
v -0.089217 0.182000 -0.083267
v -0.072786 0.182000 -0.068864
v -0.063118 0.182000 -0.049269
v -0.061685 0.182000 -0.027466
v -0.068704 0.182000 -0.006774
v -0.083107 0.182000 0.009657
v -0.102702 0.182000 0.019325
v -0.124505 0.182000 0.020759
v -0.145197 0.182000 0.013740
v -0.168284 0.178800 -0.021066
v -0.159154 0.178800 -0.002562
v -0.169638 0.178800 -0.041655
v -0.163009 0.178800 -0.061195
v -0.149408 0.178800 -0.076711
v -0.130905 0.178800 -0.085840
v -0.110316 0.178800 -0.087194
v -0.090776 0.178800 -0.080566
v -0.075260 0.178800 -0.066965
v -0.066130 0.178800 -0.048461
v -0.064776 0.178800 -0.027872
v -0.071405 0.178800 -0.008333
v -0.085006 0.178800 0.007183
v -0.103509 0.178800 0.016313
v -0.124098 0.178800 0.017667
v -0.143638 0.178800 0.011039
v -0.161628 0.020000 -0.000664
v -0.171296 0.020000 -0.020258
v -0.172730 0.020000 -0.042061
v -0.165710 0.020000 -0.062753
v -0.151307 0.020000 -0.079184
v -0.131712 0.020000 -0.088852
v -0.109909 0.020000 -0.090286
v -0.089217 0.020000 -0.083267
v -0.072787 0.020000 -0.068864
v -0.063118 0.020000 -0.049269
v -0.061685 0.020000 -0.027466
v -0.068704 0.020000 -0.006774
v -0.083107 0.020000 0.009657
v -0.102702 0.020000 0.019325
v -0.124505 0.020000 0.020759
v -0.145197 0.020000 0.013740
v -0.158393 0.016000 -0.003147
v -0.167357 0.016000 -0.021315
v -0.168686 0.016000 -0.041530
v -0.162178 0.016000 -0.060715
v -0.148824 0.016000 -0.075949
v -0.130656 0.016000 -0.084913
v -0.110441 0.016000 -0.086243
v -0.091256 0.016000 -0.079735
v -0.076022 0.016000 -0.066380
v -0.067057 0.016000 -0.048213
v -0.065728 0.016000 -0.027997
v -0.072236 0.016000 -0.008812
v -0.085590 0.016000 0.006422
v -0.103758 0.016000 0.015386
v -0.123973 0.016000 0.016715
v -0.143158 0.016000 0.010207
v -0.161628 0.178000 -0.000664
v -0.171296 0.178000 -0.020258
v -0.172729 0.178000 -0.042061
v -0.165710 0.178000 -0.062753
v -0.151307 0.178000 -0.079184
v -0.131712 0.178000 -0.088852
v -0.109909 0.178000 -0.090286
v -0.089217 0.178000 -0.083267
v -0.072786 0.178000 -0.068864
v -0.063118 0.178000 -0.049269
v -0.061685 0.178000 -0.027466
v -0.068704 0.178000 -0.006774
v -0.083107 0.178000 0.009657
v -0.102702 0.178000 0.019325
v -0.124505 0.178000 0.020759
v -0.145197 0.178000 0.013740
v -0.171296 0.024000 -0.020258
v -0.172730 0.024000 -0.042061
v -0.165710 0.024000 -0.062753
v -0.151307 0.024000 -0.079184
v -0.131712 0.024000 -0.088852
v -0.109909 0.024000 -0.090286
v -0.089217 0.024000 -0.083267
v -0.072787 0.024000 -0.068864
v -0.063118 0.024000 -0.049269
v -0.061685 0.024000 -0.027466
v -0.068704 0.024000 -0.006774
v -0.083107 0.024000 0.009657
v -0.102702 0.024000 0.019325
v -0.124505 0.024000 0.020759
v -0.145197 0.024000 0.013740
v -0.161628 0.024000 -0.000664
v -0.112460 0.178800 -0.032136
v -0.118685 0.178800 -0.040245
v -0.119895 0.178800 -0.046183
v -0.116551 0.178800 -0.058618
v -0.110231 0.178800 -0.063470
v -0.106486 0.178800 -0.063171
v -0.092277 0.178800 -0.070395
v -0.086631 0.178800 -0.071545
v -0.082987 0.178800 -0.071159
v -0.076589 0.178800 -0.065878
v -0.073261 0.178800 -0.058708
v -0.073751 0.178800 -0.054984
v -0.076268 0.178800 -0.049541
v -0.087375 0.178800 -0.037840
v -0.087755 0.178800 -0.034192
v -0.093970 0.178800 -0.029421
v -0.107142 0.178800 -0.029351
v -0.106051 0.178800 -0.036805
v -0.112388 0.178800 -0.045060
v -0.111496 0.178800 -0.052439
v -0.105263 0.178800 -0.057223
v -0.097992 0.178800 -0.056111
v -0.091656 0.178800 -0.047856
v -0.092530 0.178800 -0.040635
v -0.098762 0.178800 -0.035851
v -0.112460 0.181800 -0.032136
v -0.118685 0.181800 -0.040245
v -0.119895 0.181800 -0.046183
v -0.116551 0.181800 -0.058618
v -0.110231 0.181800 -0.063470
v -0.106486 0.181800 -0.063171
v -0.092277 0.181800 -0.070395
v -0.086631 0.181800 -0.071545
v -0.082987 0.181800 -0.071159
v -0.076589 0.181800 -0.065878
v -0.073261 0.181800 -0.058708
v -0.073751 0.181800 -0.054984
v -0.076268 0.181800 -0.049541
v -0.087375 0.181800 -0.037840
v -0.087755 0.181800 -0.034192
v -0.093970 0.181800 -0.029421
v -0.107142 0.181800 -0.029351
v -0.080387 0.182000 -0.063032
v -0.106051 0.181800 -0.036805
v -0.112388 0.181800 -0.045060
v -0.111496 0.181800 -0.052439
v -0.105263 0.181800 -0.057223
v -0.097992 0.181800 -0.056111
v -0.091656 0.181800 -0.047856
v -0.092530 0.181800 -0.040635
v -0.098762 0.181800 -0.035851
v -0.090571 0.182000 -0.055214
v -0.088949 0.184000 -0.056458
v -0.088141 0.184000 -0.062590
v -0.089386 0.182000 -0.064212
v -0.082009 0.184000 -0.061786
v -0.082813 0.184000 -0.055649
v -0.081567 0.182000 -0.054026
v 0.086996 0.182000 0.189237
v 0.066461 0.182000 0.184590
v 0.049267 0.182000 0.172438
v 0.038033 0.182000 0.154632
v 0.034468 0.182000 0.133881
v 0.039115 0.182000 0.113346
v 0.051267 0.182000 0.096152
v 0.069074 0.182000 0.084918
v 0.089824 0.182000 0.081353
v 0.110359 0.182000 0.086000
v 0.127553 0.182000 0.098152
v 0.138787 0.182000 0.115959
v 0.142352 0.182000 0.136709
v 0.137705 0.182000 0.157244
v 0.125553 0.182000 0.174438
v 0.107747 0.182000 0.185672
v 0.065632 0.182000 0.186453
v 0.086943 0.182000 0.191276
v 0.047788 0.182000 0.173842
v 0.036129 0.182000 0.155362
v 0.032429 0.182000 0.133828
v 0.037252 0.182000 0.112517
v 0.049863 0.182000 0.094673
v 0.068343 0.182000 0.083014
v 0.089877 0.182000 0.079314
v 0.111189 0.182000 0.084137
v 0.129032 0.182000 0.096748
v 0.140691 0.182000 0.115228
v 0.144391 0.182000 0.136762
v 0.139568 0.182000 0.158074
v 0.126957 0.182000 0.175917
v 0.108477 0.182000 0.187576
v 0.066900 0.178800 0.183604
v 0.087024 0.178800 0.188159
v 0.050050 0.178800 0.171695
v 0.039040 0.178800 0.154245
v 0.035547 0.178800 0.133910
v 0.040101 0.178800 0.113785
v 0.052010 0.178800 0.096935
v 0.069460 0.178800 0.085925
v 0.089796 0.178800 0.082432
v 0.109920 0.178800 0.086986
v 0.126770 0.178800 0.098895
v 0.137780 0.178800 0.116345
v 0.141274 0.178800 0.136681
v 0.136719 0.178800 0.156805
v 0.124810 0.178800 0.173655
v 0.107360 0.178800 0.184665
v 0.086943 0.020000 0.191276
v 0.065632 0.020000 0.186453
v 0.047788 0.020000 0.173842
v 0.036129 0.020000 0.155362
v 0.032429 0.020000 0.133828
v 0.037252 0.020000 0.112517
v 0.049863 0.020000 0.094673
v 0.068343 0.020000 0.083014
v 0.089877 0.020000 0.079314
v 0.111189 0.020000 0.084137
v 0.129032 0.020000 0.096748
v 0.140691 0.020000 0.115228
v 0.144391 0.020000 0.136762
v 0.139568 0.020000 0.158074
v 0.126957 0.020000 0.175917
v 0.108477 0.020000 0.187576
v 0.087050 0.016000 0.187199
v 0.067290 0.016000 0.182727
v 0.050747 0.016000 0.171035
v 0.039937 0.016000 0.153901
v 0.036506 0.016000 0.133935
v 0.040978 0.016000 0.114176
v 0.052671 0.016000 0.097632
v 0.069804 0.016000 0.086822
v 0.089771 0.016000 0.083391
v 0.109530 0.016000 0.087863
v 0.126074 0.016000 0.099556
v 0.136884 0.016000 0.116689
v 0.140314 0.016000 0.136656
v 0.135842 0.016000 0.156415
v 0.124150 0.016000 0.172959
v 0.107016 0.016000 0.183769
v 0.086943 0.178000 0.191276
v 0.065632 0.178000 0.186453
v 0.047788 0.178000 0.173842
v 0.036129 0.178000 0.155362
v 0.032429 0.178000 0.133828
v 0.037252 0.178000 0.112517
v 0.049863 0.178000 0.094673
v 0.068343 0.178000 0.083014
v 0.089877 0.178000 0.079314
v 0.111189 0.178000 0.084137
v 0.129032 0.178000 0.096748
v 0.140691 0.178000 0.115228
v 0.144391 0.178000 0.136762
v 0.139568 0.178000 0.158074
v 0.126957 0.178000 0.175917
v 0.108477 0.178000 0.187576
v 0.065632 0.024000 0.186453
v 0.047788 0.024000 0.173842
v 0.036129 0.024000 0.155362
v 0.032429 0.024000 0.133828
v 0.037252 0.024000 0.112517
v 0.049863 0.024000 0.094673
v 0.068343 0.024000 0.083014
v 0.089877 0.024000 0.079314
v 0.111189 0.024000 0.084137
v 0.129032 0.024000 0.096748
v 0.140691 0.024000 0.115228
v 0.144391 0.024000 0.136762
v 0.139568 0.024000 0.158074
v 0.126957 0.024000 0.175917
v 0.108477 0.024000 0.187576
v 0.086943 0.024000 0.191276
v 0.093440 0.178800 0.133261
v 0.083220 0.178800 0.132993
v 0.077845 0.178800 0.130195
v 0.070288 0.178800 0.119769
v 0.070497 0.178800 0.111804
v 0.073087 0.178800 0.109082
v 0.076418 0.178800 0.093495
v 0.079079 0.178800 0.088384
v 0.081672 0.178800 0.085795
v 0.089804 0.178800 0.084148
v 0.097470 0.178800 0.086076
v 0.100054 0.178800 0.088801
v 0.102699 0.178800 0.094184
v 0.104799 0.178800 0.110179
v 0.107394 0.178800 0.112771
v 0.107189 0.178800 0.120603
v 0.098952 0.178800 0.130881
v 0.093846 0.178800 0.125342
v 0.083444 0.178800 0.125069
v 0.078272 0.178800 0.119731
v 0.078478 0.178800 0.111877
v 0.083919 0.178800 0.106927
v 0.094322 0.178800 0.107200
v 0.099382 0.178800 0.112425
v 0.099176 0.178800 0.120279
v 0.093440 0.181800 0.133261
v 0.083220 0.181800 0.132993
v 0.077845 0.181800 0.130195
v 0.070288 0.181800 0.119769
v 0.070497 0.181800 0.111804
v 0.073087 0.181800 0.109082
v 0.076418 0.181800 0.093495
v 0.079079 0.181800 0.088384
v 0.081672 0.181800 0.085795
v 0.089804 0.181800 0.084148
v 0.097470 0.181800 0.086076
v 0.100054 0.181800 0.088801
v 0.102699 0.181800 0.094184
v 0.104799 0.181800 0.110179
v 0.107394 0.181800 0.112771
v 0.107189 0.181800 0.120603
v 0.098952 0.181800 0.130881
v 0.089624 0.182000 0.088892
v 0.093846 0.181800 0.125342
v 0.083444 0.181800 0.125069
v 0.078272 0.181800 0.119731
v 0.078478 0.181800 0.111877
v 0.083919 0.181800 0.106927
v 0.094322 0.181800 0.107200
v 0.099382 0.181800 0.112425
v 0.099176 0.181800 0.120279
v 0.089288 0.182000 0.101726
v 0.089342 0.184000 0.099682
v 0.085086 0.184000 0.095194
v 0.083042 0.182000 0.095141
v 0.089571 0.184000 0.090936
v 0.093834 0.184000 0.095424
v 0.095879 0.182000 0.095477
v -0.181500 0.182000 -0.077344
v -0.198458 0.182000 -0.064865
v -0.218901 0.182000 -0.059825
v -0.239715 0.182000 -0.062992
v -0.257734 0.182000 -0.073884
v -0.270213 0.182000 -0.090842
v -0.275252 0.182000 -0.111284
v -0.272085 0.182000 -0.132099
v -0.261194 0.182000 -0.150117
v -0.244236 0.182000 -0.162596
v -0.223793 0.182000 -0.167636
v -0.202979 0.182000 -0.164469
v -0.184960 0.182000 -0.153577
v -0.172481 0.182000 -0.136619
v -0.167442 0.182000 -0.116177
v -0.170609 0.182000 -0.095362
v -0.197593 0.182000 -0.063018
v -0.179994 0.182000 -0.075969
v -0.218808 0.182000 -0.057788
v -0.240410 0.182000 -0.061075
v -0.259109 0.182000 -0.072378
v -0.272060 0.182000 -0.089977
v -0.277289 0.182000 -0.111192
v -0.274003 0.182000 -0.132793
v -0.262700 0.182000 -0.151492
v -0.245101 0.182000 -0.164443
v -0.223886 0.182000 -0.169673
v -0.202284 0.182000 -0.166386
v -0.183585 0.182000 -0.155083
v -0.170635 0.182000 -0.137484
v -0.165405 0.182000 -0.116269
v -0.168691 0.182000 -0.094668
v -0.198916 0.178800 -0.065842
v -0.182297 0.178800 -0.078071
v -0.218949 0.178800 -0.060903
v -0.239348 0.178800 -0.064007
v -0.257006 0.178800 -0.074681
v -0.269236 0.178800 -0.091299
v -0.274174 0.178800 -0.111333
v -0.271070 0.178800 -0.131732
v -0.260397 0.178800 -0.149390
v -0.243778 0.178800 -0.161619
v -0.223745 0.178800 -0.166558
v -0.203346 0.178800 -0.163454
v -0.185688 0.178800 -0.152780
v -0.173459 0.178800 -0.136162
v -0.168520 0.178800 -0.116128
v -0.171624 0.178800 -0.095729
v -0.179995 0.020000 -0.075969
v -0.197593 0.020000 -0.063018
v -0.218808 0.020000 -0.057788
v -0.240410 0.020000 -0.061075
v -0.259109 0.020000 -0.072378
v -0.272060 0.020000 -0.089977
v -0.277290 0.020000 -0.111192
v -0.274003 0.020000 -0.132793
v -0.262700 0.020000 -0.151493
v -0.245101 0.020000 -0.164443
v -0.223886 0.020000 -0.169673
v -0.202284 0.020000 -0.166386
v -0.183585 0.020000 -0.155083
v -0.170635 0.020000 -0.137484
v -0.165405 0.020000 -0.116269
v -0.168691 0.020000 -0.094668
v -0.183006 0.016000 -0.078719
v -0.199323 0.016000 -0.066711
v -0.218993 0.016000 -0.061862
v -0.239021 0.016000 -0.064910
v -0.256359 0.016000 -0.075390
v -0.268366 0.016000 -0.091707
v -0.273215 0.016000 -0.111377
v -0.270168 0.016000 -0.131405
v -0.259688 0.016000 -0.148742
v -0.243371 0.016000 -0.160750
v -0.223701 0.016000 -0.165599
v -0.203673 0.016000 -0.162551
v -0.186335 0.016000 -0.152071
v -0.174328 0.016000 -0.135755
v -0.169479 0.016000 -0.116085
v -0.172526 0.016000 -0.096056
v -0.179994 0.178000 -0.075969
v -0.197593 0.178000 -0.063018
v -0.218808 0.178000 -0.057788
v -0.240410 0.178000 -0.061075
v -0.259109 0.178000 -0.072378
v -0.272060 0.178000 -0.089977
v -0.277289 0.178000 -0.111192
v -0.274003 0.178000 -0.132793
v -0.262700 0.178000 -0.151492
v -0.245101 0.178000 -0.164443
v -0.223886 0.178000 -0.169673
v -0.202284 0.178000 -0.166386
v -0.183585 0.178000 -0.155083
v -0.170635 0.178000 -0.137484
v -0.165405 0.178000 -0.116269
v -0.168691 0.178000 -0.094668
v -0.197593 0.024000 -0.063018
v -0.218808 0.024000 -0.057788
v -0.240410 0.024000 -0.061075
v -0.259109 0.024000 -0.072378
v -0.272060 0.024000 -0.089977
v -0.277290 0.024000 -0.111192
v -0.274003 0.024000 -0.132793
v -0.262700 0.024000 -0.151493
v -0.245101 0.024000 -0.164443
v -0.223886 0.024000 -0.169673
v -0.202284 0.024000 -0.166386
v -0.183585 0.024000 -0.155083
v -0.170635 0.024000 -0.137484
v -0.165405 0.024000 -0.116269
v -0.168691 0.024000 -0.094668
v -0.179994 0.024000 -0.075969
v -0.219592 0.178800 -0.118864
v -0.226485 0.178800 -0.111315
v -0.232119 0.178800 -0.109084
v -0.244948 0.178800 -0.110199
v -0.250831 0.178800 -0.115572
v -0.251193 0.178800 -0.119311
v -0.260793 0.178800 -0.132035
v -0.262915 0.178800 -0.137392
v -0.263173 0.178800 -0.141048
v -0.259094 0.178800 -0.148272
v -0.252617 0.178800 -0.152804
v -0.248866 0.178800 -0.152974
v -0.243066 0.178800 -0.151448
v -0.229601 0.178800 -0.142562
v -0.225942 0.178800 -0.142827
v -0.220157 0.178800 -0.137544
v -0.217781 0.178800 -0.124588
v -0.225311 0.178800 -0.124356
v -0.232328 0.178800 -0.116672
v -0.239749 0.178800 -0.116258
v -0.245551 0.178800 -0.121556
v -0.245729 0.178800 -0.128910
v -0.238712 0.178800 -0.136594
v -0.231450 0.178800 -0.136998
v -0.225648 0.178800 -0.131700
v -0.219592 0.181800 -0.118864
v -0.226485 0.181800 -0.111315
v -0.232119 0.181800 -0.109084
v -0.244948 0.181800 -0.110199
v -0.250831 0.181800 -0.115572
v -0.251193 0.181800 -0.119311
v -0.260793 0.181800 -0.132035
v -0.262915 0.181800 -0.137392
v -0.263173 0.181800 -0.141048
v -0.259094 0.181800 -0.148272
v -0.252617 0.181800 -0.152804
v -0.248866 0.181800 -0.152974
v -0.243066 0.181800 -0.151448
v -0.229601 0.181800 -0.142562
v -0.225942 0.181800 -0.142827
v -0.220157 0.181800 -0.137544
v -0.217781 0.181800 -0.124588
v -0.255626 0.182000 -0.145030
v -0.225311 0.181800 -0.124356
v -0.232328 0.181800 -0.116672
v -0.239749 0.181800 -0.116258
v -0.245551 0.181800 -0.121556
v -0.245729 0.181800 -0.128910
v -0.238712 0.181800 -0.136594
v -0.231450 0.181800 -0.136998
v -0.225648 0.181800 -0.131700
v -0.246146 0.182000 -0.136373
v -0.247655 0.184000 -0.137753
v -0.253834 0.184000 -0.137474
v -0.255212 0.182000 -0.135964
v -0.254116 0.184000 -0.143652
v -0.247933 0.184000 -0.143936
v -0.246553 0.182000 -0.145447
v 0.093899 0.182000 -0.009272
v 0.110072 0.182000 -0.022753
v 0.130172 0.182000 -0.029019
v 0.151140 0.182000 -0.027116
v 0.169784 0.182000 -0.017333
v 0.183265 0.182000 -0.001161
v 0.189531 0.182000 0.018940
v 0.187628 0.182000 0.039908
v 0.177845 0.182000 0.058552
v 0.161672 0.182000 0.072033
v 0.141572 0.182000 0.078299
v 0.120604 0.182000 0.076395
v 0.101960 0.182000 0.066613
v 0.088479 0.182000 0.050440
v 0.082213 0.182000 0.030340
v 0.084116 0.182000 0.009371
v 0.109097 0.182000 -0.024544
v 0.092313 0.182000 -0.010554
v 0.129957 0.182000 -0.031047
v 0.151717 0.182000 -0.029072
v 0.171066 0.182000 -0.018919
v 0.185056 0.182000 -0.002136
v 0.191559 0.182000 0.018724
v 0.189583 0.182000 0.040485
v 0.179431 0.182000 0.059833
v 0.162647 0.182000 0.073824
v 0.141787 0.182000 0.080326
v 0.120027 0.182000 0.078351
v 0.100678 0.182000 0.068199
v 0.086688 0.182000 0.051415
v 0.080185 0.182000 0.030555
v 0.082161 0.182000 0.008794
v 0.110588 0.178800 -0.021806
v 0.094738 0.178800 -0.008594
v 0.130286 0.178800 -0.027946
v 0.150835 0.178800 -0.026081
v 0.169106 0.178800 -0.016494
v 0.182317 0.178800 -0.000645
v 0.188458 0.178800 0.019054
v 0.186593 0.178800 0.039603
v 0.177006 0.178800 0.057874
v 0.161156 0.178800 0.071085
v 0.141458 0.178800 0.077226
v 0.120909 0.178800 0.075360
v 0.102638 0.178800 0.065773
v 0.089427 0.178800 0.049924
v 0.083286 0.178800 0.030226
v 0.085151 0.178800 0.009677
v 0.092313 0.020000 -0.010554
v 0.109097 0.020000 -0.024544
v 0.129957 0.020000 -0.031047
v 0.151717 0.020000 -0.029072
v 0.171066 0.020000 -0.018919
v 0.185056 0.020000 -0.002136
v 0.191559 0.020000 0.018724
v 0.189583 0.020000 0.040485
v 0.179431 0.020000 0.059833
v 0.162647 0.020000 0.073824
v 0.141787 0.020000 0.080326
v 0.120027 0.020000 0.078351
v 0.100678 0.020000 0.068199
v 0.086688 0.020000 0.051415
v 0.080185 0.020000 0.030555
v 0.082160 0.020000 0.008794
v 0.095485 0.016000 -0.007991
v 0.111047 0.016000 -0.020962
v 0.130387 0.016000 -0.026991
v 0.150563 0.016000 -0.025160
v 0.168503 0.016000 -0.015747
v 0.181474 0.016000 -0.000186
v 0.187503 0.016000 0.019155
v 0.185672 0.016000 0.039331
v 0.176259 0.016000 0.057270
v 0.160697 0.016000 0.070242
v 0.141356 0.016000 0.076271
v 0.121181 0.016000 0.074440
v 0.103241 0.016000 0.065027
v 0.090270 0.016000 0.049465
v 0.084241 0.016000 0.030124
v 0.086072 0.016000 0.009948
v 0.092313 0.178000 -0.010554
v 0.109097 0.178000 -0.024544
v 0.129957 0.178000 -0.031047
v 0.151717 0.178000 -0.029072
v 0.171066 0.178000 -0.018919
v 0.185056 0.178000 -0.002136
v 0.191559 0.178000 0.018724
v 0.189583 0.178000 0.040485
v 0.179431 0.178000 0.059833
v 0.162647 0.178000 0.073824
v 0.141787 0.178000 0.080326
v 0.120027 0.178000 0.078351
v 0.100678 0.178000 0.068199
v 0.086688 0.178000 0.051415
v 0.080185 0.178000 0.030555
v 0.082161 0.178000 0.008794
v 0.109097 0.024000 -0.024544
v 0.129957 0.024000 -0.031047
v 0.151717 0.024000 -0.029072
v 0.171066 0.024000 -0.018919
v 0.185056 0.024000 -0.002136
v 0.191559 0.024000 0.018724
v 0.189583 0.024000 0.040485
v 0.179431 0.024000 0.059833
v 0.162647 0.024000 0.073824
v 0.141787 0.024000 0.080326
v 0.120027 0.024000 0.078351
v 0.100678 0.024000 0.068199
v 0.086688 0.024000 0.051415
v 0.080185 0.024000 0.030555
v 0.082160 0.024000 0.008794
v 0.092313 0.024000 -0.010554
v 0.134430 0.178800 0.029870
v 0.140855 0.178800 0.021918
v 0.146344 0.178800 0.019350
v 0.159216 0.178800 0.019688
v 0.165414 0.178800 0.024696
v 0.166001 0.178800 0.028406
v 0.176353 0.178800 0.040527
v 0.178794 0.178800 0.045746
v 0.179273 0.178800 0.049379
v 0.175637 0.178800 0.056837
v 0.169447 0.178800 0.061752
v 0.165712 0.178800 0.062148
v 0.159830 0.178800 0.060976
v 0.145853 0.178800 0.052920
v 0.142217 0.178800 0.053406
v 0.136123 0.178800 0.048482
v 0.132969 0.178800 0.035693
v 0.140471 0.178800 0.035007
v 0.147011 0.178800 0.026912
v 0.154393 0.178800 0.026051
v 0.160505 0.178800 0.030988
v 0.161127 0.178800 0.038318
v 0.154587 0.178800 0.046412
v 0.147362 0.178800 0.047254
v 0.141251 0.178800 0.042317
v 0.134430 0.181800 0.029870
v 0.140855 0.181800 0.021918
v 0.146344 0.181800 0.019350
v 0.159216 0.181800 0.019688
v 0.165414 0.181800 0.024696
v 0.166001 0.181800 0.028406
v 0.176353 0.181800 0.040527
v 0.178794 0.181800 0.045746
v 0.179273 0.181800 0.049379
v 0.175637 0.181800 0.056837
v 0.169447 0.181800 0.061752
v 0.165712 0.181800 0.062148
v 0.159830 0.181800 0.060976
v 0.145853 0.181800 0.052920
v 0.142217 0.181800 0.053406
v 0.136123 0.181800 0.048482
v 0.132969 0.181800 0.035693
v 0.171980 0.182000 0.053811
v 0.140471 0.181800 0.035007
v 0.147011 0.181800 0.026912
v 0.154393 0.181800 0.026051
v 0.160505 0.181800 0.030988
v 0.161127 0.181800 0.038318
v 0.154587 0.181800 0.046412
v 0.147362 0.181800 0.047254
v 0.141251 0.181800 0.042317
v 0.161994 0.182000 0.045742
v 0.163584 0.184000 0.047028
v 0.169734 0.184000 0.046376
v 0.171019 0.182000 0.044786
v 0.170389 0.184000 0.052526
v 0.164235 0.184000 0.053183
v 0.162949 0.182000 0.054775
v -0.132174 0.112520 0.154299
v -0.126722 0.095799 0.165873
v -0.124412 0.075454 0.170777
v -0.125595 0.054584 0.168265
v -0.130092 0.036365 0.158718
v -0.137218 0.023571 0.143592
v -0.145889 0.018150 0.125187
v -0.154783 0.020927 0.106306
v -0.162547 0.031479 0.089825
v -0.167999 0.048201 0.078251
v -0.170310 0.068545 0.073347
v -0.169126 0.089416 0.075859
v -0.164629 0.107635 0.085405
v -0.157503 0.120429 0.100532
v -0.148833 0.125850 0.118937
v -0.139939 0.123073 0.137817
v -0.125942 0.096698 0.167529
v -0.131600 0.114052 0.155517
v -0.123544 0.075585 0.172618
v -0.124773 0.053926 0.170011
v -0.129440 0.035018 0.160104
v -0.136835 0.021741 0.144405
v -0.145833 0.016115 0.125305
v -0.155063 0.018997 0.105711
v -0.163121 0.029948 0.088606
v -0.168779 0.047302 0.076595
v -0.171177 0.068415 0.071506
v -0.169949 0.090074 0.074113
v -0.165282 0.108982 0.084020
v -0.157886 0.122259 0.099719
v -0.148889 0.127885 0.118819
v -0.139658 0.125003 0.138413
v -0.124240 0.095323 0.163633
v -0.129583 0.111710 0.152291
v -0.121976 0.075385 0.168439
v -0.123136 0.054932 0.165977
v -0.127543 0.037077 0.156622
v -0.134526 0.024539 0.141797
v -0.143023 0.019227 0.123761
v -0.151739 0.021948 0.105258
v -0.159349 0.032290 0.089106
v -0.164692 0.048677 0.077763
v -0.166956 0.068615 0.072957
v -0.165796 0.089068 0.075419
v -0.161389 0.106922 0.084775
v -0.154405 0.119460 0.099599
v -0.145909 0.124773 0.117636
v -0.137192 0.122051 0.136138
v 0.014952 0.114052 0.086479
v 0.020611 0.096698 0.098490
v 0.023008 0.075585 0.103579
v 0.021780 0.053926 0.100972
v 0.017113 0.035018 0.091065
v 0.009717 0.021741 0.075366
v 0.000720 0.016115 0.056266
v -0.008511 0.018997 0.036672
v -0.016568 0.029948 0.019568
v -0.022227 0.047302 0.007556
v -0.024624 0.068415 0.002467
v -0.023396 0.090074 0.005074
v -0.018729 0.108982 0.014981
v -0.011334 0.122259 0.030680
v -0.002336 0.127885 0.049780
v 0.006894 0.125003 0.069374
v 0.017423 0.110989 0.082337
v 0.022669 0.094900 0.093474
v 0.024892 0.075324 0.098193
v 0.023753 0.055242 0.095775
v 0.019426 0.037711 0.086590
v 0.012570 0.025401 0.072035
v 0.004227 0.020185 0.054325
v -0.004331 0.022857 0.036159
v -0.011802 0.033011 0.020300
v -0.017048 0.049100 0.009163
v -0.019271 0.068676 0.004444
v -0.018133 0.088758 0.006862
v -0.013805 0.106288 0.016047
v -0.006949 0.118599 0.030602
v 0.001394 0.123815 0.048312
v 0.009952 0.121143 0.066479
v -0.127982 0.114052 0.153813
v -0.122323 0.096698 0.165824
v -0.119926 0.075585 0.170913
v -0.121154 0.053926 0.168306
v -0.125821 0.035018 0.158399
v -0.133217 0.021741 0.142700
v -0.142214 0.016115 0.123600
v -0.151445 0.018997 0.104006
v -0.159502 0.029948 0.086902
v -0.165161 0.047302 0.074890
v -0.167558 0.068415 0.069801
v -0.166330 0.090074 0.072408
v -0.161663 0.108982 0.082315
v -0.154268 0.122259 0.098014
v -0.145270 0.127885 0.117114
v -0.136040 0.125003 0.136708
v 0.016992 0.096698 0.100195
v 0.019390 0.075585 0.105284
v 0.018161 0.053926 0.102677
v 0.013494 0.035018 0.092770
v 0.006099 0.021741 0.077071
v -0.002899 0.016115 0.057971
v -0.012129 0.018997 0.038377
v -0.020187 0.029948 0.021272
v -0.025845 0.047302 0.009261
v -0.028243 0.068415 0.004172
v -0.027015 0.090074 0.006779
v -0.022348 0.108982 0.016686
v -0.014952 0.122259 0.032385
v -0.005954 0.127885 0.051485
v 0.003276 0.125003 0.071079
v 0.011334 0.114052 0.088183
v -0.146667 0.073659 0.116025
v -0.143396 0.066908 0.122970
v -0.142400 0.061316 0.125083
v -0.142773 0.048469 0.124292
v -0.145015 0.042486 0.119532
v -0.146606 0.042055 0.116156
v -0.151951 0.032218 0.104810
v -0.154216 0.029997 0.100000
v -0.155772 0.029670 0.096698
v -0.158883 0.033614 0.090095
v -0.160865 0.040004 0.085886
v -0.160968 0.043752 0.085669
v -0.160364 0.049580 0.086950
v -0.156685 0.063208 0.094760
v -0.156827 0.066861 0.094458
v -0.154622 0.072745 0.099139
v -0.149121 0.075362 0.110817
v -0.148962 0.067838 0.111154
v -0.145632 0.060966 0.118224
v -0.145396 0.053554 0.118723
v -0.147607 0.047654 0.114030
v -0.150739 0.047338 0.107381
v -0.154069 0.054210 0.100312
v -0.154299 0.061464 0.099824
v -0.152088 0.067364 0.104518
v -0.149381 0.073659 0.117304
v -0.146110 0.066908 0.124248
v -0.145114 0.061316 0.126362
v -0.145487 0.048469 0.125570
v -0.147729 0.042486 0.120810
v -0.149320 0.042055 0.117434
v -0.154665 0.032218 0.106088
v -0.156930 0.029997 0.101279
v -0.158486 0.029670 0.097977
v -0.161597 0.033614 0.091373
v -0.163579 0.040004 0.087164
v -0.163682 0.043752 0.086947
v -0.163078 0.049580 0.088229
v -0.159399 0.063208 0.096038
v -0.159541 0.066861 0.095737
v -0.157336 0.072745 0.100417
v -0.151835 0.075362 0.112096
v -0.160424 0.037141 0.094332
v -0.151676 0.067838 0.112433
v -0.148346 0.060966 0.119502
v -0.148110 0.053554 0.120002
v -0.150321 0.047654 0.115308
v -0.153453 0.047338 0.108660
v -0.156783 0.054210 0.101591
v -0.157013 0.061464 0.101102
v -0.154802 0.067364 0.105796
v -0.156811 0.046782 0.102002
v -0.159196 0.045247 0.101632
v -0.159028 0.039075 0.101988
v -0.156564 0.037725 0.102525
v -0.161658 0.038677 0.096405
v -0.161828 0.044854 0.096044
v -0.160674 0.046205 0.093802
v -0.148790 0.259938 0.012789
v -0.140804 0.276883 0.003179
v -0.129281 0.287757 -0.010687
v -0.115975 0.290903 -0.026698
v -0.102913 0.285843 -0.042417
v -0.092082 0.273347 -0.055449
v -0.085133 0.255317 -0.063812
v -0.083122 0.234499 -0.066231
v -0.086356 0.214062 -0.062340
v -0.094342 0.197117 -0.052729
v -0.105866 0.186243 -0.038863
v -0.119171 0.183097 -0.022852
v -0.132234 0.188157 -0.007134
v -0.143064 0.200653 0.005899
v -0.150014 0.218683 0.014261
v -0.152025 0.239501 0.016681
v -0.141682 0.278391 0.004235
v -0.149970 0.260805 0.014209
v -0.129723 0.289675 -0.010155
v -0.115914 0.292940 -0.026771
v -0.102359 0.287689 -0.043083
v -0.091119 0.274720 -0.056608
v -0.083907 0.256010 -0.065287
v -0.081820 0.234405 -0.067798
v -0.085176 0.213195 -0.063759
v -0.093465 0.195610 -0.053785
v -0.105423 0.184325 -0.039395
v -0.119232 0.181060 -0.022779
v -0.132788 0.186312 -0.006467
v -0.144027 0.199280 0.007058
v -0.151240 0.217990 0.015737
v -0.153326 0.239595 0.018248
v -0.142800 0.276086 0.000575
v -0.150627 0.259479 0.009993
v -0.131507 0.286742 -0.013014
v -0.118468 0.289825 -0.028705
v -0.105667 0.284866 -0.044109
v -0.095053 0.272620 -0.056881
v -0.088242 0.254951 -0.065076
v -0.086272 0.234549 -0.067447
v -0.089441 0.214521 -0.063634
v -0.097268 0.197914 -0.054215
v -0.108561 0.187258 -0.040626
v -0.121601 0.184175 -0.024936
v -0.134402 0.189134 -0.009532
v -0.145015 0.201380 0.003240
v -0.151826 0.219049 0.011435
v -0.153797 0.239451 0.013807
v -0.274563 0.260805 -0.089332
v -0.266274 0.278390 -0.099305
v -0.254316 0.289675 -0.113696
v -0.240507 0.292940 -0.130312
v -0.226951 0.287689 -0.146624
v -0.215712 0.274720 -0.160149
v -0.208499 0.256010 -0.168827
v -0.206413 0.234405 -0.171338
v -0.209769 0.213195 -0.167300
v -0.218057 0.195609 -0.157326
v -0.230016 0.184325 -0.142936
v -0.243825 0.181060 -0.126320
v -0.257381 0.186311 -0.110008
v -0.268620 0.199280 -0.096483
v -0.275832 0.217990 -0.087804
v -0.277919 0.239595 -0.085293
v -0.275280 0.259071 -0.094727
v -0.267595 0.275376 -0.103975
v -0.256507 0.285839 -0.117317
v -0.243704 0.288866 -0.132723
v -0.231136 0.283997 -0.147847
v -0.220715 0.271973 -0.160387
v -0.214028 0.254625 -0.168434
v -0.212093 0.234594 -0.170762
v -0.215205 0.214929 -0.167017
v -0.222889 0.198624 -0.157770
v -0.233977 0.188161 -0.144428
v -0.246780 0.185134 -0.129022
v -0.259349 0.190003 -0.113897
v -0.269770 0.202027 -0.101357
v -0.276457 0.219375 -0.093311
v -0.278392 0.239406 -0.090983
v -0.153046 0.260805 0.011652
v -0.144758 0.278391 0.001679
v -0.132799 0.289675 -0.012712
v -0.118991 0.292940 -0.029328
v -0.105435 0.287689 -0.045640
v -0.094195 0.274720 -0.059165
v -0.086983 0.256010 -0.067843
v -0.084896 0.234405 -0.070354
v -0.088252 0.213195 -0.066316
v -0.096541 0.195610 -0.056342
v -0.108500 0.184325 -0.041952
v -0.122308 0.181060 -0.025336
v -0.135864 0.186312 -0.009024
v -0.147104 0.199280 0.004501
v -0.154316 0.217990 0.013180
v -0.156403 0.239595 0.015691
v -0.263198 0.278390 -0.096749
v -0.251239 0.289675 -0.111139
v -0.237431 0.292940 -0.127755
v -0.223875 0.287689 -0.144067
v -0.212635 0.274720 -0.157592
v -0.205423 0.256010 -0.166271
v -0.203336 0.234405 -0.168782
v -0.206692 0.213195 -0.164743
v -0.214981 0.195609 -0.154769
v -0.226940 0.184325 -0.140379
v -0.240748 0.181060 -0.123763
v -0.254304 0.186311 -0.107451
v -0.265544 0.199280 -0.093926
v -0.272756 0.217990 -0.085247
v -0.274843 0.239595 -0.082736
v -0.271487 0.260805 -0.086775
v -0.120133 0.231577 -0.026701
v -0.117356 0.240830 -0.030044
v -0.114339 0.244631 -0.033673
v -0.106297 0.247370 -0.043350
v -0.101688 0.243983 -0.048897
v -0.100759 0.240519 -0.050015
v -0.092488 0.231213 -0.059968
v -0.090178 0.226726 -0.062748
v -0.089327 0.223311 -0.063771
v -0.090448 0.215202 -0.062422
v -0.093543 0.208954 -0.058698
v -0.095801 0.207679 -0.055981
v -0.099630 0.207417 -0.051373
v -0.109533 0.211911 -0.039457
v -0.111716 0.210574 -0.036830
v -0.116249 0.213904 -0.031376
v -0.120153 0.225573 -0.026677
v -0.115601 0.228027 -0.032155
v -0.112774 0.237446 -0.035557
v -0.108323 0.240042 -0.040913
v -0.103777 0.236702 -0.046383
v -0.102275 0.229732 -0.048190
v -0.105102 0.220312 -0.044788
v -0.109459 0.217773 -0.039546
v -0.114004 0.221113 -0.034077
v -0.117826 0.231577 -0.024784
v -0.115048 0.240830 -0.028126
v -0.112032 0.244631 -0.031756
v -0.103990 0.247370 -0.041433
v -0.099381 0.243983 -0.046979
v -0.098451 0.240519 -0.048098
v -0.090180 0.231213 -0.058051
v -0.087870 0.226726 -0.060830
v -0.087020 0.223311 -0.061853
v -0.088141 0.215202 -0.060504
v -0.091236 0.208954 -0.056781
v -0.093493 0.207679 -0.054064
v -0.097323 0.207417 -0.049456
v -0.107226 0.211911 -0.037539
v -0.109409 0.210574 -0.034912
v -0.113941 0.213904 -0.029458
v -0.117846 0.225573 -0.024759
v -0.090718 0.217270 -0.057090
v -0.113294 0.228027 -0.030237
v -0.110467 0.237446 -0.033639
v -0.106015 0.240042 -0.038996
v -0.101470 0.236702 -0.044465
v -0.099968 0.229732 -0.046273
v -0.102795 0.220312 -0.042871
v -0.107151 0.217773 -0.037629
v -0.111697 0.221113 -0.032159
v -0.098146 0.222727 -0.048153
v -0.095424 0.221857 -0.048298
v -0.091706 0.223955 -0.052772
v -0.092689 0.225806 -0.054719
v -0.090363 0.218138 -0.054388
v -0.094083 0.216035 -0.049912
v -0.096178 0.214182 -0.050521
v 0.140545 0.182000 -0.163182
v 0.155930 0.182000 -0.177555
v 0.175645 0.182000 -0.184946
v 0.196687 0.182000 -0.184229
v 0.215854 0.182000 -0.175515
v 0.230226 0.182000 -0.160129
v 0.237617 0.182000 -0.140414
v 0.236900 0.182000 -0.119372
v 0.228186 0.182000 -0.100206
v 0.212800 0.182000 -0.085833
v 0.193086 0.182000 -0.078443
v 0.172043 0.182000 -0.079159
v 0.152877 0.182000 -0.087873
v 0.138504 0.182000 -0.103259
v 0.131114 0.182000 -0.122974
v 0.131830 0.182000 -0.144016
v 0.154856 0.182000 -0.179288
v 0.138889 0.182000 -0.164372
v 0.175316 0.182000 -0.186958
v 0.197153 0.182000 -0.186214
v 0.217044 0.182000 -0.177171
v 0.231959 0.182000 -0.161204
v 0.239629 0.182000 -0.140744
v 0.238886 0.182000 -0.118906
v 0.229842 0.182000 -0.099016
v 0.213875 0.182000 -0.084100
v 0.193415 0.182000 -0.076430
v 0.171578 0.182000 -0.077174
v 0.151687 0.182000 -0.086217
v 0.136771 0.182000 -0.102185
v 0.129101 0.182000 -0.122644
v 0.129845 0.182000 -0.144482
v 0.156499 0.178800 -0.176638
v 0.141421 0.178800 -0.162553
v 0.175819 0.178800 -0.183881
v 0.196441 0.178800 -0.183178
v 0.215224 0.178800 -0.174638
v 0.229309 0.178800 -0.159560
v 0.236552 0.178800 -0.140240
v 0.235850 0.178800 -0.119618
v 0.227310 0.178800 -0.100835
v 0.212232 0.178800 -0.086750
v 0.192911 0.178800 -0.079508
v 0.172290 0.178800 -0.080210
v 0.153507 0.178800 -0.088750
v 0.139422 0.178800 -0.103828
v 0.132179 0.178800 -0.123148
v 0.132881 0.178800 -0.143770
v 0.138889 0.020000 -0.164372
v 0.154856 0.020000 -0.179288
v 0.175315 0.020000 -0.186958
v 0.197153 0.020000 -0.186215
v 0.217044 0.020000 -0.177171
v 0.231959 0.020000 -0.161204
v 0.239629 0.020000 -0.140744
v 0.238886 0.020000 -0.118906
v 0.229842 0.020000 -0.099016
v 0.213875 0.020000 -0.084100
v 0.193415 0.020000 -0.076430
v 0.171578 0.020000 -0.077174
v 0.151687 0.020000 -0.086217
v 0.136771 0.020000 -0.102185
v 0.129101 0.020000 -0.122644
v 0.129845 0.020000 -0.144482
v 0.142201 0.016000 -0.161993
v 0.157005 0.016000 -0.175822
v 0.175975 0.016000 -0.182933
v 0.196222 0.016000 -0.182244
v 0.214664 0.016000 -0.173859
v 0.228493 0.016000 -0.159054
v 0.235604 0.016000 -0.140085
v 0.234915 0.016000 -0.119838
v 0.226530 0.016000 -0.101396
v 0.211726 0.016000 -0.087566
v 0.192756 0.016000 -0.080455
v 0.172509 0.016000 -0.081144
v 0.154067 0.016000 -0.089529
v 0.140237 0.016000 -0.104334
v 0.133126 0.016000 -0.123303
v 0.133815 0.016000 -0.143550
v 0.138889 0.178000 -0.164372
v 0.154856 0.178000 -0.179288
v 0.175316 0.178000 -0.186958
v 0.197153 0.178000 -0.186214
v 0.217044 0.178000 -0.177171
v 0.231959 0.178000 -0.161204
v 0.239629 0.178000 -0.140744
v 0.238886 0.178000 -0.118906
v 0.229842 0.178000 -0.099016
v 0.213875 0.178000 -0.084100
v 0.193415 0.178000 -0.076430
v 0.171578 0.178000 -0.077174
v 0.151687 0.178000 -0.086217
v 0.136771 0.178000 -0.102185
v 0.129101 0.178000 -0.122644
v 0.129845 0.178000 -0.144482
v 0.154856 0.024000 -0.179288
v 0.175315 0.024000 -0.186958
v 0.197153 0.024000 -0.186215
v 0.217044 0.024000 -0.177171
v 0.231959 0.024000 -0.161204
v 0.239629 0.024000 -0.140744
v 0.238886 0.024000 -0.118906
v 0.229842 0.024000 -0.099016
v 0.213875 0.024000 -0.084100
v 0.193415 0.024000 -0.076430
v 0.171578 0.024000 -0.077174
v 0.151687 0.024000 -0.086217
v 0.136771 0.024000 -0.102185
v 0.129101 0.024000 -0.122644
v 0.129845 0.024000 -0.144482
v 0.138889 0.024000 -0.164372
v 0.183221 0.178800 -0.126391
v 0.189187 0.178800 -0.134693
v 0.194522 0.178800 -0.137566
v 0.207393 0.178800 -0.137956
v 0.213863 0.178800 -0.133306
v 0.214659 0.178800 -0.129635
v 0.225678 0.178800 -0.118118
v 0.228410 0.178800 -0.113045
v 0.229094 0.178800 -0.109445
v 0.225885 0.178800 -0.101793
v 0.219982 0.178800 -0.096537
v 0.216276 0.178800 -0.095930
v 0.210337 0.178800 -0.096768
v 0.195927 0.178800 -0.104022
v 0.192325 0.178800 -0.103332
v 0.185962 0.178800 -0.107904
v 0.182091 0.178800 -0.120494
v 0.189542 0.178800 -0.121603
v 0.195615 0.178800 -0.130054
v 0.202937 0.178800 -0.131331
v 0.209317 0.178800 -0.126746
v 0.210352 0.178800 -0.119464
v 0.204280 0.178800 -0.111013
v 0.197114 0.178800 -0.109764
v 0.190734 0.178800 -0.114349
v 0.183221 0.181800 -0.126391
v 0.189187 0.181800 -0.134693
v 0.194522 0.181800 -0.137566
v 0.207393 0.181800 -0.137956
v 0.213863 0.181800 -0.133306
v 0.214659 0.181800 -0.129635
v 0.225678 0.181800 -0.118118
v 0.228410 0.181800 -0.113045
v 0.229094 0.181800 -0.109445
v 0.225885 0.181800 -0.101793
v 0.219982 0.181800 -0.096537
v 0.216276 0.181800 -0.095930
v 0.210337 0.181800 -0.096768
v 0.195927 0.181800 -0.104022
v 0.192325 0.181800 -0.103332
v 0.185962 0.181800 -0.107904
v 0.182091 0.181800 -0.120494
v 0.222063 0.182000 -0.104608
v 0.189542 0.181800 -0.121603
v 0.195615 0.181800 -0.130054
v 0.202937 0.181800 -0.131331
v 0.209317 0.181800 -0.126746
v 0.210352 0.181800 -0.119464
v 0.204280 0.181800 -0.111013
v 0.197114 0.181800 -0.109764
v 0.190734 0.181800 -0.114349
v 0.211637 0.182000 -0.112100
v 0.213297 0.184000 -0.110906
v 0.219401 0.184000 -0.111904
v 0.220594 0.182000 -0.113564
v 0.220402 0.184000 -0.105801
v 0.214294 0.184000 -0.104798
v 0.213100 0.182000 -0.103136
vn -0.0000 1.0000 -0.0000
vn 1.0000 -0.0000 -0.0000
vn -0.0000 -1.0000 -0.0000
vn -0.0000 -0.0000 -1.0000
vn -0.0000 -0.6339 0.7734
vn -0.0000 -0.0000 1.0000
vn -0.0000 -0.6339 -0.7734
vn -1.0000 -0.0000 -0.0000
vn -0.7071 -0.0000 -0.7071
vn -0.7071 -0.0000 0.7071
vn 0.7071 -0.0000 -0.7071
vn 0.7071 -0.0000 0.7071
vn 0.9821 0.0723 -0.1740
vn 0.5714 0.0723 -0.8174
vn 0.5417 0.3255 -0.7749
vn 0.9310 0.3255 -0.1649
vn 0.5729 0.0128 -0.8195
vn -0.1744 0.0128 -0.9846
vn -0.1744 -0.0107 -0.9846
vn 0.5729 -0.0107 -0.8195
vn -0.5616 -0.1978 0.8034
vn -0.5015 -0.4837 0.7173
vn 0.1526 -0.4837 0.8618
vn 0.1710 -0.1978 0.9652
vn -0.0867 -0.9885 0.1240
vn 0.0264 -0.9885 0.1489
vn 0.0421 -0.9704 0.2376
vn -0.1383 -0.9704 0.1978
vn 0.8034 -0.1978 0.5616
vn 0.7173 -0.4837 0.5015
vn 0.8618 -0.4837 -0.1526
vn 0.9652 -0.1978 -0.1710
vn -0.9652 -0.1978 0.1710
vn -0.8618 -0.4837 0.1526
vn 0.5616 -0.1978 -0.8034
vn 0.5015 -0.4837 -0.7173
vn -0.1526 -0.4837 -0.8618
vn -0.1710 -0.1978 -0.9652
vn -0.8034 -0.1978 -0.5616
vn -0.7173 -0.4837 -0.5015
vn 0.7119 -0.6909 -0.1261
vn 0.4142 -0.6909 -0.5925
vn 0.1744 0.0128 0.9846
vn 0.8195 0.0128 0.5729
vn 0.8195 -0.0107 0.5729
vn 0.1744 -0.0107 0.9846
vn 0.5696 -0.1071 -0.8149
vn 0.9790 -0.1071 -0.1734
vn 0.7749 0.3255 0.5417
vn 0.7414 0.4264 0.5182
vn 0.1578 0.4264 0.8907
vn 0.1649 0.3255 0.9310
vn 0.8152 0.1038 0.5699
vn 0.1735 0.1038 0.9794
vn -0.5699 0.1038 0.8152
vn -0.5729 -0.0107 0.8195
vn 0.9846 -0.0107 -0.1744
vn 0.9794 0.1038 -0.1735
vn 0.8907 0.4264 -0.1578
vn 0.8131 0.1253 0.5684
vn 0.9769 0.1253 -0.1730
vn 0.9814 0.0810 -0.1738
vn 0.8169 0.0810 0.5711
vn -0.9769 0.1253 0.1730
vn -0.5684 0.1253 0.8131
vn -0.5711 0.0810 0.8169
vn -0.9814 0.0810 0.1738
vn 0.1730 0.1253 0.9769
vn 0.1738 0.0810 0.9814
vn 0.5684 0.1253 -0.8131
vn -0.1730 0.1253 -0.9769
vn -0.1738 0.0810 -0.9814
vn 0.5711 0.0810 -0.8169
vn -0.9310 0.3255 0.1649
vn -0.8907 0.4264 0.1578
vn -0.7413 0.4264 -0.5183
vn -0.7749 0.3255 -0.5417
vn -0.8131 0.1253 -0.5684
vn -0.8169 0.0810 -0.5711
vn 0.1240 -0.9885 0.0867
vn 0.1978 -0.9704 0.1383
vn -0.1489 -0.9885 0.0264
vn -0.2376 -0.9704 0.0421
vn -0.1240 -0.9885 -0.0867
vn -0.1978 -0.9704 -0.1383
vn -0.0264 -0.9885 -0.1489
vn -0.0421 -0.9704 -0.2376
vn 0.0867 -0.9885 -0.1240
vn 0.1383 -0.9704 -0.1978
vn 0.1489 -0.9885 -0.0264
vn 0.2376 -0.9704 -0.0421
vn 0.9846 0.0128 -0.1744
vn 0.5729 -0.0123 -0.8195
vn 0.9846 -0.0123 -0.1744
vn -0.1744 -0.0123 -0.9846
vn -0.5729 0.0128 0.8195
vn -0.9794 0.1038 0.1735
vn -0.9846 -0.0107 0.1744
vn -0.1734 -0.1071 -0.9790
vn -0.5182 0.4264 0.7414
vn -0.5417 0.3255 0.7749
vn 0.5182 0.4264 -0.7414
vn -0.1578 0.4264 -0.8907
vn -0.1649 0.3255 -0.9310
vn -0.1735 0.1038 -0.9794
vn 0.5699 0.1038 -0.8152
vn -0.1261 -0.6909 -0.7119
vn -0.5925 -0.6909 -0.4142
vn -0.9846 0.0128 0.1744
vn -0.7119 -0.6909 0.1261
vn 0.1261 -0.6909 0.7119
vn 0.5925 -0.6909 0.4142
vn -0.4142 -0.6909 0.5925
vn -0.1740 0.0723 -0.9821
vn 0.5562 0.2399 -0.7957
vn 0.9559 0.2399 -0.1693
vn -0.9821 0.0723 0.1739
vn -0.8174 0.0723 -0.5714
vn -0.8195 -0.0123 -0.5729
vn -0.9846 -0.0123 0.1744
vn -0.5714 0.0723 0.8174
vn -0.5729 -0.0123 0.8195
vn -0.7957 0.2399 -0.5562
vn -0.1693 0.2399 -0.9559
vn 0.1739 0.0723 0.9821
vn 0.1744 -0.0123 0.9846
vn -0.9790 -0.1071 0.1734
vn -0.8149 -0.1071 -0.5696
vn 0.8174 0.0723 0.5714
vn 0.8195 -0.0123 0.5729
vn -0.5696 -0.1071 0.8149
vn 0.1734 -0.1071 0.9790
vn 0.8149 -0.1071 0.5696
vn -0.8195 0.0128 -0.5729
vn -0.8195 -0.0107 -0.5729
vn 0.7957 0.2399 0.5562
vn 0.1693 0.2399 0.9559
vn -0.5562 0.2399 0.7957
vn -0.9559 0.2399 0.1693
vn -0.8152 0.1038 -0.5699
vn -0.5703 0.0952 0.8159
vn -0.9802 0.0952 0.1736
vn -0.6973 0.7061 0.1235
vn -0.4057 0.7061 0.5804
vn -0.1838 -0.9745 -0.1285
vn -0.0391 -0.9745 -0.2208
vn 0.1285 -0.9745 -0.1838
vn 0.2208 -0.9745 -0.0391
vn 0.1838 -0.9745 0.1285
vn 0.0391 -0.9745 0.2208
vn -0.1285 -0.9745 0.1838
vn -0.2208 -0.9745 0.0391
vn 0.8159 0.0952 0.5703
vn 0.1736 0.0952 0.9802
vn 0.5703 0.0952 -0.8159
vn 0.9802 0.0952 -0.1736
vn -0.8159 0.0952 -0.5703
vn -0.1736 0.0952 -0.9802
vn 0.4057 0.7061 -0.5804
vn -0.1235 0.7061 -0.6973
vn 0.5804 0.7061 0.4057
vn 0.6973 0.7061 -0.1235
vn -0.5804 0.7061 -0.4057
vn 0.1235 0.7061 0.6973
vn 0.1133 0.0723 0.9909
vn 0.7808 0.0723 0.6206
vn 0.7402 0.3255 0.5883
vn 0.1074 0.3255 0.9394
vn 0.7828 0.0128 0.6221
vn 0.9934 0.0128 -0.1136
vn 0.9935 -0.0107 -0.1136
vn 0.7828 -0.0107 0.6221
vn -0.7674 -0.1978 -0.6099
vn -0.6852 -0.4837 -0.5445
vn -0.8696 -0.4837 0.0994
vn -0.9739 -0.1978 0.1114
vn -0.1184 -0.9885 -0.0941
vn -0.1503 -0.9885 0.0172
vn -0.2397 -0.9704 0.0274
vn -0.1889 -0.9704 -0.1501
vn -0.6099 -0.1978 0.7674
vn -0.5445 -0.4837 0.6852
vn 0.0994 -0.4837 0.8696
vn 0.1114 -0.1978 0.9739
vn -0.1114 -0.1978 -0.9739
vn -0.0994 -0.4837 -0.8696
vn 0.7674 -0.1978 0.6099
vn 0.6852 -0.4837 0.5445
vn 0.8696 -0.4837 -0.0994
vn 0.9739 -0.1978 -0.1114
vn 0.6099 -0.1978 -0.7674
vn 0.5445 -0.4837 -0.6852
vn 0.0821 -0.6909 0.7183
vn 0.5660 -0.6909 0.4498
vn -0.9934 0.0128 0.1136
vn -0.6221 0.0128 0.7828
vn -0.6221 -0.0107 0.7828
vn -0.9935 -0.0107 0.1136
vn 0.7784 -0.1071 0.6186
vn 0.1130 -0.1071 0.9878
vn -0.5883 0.3255 0.7402
vn -0.5628 0.4264 0.7081
vn -0.8987 0.4264 0.1028
vn -0.9394 0.3255 0.1074
vn -0.6188 0.1038 0.7786
vn -0.9882 0.1038 0.1130
vn -0.7786 0.1038 -0.6188
vn -0.7828 -0.0107 -0.6221
vn 0.1136 -0.0107 0.9935
vn 0.1130 0.1038 0.9882
vn 0.1028 0.4264 0.8987
vn -0.6173 0.1253 0.7767
vn 0.1127 0.1253 0.9857
vn 0.1133 0.0809 0.9903
vn -0.6201 0.0809 0.7803
vn -0.1127 0.1253 -0.9857
vn -0.7767 0.1253 -0.6173
vn -0.7803 0.0809 -0.6201
vn -0.1133 0.0809 -0.9903
vn -0.9857 0.1253 0.1127
vn -0.9903 0.0809 0.1133
vn 0.7767 0.1253 0.6173
vn 0.9857 0.1253 -0.1127
vn 0.9903 0.0810 -0.1133
vn 0.7803 0.0809 0.6201
vn -0.1074 0.3255 -0.9394
vn -0.1028 0.4264 -0.8987
vn 0.5628 0.4264 -0.7081
vn 0.5883 0.3255 -0.7402
vn 0.6173 0.1253 -0.7767
vn 0.6201 0.0810 -0.7803
vn -0.0941 -0.9885 0.1184
vn -0.1501 -0.9704 0.1889
vn -0.0172 -0.9885 -0.1503
vn -0.0274 -0.9704 -0.2397
vn 0.0941 -0.9885 -0.1184
vn 0.1501 -0.9704 -0.1889
vn 0.1503 -0.9885 -0.0172
vn 0.2397 -0.9704 -0.0274
vn 0.1184 -0.9885 0.0941
vn 0.1889 -0.9704 0.1501
vn 0.0172 -0.9885 0.1503
vn 0.0274 -0.9704 0.2397
vn 0.1136 0.0128 0.9934
vn 0.7828 -0.0123 0.6221
vn 0.1136 -0.0123 0.9934
vn 0.9934 -0.0123 -0.1136
vn -0.7828 0.0128 -0.6221
vn -0.1130 0.1038 -0.9882
vn -0.1136 -0.0107 -0.9935
vn 0.9878 -0.1071 -0.1130
vn -0.7081 0.4264 -0.5628
vn -0.7402 0.3255 -0.5883
vn 0.7081 0.4264 0.5628
vn 0.8987 0.4264 -0.1028
vn 0.9394 0.3255 -0.1074
vn 0.9882 0.1038 -0.1130
vn 0.7786 0.1038 0.6188
vn 0.7183 -0.6909 -0.0821
vn 0.4498 -0.6909 -0.5660
vn -0.1136 0.0128 -0.9934
vn -0.0821 -0.6909 -0.7183
vn -0.7183 -0.6909 0.0821
vn -0.4498 -0.6909 0.5660
vn -0.5660 -0.6909 -0.4498
vn 0.9909 0.0723 -0.1133
vn 0.7600 0.2399 0.6040
vn 0.1103 0.2399 0.9645
vn -0.1133 0.0723 -0.9909
vn 0.6206 0.0723 -0.7808
vn 0.6221 -0.0123 -0.7828
vn -0.1136 -0.0123 -0.9934
vn -0.7808 0.0723 -0.6206
vn -0.7828 -0.0123 -0.6221
vn 0.6040 0.2399 -0.7600
vn 0.9645 0.2399 -0.1103
vn -0.9909 0.0723 0.1133
vn -0.9934 -0.0123 0.1136
vn -0.1130 -0.1071 -0.9878
vn 0.6186 -0.1071 -0.7784
vn -0.6206 0.0723 0.7808
vn -0.6221 -0.0123 0.7828
vn -0.7784 -0.1071 -0.6186
vn -0.9878 -0.1071 0.1130
vn -0.6186 -0.1071 0.7784
vn 0.6221 0.0128 -0.7828
vn 0.6221 -0.0107 -0.7828
vn -0.6040 0.2399 0.7600
vn -0.9645 0.2399 0.1103
vn -0.7600 0.2399 -0.6040
vn -0.1103 0.2399 -0.9645
vn 0.6188 0.1038 -0.7786
vn -0.7793 0.0952 -0.6194
vn -0.1131 0.0952 -0.9890
vn -0.0805 0.7061 -0.7036
vn -0.5544 0.7061 -0.4406
vn 0.1395 -0.9745 -0.1756
vn 0.2228 -0.9745 -0.0255
vn 0.1756 -0.9745 0.1395
vn 0.0255 -0.9745 0.2228
vn -0.1395 -0.9745 0.1756
vn -0.2228 -0.9745 0.0255
vn -0.1756 -0.9745 -0.1395
vn -0.0255 -0.9745 -0.2228
vn -0.6194 0.0952 0.7793
vn -0.9890 0.0952 0.1131
vn 0.7793 0.0952 0.6194
vn 0.1131 0.0952 0.9890
vn 0.6194 0.0952 -0.7793
vn 0.9890 0.0952 -0.1131
vn 0.5544 0.7061 0.4406
vn 0.7036 0.7061 -0.0805
vn -0.4406 0.7061 0.5544
vn 0.0805 0.7061 0.7036
vn 0.4406 0.7061 -0.5544
vn -0.7036 0.7061 0.0805
vn 0.7042 0.2399 0.6682
vn 0.5840 0.5931 0.5542
vn 0.7172 -0.1499 0.6806
vn -0.0928 -0.7950 -0.5995
vn 0.1544 -0.9181 -0.3649
vn -0.1087 -0.9887 -0.1032
vn -0.3749 -0.8561 -0.3558
vn 0.4169 -0.9015 -0.1158
vn 0.6549 -0.7477 0.1100
vn 0.4303 -0.8051 0.4083
vn 0.1740 -0.9708 0.1651
vn -0.5840 -0.5931 -0.5542
vn -0.7042 -0.2399 -0.6682
vn -0.6210 0.5168 -0.5893
vn -0.7172 0.1499 -0.6806
vn 0.9214 -0.1392 0.3629
vn 0.9936 -0.1050 -0.0413
vn 0.9845 0.1680 -0.0500
vn 0.9093 0.2228 0.3514
vn -0.6883 -0.0000 0.7254
vn 0.3334 0.5620 0.7569
vn 0.4473 0.2273 0.8650
vn -0.8873 -0.2273 -0.4014
vn -0.7734 -0.5620 -0.2933
vn -0.3230 -0.9369 0.1340
vn -0.5752 -0.8112 -0.1053
vn 0.4596 -0.1420 0.8767
vn -0.1169 0.9369 0.3296
vn 0.1353 0.8112 0.5689
vn -0.3848 0.9199 0.0754
vn -0.0551 -0.9199 0.3883
vn 0.1877 -0.7629 0.6187
vn -0.6277 0.7629 -0.1550
vn 0.3685 -0.4897 0.7902
vn -0.8084 0.4897 -0.3266
vn -0.8996 0.1420 -0.4131
vn 0.6883 -0.0000 -0.7254
vn 0.8320 -0.4800 0.2781
vn 0.9263 -0.3619 -0.1053
vn -0.3986 -0.2228 -0.8897
vn -0.0017 -0.1680 -0.9858
vn 0.0825 -0.4153 -0.9059
vn -0.2870 -0.5508 -0.7837
vn 0.0938 0.9015 -0.4224
vn 0.3696 0.6798 -0.6335
vn 0.1902 0.5638 -0.8038
vn -0.1442 0.7477 -0.6482
vn 0.6035 0.7950 0.0613
vn 0.7539 0.5994 -0.2688
vn 0.5676 0.6923 -0.4456
vn 0.3563 0.9181 -0.1733
vn 0.0566 0.3619 -0.9305
vn -0.3213 0.4800 -0.8163
vn -0.4107 0.1392 -0.9011
vn -0.0108 0.1050 -0.9944
vn 0.2289 -0.5994 -0.7670
vn 0.4153 -0.6923 -0.5901
vn 0.7927 -0.5637 -0.2320
vn 0.7977 0.5508 0.2455
vn 0.9004 0.4153 -0.1298
vn 0.6133 -0.6798 -0.4023
vn 0.6210 -0.5168 0.5893
vn 0.1087 0.9887 0.1032
vn -0.1740 0.9708 -0.1651
vn 0.3749 0.8561 0.3558
vn -0.4303 0.8051 -0.4083
vn -0.7043 -0.0353 0.7090
vn -0.6867 -0.0287 0.7264
vn -0.6994 -0.0262 0.7142
vn -0.7072 -0.0120 0.7069
vn -0.6854 -0.0000 0.7282
vn -0.6771 0.0079 0.7359
vn -0.6777 -0.0118 0.7353
vn -0.6784 -0.0106 0.7346
vn -0.6996 0.0069 0.7145
vn -0.6788 0.0214 0.7340
vn -0.6883 0.0174 0.7252
vn -0.7077 -0.0034 0.7065
vn -0.6808 -0.0253 0.7320
vn -0.7006 0.0070 0.7136
vn -0.6897 0.0035 0.7241
vn -0.0180 -0.9997 -0.0171
vn 0.2962 -0.9128 0.2811
vn -0.3731 -0.8576 -0.3540
vn -0.6278 -0.5010 -0.5957
vn -0.1085 -0.9887 -0.1030
vn -0.5818 -0.5973 -0.5521
vn -0.7224 -0.0908 -0.6855
vn -0.7186 0.1366 -0.6819
vn -0.7242 0.0586 -0.6871
vn 0.4304 -0.8050 0.4084
vn -0.7178 0.1448 -0.6811
vn -0.7074 0.2215 -0.6712
vn 0.4721 -0.7593 0.4479
vn 0.4721 -0.7593 0.4480
vn 0.3904 -0.8428 0.3705
vn -0.4241 0.8113 -0.4024
vn 0.1163 0.9871 0.1104
vn 0.5050 0.7179 0.4792
vn 0.2325 0.9472 0.2206
vn 0.6834 0.3354 0.6485
vn 0.7177 -0.1448 0.6811
vn 0.5818 0.5972 0.5521
vn 0.7085 -0.2148 0.6723
vn -0.0972 0.9910 -0.0922
vn -0.4689 0.7630 -0.4450
vn 0.4450 -0.7897 0.4223
vn -0.2298 0.5984 0.7675
vn -0.0579 -0.3614 0.9306
vn -0.7541 -0.5987 0.2700
vn -0.9263 0.3613 0.1069
vn 0.9730 -0.0000 -0.2308
vn 0.8106 -0.0000 -0.5856
vn 0.9873 -0.0000 0.1591
vn -0.4874 -0.3710 0.7905
vn -0.1478 -0.3710 0.9168
vn -0.1591 -0.0000 0.9873
vn -0.5248 -0.0000 0.8512
vn 0.2143 -0.3710 0.9036
vn 0.5438 -0.3710 0.7528
vn 0.5856 -0.0000 0.8106
vn 0.2308 -0.0000 0.9730
vn -0.8106 -0.0000 0.5856
vn -0.9730 -0.0000 0.2308
vn -0.8512 -0.0000 -0.5248
vn -0.9873 -0.0000 -0.1591
vn 0.9168 -0.3710 0.1478
vn 0.6913 -0.7139 0.1114
vn 0.6813 -0.7139 -0.1616
vn 0.9036 -0.3710 -0.2143
vn 0.7681 0.3196 -0.5549
vn 0.9220 0.3196 -0.2187
vn -0.9220 0.3196 0.2187
vn -0.7681 0.3196 0.5549
vn -0.1508 0.3196 0.9355
vn -0.4973 0.3196 0.8066
vn 0.9355 0.3196 0.1508
vn 0.1508 0.3196 -0.9355
vn 0.4973 0.3196 -0.8066
vn -0.2187 0.3196 -0.9220
vn 0.2187 0.3196 0.9220
vn 0.5549 0.3196 0.7681
vn -0.5549 0.3196 -0.7681
vn 0.8066 0.3196 0.4973
vn -0.8066 0.3196 -0.4973
vn -0.9355 0.3196 -0.1508
vn 0.7905 -0.3710 0.4874
vn 0.5960 -0.7139 0.3675
vn -0.9036 -0.3710 0.2143
vn -0.6813 -0.7139 0.1616
vn -0.5676 -0.7139 0.4100
vn -0.7528 -0.3710 0.5438
vn -0.2143 -0.3710 -0.9036
vn -0.1616 -0.7139 -0.6813
vn -0.4100 -0.7139 -0.5676
vn -0.5438 -0.3710 -0.7528
vn 0.4874 -0.3710 -0.7905
vn 0.3675 -0.7139 -0.5960
vn 0.1114 -0.7139 -0.6913
vn 0.1478 -0.3710 -0.9168
vn -0.5960 -0.7139 -0.3675
vn -0.7905 -0.3710 -0.4874
vn -0.9168 -0.3710 -0.1478
vn -0.6913 -0.7139 -0.1114
vn -0.3675 -0.7139 0.5960
vn -0.1114 -0.7139 0.6913
vn 0.4100 -0.7139 0.5676
vn 0.7528 -0.3710 -0.5438
vn 0.5676 -0.7139 -0.4100
vn 0.1616 -0.7139 0.6813
vn 0.8512 -0.0000 0.5248
vn 0.1591 -0.0000 -0.9873
vn -0.2308 -0.0000 -0.9730
vn 0.5248 -0.0000 -0.8512
vn -0.5856 -0.0000 -0.8106
vn -0.0232 0.9991 0.0351
vn 0.0016 0.9996 0.0288
vn -0.0160 0.9995 0.0261
vn -0.0266 0.9996 0.0117
vn 0.0041 1.0000 0.0001
vn 0.0154 0.9999 -0.0078
vn 0.0144 0.9998 0.0119
vn 0.0134 0.9999 0.0107
vn -0.0156 0.9999 -0.0071
vn 0.0131 0.9997 -0.0213
vn 0.0001 0.9998 -0.0174
vn -0.0270 0.9996 0.0031
vn 0.0097 0.9996 0.0253
vn -0.0169 0.9998 -0.0072
vn -0.0018 1.0000 -0.0035
vn -0.0342 -0.0000 0.9994
vn 0.3998 -0.0000 0.9166
vn -0.5224 -0.0000 0.8527
vn -0.8701 -0.0000 0.4929
vn -0.1589 -0.0000 0.9873
vn -0.8076 -0.0000 0.5898
vn -0.9967 -0.0000 0.0815
vn -0.9893 -0.0000 -0.1458
vn -0.9977 -0.0000 -0.0679
vn 0.5858 -0.0000 0.8105
vn -0.9881 -0.0000 -0.1540
vn -0.9730 -0.0000 -0.2306
vn 0.6436 -0.0000 0.7653
vn 0.5303 -0.0000 0.8478
vn -0.5770 -0.0000 -0.8168
vn 0.1696 -0.0000 -0.9855
vn 0.7028 -0.0000 -0.7114
vn 0.3294 -0.0000 -0.9442
vn 0.9452 -0.0000 -0.3266
vn 0.9881 -0.0000 0.1541
vn 0.8076 -0.0000 -0.5897
vn 0.9746 -0.0000 0.2239
vn -0.1247 -0.0000 -0.9922
vn -0.6393 -0.0000 -0.7690
vn 0.6061 -0.0000 0.7954
vn 0.3672 0.7150 -0.5950
vn 0.5952 0.7149 0.3670
vn -0.3667 0.7150 0.5953
vn -0.5950 0.7152 -0.3668
vn -0.9915 -0.0000 -0.1303
vn -0.9659 -0.0000 0.2590
vn -0.8661 -0.0000 -0.4998
vn 0.7366 -0.3710 -0.5655
vn 0.4642 -0.3710 -0.8043
vn 0.4998 -0.0000 -0.8661
vn 0.7932 -0.0000 -0.6089
vn 0.1210 -0.3710 -0.9207
vn -0.2405 -0.3710 -0.8969
vn -0.2590 -0.0000 -0.9659
vn 0.1303 -0.0000 -0.9915
vn 0.9659 -0.0000 -0.2590
vn 0.9915 -0.0000 0.1303
vn 0.6089 -0.0000 0.7932
vn 0.8661 -0.0000 0.4998
vn -0.8043 -0.3710 -0.4641
vn -0.6065 -0.7139 -0.3500
vn -0.6942 -0.7139 -0.0912
vn -0.9207 -0.3710 -0.1210
vn -0.9152 0.3196 0.2454
vn -0.9395 0.3196 -0.1235
vn 0.9395 0.3196 0.1235
vn 0.9152 0.3196 -0.2454
vn 0.4736 0.3196 -0.8207
vn 0.7516 0.3196 -0.5770
vn -0.8207 0.3196 -0.4736
vn -0.4736 0.3196 0.8207
vn -0.7516 0.3196 0.5770
vn -0.1235 0.3196 0.9395
vn 0.1235 0.3196 -0.9395
vn -0.2454 0.3196 -0.9152
vn 0.2454 0.3196 0.9152
vn -0.5770 0.3196 -0.7516
vn 0.5770 0.3196 0.7516
vn 0.8207 0.3196 0.4736
vn -0.5655 -0.3710 -0.7366
vn -0.4264 -0.7139 -0.5554
vn 0.9207 -0.3710 0.1210
vn 0.6942 -0.7139 0.0912
vn 0.6763 -0.7139 -0.1814
vn 0.8969 -0.3710 -0.2405
vn -0.1210 -0.3710 0.9207
vn -0.0912 -0.7139 0.6942
vn 0.1814 -0.7139 0.6763
vn 0.2405 -0.3710 0.8969
vn -0.7366 -0.3710 0.5655
vn -0.5554 -0.7139 0.4264
vn -0.3500 -0.7139 0.6065
vn -0.4641 -0.3710 0.8043
vn 0.4264 -0.7139 0.5554
vn 0.5655 -0.3710 0.7366
vn 0.8043 -0.3710 0.4642
vn 0.6065 -0.7139 0.3500
vn 0.5554 -0.7139 -0.4264
vn 0.3500 -0.7139 -0.6065
vn -0.1814 -0.7139 -0.6763
vn -0.8969 -0.3710 0.2405
vn -0.6763 -0.7139 0.1814
vn 0.0912 -0.7139 -0.6942
vn -0.6089 -0.0000 -0.7932
vn -0.4998 -0.0000 0.8661
vn -0.1303 -0.0000 0.9915
vn -0.7932 -0.0000 0.6089
vn 0.2590 -0.0000 0.9659
vn 0.0342 0.9991 -0.0246
vn 0.0087 0.9996 -0.0275
vn 0.0242 0.9995 -0.0187
vn 0.0290 0.9996 -0.0015
vn -0.0038 1.0000 -0.0015
vn -0.0172 0.9999 0.0018
vn -0.0092 0.9998 -0.0163
vn -0.0088 0.9999 -0.0148
vn 0.0121 0.9999 0.0122
vn -0.0198 0.9997 0.0153
vn -0.0062 0.9998 0.0163
vn 0.0264 0.9996 0.0067
vn -0.0001 0.9996 -0.0271
vn 0.0133 0.9998 0.0127
vn 0.0004 1.0000 0.0039
vn 0.3874 -0.0000 -0.9219
vn -0.0478 -0.0000 -0.9989
vn 0.7914 -0.0000 -0.6112
vn 0.9885 -0.0000 -0.1513
vn 0.4996 -0.0000 -0.8663
vn 0.9645 -0.0000 -0.2640
vn 0.9605 -0.0000 0.2783
vn 0.8728 -0.0000 0.4881
vn 0.9083 -0.0000 0.4183
vn -0.2593 -0.0000 -0.9658
vn 0.8687 -0.0000 0.4953
vn 0.8274 -0.0000 0.5616
vn -0.3294 -0.0000 -0.9442
vn -0.1941 -0.0000 -0.9810
vn 0.2488 -0.0000 0.9686
vn -0.5089 -0.0000 0.8608
vn -0.9098 -0.0000 0.4149
vn -0.6436 -0.0000 0.7653
vn -0.9995 -0.0000 -0.0309
vn -0.8687 -0.0000 -0.4954
vn -0.9645 -0.0000 0.2640
vn -0.8313 -0.0000 -0.5559
vn -0.2363 -0.0000 0.9717
vn 0.3240 -0.0000 0.9460
vn -0.2836 -0.0000 -0.9589
vn -0.5548 0.7150 0.4255
vn -0.4258 0.7149 -0.5546
vn 0.5544 0.7150 -0.4260
vn 0.4256 0.7152 0.5544
vn -0.7254 -0.0000 0.6883
vn -0.4068 -0.0000 0.9135
vn -0.9336 -0.0000 0.3583
vn 0.0243 -0.3710 -0.9283
vn -0.3328 -0.3710 -0.8670
vn -0.3583 -0.0000 -0.9336
vn 0.0262 -0.0000 -0.9997
vn -0.6392 -0.3710 -0.6736
vn -0.8483 -0.3710 -0.3777
vn -0.9135 -0.0000 -0.4068
vn -0.6883 -0.0000 -0.7254
vn 0.4068 -0.0000 -0.9135
vn 0.7254 -0.0000 -0.6883
vn 0.9997 -0.0000 0.0262
vn 0.9336 -0.0000 -0.3583
vn -0.8670 -0.3710 0.3328
vn -0.6537 -0.7139 0.2509
vn -0.5079 -0.7139 0.4820
vn -0.6736 -0.3710 0.6392
vn -0.3854 0.3196 0.8656
vn -0.6874 0.3196 0.6522
vn 0.6874 0.3196 -0.6522
vn 0.3854 0.3196 -0.8656
vn -0.3396 0.3196 -0.8846
vn 0.0248 0.3196 -0.9472
vn -0.8846 0.3196 0.3396
vn 0.3396 0.3196 0.8846
vn -0.0248 0.3196 0.9472
vn 0.6522 0.3196 0.6874
vn -0.6522 0.3196 -0.6874
vn -0.8656 0.3196 -0.3854
vn 0.8656 0.3196 0.3854
vn -0.9472 0.3196 -0.0248
vn 0.9472 0.3196 0.0248
vn 0.8846 0.3196 -0.3396
vn -0.9283 -0.3710 -0.0243
vn -0.7000 -0.7139 -0.0183
vn 0.6736 -0.3710 -0.6392
vn 0.5079 -0.7139 -0.4820
vn 0.2848 -0.7139 -0.6397
vn 0.3777 -0.3710 -0.8483
vn 0.6392 -0.3710 0.6736
vn 0.4820 -0.7139 0.5079
vn 0.6397 -0.7139 0.2848
vn 0.8483 -0.3710 0.3777
vn -0.0243 -0.3710 0.9283
vn -0.0183 -0.7139 0.7000
vn 0.2509 -0.7139 0.6537
vn 0.3328 -0.3710 0.8670
vn 0.7000 -0.7139 0.0183
vn 0.9283 -0.3710 0.0243
vn 0.8670 -0.3710 -0.3328
vn 0.6537 -0.7139 -0.2509
vn 0.0183 -0.7139 -0.7000
vn -0.2509 -0.7139 -0.6537
vn -0.6397 -0.7139 -0.2848
vn -0.3777 -0.3710 0.8483
vn -0.2848 -0.7139 0.6397
vn -0.4820 -0.7139 -0.5079
vn -0.9997 -0.0000 -0.0262
vn 0.3583 -0.0000 0.9336
vn 0.6883 -0.0000 0.7254
vn -0.0262 -0.0000 0.9997
vn 0.9135 -0.0000 0.4068
vn 0.0024 0.9991 -0.0420
vn -0.0159 0.9996 -0.0240
vn 0.0007 0.9995 -0.0306
vn 0.0171 0.9996 -0.0235
vn -0.0036 1.0000 0.0020
vn -0.0094 0.9999 0.0145
vn -0.0185 0.9998 -0.0031
vn -0.0170 0.9999 -0.0025
vn 0.0170 0.9999 -0.0017
vn -0.0006 0.9997 0.0250
vn 0.0087 0.9998 0.0151
vn 0.0218 0.9996 -0.0163
vn -0.0211 0.9996 -0.0170
vn 0.0182 0.9998 -0.0023
vn 0.0033 1.0000 0.0021
vn -0.4725 -0.0000 -0.8813
vn -0.8062 -0.0000 -0.5917
vn 0.0233 -0.0000 -0.9997
vn 0.5047 -0.0000 -0.8633
vn -0.3586 -0.0000 -0.9335
vn 0.4020 -0.0000 -0.9156
vn 0.8209 -0.0000 -0.5711
vn 0.9287 -0.0000 -0.3709
vn 0.8968 -0.0000 -0.4424
vn -0.9136 -0.0000 -0.4065
vn 0.9317 -0.0000 -0.3632
vn 0.9572 -0.0000 -0.2894
vn -0.9410 -0.0000 -0.3384
vn -0.8844 -0.0000 -0.4667
vn 0.9092 -0.0000 0.4164
vn 0.3485 -0.0000 0.9373
vn -0.2504 -0.0000 0.9682
vn 0.1895 -0.0000 0.9819
vn -0.6532 -0.0000 0.7572
vn -0.9317 -0.0000 0.3631
vn -0.4021 -0.0000 0.9156
vn -0.9552 -0.0000 0.2960
vn 0.6063 -0.0000 0.7953
vn 0.9391 -0.0000 0.3438
vn -0.9236 -0.0000 -0.3833
vn -0.0186 0.7150 0.6989
vn -0.6990 0.7149 -0.0183
vn 0.0181 0.7150 -0.6989
vn 0.6987 0.7152 0.0183
vn 0.0453 -0.0000 0.9990
vn 0.4242 -0.0000 0.9056
vn -0.3404 -0.0000 0.9403
vn -0.6857 -0.3710 -0.6262
vn -0.8732 -0.3710 -0.3161
vn -0.9403 -0.0000 -0.3404
vn -0.7384 -0.0000 -0.6743
vn -0.9277 -0.3710 0.0421
vn -0.8410 -0.3710 0.3939
vn -0.9056 -0.0000 0.4242
vn -0.9990 -0.0000 0.0453
vn -0.4242 -0.0000 -0.9056
vn -0.0453 -0.0000 -0.9990
vn 0.6743 -0.0000 -0.7384
vn 0.3404 -0.0000 -0.9403
vn -0.3161 -0.3710 0.8732
vn -0.2384 -0.7139 0.6584
vn 0.0317 -0.7139 0.6995
vn 0.0421 -0.3710 0.9277
vn 0.4019 0.3196 0.8581
vn 0.0430 0.3196 0.9466
vn -0.0430 0.3196 -0.9466
vn -0.4019 0.3196 -0.8581
vn -0.8910 0.3196 -0.3226
vn -0.6997 0.3196 -0.6390
vn -0.3226 0.3196 0.8910
vn 0.8910 0.3196 0.3226
vn 0.6997 0.3196 0.6390
vn 0.9466 0.3196 -0.0430
vn -0.9466 0.3196 0.0430
vn -0.8581 0.3196 0.4019
vn 0.8581 0.3196 -0.4019
vn -0.6390 0.3196 0.6997
vn 0.6390 0.3196 -0.6997
vn 0.3226 0.3196 -0.8910
vn -0.6262 -0.3710 0.6857
vn -0.4722 -0.7139 0.5171
vn -0.0421 -0.3710 -0.9277
vn -0.0317 -0.7139 -0.6995
vn -0.2970 -0.7139 -0.6341
vn -0.3939 -0.3710 -0.8410
vn 0.9277 -0.3710 -0.0421
vn 0.6995 -0.7139 -0.0317
vn 0.6341 -0.7139 -0.2970
vn 0.8410 -0.3710 -0.3939
vn 0.6857 -0.3710 0.6262
vn 0.5171 -0.7139 0.4722
vn 0.6584 -0.7139 0.2384
vn 0.8732 -0.3710 0.3161
vn 0.4722 -0.7139 -0.5171
vn 0.6262 -0.3710 -0.6857
vn 0.3161 -0.3710 -0.8732
vn 0.2384 -0.7139 -0.6584
vn -0.5171 -0.7139 -0.4722
vn -0.6584 -0.7139 -0.2384
vn -0.6341 -0.7139 0.2970
vn 0.3939 -0.3710 0.8410
vn 0.2970 -0.7139 0.6341
vn -0.6995 -0.7139 0.0317
vn -0.6743 -0.0000 0.7384
vn 0.9403 -0.0000 0.3404
vn 0.9990 -0.0000 -0.0453
vn 0.7384 -0.0000 0.6743
vn 0.9056 -0.0000 -0.4242
vn -0.0302 0.9991 -0.0294
vn -0.0286 0.9996 -0.0037
vn -0.0227 0.9995 -0.0206
vn -0.0066 0.9996 -0.0283
vn -0.0008 1.0000 0.0040
vn 0.0048 0.9999 0.0166
vn -0.0144 0.9998 0.0119
vn -0.0130 0.9999 0.0112
vn 0.0099 0.9999 -0.0140
vn 0.0185 0.9997 0.0168
vn 0.0171 0.9998 0.0033
vn 0.0020 0.9996 -0.0272
vn -0.0267 0.9996 0.0048
vn 0.0102 0.9998 -0.0153
vn 0.0038 1.0000 -0.0011
vn -0.9755 -0.0000 -0.2199
vn -0.9751 -0.0000 0.2220
vn -0.7404 -0.0000 -0.6722
vn -0.3221 -0.0000 -0.9467
vn -0.9404 -0.0000 -0.3402
vn -0.4289 -0.0000 -0.9034
vn 0.1058 -0.0000 -0.9944
vn 0.3277 -0.0000 -0.9448
vn 0.2528 -0.0000 -0.9675
vn -0.9055 -0.0000 0.4244
vn 0.3355 -0.0000 -0.9420
vn 0.4080 -0.0000 -0.9130
vn -0.8719 -0.0000 0.4897
vn -0.9318 -0.0000 0.3629
vn 0.9100 -0.0000 -0.4146
vn 0.9366 -0.0000 0.3503
vn 0.5679 -0.0000 0.8231
vn 0.8662 -0.0000 0.4996
vn 0.1447 -0.0000 0.9895
vn -0.3356 -0.0000 0.9420
vn 0.4288 -0.0000 0.9034
vn -0.4017 -0.0000 0.9158
vn 0.9980 -0.0000 0.0625
vn 0.8747 -0.0000 -0.4847
vn -0.8945 -0.0000 0.4472
vn 0.5161 0.7150 0.4717
vn -0.4715 0.7149 0.5163
vn -0.5165 0.7150 -0.4713
vn 0.4713 0.7152 -0.5161
vn -0.1056 -0.0000 -0.9944
vn -0.4781 -0.0000 -0.8783
vn 0.2830 -0.0000 -0.9591
vn 0.7223 -0.3710 0.5836
vn 0.8907 -0.3710 0.2628
vn 0.9591 -0.0000 0.2830
vn 0.7778 -0.0000 0.6285
vn 0.9234 -0.3710 -0.0981
vn 0.8156 -0.3710 -0.4440
vn 0.8783 -0.0000 -0.4781
vn 0.9944 -0.0000 -0.1056
vn 0.4781 -0.0000 0.8783
vn 0.1056 -0.0000 0.9944
vn -0.6285 -0.0000 0.7778
vn -0.2830 -0.0000 0.9591
vn 0.2628 -0.3710 -0.8907
vn 0.1981 -0.7139 -0.6716
vn -0.0740 -0.7139 -0.6963
vn -0.0981 -0.3710 -0.9234
vn -0.4531 0.3196 -0.8322
vn -0.1001 0.3196 -0.9423
vn 0.1001 0.3196 0.9423
vn 0.4531 0.3196 0.8322
vn 0.9088 0.3196 0.2681
vn 0.7371 0.3196 0.5955
vn 0.2681 0.3196 -0.9088
vn -0.9088 0.3196 -0.2681
vn -0.7371 0.3196 -0.5955
vn -0.9423 0.3196 0.1001
vn 0.9423 0.3196 -0.1001
vn 0.8322 0.3196 -0.4531
vn -0.8322 0.3196 0.4531
vn 0.5955 0.3196 -0.7371
vn -0.5955 0.3196 0.7371
vn -0.2681 0.3196 0.9088
vn 0.5836 -0.3710 -0.7223
vn 0.4401 -0.7139 -0.5447
vn 0.0981 -0.3710 0.9234
vn 0.0740 -0.7139 0.6963
vn 0.3348 -0.7139 0.6150
vn 0.4440 -0.3710 0.8156
vn -0.9234 -0.3710 0.0981
vn -0.6963 -0.7139 0.0740
vn -0.6150 -0.7139 0.3348
vn -0.8156 -0.3710 0.4440
vn -0.7223 -0.3710 -0.5836
vn -0.5447 -0.7139 -0.4401
vn -0.6716 -0.7139 -0.1981
vn -0.8907 -0.3710 -0.2628
vn -0.4401 -0.7139 0.5447
vn -0.5836 -0.3710 0.7223
vn -0.2628 -0.3710 0.8907
vn -0.1981 -0.7139 0.6716
vn 0.5447 -0.7139 0.4401
vn 0.6716 -0.7139 0.1981
vn 0.6150 -0.7139 -0.3348
vn -0.4440 -0.3710 -0.8156
vn -0.3348 -0.7139 -0.6150
vn 0.6963 -0.7139 -0.0740
vn 0.6285 -0.0000 -0.7778
vn -0.9591 -0.0000 -0.2830
vn -0.9944 -0.0000 0.1056
vn -0.7778 -0.0000 -0.6285
vn -0.8783 -0.0000 0.4781
vn 0.0319 0.9991 0.0275
vn 0.0287 0.9996 0.0020
vn 0.0239 0.9995 0.0192
vn 0.0083 0.9996 0.0278
vn 0.0006 1.0000 -0.0040
vn -0.0058 0.9999 -0.0163
vn 0.0137 0.9998 -0.0128
vn 0.0123 0.9999 -0.0120
vn -0.0090 0.9999 0.0146
vn -0.0195 0.9997 -0.0157
vn -0.0173 0.9998 -0.0023
vn -0.0003 0.9996 0.0272
vn 0.0264 0.9996 -0.0064
vn -0.0092 0.9998 0.0159
vn -0.0037 1.0000 0.0013
vn 0.9870 -0.0000 0.1606
vn 0.9599 -0.0000 -0.2805
vn 0.7797 -0.0000 0.6262
vn 0.3787 -0.0000 0.9255
vn 0.9592 -0.0000 0.2827
vn 0.4827 -0.0000 0.8758
vn -0.0455 -0.0000 0.9990
vn -0.2700 -0.0000 0.9629
vn -0.1938 -0.0000 0.9810
vn 0.8782 -0.0000 -0.4784
vn -0.2780 -0.0000 0.9606
vn -0.3521 -0.0000 0.9360
vn 0.8407 -0.0000 -0.5415
vn 0.9082 -0.0000 -0.4186
vn -0.8833 -0.0000 0.4688
vn -0.9561 -0.0000 -0.2931
vn -0.6166 -0.0000 -0.7873
vn -0.8948 -0.0000 -0.4464
vn -0.2042 -0.0000 -0.9789
vn 0.2781 -0.0000 -0.9606
vn -0.4826 -0.0000 -0.8758
vn 0.3456 -0.0000 -0.9384
vn -1.0000 -0.0000 -0.0020
vn -0.8438 -0.0000 0.5367
vn 0.8658 -0.0000 -0.5004
vn -0.5437 0.7150 -0.4396
vn 0.4394 0.7149 -0.5439
vn 0.5440 0.7150 0.4392
vn -0.4393 0.7152 0.5437
vn 0.4253 0.0640 0.9028
vn 0.3825 0.4410 0.8119
vn 0.4034 -0.3228 0.8562
vn 0.0743 -0.6973 -0.7129
vn 0.2079 -0.8789 -0.4292
vn -0.1375 -0.9465 -0.2920
vn -0.2814 -0.7509 -0.5974
vn 0.3609 -0.9267 -0.1043
vn 0.5101 -0.8334 0.2124
vn 0.1880 -0.8975 0.3990
vn 0.0273 -0.9979 0.0579
vn -0.3825 -0.4410 -0.8119
vn -0.4253 -0.0640 -0.9028
vn -0.3200 0.6604 -0.6793
vn -0.4034 0.3228 -0.8562
vn 0.7102 -0.2997 0.6370
vn 0.9283 -0.2260 0.2953
vn 0.9437 0.0448 0.3279
vn 0.7305 0.0594 0.6803
vn -0.9046 -0.0000 0.4262
vn -0.9047 -0.0000 0.4262
vn 0.0733 0.4179 0.9055
vn 0.1139 0.0607 0.9916
vn -0.6921 -0.0607 -0.7193
vn -0.6515 -0.4179 -0.6331
vn -0.4194 -0.8969 -0.1405
vn -0.5558 -0.7115 -0.4299
vn 0.0931 -0.3058 0.9475
vn -0.1588 0.8969 0.4129
vn -0.0224 0.7115 0.7023
vn -0.3150 0.9456 0.0813
vn -0.2632 -0.9456 0.1911
vn -0.1110 -0.8504 0.5143
vn -0.4672 0.8504 -0.2419
vn 0.0141 -0.6258 0.7799
vn -0.5923 0.6258 -0.5075
vn -0.6713 0.3058 -0.6751
vn 0.9046 -0.0000 -0.4262
vn 0.6328 -0.6133 0.4727
vn 0.8699 -0.4624 0.1714
vn -0.0593 -0.0594 -0.9965
vn 0.3481 -0.0448 -0.9364
vn 0.3780 -0.3088 -0.8728
vn -0.0196 -0.4096 -0.9121
vn 0.3103 0.9267 -0.2119
vn 0.6268 0.6988 -0.3448
vn 0.5142 0.6284 -0.5836
vn 0.1611 0.8334 -0.5286
vn 0.5970 0.6973 0.3967
vn 0.8429 0.5258 0.1141
vn 0.7422 0.6627 -0.0998
vn 0.4633 0.8789 0.1130
vn 0.4218 0.4624 -0.7799
vn 0.0384 0.6133 -0.7889
vn -0.0390 0.2997 -0.9532
vn 0.3634 0.2260 -0.9038
vn 0.4488 -0.5258 -0.7226
vn 0.5495 -0.6627 -0.5087
vn 0.7775 -0.6284 -0.0249
vn 0.6908 0.4096 0.5959
vn 0.9137 0.3088 0.2643
vn 0.6650 -0.6988 -0.2637
vn 0.3200 -0.6604 0.6793
vn 0.1375 0.9465 0.2920
vn -0.0273 0.9979 -0.0579
vn 0.2814 0.7509 0.5974
vn -0.1880 0.8975 -0.3990
vn -0.9161 -0.0307 0.3997
vn -0.9056 -0.0286 0.4231
vn -0.9128 -0.0230 0.4077
vn -0.9163 -0.0071 0.4005
vn -0.9029 -0.0008 0.4298
vn -0.8975 0.0051 0.4410
vn -0.8993 -0.0142 0.4371
vn -0.8996 -0.0128 0.4365
vn -0.9106 0.0096 0.4133
vn -0.8973 0.0188 0.4410
vn -0.9032 0.0172 0.4288
vn -0.9159 0.0014 0.4014
vn -0.9020 -0.0266 0.4308
vn -0.9111 0.0099 0.4121
vn -0.9051 0.0038 0.4251
vn -0.0859 -0.9795 -0.1824
vn 0.1023 -0.9707 0.2173
vn -0.2805 -0.7528 -0.5954
vn -0.4008 -0.3397 -0.8508
vn -0.1374 -0.9466 -0.2918
vn -0.3815 -0.4457 -0.8098
vn -0.4245 0.0871 -0.9012
vn -0.4052 0.3100 -0.8601
vn -0.4143 0.2346 -0.8794
vn 0.1881 -0.8974 0.3992
vn -0.4041 0.3179 -0.8577
vn -0.3923 0.3908 -0.8327
vn 0.2156 -0.8626 0.4577
vn 0.1621 -0.9249 0.3440
vn -0.1839 0.9021 -0.3904
vn 0.1418 0.9430 0.3010
vn 0.3462 0.5832 0.7349
vn 0.2060 0.8754 0.4373
vn 0.4205 0.1632 0.8925
vn 0.4041 -0.3179 0.8577
vn 0.3815 0.4456 0.8099
vn 0.3934 -0.3845 0.8351
vn 0.0187 0.9990 0.0396
vn -0.2135 0.8655 -0.4532
vn 0.1977 -0.8859 0.4196
vn -0.4499 0.5248 0.7226
vn -0.4230 -0.4618 0.7797
vn -0.8435 -0.5252 -0.1128
vn -0.8707 0.4616 -0.1700
vn -0.2170 0.9406 0.2611
vn -0.4305 0.7391 0.5180
vn 0.0296 0.9989 -0.0356
vn 0.2519 -0.3948 -0.8836
vn 0.3076 -0.0430 -0.9505
vn 0.6385 -0.0463 -0.7683
vn 0.5785 -0.4251 -0.6961
vn 0.2730 0.3152 -0.9089
vn 0.1534 0.6255 -0.7650
vn 0.4724 0.6736 -0.5684
vn 0.6012 0.3395 -0.7234
vn 0.4305 -0.7391 -0.5180
vn 0.2170 -0.9406 -0.2611
vn -0.2717 -0.9052 0.3269
vn -0.0296 -0.9989 0.0356
vn -0.2578 0.9276 -0.2702
vn -0.5283 0.6995 -0.4813
vn -0.7010 0.6586 -0.2735
vn -0.4868 0.8735 0.0053
vn 0.7691 -0.0000 0.6391
vn -0.1622 0.7004 0.6951
vn 0.0402 0.8913 0.4516
vn 0.4514 -0.8913 -0.0431
vn 0.6537 -0.7004 -0.2866
vn 0.8508 -0.0439 -0.5237
vn 0.7940 -0.4028 -0.4554
vn 0.2738 0.9465 0.1705
vn -0.3592 0.0439 0.9322
vn -0.3024 0.4028 0.8639
vn -0.3239 -0.3217 0.8897
vn 0.8154 0.3217 -0.4812
vn 0.6934 0.6383 -0.3344
vn -0.2018 -0.6383 0.7429
vn 0.5032 0.8577 -0.1055
vn -0.0117 -0.8577 0.5140
vn 0.2177 -0.9465 0.2380
vn -0.7691 -0.0000 -0.6391
vn -0.0330 0.8406 -0.5407
vn -0.3588 0.6338 -0.6852
vn -0.0838 -0.8735 -0.4796
vn -0.3972 -0.6586 -0.6391
vn -0.2476 -0.5175 -0.8190
vn 0.1145 -0.6864 -0.7182
vn -0.8436 -0.3152 0.4347
vn -0.9700 -0.2377 0.0502
vn -0.8799 -0.4716 -0.0583
vn -0.7240 -0.6255 0.2908
vn -0.8226 0.3948 0.4094
vn -0.9542 0.2977 0.0311
vn -0.9961 0.0324 0.0816
vn -0.8782 0.0430 0.4763
vn -0.7393 -0.6338 -0.2274
vn -0.5376 -0.8406 0.0665
vn -0.3128 -0.9276 -0.2040
vn -0.5698 -0.6995 -0.4313
vn -0.1440 -0.2977 -0.9438
vn -0.1020 -0.0324 -0.9943
vn -0.2183 0.4716 -0.8543
vn -0.6851 0.6864 0.2440
vn -0.8505 0.5175 -0.0936
vn -0.1281 0.2377 -0.9629
vn 0.2717 0.9052 -0.3269
vn -0.6385 0.0463 0.7683
vn -0.6012 -0.3395 0.7234
vn -0.5785 0.4251 0.6961
vn -0.4724 -0.6736 0.5684
vn 0.7924 -0.0191 0.6097
vn 0.7869 0.0049 0.6170
vn 0.7865 -0.0129 0.6175
vn 0.7781 -0.0251 0.6276
vn 0.7688 0.0041 0.6394
vn 0.7629 0.0145 0.6463
vn 0.7755 0.0157 0.6312
vn 0.7748 0.0146 0.6320
vn 0.7656 -0.0163 0.6431
vn 0.7544 0.0106 0.6564
vn 0.7579 -0.0019 0.6524
vn 0.7728 -0.0265 0.6341
vn 0.7842 0.0125 0.6204
vn 0.7656 -0.0177 0.6430
vn 0.7670 -0.0022 0.6417
vn 0.6371 0.0792 -0.7667
vn 0.5531 0.5010 -0.6656
vn 0.5793 -0.4225 -0.6971
vn 0.3760 -0.8087 -0.4524
vn 0.6385 -0.0461 -0.7683
vn 0.4330 -0.7356 -0.5210
vn 0.4329 -0.7356 -0.5210
vn 0.1239 -0.9810 -0.1490
vn -0.0210 -0.9995 0.0253
vn 0.0290 -0.9990 -0.0350
vn 0.4723 0.6738 -0.5683
vn -0.0263 -0.9992 0.0317
vn -0.0760 -0.9929 0.0915
vn 0.4394 0.7262 -0.5288
vn 0.5000 0.6229 -0.6017
vn -0.4769 -0.6657 0.5739
vn -0.6381 0.0569 0.7678
vn -0.5026 0.6178 0.6048
vn -0.6234 0.2204 0.7502
vn -0.2758 0.9021 0.3319
vn 0.0264 0.9991 -0.0317
vn -0.4329 0.7357 0.5209
vn 0.0717 0.9937 -0.0863
vn -0.6211 -0.2362 0.7473
vn -0.4421 -0.7222 0.5319
vn 0.4613 0.6922 -0.5550
vn 0.1455 0.2974 0.9436
vn 0.7398 0.6329 0.2283
vn 0.9544 -0.2970 -0.0299
vn 0.3601 -0.6327 0.6856
vn -0.1616 -0.0000 -0.9869
vn -0.5270 -0.0000 -0.8499
vn 0.2284 -0.0000 -0.9736
vn 0.7541 -0.3710 0.5419
vn 0.9041 -0.3710 0.2121
vn 0.9736 -0.0000 0.2284
vn 0.8121 -0.0000 0.5835
vn 0.9164 -0.3710 -0.1501
vn 0.7892 -0.3710 -0.4894
vn 0.8499 -0.0000 -0.5270
vn 0.9869 -0.0000 -0.1616
vn 0.5270 -0.0000 0.8499
vn 0.1616 -0.0000 0.9869
vn -0.5835 -0.0000 0.8121
vn -0.2284 -0.0000 0.9736
vn 0.2121 -0.3710 -0.9041
vn 0.1599 -0.7139 -0.6817
vn -0.1132 -0.7139 -0.6910
vn -0.1501 -0.3710 -0.9164
vn -0.4993 0.3196 -0.8053
vn -0.1531 0.3196 -0.9351
vn 0.1531 0.3196 0.9351
vn 0.4993 0.3196 0.8053
vn 0.9225 0.3196 0.2164
vn 0.7695 0.3196 0.5529
vn 0.2164 0.3196 -0.9225
vn -0.9225 0.3196 -0.2164
vn -0.7695 0.3196 -0.5529
vn -0.9351 0.3196 0.1531
vn 0.9351 0.3196 -0.1531
vn 0.8053 0.3196 -0.4993
vn -0.8053 0.3196 0.4993
vn 0.5529 0.3196 -0.7695
vn -0.5529 0.3196 0.7695
vn -0.2164 0.3196 0.9225
vn 0.5419 -0.3710 -0.7541
vn 0.4086 -0.7139 -0.5686
vn 0.1501 -0.3710 0.9164
vn 0.1132 -0.7139 0.6910
vn 0.3690 -0.7139 0.5951
vn 0.4894 -0.3710 0.7892
vn -0.9164 -0.3710 0.1501
vn -0.6910 -0.7139 0.1132
vn -0.5951 -0.7139 0.3690
vn -0.7892 -0.3710 0.4894
vn -0.7541 -0.3710 -0.5419
vn -0.5686 -0.7139 -0.4086
vn -0.6817 -0.7139 -0.1599
vn -0.9041 -0.3710 -0.2121
vn -0.4086 -0.7139 0.5686
vn -0.5419 -0.3710 0.7541
vn -0.2121 -0.3710 0.9041
vn -0.1599 -0.7139 0.6817
vn 0.5686 -0.7139 0.4086
vn 0.6817 -0.7139 0.1599
vn 0.5951 -0.7139 -0.3690
vn -0.4894 -0.3710 -0.7892
vn -0.3690 -0.7139 -0.5951
vn 0.6910 -0.7139 -0.1132
vn 0.5835 -0.0000 -0.8121
vn -0.9736 -0.0000 -0.2284
vn -0.9869 -0.0000 0.1616
vn -0.8121 -0.0000 -0.5835
vn -0.8499 -0.0000 0.5270
vn 0.0334 0.9991 0.0256
vn 0.0288 0.9996 0.0004
vn 0.0249 0.9995 0.0178
vn 0.0098 0.9996 0.0273
vn 0.0004 1.0000 -0.0041
vn -0.0067 0.9999 -0.0159
vn 0.0129 0.9998 -0.0135
vn 0.0116 0.9999 -0.0127
vn -0.0081 0.9999 0.0151
vn -0.0203 0.9997 -0.0146
vn -0.0174 0.9998 -0.0013
vn 0.0012 0.9996 0.0272
vn 0.0260 0.9996 -0.0079
vn -0.0083 0.9998 0.0164
vn -0.0036 1.0000 0.0016
vn 0.9945 -0.0000 0.1046
vn 0.9425 -0.0000 -0.3342
vn 0.8138 -0.0000 0.5812
vn 0.4303 -0.0000 0.9027
vn 0.9736 -0.0000 0.2281
vn 0.5313 -0.0000 0.8472
vn 0.0110 -0.0000 0.9999
vn -0.2152 -0.0000 0.9766
vn -0.1381 -0.0000 0.9904
vn 0.8498 -0.0000 -0.5272
vn -0.2233 -0.0000 0.9747
vn -0.2987 -0.0000 0.9544
vn 0.8088 -0.0000 -0.5881
vn 0.8831 -0.0000 -0.4692
vn -0.8554 -0.0000 0.5180
vn -0.9711 -0.0000 -0.2386
vn -0.6600 -0.0000 -0.7512
vn -0.9186 -0.0000 -0.3951
vn -0.2592 -0.0000 -0.9658
vn 0.2234 -0.0000 -0.9747
vn -0.5313 -0.0000 -0.8472
vn 0.2921 -0.0000 -0.9564
vn -0.9985 -0.0000 0.0544
vn -0.8121 -0.0000 0.5835
vn 0.8362 -0.0000 -0.5485
vn -0.5676 0.7150 -0.4082
vn 0.4080 0.7149 -0.5678
vn 0.5679 0.7150 0.4078
vn -0.4079 0.7152 0.5676
vt -0.000586 0.925034
vt 0.499414 0.925034
vt 0.499414 0.987438
vt -0.000586 0.987438
vt 0.561817 0.306530
vt 0.561817 0.318506
vt 0.499414 0.318506
vt 0.499414 0.306530
vt 0.499414 0.913058
vt -0.000586 0.913058
vt -0.000586 0.850655
vt 0.499414 0.850655
vt 0.717302 0.115191
vt 0.693688 0.115191
vt 0.693688 0.103215
vt 0.717302 0.103215
vt -0.000586 0.999414
vt 0.499414 0.999414
vt 0.913273 0.147847
vt 0.870672 0.147847
vt 0.870672 0.135871
vt 0.913273 0.135871
vt 0.499414 0.240101
vt 0.499414 0.282702
vt -0.000586 0.282702
vt -0.000586 0.240101
vt 0.615843 0.115191
vt 0.592228 0.115191
vt 0.592228 0.103215
vt 0.615843 0.103215
vt 0.792827 0.651215
vt 0.792827 0.663191
vt 0.499414 0.663191
vt 0.499414 0.651215
vt 0.787732 0.306376
vt 0.787732 0.318506
vt 0.745131 0.318506
vt 0.745131 0.306376
vt 0.499414 0.728637
vt 0.499414 0.717768
vt 0.542014 0.717768
vt 0.542014 0.728637
vt 0.499414 0.174501
vt 0.499414 0.185370
vt -0.000586 0.185370
vt -0.000586 0.174501
vt 0.913273 0.135871
vt 0.870672 0.135871
vt 0.870672 0.123895
vt 0.913273 0.123895
vt 0.499414 0.554037
vt 0.607198 0.529700
vt 0.685043 0.529700
vt 0.792827 0.554037
vt 0.792827 0.566013
vt 0.792827 0.608614
vt 0.700013 0.608614
vt 0.685043 0.590350
vt 0.499414 0.566013
vt 0.607198 0.590350
vt 0.592228 0.608614
vt 0.499414 0.608614
vt -0.000586 0.078431
vt 0.499414 0.078431
vt 0.499414 0.121032
vt -0.000586 0.121032
vt 0.792827 0.705791
vt 0.700013 0.705791
vt 0.685043 0.687528
vt 0.607198 0.687528
vt 0.592228 0.705791
vt 0.499414 0.705791
vt 0.685043 0.626878
vt 0.607198 0.626878
vt 0.499414 0.294832
vt -0.000586 0.294832
vt 0.700013 0.608614
vt 0.792827 0.608614
vt 0.592228 0.608614
vt 0.700013 0.511437
vt 0.792827 0.511437
vt 0.499414 0.511437
vt 0.592228 0.511437
vt 0.913273 0.162817
vt 0.870672 0.162817
vt 0.870672 0.150841
vt 0.913273 0.150841
vt 0.693687 0.705791
vt 0.693687 0.717768
vt 0.615843 0.717768
vt 0.615843 0.705792
vt -0.000586 0.185370
vt 0.499414 0.185370
vt 0.499414 0.227971
vt -0.000586 0.227971
vt 0.624220 0.306530
vt 0.624220 0.318506
vt 0.561817 0.306530
vt 0.717302 0.705791
vt 0.717302 0.717768
vt 0.910691 0.717768
vt 0.868090 0.717768
vt 0.868090 0.705792
vt 0.910691 0.705792
vt 0.592228 0.705792
vt 0.592228 0.717768
vt 0.584615 0.717768
vt 0.584615 0.728637
vt 0.542014 0.728637
vt 0.542014 0.717768
vt 0.780198 0.091084
vt 0.822799 0.091084
vt 0.822799 0.103215
vt 0.780198 0.103215
vt -0.000586 0.131900
vt 0.499414 0.131901
vt 0.792827 0.402995
vt 0.792827 0.414971
vt 0.499414 0.414971
vt 0.499414 0.402995
vt 0.777390 0.091239
vt 0.741133 0.091239
vt 0.741133 0.079262
vt 0.777390 0.079262
vt 0.590715 0.077786
vt 0.626971 0.077786
vt 0.626971 0.091239
vt 0.590715 0.091239
vt 0.620871 0.727898
vt 0.584615 0.727898
vt 0.584615 0.717768
vt 0.620871 0.717768
vt 0.499414 0.807221
vt 0.999414 0.807222
vt 0.999414 0.843478
vt 0.499414 0.843478
vt 0.590714 0.091238
vt 0.554458 0.091239
vt 0.554458 0.077786
vt 0.590714 0.077786
vt 0.999414 0.889865
vt 0.999414 0.899995
vt 0.499414 0.899995
vt 0.499414 0.889865
vt 0.792827 0.499460
vt 0.499414 0.499460
vt 0.499414 0.463204
vt 0.792827 0.463204
vt 0.999414 0.985961
vt 0.999414 0.999414
vt 0.499414 0.999414
vt 0.499414 0.985961
vt 0.704877 0.091239
vt 0.704877 0.079262
vt 0.499414 0.853608
vt 0.999414 0.853608
vt 0.620871 0.727898
vt 0.620871 0.717768
vt 0.657128 0.717768
vt 0.657128 0.727898
vt 0.499414 0.366739
vt 0.499414 0.354763
vt 0.792827 0.354763
vt 0.792827 0.366739
vt 0.499414 0.949704
vt 0.999414 0.949704
vt 0.499414 0.414971
vt 0.792827 0.451228
vt 0.499414 0.451228
vt 0.626971 0.091238
vt 0.626971 0.079262
vt 0.663228 0.079262
vt 0.663228 0.091239
vt 0.499414 0.511436
vt 0.499414 0.936251
vt 0.999414 0.936251
vt 0.499414 0.318506
vt 0.792827 0.318506
vt 0.499414 0.899995
vt 0.999414 0.899995
vt 0.668620 0.091239
vt 0.668620 0.079262
vt 0.704877 0.079263
vt 0.704877 0.091239
vt 0.499414 0.497728
vt -0.000586 0.497728
vt -0.000586 0.441539
vt 0.499414 0.441539
vt 0.668620 0.103215
vt 0.724809 0.091239
vt 0.724809 0.103215
vt -0.000586 0.509704
vt 0.499414 0.509704
vt 0.499414 0.565893
vt -0.000586 0.565892
vt 0.499414 0.429563
vt -0.000586 0.429563
vt 0.612431 0.103215
vt 0.612431 0.091239
vt 0.499414 0.635842
vt -0.000586 0.635842
vt -0.000586 0.577869
vt 0.499414 0.577869
vt 0.810117 0.717768
vt 0.810117 0.705792
vt 0.868090 0.705792
vt 0.868090 0.717768
vt -0.000586 0.647818
vt 0.499414 0.647818
vt 0.499414 0.705791
vt -0.000586 0.705791
vt -0.000586 0.565892
vt 0.612431 0.091239
vt 0.554458 0.103215
vt 0.554458 0.091239
vt -0.000586 0.778223
vt 0.499414 0.778223
vt 0.499414 0.838679
vt -0.000586 0.838679
vt 0.684676 0.318506
vt 0.684676 0.306530
vt 0.745131 0.306530
vt 0.745131 0.318506
vt 0.499414 0.766247
vt -0.000586 0.766247
vt 0.499414 0.705791
vt -0.000586 0.850655
vt 0.499414 0.850655
vt 0.684676 0.318506
vt 0.624220 0.318506
vt 0.499414 0.362197
vt -0.000586 0.362197
vt -0.000586 0.306808
vt 0.499414 0.306808
vt 0.831750 0.096373
vt 0.831750 0.084397
vt 0.887139 0.084397
vt 0.887139 0.096373
vt -0.000586 0.374173
vt 0.499414 0.374173
vt 0.499414 0.429563
vt -0.000586 0.429563
vt 0.499414 0.294832
vt 0.780198 0.091239
vt 0.859272 0.123895
vt 0.886794 0.096373
vt 0.526936 0.103215
vt 0.499414 0.075692
vt 0.554458 0.075692
vt 0.792827 0.123895
vt 0.831750 0.123895
vt 0.792827 0.162817
vt 0.831750 0.123895
vt 0.870672 0.123895
vt 0.831750 0.162817
vt 0.499414 0.127167
vt 0.499414 0.115191
vt 0.792827 0.115191
vt 0.792827 0.127167
vt 0.792827 0.279584
vt 0.792827 0.240662
vt 0.918576 0.240662
vt 0.918576 0.279584
vt 0.919728 0.111919
vt 0.886794 0.111919
vt 0.886794 0.099943
vt 0.919728 0.099943
vt 0.918576 0.368847
vt 0.918576 0.423892
vt 0.792827 0.423892
vt 0.792827 0.368847
vt 0.792827 0.517858
vt 0.792827 0.478936
vt 0.918576 0.478936
vt 0.918576 0.517858
vt 0.792827 0.611825
vt 0.792827 0.556780
vt 0.918576 0.556781
vt 0.918576 0.611825
vt 0.792827 0.329925
vt 0.918576 0.329925
vt 0.792827 0.282856
vt 0.499414 0.282856
vt 0.499414 0.249922
vt 0.792827 0.249922
vt 0.887139 0.096373
vt 0.887139 0.084397
vt 0.920073 0.084397
vt 0.920073 0.096373
vt 0.792827 0.517858
vt 0.792827 0.160101
vt 0.792827 0.172077
vt 0.499414 0.172077
vt 0.499414 0.160101
vt 0.918576 0.201739
vt 0.792827 0.201739
vt 0.918576 0.318506
vt 0.499414 0.205011
vt 0.792827 0.205011
vt 0.792827 0.237946
vt 0.499414 0.237946
vt 0.918576 0.666869
vt 0.918576 0.705791
vt 0.792827 0.705791
vt 0.792827 0.666869
vt 0.887139 0.072421
vt 0.920073 0.072421
vt 0.920073 0.084397
vt 0.918576 0.611825
vt 0.792827 0.294832
vt 0.499414 0.294832
vt 0.918576 0.162817
vt 0.918576 0.201739
vt 0.792827 0.201739
vt 0.792827 0.423892
vt 0.918576 0.423892
vt 0.792827 0.205011
vt 0.499414 0.205011
vt 0.919728 0.111919
vt 0.919728 0.123895
vt 0.886794 0.123895
vt 0.696162 0.067286
vt 0.729096 0.067286
vt 0.729096 0.079262
vt 0.696162 0.079262
vt 0.831750 0.072421
vt 0.864684 0.072421
vt 0.864684 0.084397
vt -0.000586 0.000586
vt 0.499414 0.000586
vt 0.499414 0.033521
vt -0.000586 0.033521
vt 0.822799 0.091084
vt 0.789865 0.091084
vt 0.789865 0.079108
vt 0.822799 0.079108
vt -0.000586 0.078431
vt -0.000586 0.045497
vt 0.499414 0.045497
vt 0.696162 0.067286
vt 0.696162 0.079262
vt 0.663228 0.067286
vt 0.499414 0.729377
vt 0.999414 0.729377
vt 0.999414 0.762311
vt 0.499414 0.762311
vt 0.999414 0.774287
vt 0.499414 0.774287
vt 0.999414 0.807221
vt 0.810117 0.103215
vt 0.810117 0.115191
vt 0.499414 0.115191
vt 0.499414 0.103215
vt 0.810117 0.705792
vt 0.810117 0.717768
vt 0.499414 0.705792
vt 0.499414 0.717768
vt 0.023136 0.833984
vt 0.074177 0.833984
vt 0.074177 0.861328
vt 0.023136 0.861328
vt 0.074177 0.922332
vt 0.094594 0.922332
vt 0.094594 0.935450
vt 0.074177 0.935450
vt 0.224226 0.708574
vt 0.230935 0.708574
vt 0.244688 0.684552
vt 0.239945 0.681121
vt 0.300716 0.708574
vt 0.294032 0.720250
vt 0.306354 0.729165
vt 0.318143 0.708574
vt 0.277893 0.669749
vt 0.277893 0.674602
vt 0.311097 0.684552
vt 0.315841 0.681121
vt 0.239945 0.736028
vt 0.244688 0.732597
vt 0.331560 0.708574
vt 0.324851 0.708574
vt 0.311097 0.732597
vt 0.315841 0.736028
vt 0.277893 0.747400
vt 0.277893 0.742547
vt 0.306354 0.687984
vt 0.053761 0.922332
vt 0.053761 0.935450
vt 0.074177 0.687893
vt 0.023136 0.687893
vt 0.023136 0.667318
vt 0.074177 0.667318
vt 0.074177 0.890007
vt 0.023136 0.890007
vt 0.074177 0.948568
vt 0.053761 0.948568
vt 0.094594 0.948568
vt 0.125219 0.890007
vt 0.125219 0.861328
vt 0.074177 0.969401
vt 0.094594 0.969401
vt 0.094594 0.990234
vt 0.074177 0.990234
vt 0.053761 0.969401
vt 0.053761 0.990234
vt 0.277893 0.725086
vt 0.277893 0.737694
vt 0.294032 0.696899
vt 0.277893 0.692063
vt 0.277893 0.679455
vt 0.261754 0.696899
vt 0.249432 0.687984
vt 0.255069 0.708574
vt 0.237643 0.708574
vt 0.261754 0.720250
vt 0.249432 0.729165
vt 0.000000 0.817708
vt 0.055556 0.817708
vt 0.055556 0.692708
vt 0.000000 0.692708
vt 0.094594 0.922332
vt 0.166667 0.817708
vt 0.222222 0.817708
vt 0.222222 0.692708
vt 0.166667 0.692708
vt 0.125219 0.667318
vt 0.125219 0.687893
vt 0.125219 0.833984
vt 0.074177 0.906901
vt 0.023136 0.906901
vt 0.074177 0.825179
vt 0.023136 0.825179
vt 0.125219 0.825179
vt 0.125219 0.906901
vt 0.125219 0.687893
vt 0.125219 0.825179
vt 0.094594 0.906901
vt 0.053761 0.906901
vt 0.111111 0.692708
vt 0.111111 0.817708
vt 0.074177 0.825179
vt 0.229167 0.911458
vt 0.229167 0.927083
vt 0.253672 0.927083
vt 0.253672 0.911458
vt 0.256807 0.978813
vt 0.248029 0.963677
vt 0.252063 0.963677
vt 0.259659 0.976776
vt 0.277986 0.985137
vt 0.299151 0.978875
vt 0.307918 0.963757
vt 0.299151 0.948639
vt 0.277986 0.942377
vt 0.256821 0.948639
vt 0.248054 0.963757
vt 0.256821 0.978875
vt 0.277778 0.911458
vt 0.277778 0.927083
vt 0.302400 0.927083
vt 0.302400 0.911458
vt 0.326389 0.927083
vt 0.326389 0.911458
vt 0.307964 0.963677
vt 0.299187 0.978813
vt 0.296335 0.976776
vt 0.303931 0.963677
vt 0.277997 0.942272
vt 0.299187 0.948541
vt 0.296335 0.950578
vt 0.277997 0.945153
vt 0.277997 0.985082
vt 0.277997 0.982202
vt 0.256807 0.948541
vt 0.259659 0.950578
vt 0.356469 0.833984
vt 0.407511 0.833984
vt 0.407511 0.861328
vt 0.356469 0.861328
vt 0.407511 0.922332
vt 0.427927 0.922332
vt 0.427927 0.935450
vt 0.407511 0.935450
vt 0.557559 0.708574
vt 0.564268 0.708574
vt 0.578022 0.684552
vt 0.573278 0.681121
vt 0.634050 0.708574
vt 0.627365 0.720250
vt 0.639687 0.729165
vt 0.651476 0.708574
vt 0.611226 0.669749
vt 0.611226 0.674602
vt 0.644431 0.684552
vt 0.649174 0.681121
vt 0.573278 0.736028
vt 0.578022 0.732596
vt 0.664893 0.708574
vt 0.658185 0.708574
vt 0.644431 0.732596
vt 0.649174 0.736028
vt 0.611226 0.747400
vt 0.611226 0.742547
vt 0.639687 0.687984
vt 0.387094 0.922332
vt 0.387094 0.935450
vt 0.407511 0.687893
vt 0.356469 0.687893
vt 0.356469 0.667318
vt 0.407511 0.667318
vt 0.407511 0.890007
vt 0.356469 0.890007
vt 0.407511 0.948568
vt 0.387094 0.948568
vt 0.427927 0.948568
vt 0.458552 0.890007
vt 0.458552 0.861328
vt 0.407511 0.969401
vt 0.427927 0.969401
vt 0.427927 0.990234
vt 0.407511 0.990234
vt 0.387094 0.969401
vt 0.387094 0.990234
vt 0.611226 0.725086
vt 0.611226 0.737694
vt 0.627365 0.696899
vt 0.611226 0.692063
vt 0.611226 0.679455
vt 0.595088 0.696899
vt 0.582765 0.687984
vt 0.588403 0.708574
vt 0.570976 0.708574
vt 0.595088 0.720250
vt 0.582765 0.729165
vt 0.333333 0.817708
vt 0.388889 0.817708
vt 0.388889 0.692708
vt 0.333333 0.692708
vt 0.427927 0.922332
vt 0.500000 0.817708
vt 0.555556 0.817708
vt 0.555556 0.692708
vt 0.500000 0.692708
vt 0.458552 0.667318
vt 0.458552 0.687893
vt 0.458552 0.833984
vt 0.407511 0.906901
vt 0.356469 0.906901
vt 0.407511 0.825179
vt 0.356469 0.825179
vt 0.458552 0.825179
vt 0.458552 0.906901
vt 0.458552 0.687893
vt 0.458552 0.825179
vt 0.427927 0.906901
vt 0.387094 0.906901
vt 0.444444 0.692708
vt 0.444444 0.817708
vt 0.407511 0.825179
vt 0.562500 0.927083
vt 0.562500 0.911458
vt 0.587005 0.911458
vt 0.587005 0.927083
vt 0.590140 0.978813
vt 0.581363 0.963677
vt 0.585396 0.963677
vt 0.592992 0.976776
vt 0.611320 0.985137
vt 0.632485 0.978875
vt 0.641252 0.963757
vt 0.632485 0.948639
vt 0.611320 0.942377
vt 0.590154 0.948639
vt 0.581387 0.963757
vt 0.590154 0.978875
vt 0.611111 0.927083
vt 0.611111 0.911458
vt 0.635734 0.911458
vt 0.635734 0.927083
vt 0.659722 0.911458
vt 0.659722 0.927083
vt 0.641298 0.963677
vt 0.632520 0.978813
vt 0.629668 0.976776
vt 0.637264 0.963677
vt 0.611330 0.942272
vt 0.632520 0.948541
vt 0.629668 0.950578
vt 0.611330 0.945153
vt 0.611330 0.985082
vt 0.611330 0.982201
vt 0.590140 0.948541
vt 0.592992 0.950578
vt 0.187500 0.363281
vt 0.156250 0.363281
vt 0.156250 0.355469
vt 0.187500 0.355469
vt 0.218750 0.363281
vt 0.218750 0.355469
vt 0.125000 0.355469
vt 0.125000 0.363281
vt 0.281250 0.804688
vt 0.308594 0.804688
vt 0.308594 1.000000
vt 0.281250 1.000000
vt 0.093750 0.363281
vt 0.062500 0.363281
vt 0.062500 0.355469
vt 0.093750 0.355469
vt 0.250000 0.363281
vt 0.250000 0.355469
vt 0.085938 0.804688
vt 0.113281 0.804688
vt 0.113281 1.000000
vt 0.085938 1.000000
vt 0.173511 0.267319
vt 0.181721 0.265704
vt 0.192967 0.292167
vt 0.186011 0.296838
vt 0.140625 0.804688
vt 0.140625 1.000000
vt 0.148655 0.295953
vt 0.126611 0.317997
vt 0.124994 0.315578
vt 0.146236 0.294336
vt 0.003857 0.267151
vt 0.006710 0.266583
vt 0.018206 0.294337
vt 0.015787 0.295953
vt 0.037831 0.317997
vt 0.039448 0.315578
vt 0.160585 0.235975
vt 0.157732 0.236543
vt 0.146236 0.208790
vt 0.148655 0.207173
vt 0.097809 0.329927
vt 0.097241 0.327073
vt 0.157732 0.266583
vt 0.160585 0.267151
vt 0.015787 0.207173
vt 0.037831 0.185129
vt 0.039448 0.187548
vt 0.018206 0.208790
vt 0.066633 0.173199
vt 0.097809 0.173199
vt 0.097241 0.176052
vt 0.067201 0.176052
vt 0.006710 0.236543
vt 0.003857 0.235976
vt 0.000000 0.804688
vt 0.027344 0.804688
vt 0.027344 1.000000
vt 0.000000 1.000000
vt 0.145555 0.293108
vt 0.157363 0.266288
vt 0.162305 0.267279
vt 0.149835 0.296154
vt 0.007345 0.236446
vt 0.002187 0.235332
vt 0.015168 0.206548
vt 0.019273 0.209542
vt 0.067843 0.179297
vt 0.040429 0.189655
vt 0.037828 0.185488
vt 0.066862 0.174254
vt 0.157564 0.237666
vt 0.162305 0.236730
vt 0.096307 0.323823
vt 0.124058 0.313080
vt 0.126702 0.317311
vt 0.097269 0.329063
vt 0.065164 0.328699
vt 0.066252 0.323643
vt 0.097946 0.179325
vt 0.098973 0.174063
vt 0.128590 0.186341
vt 0.125700 0.190603
vt 0.036118 0.316483
vt 0.038940 0.312293
vt 0.150699 0.208496
vt 0.146498 0.211254
vt 0.014235 0.294997
vt 0.018236 0.292256
vt 0.007081 0.265816
vt 0.002137 0.266861
vt 0.126611 0.185129
vt 0.124994 0.187548
vt 0.037832 0.317997
vt 0.039448 0.315578
vt 0.067201 0.327073
vt 0.066634 0.329927
vt 0.112125 0.324105
vt 0.082088 0.330027
vt 0.052071 0.324003
vt 0.294446 0.189072
vt 0.238828 0.178504
vt 0.267528 0.178464
vt 0.173425 0.235303
vt 0.181637 0.236924
vt 0.322219 0.204641
vt 0.315209 0.209344
vt 0.299088 0.181893
vt 0.300618 0.318576
vt 0.295982 0.311760
vt 0.315988 0.291389
vt 0.322913 0.295986
vt 0.238845 0.331161
vt 0.240480 0.322893
vt 0.269461 0.322902
vt 0.271150 0.331251
vt 0.326566 0.264728
vt 0.334767 0.266348
vt 0.334723 0.234299
vt 0.326491 0.235912
vt 0.269057 0.170325
vt 0.237236 0.170325
vt 0.185287 0.205542
vt 0.192257 0.210166
vt 0.208944 0.319303
vt 0.213566 0.312298
vt 0.212395 0.189677
vt 0.207753 0.182726
vt 0.031250 0.355469
vt 0.031250 0.363281
vt 0.000000 0.363281
vt 0.000000 0.355469
vt 0.195312 0.804688
vt 0.226562 0.804688
vt 0.226562 1.000000
vt 0.195312 1.000000
vt 0.367188 0.804688
vt 0.394531 0.804688
vt 0.394531 1.000000
vt 0.367188 1.000000
vt 0.335938 0.804688
vt 0.335938 1.000000
vt 0.421875 0.804688
vt 0.421875 1.000000
vt 0.449219 0.804688
vt 0.449219 1.000000
vt 0.167969 0.804688
vt 0.167969 1.000000
vt 0.054688 0.804688
vt 0.054688 1.000000
vt 0.253906 0.804688
vt 0.253906 1.000000
vt 0.082171 0.327481
vt 0.070178 0.324702
vt 0.082168 0.320717
vt 0.093621 0.324939
vt 0.058408 0.289807
vt 0.054680 0.285663
vt 0.066520 0.285886
vt 0.074386 0.293452
vt 0.062704 0.313065
vt 0.073184 0.310729
vt 0.090855 0.311263
vt 0.082318 0.301341
vt 0.089827 0.293478
vt 0.082149 0.301401
vt 0.073404 0.310662
vt 0.097567 0.321005
vt 0.082365 0.320811
vt 0.090972 0.311166
vt 0.082215 0.301380
vt 0.066438 0.320755
vt 0.073202 0.310723
vt 0.073311 0.310640
vt 0.082030 0.320936
vt 0.091094 0.311168
vt 0.101713 0.313131
vt 0.091110 0.311162
vt 0.105489 0.289493
vt 0.097568 0.274281
vt 0.089872 0.266550
vt 0.089597 0.254788
vt 0.097673 0.258546
vt 0.066540 0.274228
vt 0.054700 0.273841
vt 0.066339 0.258690
vt 0.109446 0.285756
vt 0.097548 0.285938
vt 0.109466 0.274132
vt 0.074431 0.266524
vt 0.074428 0.254763
vt 0.082215 0.304394
vt 0.088058 0.311224
vt 0.082192 0.317801
vt 0.076283 0.310773
vt 0.082680 0.304951
vt 0.076586 0.311130
vt 0.072986 0.310046
vt 0.082394 0.301512
vt 0.076567 0.310449
vt 0.082833 0.317084
vt 0.083441 0.319421
vt 0.073180 0.310982
vt 0.081580 0.317042
vt 0.087752 0.310868
vt 0.091066 0.311615
vt 0.081030 0.319346
vt 0.087750 0.311547
vt 0.081767 0.304914
vt 0.082128 0.301477
vt 0.091375 0.310687
vt 0.082354 0.173099
vt 0.112371 0.179122
vt 0.052317 0.179020
vt 0.137798 0.196175
vt 0.026833 0.195986
vt 0.154764 0.221659
vt 0.009781 0.221413
vt 0.160685 0.251696
vt 0.003757 0.251430
vt 0.154662 0.281713
vt 0.009679 0.281467
vt 0.137609 0.307140
vt 0.026644 0.306951
vt 0.281250 0.609375
vt 0.308594 0.609375
vt 0.085938 0.609375
vt 0.113281 0.609375
vt 0.140625 0.609375
vt 0.000000 0.609375
vt 0.027344 0.609375
vt 0.195312 0.609375
vt 0.226562 0.609375
vt 0.367188 0.609375
vt 0.394531 0.609375
vt 0.335938 0.609375
vt 0.421875 0.609375
vt 0.449219 0.609375
vt 0.167969 0.609375
vt 0.054688 0.609375
vt 0.253906 0.609375
vt 0.187500 0.347656
vt 0.156250 0.347656
vt 0.156250 0.339844
vt 0.187500 0.339844
vt 0.218750 0.347656
vt 0.218750 0.339844
vt 0.125000 0.339844
vt 0.125000 0.347656
vt 0.281250 0.414062
vt 0.308594 0.414062
vt 0.093750 0.347656
vt 0.062500 0.347656
vt 0.062500 0.339844
vt 0.093750 0.339844
vt 0.250000 0.347656
vt 0.250000 0.339844
vt 0.085938 0.414062
vt 0.113281 0.414062
vt 0.173511 0.098932
vt 0.181721 0.097317
vt 0.192967 0.123780
vt 0.186011 0.128451
vt 0.140625 0.414062
vt 0.148655 0.127566
vt 0.126611 0.149610
vt 0.124994 0.147191
vt 0.146236 0.125949
vt 0.003857 0.098764
vt 0.006710 0.098196
vt 0.018206 0.125950
vt 0.015787 0.127566
vt 0.037831 0.149610
vt 0.039448 0.147191
vt 0.160585 0.067588
vt 0.157732 0.068156
vt 0.146236 0.040403
vt 0.148655 0.038786
vt 0.097809 0.161540
vt 0.097241 0.158686
vt 0.157732 0.098196
vt 0.160585 0.098763
vt 0.015787 0.038786
vt 0.037831 0.016742
vt 0.039448 0.019161
vt 0.018206 0.040403
vt 0.066633 0.004812
vt 0.097809 0.004812
vt 0.097241 0.007665
vt 0.067201 0.007665
vt 0.006710 0.068156
vt 0.003857 0.067589
vt 0.000000 0.414062
vt 0.027344 0.414062
vt 0.145555 0.124721
vt 0.157363 0.097901
vt 0.162305 0.098891
vt 0.149835 0.127766
vt 0.007345 0.068059
vt 0.002187 0.066945
vt 0.015168 0.038161
vt 0.019273 0.041154
vt 0.067843 0.010910
vt 0.040429 0.021268
vt 0.037828 0.017101
vt 0.066862 0.005867
vt 0.157564 0.069279
vt 0.162305 0.068343
vt 0.096307 0.155436
vt 0.124058 0.144693
vt 0.126702 0.148924
vt 0.097269 0.160676
vt 0.065164 0.160312
vt 0.066252 0.155256
vt 0.097946 0.010938
vt 0.098973 0.005676
vt 0.128590 0.017954
vt 0.125700 0.022216
vt 0.036118 0.148096
vt 0.038940 0.143905
vt 0.150699 0.040109
vt 0.146498 0.042867
vt 0.014235 0.126610
vt 0.018236 0.123869
vt 0.007081 0.097429
vt 0.002137 0.098474
vt 0.126611 0.016742
vt 0.124994 0.019161
vt 0.037832 0.149610
vt 0.039448 0.147191
vt 0.067201 0.158686
vt 0.066634 0.161540
vt 0.112125 0.155718
vt 0.082088 0.161640
vt 0.052071 0.155616
vt 0.294446 0.020685
vt 0.238828 0.010117
vt 0.267528 0.010077
vt 0.173425 0.066916
vt 0.181637 0.068537
vt 0.322219 0.036254
vt 0.315209 0.040957
vt 0.299088 0.013506
vt 0.300618 0.150189
vt 0.295982 0.143373
vt 0.315988 0.123002
vt 0.322913 0.127599
vt 0.238845 0.162774
vt 0.240480 0.154506
vt 0.269461 0.154515
vt 0.271150 0.162864
vt 0.326566 0.096341
vt 0.334767 0.097961
vt 0.334723 0.065912
vt 0.326491 0.067525
vt 0.269057 0.001938
vt 0.237236 0.001938
vt 0.185287 0.037155
vt 0.192257 0.041779
vt 0.208944 0.150916
vt 0.213566 0.143911
vt 0.212395 0.021290
vt 0.207753 0.014339
vt 0.031250 0.339844
vt 0.031250 0.347656
vt 0.000000 0.347656
vt 0.000000 0.339844
vt 0.195312 0.414062
vt 0.226562 0.414062
vt 0.367188 0.414062
vt 0.394531 0.414062
vt 0.335938 0.414062
vt 0.421875 0.414062
vt 0.449219 0.414062
vt 0.167969 0.414062
vt 0.054688 0.414062
vt 0.253906 0.414062
vt 0.082171 0.159094
vt 0.070178 0.156315
vt 0.082168 0.152330
vt 0.093621 0.156552
vt 0.058408 0.121420
vt 0.054680 0.117276
vt 0.066520 0.117499
vt 0.074386 0.125065
vt 0.062704 0.144678
vt 0.073184 0.142342
vt 0.090855 0.142876
vt 0.082318 0.132954
vt 0.089827 0.125091
vt 0.082149 0.133014
vt 0.073404 0.142275
vt 0.097567 0.152618
vt 0.082365 0.152424
vt 0.090972 0.142779
vt 0.082215 0.132993
vt 0.066438 0.152368
vt 0.073202 0.142336
vt 0.073311 0.142253
vt 0.082030 0.152548
vt 0.091094 0.142781
vt 0.101713 0.144744
vt 0.091110 0.142775
vt 0.105489 0.121106
vt 0.097568 0.105894
vt 0.089872 0.098163
vt 0.089597 0.086401
vt 0.097673 0.090159
vt 0.066540 0.105841
vt 0.054700 0.105454
vt 0.066339 0.090303
vt 0.109446 0.117369
vt 0.097548 0.117551
vt 0.109466 0.105744
vt 0.074431 0.098137
vt 0.074428 0.086376
vt 0.082215 0.136007
vt 0.088058 0.142837
vt 0.082192 0.149413
vt 0.076283 0.142386
vt 0.082680 0.136564
vt 0.076586 0.142742
vt 0.072986 0.141659
vt 0.082394 0.133125
vt 0.076567 0.142062
vt 0.082833 0.148697
vt 0.083441 0.151034
vt 0.073180 0.142595
vt 0.081580 0.148655
vt 0.087752 0.142481
vt 0.091066 0.143228
vt 0.081030 0.150959
vt 0.087750 0.143160
vt 0.081767 0.136527
vt 0.082128 0.133090
vt 0.091375 0.142300
vt 0.082354 0.004712
vt 0.112371 0.010735
vt 0.052317 0.010633
vt 0.137798 0.027788
vt 0.026833 0.027599
vt 0.154764 0.053272
vt 0.009781 0.053026
vt 0.160685 0.083309
vt 0.003757 0.083043
vt 0.154662 0.113326
vt 0.009679 0.113080
vt 0.137609 0.138753
vt 0.026644 0.138564
vt 0.832031 0.804688
vt 0.859375 0.804688
vt 0.859375 1.000000
vt 0.832031 1.000000
vt 0.636719 0.804688
vt 0.664062 0.804688
vt 0.664062 1.000000
vt 0.636719 1.000000
vt 0.691406 0.804688
vt 0.691406 1.000000
vt 0.550781 0.804688
vt 0.578125 0.804688
vt 0.578125 1.000000
vt 0.550781 1.000000
vt 0.746094 0.804688
vt 0.777344 0.804688
vt 0.777344 1.000000
vt 0.746094 1.000000
vt 0.917969 0.804688
vt 0.945312 0.804688
vt 0.945312 1.000000
vt 0.917969 1.000000
vt 0.886719 0.804688
vt 0.886719 1.000000
vt 0.972656 0.804688
vt 0.972656 1.000000
vt 1.000000 0.804688
vt 1.000000 1.000000
vt 0.718750 0.804688
vt 0.718750 1.000000
vt 0.605469 0.804688
vt 0.605469 1.000000
vt 0.804688 0.804688
vt 0.804688 1.000000
vt 0.832031 0.609375
vt 0.859375 0.609375
vt 0.636719 0.609375
vt 0.664062 0.609375
vt 0.691406 0.609375
vt 0.550781 0.609375
vt 0.578125 0.609375
vt 0.746094 0.609375
vt 0.777344 0.609375
vt 0.917969 0.609375
vt 0.945312 0.609375
vt 0.886719 0.609375
vt 0.972656 0.609375
vt 1.000000 0.609375
vt 0.718750 0.609375
vt 0.605469 0.609375
vt 0.804688 0.609375
s 1
usemtl wooden_crate_7
f 7/1/1 3/2/1 4/3/1 8/4/1
f 5/5/2 7/6/2 8/7/2 6/8/2
f 1/9/3 5/10/3 6/11/3 2/12/3
f 1/9/4 3/2/4 7/1/4 5/10/4
f 53/13/5 54/14/5 49/15/5 52/16/5
f 6/17/6 8/4/6 4/3/6 2/18/6
f 36/19/6 35/20/6 33/21/6 34/22/6
f 10/23/6 9/24/6 13/25/6 14/26/6
f 55/27/7 56/28/7 50/29/7 51/30/7
f 38/31/1 40/32/1 36/33/1 34/34/1
f 55/27/3 51/30/3 49/15/3 54/14/3
f 11/35/8 9/36/8 10/37/8 12/38/8
f 19/39/2 17/40/2 18/41/2 20/42/2
f 17/43/3 19/44/3 23/45/3 21/46/3
f 38/47/4 37/48/4 39/49/4 40/50/4
f 41/51/8 32/52/8 30/53/8 45/54/8
f 47/55/2 48/56/2 25/57/2 26/58/2
f 43/59/2 27/60/2 28/61/2 44/62/2
f 23/63/6 19/64/6 20/65/6 24/66/6
f 40/32/8 39/67/8 52/68/8 49/69/8
f 36/33/8 51/70/8 50/71/8 35/72/8
f 27/60/2 43/59/2 47/55/2 26/58/2
f 54/73/2 38/31/2 34/34/2 55/74/2
f 9/24/3 11/75/3 15/76/3 13/25/3
f 38/31/2 54/73/2 53/77/2 37/78/2
f 34/34/2 33/62/2 56/79/2 55/74/2
f 45/54/8 30/53/8 31/80/8 46/81/8
f 41/51/8 42/82/8 29/83/8 32/52/8
f 43/84/4 44/85/4 42/86/4 41/87/4
f 40/32/8 49/69/8 51/70/8 36/33/8
f 26/88/3 30/89/3 32/90/3 27/91/3
f 15/92/4 11/93/4 12/94/4 16/95/4
f 43/59/1 41/51/1 45/54/1 47/55/1
f 3/96/8 1/97/8 2/6/8 4/98/8
f 26/88/7 25/99/7 31/100/7 30/89/7
f 45/101/6 46/102/6 48/103/6 47/104/6
f 28/105/5 27/91/5 32/90/5 29/106/5
f 21/107/8 23/108/8 24/109/8 22/110/8
f 14/111/2 13/112/2 15/113/2 16/114/2
f 14/26/1 16/95/1 12/94/1 10/23/1
f 22/115/1 24/66/1 20/65/1 18/116/1
f 17/43/4 21/46/4 22/115/4 18/116/4
f 80/117/3 88/118/3 85/119/3 83/120/3
f 84/121/4 83/122/4 85/123/4 86/124/4
f 69/125/2 68/126/2 66/127/2 67/128/2
f 63/129/2 62/130/2 64/131/2 65/132/2
f 64/133/4 60/134/4 61/135/4 65/136/4
f 70/137/8 57/138/8 71/139/8 72/140/8
f 58/141/3 60/142/3 64/143/3 62/144/3
f 73/145/8 77/146/8 78/147/8 74/148/8
f 66/149/3 68/150/3 71/151/3 57/152/3
f 77/153/6 87/154/6 79/123/6 78/122/6
f 58/141/6 62/144/6 63/155/6 59/156/6
f 60/157/8 58/158/8 59/159/8 61/160/8
f 84/161/1 86/162/1 82/163/1 81/164/1
f 66/149/4 57/152/4 70/165/4 67/166/4
f 87/167/2 75/118/2 76/168/2 79/169/2
f 88/170/6 80/171/6 81/172/6 82/173/6
f 78/147/1 79/169/1 76/168/1 74/148/1
f 77/146/3 73/145/3 75/81/3 87/174/3
f 70/165/1 72/175/1 69/176/1 67/166/1
f 86/162/8 85/177/8 88/178/8 82/163/8
f 71/179/6 68/180/6 69/176/6 72/175/6
f 80/117/2 83/120/2 84/161/2 81/164/2
f 63/155/1 65/136/1 61/135/1 59/156/1
f 75/181/4 73/182/4 74/183/4 76/184/4
f 95/185/1 91/186/1 92/187/1 96/188/1
f 93/189/2 95/181/2 96/190/2 94/191/2
f 89/192/3 93/193/3 94/194/3 90/195/3
f 89/192/4 91/186/4 95/185/4 93/193/4
f 94/196/6 96/188/6 92/187/6 90/197/6
f 91/181/8 89/189/8 90/198/8 92/199/8
f 103/200/1 99/201/1 100/202/1 104/203/1
f 101/204/2 103/205/2 104/206/2 102/207/2
f 97/208/3 101/209/3 102/210/3 98/211/3
f 97/208/4 99/201/4 103/200/4 101/209/4
f 102/194/6 104/203/6 100/202/6 98/212/6
f 99/213/8 97/198/8 98/214/8 100/215/8
f 111/216/1 107/217/1 108/218/1 112/219/1
f 109/220/2 111/221/2 112/222/2 110/223/2
f 105/224/3 109/225/3 110/211/3 106/226/3
f 105/224/4 107/217/4 111/216/4 109/225/4
f 110/227/6 112/219/6 108/218/6 106/228/6
f 107/221/8 105/229/8 106/230/8 108/96/8
f 119/231/1 115/232/1 116/233/1 120/234/1
f 117/235/2 119/236/2 120/237/2 118/238/2
f 113/239/3 117/240/3 118/241/3 114/242/3
f 113/239/4 115/232/4 119/231/4 117/240/4
f 118/243/6 120/234/6 116/233/6 114/76/6
f 115/244/8 113/114/8 114/191/8 116/190/8
f 140/245/1 136/235/1 138/246/1
f 146/247/1 142/248/1 144/249/1
f 151/250/1 148/251/1 150/252/1
f 156/253/1 153/254/1 155/255/1
f 128/256/3 145/257/3 133/258/3 131/259/3
f 154/260/4 123/261/4 156/262/4 155/263/4
f 132/264/4 131/265/4 133/266/4 134/267/4
f 141/268/9 143/269/9 144/270/9 142/271/9
f 123/272/8 152/273/8 153/274/8 156/275/8
f 147/276/10 149/277/10 150/278/10 148/279/10
f 146/280/2 145/281/2 141/268/2 142/271/2
f 121/282/8 125/283/8 126/284/8 122/285/8
f 125/286/6 139/287/6 127/288/6 126/289/6
f 149/277/2 133/290/2 151/275/2 150/278/2
f 132/291/1 134/292/1 130/293/1 129/294/1
f 133/295/4 147/262/4 148/261/4 151/296/4
f 143/263/6 145/297/6 146/178/6 144/260/6
f 139/298/2 123/299/2 124/300/2 127/301/2
f 137/302/8 139/303/8 140/304/8 138/305/8
f 145/237/6 128/306/6 129/307/6 130/308/6
f 135/309/11 137/302/11 138/305/11 136/276/11
f 126/284/1 127/301/1 124/300/1 122/285/1
f 125/283/3 121/282/3 123/310/3 139/311/3
f 139/312/6 135/313/6 136/314/6 140/252/6
f 152/273/12 154/315/12 155/316/12 153/274/12
f 134/292/8 133/317/8 145/318/8 130/293/8
f 128/256/2 131/259/2 132/291/2 129/294/2
f 123/319/4 121/320/4 122/321/4 124/265/4
f 169/322/2 168/323/2 166/324/2 167/325/2
f 163/326/2 162/327/2 164/328/2 165/236/2
f 164/329/4 160/330/4 161/331/4 165/332/4
f 170/333/8 157/334/8 171/335/8 172/336/8
f 158/64/6 162/337/6 163/338/6 159/339/6
f 160/340/8 158/341/8 159/172/8 161/342/8
f 166/343/4 157/344/4 170/345/4 167/346/4
f 170/345/1 172/347/1 169/348/1 167/346/1
f 171/349/6 168/133/6 169/348/6 172/347/6
f 163/338/1 165/332/1 161/331/1 159/339/1
f 52/16/3 39/350/3 37/351/3 53/13/3
f 33/352/3 35/353/3 50/29/3 56/28/3
f 25/99/3 48/354/3 46/355/3 31/100/3
f 44/356/3 28/105/3 29/106/3 42/357/3
usemtl glass_bottles_1
f 180/358/13 178/359/14 312/360/15 315/361/16
f 236/362/17 233/363/18 270/364/19 271/365/20
f 185/366/21 213/367/22 214/368/23 183/369/24
f 191/370/25 190/371/26 206/372/27 207/373/28
f 181/374/29 215/375/30 216/376/31 179/377/32
f 187/378/33 217/379/34 213/367/22 185/366/21
f 177/380/35 218/381/36 219/382/37 175/383/38
f 183/369/24 214/368/23 215/375/30 181/374/29
f 173/384/39 220/385/40 217/379/34 187/378/33
f 175/383/38 219/382/37 220/385/40 173/384/39
f 179/377/32 216/376/31 218/381/36 177/380/35
f 218/381/36 216/376/31 208/386/41 207/373/42
f 245/387/43 242/362/44 273/365/45 274/388/46
f 254/389/47 255/390/48 179/391/32 177/392/35
f 310/360/49 241/393/50 244/394/51 313/361/52
f 273/365/45 224/395/53 221/396/54 274/388/46
f 274/388/46 221/396/54 222/395/55 275/365/56
f 273/365/45 272/364/57 223/397/58 224/395/53
f 238/398/59 241/393/50 310/360/49 315/399/16
f 266/400/60 262/401/61 200/402/62 201/403/63
f 268/401/64 265/400/65 203/403/66 204/402/67
f 261/404/68 266/400/60 201/403/63 202/405/69
f 267/400/70 263/401/71 198/402/72 199/403/73
f 262/404/61 267/400/70 199/403/73 200/405/62
f 311/361/74 250/394/75 229/393/76 314/360/77
f 263/401/71 264/400/78 197/403/79 198/402/72
f 190/371/26 189/406/80 205/407/81 206/372/27
f 192/408/82 191/370/25 207/373/28 208/386/83
f 193/409/84 192/408/82 208/386/83 209/410/85
f 194/411/86 193/409/84 209/410/85 210/412/87
f 195/413/88 194/411/86 210/412/87 211/414/89
f 196/415/90 195/413/88 211/414/89 212/416/91
f 264/400/78 268/404/64 204/405/67 197/403/79
f 239/387/92 236/362/17 271/365/20 272/388/57
f 278/417/93 279/418/94 255/419/94 254/420/93
f 239/421/92 272/364/57 273/365/45 242/362/44
f 277/422/95 278/423/93 254/424/93 253/425/95
f 248/362/96 245/387/43 274/388/46 275/365/56
f 275/365/56 222/395/55 227/397/97 276/364/98
f 175/426/38 253/427/99 254/389/47 177/392/35
f 244/394/51 247/393/100 316/360/101 313/361/52
f 235/393/102 238/394/59 315/361/16 312/360/15
f 229/393/76 232/398/103 309/399/104 314/360/77
f 270/364/19 225/397/105 226/395/106 271/365/20
f 220/385/40 219/382/37 206/372/107 205/407/108
f 309/399/104 232/398/103 235/393/102 312/360/15
f 265/400/65 261/404/68 202/405/69 203/403/66
f 251/363/109 248/362/96 275/365/56 276/364/98
f 217/379/34 220/385/40 205/407/108 212/416/110
f 219/382/37 218/381/36 207/373/42 206/372/107
f 215/375/30 214/368/23 210/412/111 209/410/112
f 213/367/22 217/379/34 212/416/110 211/414/113
f 178/359/14 176/428/114 309/399/104 312/360/15
f 216/376/31 215/375/30 209/410/112 208/386/41
f 214/368/23 213/367/22 211/414/113 210/412/111
f 238/394/59 235/393/102 237/429/115 240/430/116
f 188/358/117 174/359/118 284/431/119 283/432/120
f 186/359/121 188/428/117 283/433/120 282/431/122
f 232/398/103 229/393/76 231/429/123 234/434/124
f 192/408/82 193/409/84 190/371/26 191/370/25
f 184/358/125 186/359/121 282/431/122 281/432/126
f 259/390/127 260/389/128 173/392/39 187/391/33
f 182/359/129 184/358/125 281/432/126 280/431/130
f 258/389/131 259/435/127 187/426/33 185/392/21
f 180/428/13 182/359/129 280/431/130 279/436/94
f 257/390/132 258/389/131 185/392/21 183/391/24
f 189/406/80 196/415/90 212/416/91 205/407/81
f 256/389/133 257/390/132 183/391/24 181/392/29
f 255/427/48 256/389/133 181/392/29 179/426/32
f 194/411/86 195/413/88 196/415/90 189/406/80
f 234/437/124 231/429/123 230/362/134 233/363/18
f 235/393/102 232/398/103 234/434/124 237/429/115
f 237/429/115 234/437/124 233/363/18 236/362/17
f 233/363/18 230/362/134 269/365/135 270/364/19
f 240/438/116 237/429/115 236/362/17 239/387/92
f 241/393/50 238/398/59 240/434/116 243/429/136
f 243/429/136 240/437/116 239/421/92 242/362/44
f 244/394/51 241/393/50 243/429/136 246/430/137
f 246/438/137 243/429/136 242/362/44 245/387/43
f 247/393/100 244/394/51 246/430/137 249/429/138
f 249/429/138 246/438/137 245/387/43 248/362/96
f 250/398/75 247/393/100 249/429/138 252/434/139
f 252/437/139 249/429/138 248/362/96 251/363/109
f 229/393/76 250/394/75 252/430/139 231/429/123
f 231/429/123 252/438/139 251/387/109 230/362/134
f 276/388/98 227/396/97 228/395/140 269/365/135
f 277/436/95 284/431/119 174/359/118 176/428/114
f 173/392/39 260/389/128 253/427/99 175/426/38
f 225/397/105 228/395/140 264/400/78 263/401/71
f 228/395/140 227/396/97 268/404/64 264/400/78
f 230/362/134 251/387/109 276/388/98 269/365/135
f 222/395/55 221/396/54 261/404/68 265/400/65
f 269/365/135 228/395/140 225/397/105 270/364/19
f 224/395/53 223/397/58 262/401/61 266/400/60
f 227/397/97 222/395/55 265/400/65 268/401/64
f 221/396/54 224/395/53 266/400/60 261/404/68
f 226/395/106 225/397/105 263/401/71 267/400/70
f 223/396/58 226/395/106 267/400/70 262/404/61
f 271/365/20 226/395/106 223/396/58 272/388/57
f 260/439/119 284/440/119 277/422/95 253/425/95
f 279/418/94 280/440/130 256/439/130 255/419/94
f 280/440/130 281/422/126 257/425/126 256/439/130
f 281/422/126 282/423/122 258/424/122 257/425/126
f 282/417/122 283/418/120 259/419/120 258/420/122
f 283/418/120 284/440/119 260/439/119 259/419/120
f 176/428/114 178/359/14 278/441/93 277/436/95
f 178/359/14 180/358/13 279/432/94 278/441/93
f 291/442/141 301/443/141 302/444/142 292/445/142
f 302/446/143 301/447/144 299/448/144 300/449/143
f 285/450/145 286/451/146 287/452/147 288/453/148 289/454/149 290/455/150 291/456/151 292/457/152
f 289/458/153 303/459/153 304/460/154 290/461/154
f 287/442/155 305/443/155 306/444/156 288/445/156
f 285/458/157 307/459/157 308/460/158 286/461/158
f 292/445/142 302/444/142 307/459/157 285/458/157
f 290/461/154 304/460/154 301/462/141 291/463/141
f 288/445/156 306/444/156 303/459/153 289/458/153
f 286/461/158 308/460/158 305/462/155 287/463/155
f 305/464/159 308/465/160 294/466/160 295/467/159
f 303/468/161 306/469/162 296/470/162 297/471/161
f 308/465/160 307/472/163 293/473/163 294/466/160
f 301/447/144 304/474/164 298/475/164 299/448/144
f 307/472/163 302/446/143 300/449/143 293/473/163
f 306/469/162 305/464/159 295/467/159 296/470/162
f 304/474/164 303/468/161 297/471/161 298/475/164
f 293/473/1 300/449/1 299/448/1 298/475/1 297/471/1 296/470/1 295/467/1 294/466/1
f 184/358/125 182/359/129 310/360/49 313/361/52
f 174/359/118 188/358/117 311/361/74 314/360/77
f 174/359/118 314/360/77 309/399/104 176/428/114
f 186/359/121 184/358/125 313/361/52 316/360/101
f 182/359/129 180/428/13 315/399/16 310/360/49
f 188/428/117 186/359/121 316/360/101 311/399/74
f 193/409/84 194/411/86 189/406/80 190/371/26
f 247/393/100 250/398/75 311/399/74 316/360/101
f 324/476/165 322/477/166 456/478/167 459/479/168
f 380/480/169 377/481/170 414/482/171 415/483/172
f 329/484/173 357/485/174 358/486/175 327/487/176
f 335/488/177 334/489/178 350/490/179 351/491/180
f 325/492/181 359/493/182 360/494/183 323/495/184
f 331/496/185 361/497/186 357/485/174 329/484/173
f 321/498/187 362/499/188 363/500/189 319/501/190
f 327/487/176 358/486/175 359/493/182 325/492/181
f 317/502/191 364/503/192 361/497/186 331/496/185
f 319/501/190 363/500/189 364/503/192 317/502/191
f 323/495/184 360/494/183 362/499/188 321/498/187
f 362/499/188 360/494/183 352/504/193 351/491/194
f 389/505/195 386/480/196 417/483/197 418/506/198
f 398/507/199 399/508/200 323/509/184 321/510/187
f 454/478/201 385/511/202 388/512/203 457/479/204
f 417/483/197 368/513/205 365/514/206 418/506/198
f 418/506/198 365/514/206 366/513/207 419/483/208
f 417/483/197 416/482/209 367/515/210 368/513/205
f 382/516/211 385/511/202 454/478/201 459/517/168
f 410/518/212 406/519/213 344/520/214 345/521/215
f 412/519/216 409/518/217 347/521/218 348/520/219
f 405/522/220 410/518/212 345/521/215 346/523/221
f 411/518/222 407/519/223 342/520/224 343/521/225
f 406/522/213 411/518/222 343/521/225 344/523/214
f 455/479/226 394/512/227 373/511/228 458/478/229
f 407/519/223 408/518/230 341/521/231 342/520/224
f 334/489/178 333/524/232 349/525/233 350/490/179
f 336/526/234 335/488/177 351/491/180 352/504/235
f 337/527/236 336/526/234 352/504/235 353/528/237
f 338/529/238 337/527/236 353/528/237 354/530/239
f 339/531/240 338/529/238 354/530/239 355/532/241
f 340/533/242 339/531/240 355/532/241 356/534/243
f 408/518/230 412/522/216 348/523/219 341/521/231
f 383/505/244 380/480/169 415/483/172 416/506/209
f 422/535/245 423/536/246 399/537/246 398/538/245
f 383/539/244 416/482/209 417/483/197 386/480/196
f 421/540/247 422/541/245 398/542/245 397/543/247
f 392/480/248 389/505/195 418/506/198 419/483/208
f 419/483/208 366/513/207 371/515/249 420/482/250
f 319/544/190 397/545/251 398/507/199 321/510/187
f 388/512/203 391/511/252 460/478/253 457/479/204
f 379/511/254 382/512/211 459/479/168 456/478/167
f 373/511/228 376/516/255 453/517/256 458/478/229
f 414/482/171 369/515/257 370/513/258 415/483/172
f 364/503/192 363/500/189 350/490/259 349/525/260
f 453/517/256 376/516/255 379/511/254 456/478/167
f 409/518/217 405/522/220 346/523/221 347/521/218
f 395/481/261 392/480/248 419/483/208 420/482/250
f 361/497/186 364/503/192 349/525/260 356/534/262
f 363/500/189 362/499/188 351/491/194 350/490/259
f 359/493/182 358/486/175 354/530/263 353/528/264
f 357/485/174 361/497/186 356/534/262 355/532/265
f 322/477/166 320/546/266 453/517/256 456/478/167
f 360/494/183 359/493/182 353/528/264 352/504/193
f 358/486/175 357/485/174 355/532/265 354/530/263
f 382/512/211 379/511/254 381/547/267 384/548/268
f 332/476/269 318/477/270 428/549/271 427/550/272
f 330/477/273 332/546/269 427/551/272 426/549/274
f 376/516/255 373/511/228 375/547/275 378/552/276
f 328/476/277 330/477/273 426/549/274 425/550/278
f 403/508/279 404/507/280 317/510/191 331/509/185
f 326/477/281 328/476/277 425/550/278 424/549/282
f 402/507/283 403/553/279 331/544/185 329/510/173
f 324/546/165 326/477/281 424/549/282 423/554/246
f 401/508/284 402/507/283 329/510/173 327/509/176
f 333/524/232 340/533/242 356/534/243 349/525/233
f 400/507/285 401/508/284 327/509/176 325/510/181
f 399/545/200 400/507/285 325/510/181 323/544/184
f 338/529/238 339/531/240 340/533/242 333/524/232
f 378/555/276 375/547/275 374/480/286 377/481/170
f 379/511/254 376/516/255 378/552/276 381/547/267
f 381/547/267 378/555/276 377/481/170 380/480/169
f 377/481/170 374/480/286 413/483/287 414/482/171
f 384/556/268 381/547/267 380/480/169 383/505/244
f 385/511/202 382/516/211 384/552/268 387/547/288
f 387/547/288 384/555/268 383/539/244 386/480/196
f 388/512/203 385/511/202 387/547/288 390/548/289
f 390/556/289 387/547/288 386/480/196 389/505/195
f 391/511/252 388/512/203 390/548/289 393/547/290
f 393/547/290 390/556/289 389/505/195 392/480/248
f 394/516/227 391/511/252 393/547/290 396/552/291
f 396/555/291 393/547/290 392/480/248 395/481/261
f 373/511/228 394/512/227 396/548/291 375/547/275
f 375/547/275 396/556/291 395/505/261 374/480/286
f 420/506/250 371/514/249 372/513/292 413/483/287
f 421/554/247 428/549/271 318/477/270 320/546/266
f 317/510/191 404/507/280 397/545/251 319/544/190
f 369/515/257 372/513/292 408/518/230 407/519/223
f 372/513/292 371/514/249 412/522/216 408/518/230
f 374/480/286 395/505/261 420/506/250 413/483/287
f 366/513/207 365/514/206 405/522/220 409/518/217
f 413/483/287 372/513/292 369/515/257 414/482/171
f 368/513/205 367/515/210 406/519/213 410/518/212
f 371/515/249 366/513/207 409/518/217 412/519/216
f 365/514/206 368/513/205 410/518/212 405/522/220
f 370/513/258 369/515/257 407/519/223 411/518/222
f 367/514/210 370/513/258 411/518/222 406/522/213
f 415/483/172 370/513/258 367/514/210 416/506/209
f 404/557/271 428/558/271 421/540/247 397/543/247
f 423/536/246 424/558/282 400/557/282 399/537/246
f 424/558/282 425/540/278 401/543/278 400/557/282
f 425/540/278 426/541/274 402/542/274 401/543/278
f 426/535/274 427/536/272 403/537/272 402/538/274
f 427/536/272 428/558/271 404/557/271 403/537/272
f 320/546/266 322/477/166 422/559/245 421/554/247
f 322/477/166 324/476/165 423/550/246 422/559/245
f 435/560/293 445/561/293 446/562/294 436/563/294
f 446/564/295 445/565/296 443/566/296 444/567/295
f 429/568/297 430/569/298 431/570/299 432/571/300 433/572/301 434/573/302 435/574/303 436/575/304
f 433/576/305 447/577/305 448/578/306 434/579/306
f 431/560/307 449/561/307 450/562/308 432/563/308
f 429/576/309 451/577/309 452/578/310 430/579/310
f 436/563/294 446/562/294 451/577/309 429/576/309
f 434/579/306 448/578/306 445/580/293 435/581/293
f 432/563/308 450/562/308 447/577/305 433/576/305
f 430/579/310 452/578/310 449/580/307 431/581/307
f 449/582/311 452/583/312 438/584/312 439/585/311
f 447/586/313 450/587/314 440/588/314 441/589/313
f 452/583/312 451/590/315 437/591/315 438/584/312
f 445/565/296 448/592/316 442/593/316 443/566/296
f 451/590/315 446/564/295 444/567/295 437/591/315
f 450/587/314 449/582/311 439/585/311 440/588/314
f 448/592/316 447/586/313 441/589/313 442/593/316
f 437/591/1 444/567/1 443/566/1 442/593/1 441/589/1 440/588/1 439/585/1 438/584/1
f 328/476/277 326/477/281 454/478/201 457/479/204
f 318/477/270 332/476/269 455/479/226 458/478/229
f 318/477/270 458/478/229 453/517/256 320/546/266
f 330/477/273 328/476/277 457/479/204 460/478/253
f 326/477/281 324/546/165 459/517/168 454/478/201
f 332/546/269 330/477/273 460/478/253 455/517/226
f 391/511/252 394/516/227 455/517/226 460/478/253
f 337/527/236 338/529/238 333/524/232 334/489/178
f 336/526/234 337/527/236 334/489/178 335/488/177
f 534/695/353 532/696/353 533/697/353
f 535/701/353 531/721/353 532/696/353 534/695/353
f 536/714/353 530/718/353 531/721/353 535/701/353
f 537/711/353 529/699/353 530/718/353 536/714/353
f 538/705/353 528/617/353 529/699/353 537/711/353
f 527/618/353 528/617/353 538/705/353 539/704/353
f 526/720/353 527/618/353 539/704/353 540/709/353
f 525/708/353 526/720/353 540/709/353
f 704/695/3 702/696/3 703/697/3
f 705/701/3 701/721/3 702/696/3 704/695/3
f 706/714/3 700/718/3 701/721/3 705/701/3
f 707/711/3 699/699/3 700/718/3 706/714/3
f 708/705/3 698/617/3 699/699/3 707/711/3
f 697/618/3 698/617/3 708/705/3 709/704/3
f 696/720/3 697/618/3 709/704/3 710/709/3
f 695/708/3 696/720/3 710/709/3
f 874/930/3 872/931/3 873/932/3
f 875/936/3 871/956/3 872/931/3 874/930/3
f 876/949/3 870/953/3 871/956/3 875/936/3
f 877/946/3 869/934/3 870/953/3 876/949/3
f 878/940/3 868/855/3 869/934/3 877/946/3
f 867/856/3 868/855/3 878/940/3 879/939/3
f 866/955/3 867/856/3 879/939/3 880/944/3
f 865/943/3 866/955/3 880/944/3
f 1044/695/3 1042/696/3 1043/697/3
f 1045/701/3 1041/721/3 1042/696/3 1044/695/3
f 1046/714/3 1040/718/3 1041/721/3 1045/701/3
f 1047/711/3 1039/699/3 1040/718/3 1046/714/3
f 1048/705/3 1038/617/3 1039/699/3 1047/711/3
f 1037/618/3 1038/617/3 1048/705/3 1049/704/3
f 1036/720/3 1037/618/3 1049/704/3 1050/709/3
f 1035/708/3 1036/720/3 1050/709/3
f 1214/695/3 1212/696/3 1213/697/3
f 1215/701/3 1211/721/3 1212/696/3 1214/695/3
f 1216/714/3 1210/718/3 1211/721/3 1215/701/3
f 1217/711/3 1209/699/3 1210/718/3 1216/714/3
f 1218/705/3 1208/617/3 1209/699/3 1217/711/3
f 1207/618/3 1208/617/3 1218/705/3 1219/704/3
f 1206/720/3 1207/618/3 1219/704/3 1220/709/3
f 1205/708/3 1206/720/3 1220/709/3
f 1384/930/3 1382/931/3 1383/932/3
f 1385/936/3 1381/956/3 1382/931/3 1384/930/3
f 1386/949/3 1380/953/3 1381/956/3 1385/936/3
f 1387/946/3 1379/934/3 1380/953/3 1386/949/3
f 1388/940/3 1378/855/3 1379/934/3 1387/946/3
f 1377/856/3 1378/855/3 1388/940/3 1389/939/3
f 1376/955/3 1377/856/3 1389/939/3 1390/944/3
f 1375/943/3 1376/955/3 1390/944/3
f 1554/930/1005 1552/931/1005 1553/932/1005
f 1555/936/1005 1551/956/1005 1552/931/1005 1554/930/1005
f 1556/949/1005 1550/953/1005 1551/956/1005 1555/936/1005
f 1557/946/1005 1549/934/1005 1550/953/1005 1556/949/1005
f 1558/940/1005 1548/855/1005 1549/934/1005 1557/946/1005
f 1547/856/1005 1548/855/1005 1558/940/1005 1559/939/1005
f 1546/955/1005 1547/856/1005 1559/939/1005 1560/944/1005
f 1545/943/1005 1546/955/1005 1560/944/1005
f 1724/695/1115 1722/696/1115 1723/697/1115
f 1725/701/1115 1721/721/1115 1722/696/1115 1724/695/1115
f 1726/714/1115 1720/718/1115 1721/721/1115 1725/701/1115
f 1727/711/1115 1719/699/1115 1720/718/1115 1726/714/1115
f 1728/705/1115 1718/617/1115 1719/699/1115 1727/711/1115
f 1717/618/1115 1718/617/1115 1728/705/1115 1729/704/1115
f 1716/720/1115 1717/618/1115 1729/704/1115 1730/709/1115
f 1715/708/1115 1716/720/1115 1730/709/1115
f 1894/695/3 1892/696/3 1893/697/3
f 1895/701/3 1891/721/3 1892/696/3 1894/695/3
f 1896/714/3 1890/718/3 1891/721/3 1895/701/3
f 1897/711/3 1889/699/3 1890/718/3 1896/714/3
f 1898/705/3 1888/617/3 1889/699/3 1897/711/3
f 1887/618/3 1888/617/3 1898/705/3 1899/704/3
f 1886/720/3 1887/618/3 1899/704/3 1900/709/3
f 1885/708/3 1886/720/3 1900/709/3
usemtl canned_foods_mp_1
f 543/594/317 542/595/318 477/596/318 479/597/317
f 544/598/319 543/594/317 479/597/317 480/599/319
f 517/600/320 516/596/321 563/595/322 564/601/323
f 558/602/317 557/603/318 542/604/318 543/605/317
f 515/597/324 514/599/325 561/598/326 562/594/327
f 548/606/322 547/607/327 483/608/327 484/609/322
f 549/601/323 548/606/322 484/609/322 485/600/323
f 550/595/328 549/601/323 485/600/323 486/596/328
f 551/594/329 550/595/328 486/596/328 487/597/329
f 553/610/330 552/598/331 488/599/331 489/611/330
f 565/612/328 564/613/323 549/614/323 550/615/328
f 512/616/332 528/617/333 527/618/334 511/619/335
f 564/613/323 563/620/322 548/621/322 549/614/323
f 478/622/336 492/623/336 476/624/336 461/625/336
f 487/626/336 471/627/336 472/628/336 488/629/336
f 489/630/336 488/629/336 472/628/336 473/631/336
f 479/632/336 463/633/336 464/634/336 480/635/336
f 491/636/336 475/637/336 476/624/336 492/623/336
f 478/622/336 461/625/336 462/638/336 477/639/336
f 485/640/336 484/641/336 468/642/336 469/643/336
f 477/639/336 462/638/336 463/633/336 479/632/336
f 483/644/336 482/645/336 466/646/336 467/647/336
f 485/640/336 469/643/336 470/648/336 486/649/336
f 568/650/330 567/651/331 552/652/331 553/653/330
f 502/654/337 503/655/338 471/656/338 470/657/337
f 495/658/339 463/659/339 462/660/340 493/661/340
f 508/662/341 494/663/342 461/664/342 476/665/341
f 503/655/338 504/666/343 472/667/343 471/656/338
f 493/661/340 462/660/340 461/664/342 494/663/342
f 500/668/344 501/669/345 469/670/345 468/671/344
f 500/668/344 468/671/344 467/672/346 499/673/346
f 502/654/337 470/657/337 469/670/345 501/669/345
f 507/674/347 475/675/347 474/676/348 506/677/348
f 499/673/346 467/672/346 466/678/349 498/679/349
f 506/677/348 474/676/348 473/680/350 505/681/350
f 507/674/347 508/662/341 476/665/341 475/675/347
f 505/681/350 473/680/350 472/667/343 504/666/343
f 498/679/349 466/678/349 465/682/351 497/683/351
f 495/658/339 496/684/352 464/685/352 463/659/339
f 481/686/336 465/687/336 466/646/336 482/645/336
f 489/688/336 473/689/336 474/690/336 490/691/336
f 481/686/336 480/635/336 464/634/336 465/687/336
f 491/636/336 490/691/336 474/690/336 475/637/336
f 502/692/336 501/693/336 500/694/336
f 513/698/354 529/699/355 528/617/333 512/616/332
f 519/700/356 535/701/357 534/695/358 518/702/359
f 523/703/360 539/704/361 538/705/362 522/706/363
f 509/707/364 525/708/365 540/709/366 524/710/367
f 522/706/363 538/705/362 537/711/368 521/712/369
f 520/713/370 536/714/371 535/701/357 519/700/356
f 517/715/320 533/697/372 532/696/373 516/716/321
f 514/717/325 530/718/374 529/699/355 513/698/354
f 510/719/375 526/720/376 525/708/365 509/707/364
f 516/716/321 532/696/373 531/721/377 515/722/324
f 523/703/360 524/710/367 540/709/366 539/704/361
f 517/715/320 518/702/359 534/695/358 533/697/372
f 521/712/369 537/711/368 536/714/371 520/713/370
f 515/722/324 531/721/377 530/718/374 514/717/325
f 511/619/335 527/618/334 526/720/376 510/719/375
f 483/644/336 467/647/336 468/642/336 484/641/336
f 486/649/336 470/648/336 471/627/336 487/626/336
f 518/609/359 517/600/320 564/601/323 565/606/328
f 482/723/326 546/724/326 545/725/378 481/726/378
f 561/727/326 560/728/378 545/729/378 546/730/326
f 571/731/379 570/732/380 555/733/380 556/734/379
f 556/606/379 555/607/380 491/608/380 492/609/379
f 557/603/318 572/735/381 541/736/381 542/604/318
f 554/724/382 553/725/330 489/726/330 490/723/382
f 572/735/381 571/731/379 556/734/379 541/736/381
f 570/732/380 569/737/382 554/738/382 555/733/380
f 569/737/382 568/739/330 553/740/330 554/738/382
f 563/620/322 562/741/327 547/742/327 548/621/322
f 519/608/356 518/609/359 565/606/328 566/607/329
f 562/741/327 561/727/326 546/730/326 547/742/327
f 522/599/363 521/611/369 568/610/330 569/598/382
f 570/594/380 523/597/360 522/599/363 569/598/382
f 568/725/330 521/726/369 520/723/370 567/724/331
f 516/596/321 515/597/324 562/594/327 563/595/322
f 545/610/378 544/598/319 480/599/319 481/611/378
f 509/600/364 524/596/367 571/595/379 572/601/381
f 514/599/325 513/611/354 560/610/378 561/598/326
f 512/723/332 511/608/335 558/607/317 559/724/319
f 513/726/354 512/723/332 559/724/319 560/725/378
f 524/596/367 523/597/360 570/594/380 571/595/379
f 511/608/335 510/609/375 557/606/318 558/607/317
f 547/607/327 546/724/326 482/723/326 483/608/327
f 567/651/331 566/743/329 551/744/329 552/652/331
f 510/609/375 509/600/364 572/601/381 557/606/318
f 559/745/319 558/602/317 543/605/317 544/746/319
f 555/607/380 554/724/382 490/723/382 491/608/380
f 560/728/378 559/745/319 544/746/319 545/729/378
f 542/595/318 541/601/381 478/600/381 477/596/318
f 541/601/381 556/606/379 492/609/379 478/600/381
f 552/598/331 551/594/329 487/597/329 488/599/331
f 520/723/370 519/608/356 566/607/329 567/724/331
f 566/743/329 565/612/328 550/615/328 551/744/329
f 496/684/352 497/683/351 465/682/351 464/685/352
f 607/747/383 606/748/384 615/749/385 608/750/386
f 603/751/387 602/752/336 619/753/336 620/754/388
f 604/755/389 603/751/387 620/754/388 627/756/390
f 630/757/391 624/758/392 621/759/393
f 624/760/392 627/761/390 620/754/388
f 609/762/394 608/750/386 615/763/385 630/764/391
f 620/754/388 621/759/393 624/765/392
f 605/766/395 604/755/389 627/767/390
f 627/768/390 615/769/385 606/748/384 605/766/395
f 630/770/391 610/771/396 609/762/394
f 610/771/396 630/772/391 621/759/393 611/773/397
f 623/774/336 616/775/336 598/776/336 614/777/336
f 618/778/336 601/779/336 600/780/336
f 612/781/336 622/782/336 623/774/336 613/783/336
f 612/781/336 611/773/397 621/759/393 622/782/336
f 614/777/336 613/783/336 623/774/336
f 619/753/336 602/752/336 601/779/336 618/778/336
f 606/748/398 581/748/398 580/766/399 605/766/399
f 607/747/400 582/747/400 581/748/398 606/748/398
f 608/750/401 583/750/401 582/747/400 607/747/400
f 616/775/402 590/775/402 591/784/403 617/784/403
f 609/762/404 584/762/404 583/750/401 608/750/401
f 612/781/405 587/781/405 586/773/406 611/773/406
f 623/774/407 597/774/407 590/775/402 616/775/402
f 617/784/403 591/784/403 592/778/408 618/778/408
f 610/771/409 585/771/409 584/762/404 609/762/404
f 604/755/410 579/755/411 578/751/412 603/751/412
f 619/753/413 593/753/413 594/754/414 620/754/414
f 605/766/399 580/766/399 579/755/411 604/755/410
f 599/785/415 574/785/415 573/776/416 598/776/416
f 599/785/415 600/780/417 575/780/417 574/785/415
f 622/782/418 596/782/418 597/774/407 623/774/407
f 620/754/414 594/754/414 595/759/419 621/759/419
f 601/779/420 576/779/420 575/780/417 600/780/417
f 616/775/336 617/784/336 599/785/336 598/776/336
f 614/777/421 589/777/421 588/783/422 613/783/422
f 621/759/419 595/759/419 596/782/418 622/782/418
f 612/781/405 613/783/422 588/783/422 587/781/405
f 602/752/423 577/752/423 576/779/420 601/779/420
f 598/776/416 573/776/416 589/777/421 614/777/421
f 603/751/412 578/751/412 577/752/423 602/752/423
f 619/753/413 618/778/408 592/778/408 593/753/413
f 611/773/406 586/773/406 585/771/409 610/771/409
f 625/786/336 629/787/336 628/788/336 626/789/336
f 625/790/424 626/791/425 627/792/425 624/793/424
f 626/794/425 628/795/426 615/796/426 627/797/425
f 628/798/426 629/799/427 630/800/427 615/801/426
f 629/802/427 625/803/424 624/804/424 630/805/427
f 600/780/336 599/785/336 617/784/336 618/778/336
f 494/806/336 508/807/336 493/808/336
f 508/807/336 507/809/336 495/810/336 493/808/336
f 507/809/336 506/811/336 496/812/336 495/810/336
f 506/811/336 505/813/336 497/814/336 496/812/336
f 505/813/336 504/815/336 498/816/336 497/814/336
f 504/815/336 503/817/336 499/818/336 498/816/336
f 503/817/336 502/692/336 500/694/336 499/818/336
f 713/594/428 712/595/429 647/596/429 649/597/428
f 714/598/430 713/594/428 649/597/428 650/599/430
f 687/600/431 686/596/432 733/595/433 734/601/434
f 728/819/428 727/820/429 712/603/429 713/602/428
f 685/597/435 684/599/436 731/598/437 732/594/438
f 718/606/433 717/607/438 653/608/438 654/609/433
f 719/601/434 718/606/433 654/609/433 655/600/434
f 720/595/439 719/601/434 655/600/434 656/596/439
f 721/594/440 720/595/439 656/596/439 657/597/440
f 723/610/441 722/598/442 658/599/442 659/611/441
f 735/821/439 734/822/434 719/613/434 720/612/439
f 682/616/443 698/617/444 697/618/445 681/619/446
f 734/822/434 733/823/433 718/620/433 719/613/434
f 648/622/1 662/623/1 646/624/1 631/625/1
f 657/626/1 641/627/1 642/628/1 658/629/1
f 659/630/1 658/629/1 642/628/1 643/631/1
f 649/632/1 633/633/1 634/634/1 650/635/1
f 661/636/1 645/637/1 646/624/1 662/623/1
f 648/622/1 631/625/1 632/638/1 647/639/1
f 655/640/1 654/641/1 638/642/1 639/643/1
f 647/639/1 632/638/1 633/633/1 649/632/1
f 653/644/1 652/645/1 636/646/1 637/647/1
f 655/640/1 639/643/1 640/648/1 656/649/1
f 738/824/441 737/825/442 722/651/442 723/650/441
f 672/654/447 673/655/448 641/656/448 640/657/447
f 665/658/449 633/659/449 632/660/450 663/661/450
f 678/662/451 664/663/452 631/664/452 646/665/451
f 673/655/448 674/666/453 642/667/453 641/656/448
f 663/661/450 632/660/450 631/664/452 664/663/452
f 670/668/454 671/669/455 639/670/455 638/671/454
f 670/668/454 638/671/454 637/672/456 669/673/456
f 672/654/447 640/657/447 639/670/455 671/669/455
f 677/674/457 645/675/457 644/676/458 676/677/458
f 669/673/456 637/672/456 636/678/459 668/679/459
f 676/677/458 644/676/458 643/680/460 675/681/460
f 677/674/457 678/662/451 646/665/451 645/675/457
f 675/681/460 643/680/460 642/667/453 674/666/453
f 668/679/459 636/678/459 635/682/461 667/683/461
f 665/658/449 666/684/462 634/685/462 633/659/449
f 651/686/1 635/687/1 636/646/1 652/645/1
f 659/688/1 643/689/1 644/690/1 660/691/1
f 651/686/1 650/635/1 634/634/1 635/687/1
f 661/636/1 660/691/1 644/690/1 645/637/1
f 672/692/1 671/693/1 670/694/1
f 683/698/463 699/699/464 698/617/444 682/616/443
f 689/700/465 705/701/466 704/695/467 688/702/468
f 693/703/469 709/704/470 708/705/471 692/706/472
f 679/707/473 695/708/474 710/709/475 694/710/476
f 692/706/472 708/705/471 707/711/477 691/712/478
f 690/713/479 706/714/480 705/701/466 689/700/465
f 687/715/431 703/697/481 702/696/482 686/716/432
f 684/717/436 700/718/483 699/699/464 683/698/463
f 680/719/484 696/720/485 695/708/474 679/707/473
f 686/716/432 702/696/482 701/721/486 685/722/435
f 693/703/469 694/710/476 710/709/475 709/704/470
f 687/715/431 688/702/468 704/695/467 703/697/481
f 691/712/478 707/711/477 706/714/480 690/713/479
f 685/722/435 701/721/486 700/718/483 684/717/436
f 681/619/446 697/618/445 696/720/485 680/719/484
f 653/644/1 637/647/1 638/642/1 654/641/1
f 656/649/1 640/648/1 641/627/1 657/626/1
f 688/609/468 687/600/431 734/601/434 735/606/439
f 652/723/437 716/724/437 715/725/487 651/726/487
f 731/826/437 730/827/487 715/728/487 716/727/437
f 741/828/488 740/829/489 725/732/489 726/731/488
f 726/606/488 725/607/489 661/608/489 662/609/488
f 727/820/429 742/830/490 711/735/490 712/603/429
f 724/724/491 723/725/441 659/726/441 660/723/491
f 742/830/490 741/828/488 726/731/488 711/735/490
f 740/829/489 739/831/491 724/737/491 725/732/489
f 739/831/491 738/832/441 723/739/441 724/737/491
f 733/823/433 732/833/438 717/741/438 718/620/433
f 689/608/465 688/609/468 735/606/439 736/607/440
f 732/833/438 731/826/437 716/727/437 717/741/438
f 692/599/472 691/611/478 738/610/441 739/598/491
f 740/594/489 693/597/469 692/599/472 739/598/491
f 738/725/441 691/726/478 690/723/479 737/724/442
f 686/596/432 685/597/435 732/594/438 733/595/433
f 715/610/487 714/598/430 650/599/430 651/611/487
f 679/600/473 694/596/476 741/595/488 742/601/490
f 684/599/436 683/611/463 730/610/487 731/598/437
f 682/723/443 681/608/446 728/607/428 729/724/430
f 683/726/463 682/723/443 729/724/430 730/725/487
f 694/596/476 693/597/469 740/594/489 741/595/488
f 681/608/446 680/609/484 727/606/429 728/607/428
f 717/607/438 716/724/437 652/723/437 653/608/438
f 737/825/442 736/834/440 721/743/440 722/651/442
f 680/609/484 679/600/473 742/601/490 727/606/429
f 729/835/430 728/819/428 713/602/428 714/745/430
f 725/607/489 724/724/491 660/723/491 661/608/489
f 730/827/487 729/835/430 714/745/430 715/728/487
f 712/595/429 711/601/490 648/600/490 647/596/429
f 711/601/490 726/606/488 662/609/488 648/600/490
f 722/598/442 721/594/440 657/597/440 658/599/442
f 690/723/479 689/608/465 736/607/440 737/724/442
f 736/834/440 735/821/439 720/612/439 721/743/440
f 666/684/462 667/683/461 635/682/461 634/685/462
f 777/747/492 776/748/493 785/749/494 778/750/495
f 773/751/496 772/752/1 789/753/1 790/754/497
f 774/755/498 773/751/496 790/754/497 797/756/499
f 800/757/500 794/758/501 791/759/502
f 794/760/501 797/761/499 790/754/497
f 779/762/503 778/750/495 785/763/494 800/764/500
f 790/754/497 791/759/502 794/765/501
f 775/766/504 774/755/498 797/767/499
f 797/768/499 785/769/494 776/748/493 775/766/504
f 800/770/500 780/771/505 779/762/503
f 780/771/505 800/772/500 791/759/502 781/773/506
f 793/774/1 786/775/1 768/776/1 784/777/1
f 788/778/1 771/779/1 770/780/1
f 782/781/1 792/782/1 793/774/1 783/783/1
f 782/781/1 781/773/506 791/759/502 792/782/1
f 784/777/1 783/783/1 793/774/1
f 789/753/1 772/752/1 771/779/1 788/778/1
f 776/748/507 751/748/507 750/766/508 775/766/508
f 777/747/509 752/747/509 751/748/507 776/748/507
f 778/750/510 753/750/510 752/747/509 777/747/509
f 786/775/511 760/775/511 761/784/512 787/784/512
f 779/762/513 754/762/513 753/750/510 778/750/510
f 782/781/514 757/781/514 756/773/515 781/773/515
f 793/774/516 767/774/516 760/775/511 786/775/511
f 787/784/512 761/784/512 762/778/517 788/778/517
f 780/771/518 755/771/518 754/762/513 779/762/513
f 774/755/519 749/755/519 748/751/520 773/751/520
f 789/753/521 763/753/521 764/754/522 790/754/522
f 775/766/508 750/766/508 749/755/519 774/755/519
f 769/785/523 744/785/523 743/776/524 768/776/524
f 769/785/523 770/780/525 745/780/525 744/785/523
f 792/782/526 766/782/526 767/774/516 793/774/516
f 790/754/522 764/754/522 765/759/527 791/759/527
f 771/779/528 746/779/528 745/780/525 770/780/525
f 786/775/1 787/784/1 769/785/1 768/776/1
f 784/777/529 759/777/529 758/783/530 783/783/530
f 791/759/527 765/759/527 766/782/526 792/782/526
f 782/781/514 783/783/530 758/783/530 757/781/514
f 772/752/531 747/752/531 746/779/528 771/779/528
f 768/776/524 743/776/524 759/777/529 784/777/529
f 773/751/520 748/751/520 747/752/531 772/752/531
f 789/753/521 788/778/517 762/778/517 763/753/521
f 781/773/515 756/773/515 755/771/518 780/771/518
f 795/786/1 799/787/1 798/788/1 796/789/1
f 795/790/532 796/791/533 797/792/533 794/793/532
f 796/794/533 798/795/534 785/796/534 797/797/533
f 798/798/534 799/799/535 800/800/535 785/801/534
f 799/802/535 795/803/532 794/804/532 800/805/535
f 770/780/1 769/785/1 787/784/1 788/778/1
f 664/806/1 678/807/1 663/808/1
f 678/807/1 677/809/1 665/810/1 663/808/1
f 677/809/1 676/811/1 666/812/1 665/810/1
f 676/811/1 675/813/1 667/814/1 666/812/1
f 675/813/1 674/815/1 668/816/1 667/814/1
f 674/815/1 673/817/1 669/818/1 668/816/1
f 673/817/1 672/692/1 670/694/1 669/818/1
f 883/836/536 882/837/537 817/838/537 819/839/536
f 884/840/538 883/836/536 819/839/536 820/841/538
f 857/842/539 856/838/540 903/837/541 904/843/542
f 898/844/536 897/845/537 882/820/537 883/819/536
f 855/839/543 854/841/544 901/840/545 902/836/546
f 888/846/541 887/847/546 823/848/546 824/849/541
f 889/843/542 888/846/541 824/849/541 825/842/542
f 890/837/547 889/843/542 825/842/542 826/838/547
f 891/836/548 890/837/547 826/838/547 827/839/548
f 893/850/549 892/840/550 828/841/550 829/851/549
f 905/852/547 904/853/542 889/822/542 890/821/547
f 852/854/551 868/855/552 867/856/553 851/857/554
f 904/853/542 903/858/541 888/823/541 889/822/542
f 818/859/1 832/860/1 816/861/1 801/862/1
f 827/863/1 811/864/1 812/865/1 828/866/1
f 829/867/1 828/866/1 812/865/1 813/868/1
f 819/869/1 803/870/1 804/871/1 820/872/1
f 831/873/1 815/874/1 816/861/1 832/860/1
f 818/859/1 801/862/1 802/875/1 817/876/1
f 825/877/1 824/878/1 808/879/1 809/880/1
f 817/876/1 802/875/1 803/870/1 819/869/1
f 823/881/1 822/882/1 806/883/1 807/884/1
f 825/877/1 809/880/1 810/885/1 826/886/1
f 908/887/549 907/888/550 892/825/550 893/824/549
f 842/889/555 843/890/556 811/891/556 810/892/555
f 835/893/557 803/894/557 802/895/558 833/896/558
f 848/897/559 834/898/560 801/899/560 816/900/559
f 843/890/556 844/901/561 812/902/561 811/891/556
f 833/896/558 802/895/558 801/899/560 834/898/560
f 840/903/562 841/904/563 809/905/563 808/906/562
f 840/903/562 808/906/562 807/907/564 839/908/564
f 842/889/555 810/892/555 809/905/563 841/904/563
f 847/909/565 815/910/565 814/911/566 846/912/566
f 839/908/564 807/907/564 806/913/567 838/914/567
f 846/912/566 814/911/566 813/915/568 845/916/568
f 847/909/565 848/897/559 816/900/559 815/910/565
f 845/916/568 813/915/568 812/902/561 844/901/561
f 838/914/567 806/913/567 805/917/569 837/918/569
f 835/893/557 836/919/570 804/920/570 803/894/557
f 821/921/1 805/922/1 806/883/1 822/882/1
f 829/923/1 813/924/1 814/925/1 830/926/1
f 821/921/1 820/872/1 804/871/1 805/922/1
f 831/873/1 830/926/1 814/925/1 815/874/1
f 842/927/1 841/928/1 840/929/1
f 853/933/571 869/934/572 868/855/552 852/854/551
f 859/935/573 875/936/574 874/930/575 858/937/576
f 863/938/577 879/939/578 878/940/579 862/941/580
f 849/942/581 865/943/582 880/944/583 864/945/584
f 862/941/580 878/940/579 877/946/585 861/947/586
f 860/948/587 876/949/588 875/936/574 859/935/573
f 857/950/539 873/932/589 872/931/590 856/951/540
f 854/952/544 870/953/591 869/934/572 853/933/571
f 850/954/592 866/955/593 865/943/582 849/942/581
f 856/951/540 872/931/590 871/956/594 855/957/543
f 863/938/577 864/945/584 880/944/583 879/939/578
f 857/950/539 858/937/576 874/930/575 873/932/589
f 861/947/586 877/946/585 876/949/588 860/948/587
f 855/957/543 871/956/594 870/953/591 854/952/544
f 851/857/554 867/856/553 866/955/593 850/954/592
f 823/881/1 807/884/1 808/879/1 824/878/1
f 826/886/1 810/885/1 811/864/1 827/863/1
f 858/849/576 857/842/539 904/843/542 905/846/547
f 822/958/545 886/959/545 885/960/595 821/961/595
f 901/962/545 900/963/595 885/827/595 886/826/545
f 911/964/596 910/965/597 895/829/597 896/828/596
f 896/846/596 895/847/597 831/848/597 832/849/596
f 897/845/537 912/966/598 881/830/598 882/820/537
f 894/959/599 893/960/549 829/961/549 830/958/599
f 912/966/598 911/964/596 896/828/596 881/830/598
f 910/965/597 909/967/599 894/831/599 895/829/597
f 909/967/599 908/968/549 893/832/549 894/831/599
f 903/858/541 902/969/546 887/833/546 888/823/541
f 859/848/573 858/849/576 905/846/547 906/847/548
f 902/969/546 901/962/545 886/826/545 887/833/546
f 862/841/580 861/851/586 908/850/549 909/840/599
f 910/836/597 863/839/577 862/841/580 909/840/599
f 908/960/549 861/961/586 860/958/587 907/959/550
f 856/838/540 855/839/543 902/836/546 903/837/541
f 885/850/595 884/840/538 820/841/538 821/851/595
f 849/842/581 864/838/584 911/837/596 912/843/598
f 854/841/544 853/851/571 900/850/595 901/840/545
f 852/958/551 851/848/554 898/847/536 899/959/538
f 853/961/571 852/958/551 899/959/538 900/960/595
f 864/838/584 863/839/577 910/836/597 911/837/596
f 851/848/554 850/849/592 897/846/537 898/847/536
f 887/847/546 886/959/545 822/958/545 823/848/546
f 907/888/550 906/970/548 891/834/548 892/825/550
f 850/849/592 849/842/581 912/843/598 897/846/537
f 899/971/538 898/844/536 883/819/536 884/835/538
f 895/847/597 894/959/599 830/958/599 831/848/597
f 900/963/595 899/971/538 884/835/538 885/827/595
f 882/837/537 881/843/598 818/842/598 817/838/537
f 881/843/598 896/846/596 832/849/596 818/842/598
f 892/840/550 891/836/548 827/839/548 828/841/550
f 860/958/587 859/848/573 906/847/548 907/959/550
f 906/970/548 905/852/547 890/821/547 891/834/548
f 836/919/570 837/918/569 805/917/569 804/920/570
f 947/972/600 946/973/601 955/974/602 948/975/603
f 943/976/604 942/977/1 959/978/1 960/979/605
f 944/980/606 943/976/604 960/979/605 967/981/607
f 970/982/608 964/983/609 961/984/610
f 964/985/609 967/986/607 960/979/605
f 949/987/611 948/975/603 955/988/602 970/989/608
f 960/979/605 961/984/610 964/990/609
f 945/991/612 944/980/606 967/992/607
f 967/993/607 955/994/602 946/973/601 945/991/612
f 970/995/608 950/996/613 949/987/611
f 950/996/613 970/997/608 961/984/610 951/998/614
f 963/999/1 956/1000/1 938/1001/1 954/1002/1
f 958/1003/1 941/1004/1 940/1005/1
f 952/1006/1 962/1007/1 963/999/1 953/1008/1
f 952/1006/1 951/998/614 961/984/610 962/1007/1
f 954/1002/1 953/1008/1 963/999/1
f 959/978/1 942/977/1 941/1004/1 958/1003/1
f 946/973/615 921/973/615 920/991/616 945/991/616
f 947/972/617 922/972/617 921/973/615 946/973/615
f 948/975/618 923/975/618 922/972/617 947/972/617
f 956/1000/619 930/1000/619 931/1009/620 957/1009/620
f 949/987/621 924/987/621 923/975/618 948/975/618
f 952/1006/622 927/1006/622 926/998/623 951/998/623
f 963/999/624 937/999/624 930/1000/619 956/1000/619
f 957/1009/620 931/1009/620 932/1003/625 958/1003/625
f 950/996/626 925/996/626 924/987/621 949/987/621
f 944/980/627 919/980/627 918/976/628 943/976/628
f 959/978/629 933/978/629 934/979/630 960/979/630
f 945/991/616 920/991/616 919/980/627 944/980/627
f 939/1010/631 914/1010/631 913/1001/632 938/1001/632
f 939/1010/631 940/1005/633 915/1005/633 914/1010/631
f 962/1007/634 936/1007/634 937/999/624 963/999/624
f 960/979/630 934/979/630 935/984/635 961/984/635
f 941/1004/636 916/1004/636 915/1005/633 940/1005/633
f 956/1000/1 957/1009/1 939/1010/1 938/1001/1
f 954/1002/637 929/1002/637 928/1008/638 953/1008/638
f 961/984/635 935/984/635 936/1007/634 962/1007/634
f 952/1006/622 953/1008/638 928/1008/638 927/1006/622
f 942/977/639 917/977/639 916/1004/636 941/1004/636
f 938/1001/632 913/1001/632 929/1002/637 954/1002/637
f 943/976/628 918/976/628 917/977/639 942/977/639
f 959/978/629 958/1003/625 932/1003/625 933/978/629
f 951/998/623 926/998/623 925/996/626 950/996/626
f 965/1011/1 969/1012/1 968/1013/1 966/1014/1
f 965/1015/640 966/1016/641 967/1017/641 964/1018/640
f 966/1019/641 968/1020/642 955/1021/642 967/1022/641
f 968/1023/642 969/1024/643 970/1025/643 955/1026/642
f 969/1027/643 965/1028/640 964/1029/640 970/1030/643
f 940/1005/1 939/1010/1 957/1009/1 958/1003/1
f 834/1031/1 848/1032/1 833/1033/1
f 848/1032/1 847/1034/1 835/1035/1 833/1033/1
f 847/1034/1 846/1036/1 836/1037/1 835/1035/1
f 846/1036/1 845/1038/1 837/1039/1 836/1037/1
f 845/1038/1 844/1040/1 838/1041/1 837/1039/1
f 844/1040/1 843/1042/1 839/1043/1 838/1041/1
f 843/1042/1 842/927/1 840/929/1 839/1043/1
f 1053/594/644 1052/595/645 987/596/645 989/597/644
f 1054/598/646 1053/594/644 989/597/644 990/599/646
f 1027/600/647 1026/596/648 1073/595/649 1074/601/650
f 1068/1044/644 1067/1045/645 1052/1046/645 1053/1047/644
f 1025/597/651 1024/599/652 1071/598/653 1072/594/654
f 1058/606/649 1057/607/654 993/608/654 994/609/649
f 1059/601/650 1058/606/649 994/609/649 995/600/650
f 1060/595/655 1059/601/650 995/600/650 996/596/655
f 1061/594/656 1060/595/655 996/596/655 997/597/656
f 1063/610/657 1062/598/658 998/599/658 999/611/657
f 1075/1048/655 1074/1049/650 1059/1050/650 1060/1051/655
f 1022/616/659 1038/617/660 1037/618/661 1021/619/662
f 1074/1049/650 1073/1052/649 1058/1053/649 1059/1050/650
f 988/622/1 1002/623/1 986/624/1 971/625/1
f 997/626/1 981/627/1 982/628/1 998/629/1
f 999/630/1 998/629/1 982/628/1 983/631/1
f 989/632/1 973/633/1 974/634/1 990/635/1
f 1001/636/1 985/637/1 986/624/1 1002/623/1
f 988/622/1 971/625/1 972/638/1 987/639/1
f 995/640/1 994/641/1 978/642/1 979/643/1
f 987/639/1 972/638/1 973/633/1 989/632/1
f 993/644/1 992/645/1 976/646/1 977/647/1
f 995/640/1 979/643/1 980/648/1 996/649/1
f 1078/1054/657 1077/1055/658 1062/1056/658 1063/1057/657
f 1012/654/663 1013/655/664 981/656/664 980/657/663
f 1005/658/665 973/659/665 972/660/666 1003/661/666
f 1018/662/667 1004/663/668 971/664/668 986/665/667
f 1013/655/664 1014/666/669 982/667/669 981/656/664
f 1003/661/666 972/660/666 971/664/668 1004/663/668
f 1010/668/670 1011/669/671 979/670/671 978/671/670
f 1010/668/670 978/671/670 977/672/672 1009/673/672
f 1012/654/663 980/657/663 979/670/671 1011/669/671
f 1017/674/673 985/675/673 984/676/674 1016/677/674
f 1009/673/672 977/672/672 976/678/675 1008/679/675
f 1016/677/674 984/676/674 983/680/676 1015/681/676
f 1017/674/673 1018/662/667 986/665/667 985/675/673
f 1015/681/676 983/680/676 982/667/669 1014/666/669
f 1008/679/675 976/678/675 975/682/677 1007/683/677
f 1005/658/665 1006/684/678 974/685/678 973/659/665
f 991/686/1 975/687/1 976/646/1 992/645/1
f 999/688/1 983/689/1 984/690/1 1000/691/1
f 991/686/1 990/635/1 974/634/1 975/687/1
f 1001/636/1 1000/691/1 984/690/1 985/637/1
f 1012/692/1 1011/693/1 1010/694/1
f 1023/698/679 1039/699/680 1038/617/660 1022/616/659
f 1029/700/681 1045/701/682 1044/695/683 1028/702/684
f 1033/703/685 1049/704/686 1048/705/687 1032/706/688
f 1019/707/689 1035/708/690 1050/709/691 1034/710/692
f 1032/706/688 1048/705/687 1047/711/693 1031/712/694
f 1030/713/695 1046/714/696 1045/701/682 1029/700/681
f 1027/715/647 1043/697/697 1042/696/698 1026/716/648
f 1024/717/652 1040/718/699 1039/699/680 1023/698/679
f 1020/719/700 1036/720/701 1035/708/690 1019/707/689
f 1026/716/648 1042/696/698 1041/721/702 1025/722/651
f 1033/703/685 1034/710/692 1050/709/691 1049/704/686
f 1027/715/647 1028/702/684 1044/695/683 1043/697/697
f 1031/712/694 1047/711/693 1046/714/696 1030/713/695
f 1025/722/651 1041/721/702 1040/718/699 1024/717/652
f 1021/619/662 1037/618/661 1036/720/701 1020/719/700
f 993/644/1 977/647/1 978/642/1 994/641/1
f 996/649/1 980/648/1 981/627/1 997/626/1
f 1028/609/684 1027/600/647 1074/601/650 1075/606/655
f 992/723/653 1056/724/653 1055/725/703 991/726/703
f 1071/1058/653 1070/1059/703 1055/1060/703 1056/1061/653
f 1081/1062/704 1080/1063/705 1065/1064/705 1066/1065/704
f 1066/606/704 1065/607/705 1001/608/705 1002/609/704
f 1067/1045/645 1082/1066/706 1051/1067/706 1052/1046/645
f 1064/724/707 1063/725/657 999/726/657 1000/723/707
f 1082/1066/706 1081/1062/704 1066/1065/704 1051/1067/706
f 1080/1063/705 1079/1068/707 1064/1069/707 1065/1064/705
f 1079/1068/707 1078/1070/657 1063/1071/657 1064/1069/707
f 1073/1052/649 1072/1072/654 1057/1073/654 1058/1053/649
f 1029/608/681 1028/609/684 1075/606/655 1076/607/656
f 1072/1072/654 1071/1058/653 1056/1061/653 1057/1073/654
f 1032/599/688 1031/611/694 1078/610/657 1079/598/707
f 1080/594/705 1033/597/685 1032/599/688 1079/598/707
f 1078/725/657 1031/726/694 1030/723/695 1077/724/658
f 1026/596/648 1025/597/651 1072/594/654 1073/595/649
f 1055/610/703 1054/598/646 990/599/646 991/611/703
f 1019/600/689 1034/596/692 1081/595/704 1082/601/706
f 1024/599/652 1023/611/679 1070/610/703 1071/598/653
f 1022/723/659 1021/608/662 1068/607/644 1069/724/646
f 1023/726/679 1022/723/659 1069/724/646 1070/725/703
f 1034/596/692 1033/597/685 1080/594/705 1081/595/704
f 1021/608/662 1020/609/700 1067/606/645 1068/607/644
f 1057/607/654 1056/724/653 992/723/653 993/608/654
f 1077/1055/658 1076/1074/656 1061/1075/656 1062/1056/658
f 1020/609/700 1019/600/689 1082/601/706 1067/606/645
f 1069/1076/646 1068/1044/644 1053/1047/644 1054/1077/646
f 1065/607/705 1064/724/707 1000/723/707 1001/608/705
f 1070/1059/703 1069/1076/646 1054/1077/646 1055/1060/703
f 1052/595/645 1051/601/706 988/600/706 987/596/645
f 1051/601/706 1066/606/704 1002/609/704 988/600/706
f 1062/598/658 1061/594/656 997/597/656 998/599/658
f 1030/723/695 1029/608/681 1076/607/656 1077/724/658
f 1076/1074/656 1075/1048/655 1060/1051/655 1061/1075/656
f 1006/684/678 1007/683/677 975/682/677 974/685/678
f 1117/747/708 1116/748/709 1125/749/710 1118/750/711
f 1113/751/712 1112/752/1 1129/753/1 1130/754/713
f 1114/755/714 1113/751/712 1130/754/713 1137/756/715
f 1140/757/716 1134/758/717 1131/759/718
f 1134/760/717 1137/761/715 1130/754/713
f 1119/762/719 1118/750/711 1125/763/710 1140/764/716
f 1130/754/713 1131/759/718 1134/765/717
f 1115/766/720 1114/755/714 1137/767/715
f 1137/768/715 1125/769/710 1116/748/709 1115/766/720
f 1140/770/716 1120/771/721 1119/762/719
f 1120/771/721 1140/772/716 1131/759/718 1121/773/722
f 1133/774/1 1126/775/1 1108/776/1 1124/777/1
f 1128/778/1 1111/779/1 1110/780/1
f 1122/781/1 1132/782/1 1133/774/1 1123/783/1
f 1122/781/1 1121/773/722 1131/759/718 1132/782/1
f 1124/777/1 1123/783/1 1133/774/1
f 1129/753/1 1112/752/1 1111/779/1 1128/778/1
f 1116/748/723 1091/748/723 1090/766/724 1115/766/724
f 1117/747/725 1092/747/725 1091/748/723 1116/748/723
f 1118/750/726 1093/750/726 1092/747/725 1117/747/725
f 1126/775/727 1100/775/727 1101/784/728 1127/784/728
f 1119/762/729 1094/762/729 1093/750/726 1118/750/726
f 1122/781/730 1097/781/730 1096/773/731 1121/773/731
f 1133/774/732 1107/774/732 1100/775/727 1126/775/727
f 1127/784/728 1101/784/728 1102/778/733 1128/778/733
f 1120/771/734 1095/771/734 1094/762/729 1119/762/729
f 1114/755/735 1089/755/735 1088/751/736 1113/751/736
f 1129/753/737 1103/753/737 1104/754/738 1130/754/738
f 1115/766/724 1090/766/724 1089/755/735 1114/755/735
f 1109/785/739 1084/785/739 1083/776/740 1108/776/740
f 1109/785/739 1110/780/741 1085/780/741 1084/785/739
f 1132/782/742 1106/782/742 1107/774/732 1133/774/732
f 1130/754/738 1104/754/738 1105/759/743 1131/759/743
f 1111/779/744 1086/779/744 1085/780/741 1110/780/741
f 1126/775/1 1127/784/1 1109/785/1 1108/776/1
f 1124/777/745 1099/777/745 1098/783/746 1123/783/746
f 1131/759/743 1105/759/743 1106/782/742 1132/782/742
f 1122/781/730 1123/783/746 1098/783/746 1097/781/730
f 1112/752/747 1087/752/747 1086/779/744 1111/779/744
f 1108/776/740 1083/776/740 1099/777/745 1124/777/745
f 1113/751/736 1088/751/736 1087/752/747 1112/752/747
f 1129/753/737 1128/778/733 1102/778/733 1103/753/737
f 1121/773/731 1096/773/731 1095/771/734 1120/771/734
f 1135/786/1 1139/787/1 1138/788/1 1136/789/1
f 1135/790/748 1136/791/749 1137/792/749 1134/793/748
f 1136/794/749 1138/795/750 1125/796/750 1137/797/749
f 1138/798/750 1139/799/751 1140/800/751 1125/801/750
f 1139/802/751 1135/803/748 1134/804/748 1140/805/751
f 1110/780/1 1109/785/1 1127/784/1 1128/778/1
f 1004/806/1 1018/807/1 1003/808/1
f 1018/807/1 1017/809/1 1005/810/1 1003/808/1
f 1017/809/1 1016/811/1 1006/812/1 1005/810/1
f 1016/811/1 1015/813/1 1007/814/1 1006/812/1
f 1015/813/1 1014/815/1 1008/816/1 1007/814/1
f 1014/815/1 1013/817/1 1009/818/1 1008/816/1
f 1013/817/1 1012/692/1 1010/694/1 1009/818/1
f 1223/594/752 1222/595/753 1157/596/753 1159/597/752
f 1224/598/754 1223/594/752 1159/597/752 1160/599/754
f 1197/600/755 1196/596/756 1243/595/757 1244/601/758
f 1238/1078/752 1237/1079/753 1222/1045/753 1223/1044/752
f 1195/597/759 1194/599/760 1241/598/761 1242/594/762
f 1228/606/757 1227/607/762 1163/608/762 1164/609/757
f 1229/601/758 1228/606/757 1164/609/757 1165/600/758
f 1230/595/763 1229/601/758 1165/600/758 1166/596/763
f 1231/594/764 1230/595/763 1166/596/763 1167/597/764
f 1233/610/765 1232/598/766 1168/599/766 1169/611/765
f 1245/1080/763 1244/1081/758 1229/1049/758 1230/1048/763
f 1192/616/767 1208/617/768 1207/618/769 1191/619/770
f 1244/1081/758 1243/1082/757 1228/1052/757 1229/1049/758
f 1158/622/1 1172/623/1 1156/624/1 1141/625/1
f 1167/626/1 1151/627/1 1152/628/1 1168/629/1
f 1169/630/1 1168/629/1 1152/628/1 1153/631/1
f 1159/632/1 1143/633/1 1144/634/1 1160/635/1
f 1171/636/1 1155/637/1 1156/624/1 1172/623/1
f 1158/622/1 1141/625/1 1142/638/1 1157/639/1
f 1165/640/1 1164/641/1 1148/642/1 1149/643/1
f 1157/639/1 1142/638/1 1143/633/1 1159/632/1
f 1163/644/1 1162/645/1 1146/646/1 1147/647/1
f 1165/640/1 1149/643/1 1150/648/1 1166/649/1
f 1248/1083/765 1247/1084/766 1232/1055/766 1233/1054/765
f 1182/654/771 1183/655/772 1151/656/772 1150/657/771
f 1175/658/773 1143/659/773 1142/660/774 1173/661/774
f 1188/662/775 1174/663/776 1141/664/776 1156/665/775
f 1183/655/772 1184/666/777 1152/667/777 1151/656/772
f 1173/661/774 1142/660/774 1141/664/776 1174/663/776
f 1180/668/778 1181/669/779 1149/670/779 1148/671/778
f 1180/668/778 1148/671/778 1147/672/780 1179/673/780
f 1182/654/771 1150/657/771 1149/670/779 1181/669/779
f 1187/674/781 1155/675/781 1154/676/782 1186/677/782
f 1179/673/780 1147/672/780 1146/678/783 1178/679/783
f 1186/677/782 1154/676/782 1153/680/784 1185/681/784
f 1187/674/781 1188/662/775 1156/665/775 1155/675/781
f 1185/681/784 1153/680/784 1152/667/777 1184/666/777
f 1178/679/783 1146/678/783 1145/682/785 1177/683/785
f 1175/658/773 1176/684/786 1144/685/786 1143/659/773
f 1161/686/1 1145/687/1 1146/646/1 1162/645/1
f 1169/688/1 1153/689/1 1154/690/1 1170/691/1
f 1161/686/1 1160/635/1 1144/634/1 1145/687/1
f 1171/636/1 1170/691/1 1154/690/1 1155/637/1
f 1182/692/1 1181/693/1 1180/694/1
f 1193/698/787 1209/699/788 1208/617/768 1192/616/767
f 1199/700/789 1215/701/790 1214/695/791 1198/702/792
f 1203/703/793 1219/704/794 1218/705/795 1202/706/796
f 1189/707/797 1205/708/798 1220/709/799 1204/710/800
f 1202/706/796 1218/705/795 1217/711/801 1201/712/802
f 1200/713/803 1216/714/804 1215/701/790 1199/700/789
f 1197/715/755 1213/697/805 1212/696/806 1196/716/756
f 1194/717/760 1210/718/807 1209/699/788 1193/698/787
f 1190/719/808 1206/720/809 1205/708/798 1189/707/797
f 1196/716/756 1212/696/806 1211/721/810 1195/722/759
f 1203/703/793 1204/710/800 1220/709/799 1219/704/794
f 1197/715/755 1198/702/792 1214/695/791 1213/697/805
f 1201/712/802 1217/711/801 1216/714/804 1200/713/803
f 1195/722/759 1211/721/810 1210/718/807 1194/717/760
f 1191/619/770 1207/618/769 1206/720/809 1190/719/808
f 1163/644/1 1147/647/1 1148/642/1 1164/641/1
f 1166/649/1 1150/648/1 1151/627/1 1167/626/1
f 1198/609/792 1197/600/755 1244/601/758 1245/606/763
f 1162/723/761 1226/724/761 1225/725/811 1161/726/811
f 1241/1085/761 1240/1086/811 1225/1059/811 1226/1058/761
f 1251/1087/812 1250/1088/813 1235/1063/813 1236/1062/812
f 1236/606/812 1235/607/813 1171/608/813 1172/609/812
f 1237/1079/753 1252/1089/814 1221/1066/814 1222/1045/753
f 1234/724/815 1233/725/765 1169/726/765 1170/723/815
f 1252/1089/814 1251/1087/812 1236/1062/812 1221/1066/814
f 1250/1088/813 1249/1090/815 1234/1068/815 1235/1063/813
f 1249/1090/815 1248/1091/765 1233/1070/765 1234/1068/815
f 1243/1082/757 1242/1092/762 1227/1072/762 1228/1052/757
f 1199/608/789 1198/609/792 1245/606/763 1246/607/764
f 1242/1092/762 1241/1085/761 1226/1058/761 1227/1072/762
f 1202/599/796 1201/611/802 1248/610/765 1249/598/815
f 1250/594/813 1203/597/793 1202/599/796 1249/598/815
f 1248/725/765 1201/726/802 1200/723/803 1247/724/766
f 1196/596/756 1195/597/759 1242/594/762 1243/595/757
f 1225/610/811 1224/598/754 1160/599/754 1161/611/811
f 1189/600/797 1204/596/800 1251/595/812 1252/601/814
f 1194/599/760 1193/611/787 1240/610/811 1241/598/761
f 1192/723/767 1191/608/770 1238/607/752 1239/724/754
f 1193/726/787 1192/723/767 1239/724/754 1240/725/811
f 1204/596/800 1203/597/793 1250/594/813 1251/595/812
f 1191/608/770 1190/609/808 1237/606/753 1238/607/752
f 1227/607/762 1226/724/761 1162/723/761 1163/608/762
f 1247/1084/766 1246/1093/764 1231/1074/764 1232/1055/766
f 1190/609/808 1189/600/797 1252/601/814 1237/606/753
f 1239/1094/754 1238/1078/752 1223/1044/752 1224/1076/754
f 1235/607/813 1234/724/815 1170/723/815 1171/608/813
f 1240/1086/811 1239/1094/754 1224/1076/754 1225/1059/811
f 1222/595/753 1221/601/814 1158/600/814 1157/596/753
f 1221/601/814 1236/606/812 1172/609/812 1158/600/814
f 1232/598/766 1231/594/764 1167/597/764 1168/599/766
f 1200/723/803 1199/608/789 1246/607/764 1247/724/766
f 1246/1093/764 1245/1080/763 1230/1048/763 1231/1074/764
f 1176/684/786 1177/683/785 1145/682/785 1144/685/786
f 1287/747/816 1286/748/817 1295/749/818 1288/750/819
f 1283/751/820 1282/752/1 1299/753/1 1300/754/821
f 1284/755/822 1283/751/820 1300/754/821 1307/756/823
f 1310/757/824 1304/758/825 1301/759/826
f 1304/760/825 1307/761/823 1300/754/821
f 1289/762/827 1288/750/819 1295/763/818 1310/764/824
f 1300/754/821 1301/759/826 1304/765/825
f 1285/766/828 1284/755/822 1307/767/823
f 1307/768/823 1295/769/818 1286/748/817 1285/766/828
f 1310/770/824 1290/771/829 1289/762/827
f 1290/771/829 1310/772/824 1301/759/826 1291/773/830
f 1303/774/1 1296/775/1 1278/776/1 1294/777/1
f 1298/778/1 1281/779/1 1280/780/1
f 1292/781/1 1302/782/1 1303/774/1 1293/783/1
f 1292/781/1 1291/773/830 1301/759/826 1302/782/1
f 1294/777/1 1293/783/1 1303/774/1
f 1299/753/1 1282/752/1 1281/779/1 1298/778/1
f 1286/748/831 1261/748/831 1260/766/832 1285/766/832
f 1287/747/833 1262/747/833 1261/748/831 1286/748/831
f 1288/750/834 1263/750/834 1262/747/833 1287/747/833
f 1296/775/835 1270/775/835 1271/784/836 1297/784/836
f 1289/762/837 1264/762/837 1263/750/834 1288/750/834
f 1292/781/838 1267/781/838 1266/773/839 1291/773/839
f 1303/774/840 1277/774/840 1270/775/835 1296/775/835
f 1297/784/836 1271/784/836 1272/778/841 1298/778/841
f 1290/771/842 1265/771/842 1264/762/837 1289/762/837
f 1284/755/843 1259/755/843 1258/751/844 1283/751/844
f 1299/753/845 1273/753/845 1274/754/846 1300/754/846
f 1285/766/832 1260/766/832 1259/755/843 1284/755/843
f 1279/785/847 1254/785/847 1253/776/848 1278/776/848
f 1279/785/847 1280/780/849 1255/780/849 1254/785/847
f 1302/782/850 1276/782/850 1277/774/840 1303/774/840
f 1300/754/846 1274/754/846 1275/759/851 1301/759/851
f 1281/779/852 1256/779/852 1255/780/849 1280/780/849
f 1296/775/1 1297/784/1 1279/785/1 1278/776/1
f 1294/777/853 1269/777/853 1268/783/854 1293/783/854
f 1301/759/851 1275/759/851 1276/782/850 1302/782/850
f 1292/781/838 1293/783/854 1268/783/854 1267/781/838
f 1282/752/855 1257/752/855 1256/779/852 1281/779/852
f 1278/776/848 1253/776/848 1269/777/853 1294/777/853
f 1283/751/844 1258/751/844 1257/752/855 1282/752/855
f 1299/753/845 1298/778/841 1272/778/841 1273/753/845
f 1291/773/839 1266/773/839 1265/771/842 1290/771/842
f 1305/786/1 1309/787/1 1308/788/1 1306/789/1
f 1305/790/856 1306/791/857 1307/792/857 1304/793/856
f 1306/794/857 1308/795/858 1295/796/858 1307/797/857
f 1308/798/858 1309/799/859 1310/800/859 1295/801/858
f 1309/802/859 1305/803/856 1304/804/856 1310/805/859
f 1280/780/1 1279/785/1 1297/784/1 1298/778/1
f 1174/806/1 1188/807/1 1173/808/1
f 1188/807/1 1187/809/1 1175/810/1 1173/808/1
f 1187/809/1 1186/811/1 1176/812/1 1175/810/1
f 1186/811/1 1185/813/1 1177/814/1 1176/812/1
f 1185/813/1 1184/815/1 1178/816/1 1177/814/1
f 1184/815/1 1183/817/1 1179/818/1 1178/816/1
f 1183/817/1 1182/692/1 1180/694/1 1179/818/1
f 1393/836/860 1392/837/861 1327/838/861 1329/839/860
f 1394/840/862 1393/836/860 1329/839/860 1330/841/862
f 1367/842/863 1366/838/864 1413/837/865 1414/843/866
f 1408/844/860 1407/845/861 1392/820/861 1393/819/860
f 1365/839/867 1364/841/868 1411/840/869 1412/836/870
f 1398/846/865 1397/847/870 1333/848/870 1334/849/865
f 1399/843/866 1398/846/865 1334/849/865 1335/842/866
f 1400/837/871 1399/843/866 1335/842/866 1336/838/871
f 1401/836/872 1400/837/871 1336/838/871 1337/839/872
f 1403/850/873 1402/840/874 1338/841/874 1339/851/873
f 1415/852/871 1414/853/866 1399/822/866 1400/821/871
f 1362/854/875 1378/855/876 1377/856/877 1361/857/878
f 1414/853/866 1413/858/865 1398/823/865 1399/822/866
f 1328/859/1 1342/860/1 1326/861/1 1311/862/1
f 1337/863/1 1321/864/1 1322/865/1 1338/866/1
f 1339/867/1 1338/866/1 1322/865/1 1323/868/1
f 1329/869/1 1313/870/1 1314/871/1 1330/872/1
f 1341/873/1 1325/874/1 1326/861/1 1342/860/1
f 1328/859/1 1311/862/1 1312/875/1 1327/876/1
f 1335/877/1 1334/878/1 1318/879/1 1319/880/1
f 1327/876/1 1312/875/1 1313/870/1 1329/869/1
f 1333/881/1 1332/882/1 1316/883/1 1317/884/1
f 1335/877/1 1319/880/1 1320/885/1 1336/886/1
f 1418/887/873 1417/888/874 1402/825/874 1403/824/873
f 1352/889/879 1353/890/880 1321/891/880 1320/892/879
f 1345/893/881 1313/894/881 1312/895/882 1343/896/882
f 1358/897/883 1344/898/884 1311/899/884 1326/900/883
f 1353/890/880 1354/901/885 1322/902/885 1321/891/880
f 1343/896/882 1312/895/882 1311/899/884 1344/898/884
f 1350/903/886 1351/904/887 1319/905/887 1318/906/886
f 1350/903/886 1318/906/886 1317/907/888 1349/908/888
f 1352/889/879 1320/892/879 1319/905/887 1351/904/887
f 1357/909/889 1325/910/889 1324/911/890 1356/912/890
f 1349/908/888 1317/907/888 1316/913/891 1348/914/891
f 1356/912/890 1324/911/890 1323/915/892 1355/916/892
f 1357/909/889 1358/897/883 1326/900/883 1325/910/889
f 1355/916/892 1323/915/892 1322/902/885 1354/901/885
f 1348/914/891 1316/913/891 1315/917/893 1347/918/893
f 1345/893/881 1346/919/894 1314/920/894 1313/894/881
f 1331/921/1 1315/922/1 1316/883/1 1332/882/1
f 1339/923/1 1323/924/1 1324/925/1 1340/926/1
f 1331/921/1 1330/872/1 1314/871/1 1315/922/1
f 1341/873/1 1340/926/1 1324/925/1 1325/874/1
f 1352/927/1 1351/928/1 1350/929/1
f 1363/933/895 1379/934/896 1378/855/876 1362/854/875
f 1369/935/897 1385/936/898 1384/930/899 1368/937/900
f 1373/938/901 1389/939/902 1388/940/903 1372/941/904
f 1359/942/905 1375/943/906 1390/944/907 1374/945/908
f 1372/941/904 1388/940/903 1387/946/909 1371/947/910
f 1370/948/911 1386/949/912 1385/936/898 1369/935/897
f 1367/950/863 1383/932/913 1382/931/914 1366/951/864
f 1364/952/868 1380/953/915 1379/934/896 1363/933/895
f 1360/954/916 1376/955/917 1375/943/906 1359/942/905
f 1366/951/864 1382/931/914 1381/956/918 1365/957/867
f 1373/938/901 1374/945/908 1390/944/907 1389/939/902
f 1367/950/863 1368/937/900 1384/930/899 1383/932/913
f 1371/947/910 1387/946/909 1386/949/912 1370/948/911
f 1365/957/867 1381/956/918 1380/953/915 1364/952/868
f 1361/857/878 1377/856/877 1376/955/917 1360/954/916
f 1333/881/1 1317/884/1 1318/879/1 1334/878/1
f 1336/886/1 1320/885/1 1321/864/1 1337/863/1
f 1368/849/900 1367/842/863 1414/843/866 1415/846/871
f 1332/958/869 1396/959/869 1395/960/919 1331/961/919
f 1411/962/869 1410/963/919 1395/827/919 1396/826/869
f 1421/964/920 1420/965/921 1405/829/921 1406/828/920
f 1406/846/920 1405/847/921 1341/848/921 1342/849/920
f 1407/845/861 1422/966/922 1391/830/922 1392/820/861
f 1404/959/923 1403/960/873 1339/961/873 1340/958/923
f 1422/966/922 1421/964/920 1406/828/920 1391/830/922
f 1420/965/921 1419/967/923 1404/831/923 1405/829/921
f 1419/967/923 1418/968/873 1403/832/873 1404/831/923
f 1413/858/865 1412/969/870 1397/833/870 1398/823/865
f 1369/848/897 1368/849/900 1415/846/871 1416/847/872
f 1412/969/870 1411/962/869 1396/826/869 1397/833/870
f 1372/841/904 1371/851/910 1418/850/873 1419/840/923
f 1420/836/921 1373/839/901 1372/841/904 1419/840/923
f 1418/960/873 1371/961/910 1370/958/911 1417/959/874
f 1366/838/864 1365/839/867 1412/836/870 1413/837/865
f 1395/850/919 1394/840/862 1330/841/862 1331/851/919
f 1359/842/905 1374/838/908 1421/837/920 1422/843/922
f 1364/841/868 1363/851/895 1410/850/919 1411/840/869
f 1362/958/875 1361/848/878 1408/847/860 1409/959/862
f 1363/961/895 1362/958/875 1409/959/862 1410/960/919
f 1374/838/908 1373/839/901 1420/836/921 1421/837/920
f 1361/848/878 1360/849/916 1407/846/861 1408/847/860
f 1397/847/870 1396/959/869 1332/958/869 1333/848/870
f 1417/888/874 1416/970/872 1401/834/872 1402/825/874
f 1360/849/916 1359/842/905 1422/843/922 1407/846/861
f 1409/971/862 1408/844/860 1393/819/860 1394/835/862
f 1405/847/921 1404/959/923 1340/958/923 1341/848/921
f 1410/963/919 1409/971/862 1394/835/862 1395/827/919
f 1392/837/861 1391/843/922 1328/842/922 1327/838/861
f 1391/843/922 1406/846/920 1342/849/920 1328/842/922
f 1402/840/874 1401/836/872 1337/839/872 1338/841/874
f 1370/958/911 1369/848/897 1416/847/872 1417/959/874
f 1416/970/872 1415/852/871 1400/821/871 1401/834/872
f 1346/919/894 1347/918/893 1315/917/893 1314/920/894
f 1457/972/924 1456/973/925 1465/974/926 1458/975/927
f 1453/976/928 1452/977/1 1469/978/1 1470/979/929
f 1454/980/930 1453/976/928 1470/979/929 1477/981/931
f 1480/982/932 1474/983/933 1471/984/934
f 1474/985/933 1477/986/931 1470/979/929
f 1459/987/935 1458/975/927 1465/988/926 1480/989/932
f 1470/979/929 1471/984/934 1474/990/933
f 1455/991/936 1454/980/930 1477/992/931
f 1477/993/931 1465/994/926 1456/973/925 1455/991/936
f 1480/995/932 1460/996/937 1459/987/935
f 1460/996/937 1480/997/932 1471/984/934 1461/998/938
f 1473/999/1 1466/1000/1 1448/1001/1 1464/1002/1
f 1468/1003/1 1451/1004/1 1450/1005/1
f 1462/1006/1 1472/1007/1 1473/999/1 1463/1008/1
f 1462/1006/1 1461/998/938 1471/984/934 1472/1007/1
f 1464/1002/1 1463/1008/1 1473/999/1
f 1469/978/1 1452/977/1 1451/1004/1 1468/1003/1
f 1456/973/939 1431/973/939 1430/991/940 1455/991/940
f 1457/972/941 1432/972/941 1431/973/939 1456/973/939
f 1458/975/942 1433/975/942 1432/972/941 1457/972/941
f 1466/1000/943 1440/1000/943 1441/1009/944 1467/1009/944
f 1459/987/945 1434/987/945 1433/975/942 1458/975/942
f 1462/1006/946 1437/1006/946 1436/998/947 1461/998/947
f 1473/999/948 1447/999/948 1440/1000/943 1466/1000/943
f 1467/1009/944 1441/1009/944 1442/1003/949 1468/1003/949
f 1460/996/950 1435/996/950 1434/987/945 1459/987/945
f 1454/980/951 1429/980/951 1428/976/952 1453/976/952
f 1469/978/953 1443/978/953 1444/979/954 1470/979/954
f 1455/991/940 1430/991/940 1429/980/951 1454/980/951
f 1449/1010/955 1424/1010/955 1423/1001/956 1448/1001/956
f 1449/1010/955 1450/1005/957 1425/1005/957 1424/1010/955
f 1472/1007/958 1446/1007/958 1447/999/948 1473/999/948
f 1470/979/954 1444/979/954 1445/984/959 1471/984/959
f 1451/1004/960 1426/1004/960 1425/1005/957 1450/1005/957
f 1466/1000/1 1467/1009/1 1449/1010/1 1448/1001/1
f 1464/1002/961 1439/1002/961 1438/1008/962 1463/1008/962
f 1471/984/959 1445/984/959 1446/1007/958 1472/1007/958
f 1462/1006/946 1463/1008/962 1438/1008/962 1437/1006/946
f 1452/977/963 1427/977/963 1426/1004/960 1451/1004/960
f 1448/1001/956 1423/1001/956 1439/1002/961 1464/1002/961
f 1453/976/952 1428/976/952 1427/977/963 1452/977/963
f 1469/978/953 1468/1003/949 1442/1003/949 1443/978/953
f 1461/998/947 1436/998/947 1435/996/950 1460/996/950
f 1475/1011/1 1479/1012/1 1478/1013/1 1476/1014/1
f 1475/1015/964 1476/1016/965 1477/1017/965 1474/1018/964
f 1476/1019/965 1478/1020/966 1465/1021/966 1477/1022/965
f 1478/1023/966 1479/1024/967 1480/1025/967 1465/1026/966
f 1479/1027/967 1475/1028/964 1474/1029/964 1480/1030/967
f 1450/1005/1 1449/1010/1 1467/1009/1 1468/1003/1
f 1344/1031/1 1358/1032/1 1343/1033/1
f 1358/1032/1 1357/1034/1 1345/1035/1 1343/1033/1
f 1357/1034/1 1356/1036/1 1346/1037/1 1345/1035/1
f 1356/1036/1 1355/1038/1 1347/1039/1 1346/1037/1
f 1355/1038/1 1354/1040/1 1348/1041/1 1347/1039/1
f 1354/1040/1 1353/1042/1 1349/1043/1 1348/1041/1
f 1353/1042/1 1352/927/1 1350/929/1 1349/1043/1
f 1563/836/968 1562/837/969 1497/838/969 1499/839/968
f 1564/840/970 1563/836/968 1499/839/968 1500/841/970
f 1537/842/971 1536/838/972 1583/837/973 1584/843/974
f 1578/844/968 1577/845/969 1562/820/969 1563/819/968
f 1535/839/975 1534/841/976 1581/840/977 1582/836/978
f 1568/846/973 1567/847/978 1503/848/978 1504/849/973
f 1569/843/974 1568/846/973 1504/849/973 1505/842/974
f 1570/837/979 1569/843/974 1505/842/974 1506/838/979
f 1571/836/980 1570/837/979 1506/838/979 1507/839/980
f 1573/850/981 1572/840/982 1508/841/982 1509/851/981
f 1585/852/979 1584/853/974 1569/822/974 1570/821/979
f 1532/854/983 1548/855/984 1547/856/985 1531/857/986
f 1584/853/974 1583/858/973 1568/823/973 1569/822/974
f 1498/859/987 1512/860/987 1496/861/987 1481/862/987
f 1507/863/987 1491/864/987 1492/865/987 1508/866/987
f 1509/867/987 1508/866/987 1492/865/987 1493/868/987
f 1499/869/988 1483/870/988 1484/871/987 1500/872/987
f 1511/873/987 1495/874/987 1496/861/987 1512/860/987
f 1498/859/987 1481/862/987 1482/875/987 1497/876/987
f 1505/877/987 1504/878/987 1488/879/987 1489/880/987
f 1497/876/987 1482/875/987 1483/870/988 1499/869/988
f 1503/881/987 1502/882/987 1486/883/987 1487/884/987
f 1505/877/987 1489/880/987 1490/885/987 1506/886/987
f 1588/887/981 1587/888/982 1572/825/982 1573/824/981
f 1522/889/989 1523/890/990 1491/891/990 1490/892/989
f 1515/893/991 1483/894/991 1482/895/992 1513/896/992
f 1528/897/993 1514/898/994 1481/899/994 1496/900/993
f 1523/890/990 1524/901/995 1492/902/995 1491/891/990
f 1513/896/992 1482/895/992 1481/899/994 1514/898/994
f 1520/903/996 1521/904/997 1489/905/997 1488/906/996
f 1520/903/996 1488/906/996 1487/907/998 1519/908/998
f 1522/889/989 1490/892/989 1489/905/997 1521/904/997
f 1527/909/999 1495/910/999 1494/911/1000 1526/912/1000
f 1519/908/998 1487/907/998 1486/913/1001 1518/914/1001
f 1526/912/1000 1494/911/1000 1493/915/1002 1525/916/1002
f 1527/909/999 1528/897/993 1496/900/993 1495/910/999
f 1525/916/1002 1493/915/1002 1492/902/995 1524/901/995
f 1518/914/1001 1486/913/1001 1485/917/1003 1517/918/1003
f 1515/893/991 1516/919/1004 1484/920/1004 1483/894/991
f 1501/921/987 1485/922/987 1486/883/987 1502/882/987
f 1509/923/987 1493/924/987 1494/925/987 1510/926/987
f 1501/921/987 1500/872/987 1484/871/987 1485/922/987
f 1511/873/987 1510/926/987 1494/925/987 1495/874/987
f 1522/927/987 1521/928/987 1520/929/987
f 1533/933/1006 1549/934/1007 1548/855/984 1532/854/983
f 1539/935/1008 1555/936/1009 1554/930/1010 1538/937/1011
f 1543/938/1012 1559/939/1013 1558/940/1014 1542/941/1015
f 1529/942/1016 1545/943/1017 1560/944/1018 1544/945/1019
f 1542/941/1015 1558/940/1014 1557/946/1020 1541/947/1021
f 1540/948/1022 1556/949/1023 1555/936/1009 1539/935/1008
f 1537/950/971 1553/932/1024 1552/931/1025 1536/951/972
f 1534/952/976 1550/953/1026 1549/934/1007 1533/933/1006
f 1530/954/1027 1546/955/1028 1545/943/1017 1529/942/1016
f 1536/951/972 1552/931/1025 1551/956/1029 1535/957/975
f 1543/938/1012 1544/945/1019 1560/944/1018 1559/939/1013
f 1537/950/971 1538/937/1011 1554/930/1010 1553/932/1024
f 1541/947/1021 1557/946/1020 1556/949/1023 1540/948/1022
f 1535/957/975 1551/956/1029 1550/953/1026 1534/952/976
f 1531/857/986 1547/856/985 1546/955/1028 1530/954/1027
f 1503/881/987 1487/884/987 1488/879/987 1504/878/987
f 1506/886/987 1490/885/987 1491/864/987 1507/863/987
f 1538/849/1011 1537/842/971 1584/843/974 1585/846/979
f 1502/958/977 1566/959/977 1565/960/1030 1501/961/1030
f 1581/962/977 1580/963/1030 1565/827/1030 1566/826/977
f 1591/964/1031 1590/965/1032 1575/829/1032 1576/828/1031
f 1576/846/1031 1575/847/1032 1511/848/1032 1512/849/1031
f 1577/845/969 1592/966/1033 1561/830/1033 1562/820/969
f 1574/959/1034 1573/960/981 1509/961/981 1510/958/1034
f 1592/966/1033 1591/964/1031 1576/828/1031 1561/830/1033
f 1590/965/1032 1589/967/1034 1574/831/1034 1575/829/1032
f 1589/967/1034 1588/968/981 1573/832/981 1574/831/1034
f 1583/858/973 1582/969/978 1567/833/978 1568/823/973
f 1539/848/1008 1538/849/1011 1585/846/979 1586/847/980
f 1582/969/978 1581/962/977 1566/826/977 1567/833/978
f 1542/841/1015 1541/851/1021 1588/850/981 1589/840/1034
f 1590/836/1032 1543/839/1012 1542/841/1015 1589/840/1034
f 1588/960/981 1541/961/1021 1540/958/1022 1587/959/982
f 1536/838/972 1535/839/975 1582/836/978 1583/837/973
f 1565/850/1030 1564/840/970 1500/841/970 1501/851/1030
f 1529/842/1016 1544/838/1019 1591/837/1031 1592/843/1033
f 1534/841/976 1533/851/1006 1580/850/1030 1581/840/977
f 1532/958/983 1531/848/986 1578/847/968 1579/959/970
f 1533/961/1006 1532/958/983 1579/959/970 1580/960/1030
f 1544/838/1019 1543/839/1012 1590/836/1032 1591/837/1031
f 1531/848/986 1530/849/1027 1577/846/969 1578/847/968
f 1567/847/978 1566/959/977 1502/958/977 1503/848/978
f 1587/888/982 1586/970/980 1571/834/980 1572/825/982
f 1530/849/1027 1529/842/1016 1592/843/1033 1577/846/969
f 1579/971/970 1578/844/968 1563/819/968 1564/835/970
f 1575/847/1032 1574/959/1034 1510/958/1034 1511/848/1032
f 1580/963/1030 1579/971/970 1564/835/970 1565/827/1030
f 1562/837/969 1561/843/1033 1498/842/1033 1497/838/969
f 1561/843/1033 1576/846/1031 1512/849/1031 1498/842/1033
f 1572/840/982 1571/836/980 1507/839/980 1508/841/982
f 1540/958/1022 1539/848/1008 1586/847/980 1587/959/982
f 1586/970/980 1585/852/979 1570/821/979 1571/834/980
f 1516/919/1004 1517/918/1003 1485/917/1003 1484/920/1004
f 1627/972/1035 1626/973/1036 1635/974/1037 1628/975/1038
f 1623/976/1039 1622/977/987 1639/978/987 1640/979/1040
f 1624/980/1041 1623/976/1039 1640/979/1040 1647/981/1042
f 1650/982/1043 1644/983/1044 1641/984/1045
f 1644/985/1044 1647/986/1042 1640/979/1040
f 1629/987/1046 1628/975/1038 1635/988/1037 1650/989/1043
f 1640/979/1040 1641/984/1045 1644/990/1044
f 1625/991/1047 1624/980/1041 1647/992/1042
f 1647/993/1042 1635/994/1037 1626/973/1036 1625/991/1047
f 1650/995/1043 1630/996/1048 1629/987/1046
f 1630/996/1048 1650/997/1043 1641/984/1045 1631/998/1049
f 1643/999/987 1636/1000/987 1618/1001/987 1634/1002/987
f 1638/1003/987 1621/1004/987 1620/1005/987
f 1632/1006/987 1642/1007/987 1643/999/987 1633/1008/987
f 1632/1006/987 1631/998/1049 1641/984/1045 1642/1007/987
f 1634/1002/987 1633/1008/987 1643/999/987
f 1639/978/987 1622/977/987 1621/1004/987 1638/1003/987
f 1626/973/1050 1601/973/1050 1600/991/1051 1625/991/1051
f 1627/972/1052 1602/972/1052 1601/973/1050 1626/973/1050
f 1628/975/1053 1603/975/1053 1602/972/1052 1627/972/1052
f 1636/1000/1054 1610/1000/1054 1611/1009/1055 1637/1009/1055
f 1629/987/1056 1604/987/1056 1603/975/1053 1628/975/1053
f 1632/1006/1057 1607/1006/1057 1606/998/1058 1631/998/1058
f 1643/999/1059 1617/999/1059 1610/1000/1054 1636/1000/1054
f 1637/1009/1055 1611/1009/1055 1612/1003/1060 1638/1003/1060
f 1630/996/1061 1605/996/1061 1604/987/1056 1629/987/1056
f 1624/980/1062 1599/980/1062 1598/976/1063 1623/976/1063
f 1639/978/1064 1613/978/1064 1614/979/1065 1640/979/1065
f 1625/991/1051 1600/991/1051 1599/980/1062 1624/980/1062
f 1619/1010/1066 1594/1010/1066 1593/1001/1067 1618/1001/1067
f 1619/1010/1066 1620/1005/1068 1595/1005/1068 1594/1010/1066
f 1642/1007/1069 1616/1007/1069 1617/999/1059 1643/999/1059
f 1640/979/1065 1614/979/1065 1615/984/1070 1641/984/1070
f 1621/1004/1071 1596/1004/1071 1595/1005/1068 1620/1005/1068
f 1636/1000/987 1637/1009/987 1619/1010/987 1618/1001/987
f 1634/1002/1072 1609/1002/1072 1608/1008/1073 1633/1008/1073
f 1641/984/1070 1615/984/1070 1616/1007/1069 1642/1007/1069
f 1632/1006/1057 1633/1008/1073 1608/1008/1073 1607/1006/1057
f 1622/977/1074 1597/977/1074 1596/1004/1071 1621/1004/1071
f 1618/1001/1067 1593/1001/1067 1609/1002/1072 1634/1002/1072
f 1623/976/1063 1598/976/1063 1597/977/1074 1622/977/1074
f 1639/978/1064 1638/1003/1060 1612/1003/1060 1613/978/1064
f 1631/998/1058 1606/998/1058 1605/996/1061 1630/996/1061
f 1645/1011/987 1649/1012/987 1648/1013/987 1646/1014/987
f 1645/1015/1075 1646/1016/1076 1647/1017/1076 1644/1018/1075
f 1646/1019/1076 1648/1020/1077 1635/1021/1077 1647/1022/1076
f 1648/1023/1077 1649/1024/1078 1650/1025/1078 1635/1026/1077
f 1649/1027/1078 1645/1028/1075 1644/1029/1075 1650/1030/1078
f 1620/1005/987 1619/1010/987 1637/1009/987 1638/1003/987
f 1514/1031/987 1528/1032/987 1513/1033/987
f 1528/1032/987 1527/1034/987 1515/1035/987 1513/1033/987
f 1527/1034/987 1526/1036/987 1516/1037/987 1515/1035/987
f 1526/1036/987 1525/1038/987 1517/1039/987 1516/1037/987
f 1525/1038/987 1524/1040/987 1518/1041/987 1517/1039/987
f 1524/1040/987 1523/1042/987 1519/1043/987 1518/1041/987
f 1523/1042/987 1522/927/987 1520/929/987 1519/1043/987
f 1733/594/1079 1732/595/1080 1667/596/1080 1669/597/1079
f 1734/598/1081 1733/594/1079 1669/597/1079 1670/599/1081
f 1707/600/1082 1706/596/1083 1753/595/1084 1754/601/1085
f 1748/1078/1079 1747/1079/1080 1732/1045/1080 1733/1044/1079
f 1705/597/1086 1704/599/1087 1751/598/1088 1752/594/1089
f 1738/606/1084 1737/607/1089 1673/608/1089 1674/609/1084
f 1739/601/1085 1738/606/1084 1674/609/1084 1675/600/1085
f 1740/595/1090 1739/601/1085 1675/600/1085 1676/596/1090
f 1741/594/1091 1740/595/1090 1676/596/1090 1677/597/1091
f 1743/610/1092 1742/598/1093 1678/599/1093 1679/611/1092
f 1755/1080/1090 1754/1081/1085 1739/1049/1085 1740/1048/1090
f 1702/616/1094 1718/617/1095 1717/618/1096 1701/619/1097
f 1754/1081/1085 1753/1082/1084 1738/1052/1084 1739/1049/1085
f 1668/622/1098 1682/623/1098 1666/624/1098 1651/625/1098
f 1677/626/1098 1661/627/1098 1662/628/1098 1678/629/1098
f 1679/630/1098 1678/629/1098 1662/628/1098 1663/631/1098
f 1669/632/1098 1653/633/1098 1654/634/1098 1670/635/1098
f 1681/636/1098 1665/637/1098 1666/624/1098 1682/623/1098
f 1668/622/1098 1651/625/1098 1652/638/1098 1667/639/1098
f 1675/640/1098 1674/641/1098 1658/642/1098 1659/643/1098
f 1667/639/1098 1652/638/1098 1653/633/1098 1669/632/1098
f 1673/644/1098 1672/645/1098 1656/646/1098 1657/647/1098
f 1675/640/1098 1659/643/1098 1660/648/1098 1676/649/1098
f 1758/1083/1092 1757/1084/1093 1742/1055/1093 1743/1054/1092
f 1692/654/1099 1693/655/1100 1661/656/1100 1660/657/1099
f 1685/658/1101 1653/659/1101 1652/660/1102 1683/661/1102
f 1698/662/1103 1684/663/1104 1651/664/1104 1666/665/1103
f 1693/655/1100 1694/666/1105 1662/667/1105 1661/656/1100
f 1683/661/1102 1652/660/1102 1651/664/1104 1684/663/1104
f 1690/668/1106 1691/669/1107 1659/670/1107 1658/671/1106
f 1690/668/1106 1658/671/1106 1657/672/1108 1689/673/1108
f 1692/654/1099 1660/657/1099 1659/670/1107 1691/669/1107
f 1697/674/1109 1665/675/1109 1664/676/1110 1696/677/1110
f 1689/673/1108 1657/672/1108 1656/678/1111 1688/679/1111
f 1696/677/1110 1664/676/1110 1663/680/1112 1695/681/1112
f 1697/674/1109 1698/662/1103 1666/665/1103 1665/675/1109
f 1695/681/1112 1663/680/1112 1662/667/1105 1694/666/1105
f 1688/679/1111 1656/678/1111 1655/682/1113 1687/683/1113
f 1685/658/1101 1686/684/1114 1654/685/1114 1653/659/1101
f 1671/686/1098 1655/687/1098 1656/646/1098 1672/645/1098
f 1679/688/1098 1663/689/1098 1664/690/1098 1680/691/1098
f 1671/686/1098 1670/635/1098 1654/634/1098 1655/687/1098
f 1681/636/1098 1680/691/1098 1664/690/1098 1665/637/1098
f 1692/692/1098 1691/693/1098 1690/694/1098
f 1703/698/1116 1719/699/1117 1718/617/1095 1702/616/1094
f 1709/700/1118 1725/701/1119 1724/695/1120 1708/702/1121
f 1713/703/1122 1729/704/1123 1728/705/1124 1712/706/1125
f 1699/707/1126 1715/708/1127 1730/709/1128 1714/710/1129
f 1712/706/1125 1728/705/1124 1727/711/1130 1711/712/1131
f 1710/713/1132 1726/714/1133 1725/701/1119 1709/700/1118
f 1707/715/1082 1723/697/1134 1722/696/1135 1706/716/1083
f 1704/717/1087 1720/718/1136 1719/699/1117 1703/698/1116
f 1700/719/1137 1716/720/1138 1715/708/1127 1699/707/1126
f 1706/716/1083 1722/696/1135 1721/721/1139 1705/722/1086
f 1713/703/1122 1714/710/1129 1730/709/1128 1729/704/1123
f 1707/715/1082 1708/702/1121 1724/695/1120 1723/697/1134
f 1711/712/1131 1727/711/1130 1726/714/1133 1710/713/1132
f 1705/722/1086 1721/721/1139 1720/718/1136 1704/717/1087
f 1701/619/1097 1717/618/1096 1716/720/1138 1700/719/1137
f 1673/644/1098 1657/647/1098 1658/642/1098 1674/641/1098
f 1676/649/1098 1660/648/1098 1661/627/1098 1677/626/1098
f 1708/609/1121 1707/600/1082 1754/601/1085 1755/606/1090
f 1672/723/1088 1736/724/1088 1735/725/1140 1671/726/1140
f 1751/1085/1088 1750/1086/1140 1735/1059/1140 1736/1058/1088
f 1761/1087/1141 1760/1088/1142 1745/1063/1142 1746/1062/1141
f 1746/606/1141 1745/607/1142 1681/608/1142 1682/609/1141
f 1747/1079/1080 1762/1089/1143 1731/1066/1143 1732/1045/1080
f 1744/724/1144 1743/725/1092 1679/726/1092 1680/723/1144
f 1762/1089/1143 1761/1087/1141 1746/1062/1141 1731/1066/1143
f 1760/1088/1142 1759/1090/1144 1744/1068/1144 1745/1063/1142
f 1759/1090/1144 1758/1091/1092 1743/1070/1092 1744/1068/1144
f 1753/1082/1084 1752/1092/1089 1737/1072/1089 1738/1052/1084
f 1709/608/1118 1708/609/1121 1755/606/1090 1756/607/1091
f 1752/1092/1089 1751/1085/1088 1736/1058/1088 1737/1072/1089
f 1712/599/1125 1711/611/1131 1758/610/1092 1759/598/1144
f 1760/594/1142 1713/597/1122 1712/599/1125 1759/598/1144
f 1758/725/1092 1711/726/1131 1710/723/1132 1757/724/1093
f 1706/596/1083 1705/597/1086 1752/594/1089 1753/595/1084
f 1735/610/1140 1734/598/1081 1670/599/1081 1671/611/1140
f 1699/600/1126 1714/596/1129 1761/595/1141 1762/601/1143
f 1704/599/1087 1703/611/1116 1750/610/1140 1751/598/1088
f 1702/723/1094 1701/608/1097 1748/607/1079 1749/724/1081
f 1703/726/1116 1702/723/1094 1749/724/1081 1750/725/1140
f 1714/596/1129 1713/597/1122 1760/594/1142 1761/595/1141
f 1701/608/1097 1700/609/1137 1747/606/1080 1748/607/1079
f 1737/607/1089 1736/724/1088 1672/723/1088 1673/608/1089
f 1757/1084/1093 1756/1093/1091 1741/1074/1091 1742/1055/1093
f 1700/609/1137 1699/600/1126 1762/601/1143 1747/606/1080
f 1749/1094/1081 1748/1078/1079 1733/1044/1079 1734/1076/1081
f 1745/607/1142 1744/724/1144 1680/723/1144 1681/608/1142
f 1750/1086/1140 1749/1094/1081 1734/1076/1081 1735/1059/1140
f 1732/595/1080 1731/601/1143 1668/600/1143 1667/596/1080
f 1731/601/1143 1746/606/1141 1682/609/1141 1668/600/1143
f 1742/598/1093 1741/594/1091 1677/597/1091 1678/599/1093
f 1710/723/1132 1709/608/1118 1756/607/1091 1757/724/1093
f 1756/1093/1091 1755/1080/1090 1740/1048/1090 1741/1074/1091
f 1686/684/1114 1687/683/1113 1655/682/1113 1654/685/1114
f 1797/747/1145 1796/748/1146 1805/749/1147 1798/750/1148
f 1793/751/1149 1792/752/1098 1809/753/1098 1810/754/1150
f 1794/755/1151 1793/751/1149 1810/754/1150 1817/756/1152
f 1820/757/1153 1814/758/1154 1811/759/1155
f 1814/760/1154 1817/761/1152 1810/754/1150
f 1799/762/1156 1798/750/1148 1805/763/1147 1820/764/1153
f 1810/754/1150 1811/759/1155 1814/765/1154
f 1795/766/1157 1794/755/1151 1817/767/1152
f 1817/768/1152 1805/769/1147 1796/748/1146 1795/766/1157
f 1820/770/1153 1800/771/1158 1799/762/1156
f 1800/771/1158 1820/772/1153 1811/759/1155 1801/773/1159
f 1813/774/1098 1806/775/1098 1788/776/1098 1804/777/1098
f 1808/778/1098 1791/779/1098 1790/780/1098
f 1802/781/1098 1812/782/1098 1813/774/1098 1803/783/1098
f 1802/781/1098 1801/773/1159 1811/759/1155 1812/782/1098
f 1804/777/1098 1803/783/1098 1813/774/1098
f 1809/753/1098 1792/752/1098 1791/779/1098 1808/778/1098
f 1796/748/1160 1771/748/1160 1770/766/1161 1795/766/1161
f 1797/747/1162 1772/747/1162 1771/748/1160 1796/748/1160
f 1798/750/1163 1773/750/1163 1772/747/1162 1797/747/1162
f 1806/775/1164 1780/775/1164 1781/784/1165 1807/784/1166
f 1799/762/1167 1774/762/1167 1773/750/1163 1798/750/1163
f 1802/781/1168 1777/781/1168 1776/773/1169 1801/773/1169
f 1813/774/1170 1787/774/1170 1780/775/1164 1806/775/1164
f 1807/784/1166 1781/784/1165 1782/778/1171 1808/778/1171
f 1800/771/1172 1775/771/1172 1774/762/1167 1799/762/1167
f 1794/755/1173 1769/755/1173 1768/751/1174 1793/751/1174
f 1809/753/1175 1783/753/1175 1784/754/1176 1810/754/1176
f 1795/766/1161 1770/766/1161 1769/755/1173 1794/755/1173
f 1789/785/1177 1764/785/1177 1763/776/1178 1788/776/1178
f 1789/785/1177 1790/780/1179 1765/780/1179 1764/785/1177
f 1812/782/1180 1786/782/1180 1787/774/1170 1813/774/1170
f 1810/754/1176 1784/754/1176 1785/759/1181 1811/759/1181
f 1791/779/1182 1766/779/1182 1765/780/1179 1790/780/1179
f 1806/775/1098 1807/784/1098 1789/785/1098 1788/776/1098
f 1804/777/1183 1779/777/1183 1778/783/1184 1803/783/1184
f 1811/759/1181 1785/759/1181 1786/782/1180 1812/782/1180
f 1802/781/1168 1803/783/1184 1778/783/1184 1777/781/1168
f 1792/752/1185 1767/752/1185 1766/779/1182 1791/779/1182
f 1788/776/1178 1763/776/1178 1779/777/1183 1804/777/1183
f 1793/751/1174 1768/751/1174 1767/752/1185 1792/752/1185
f 1809/753/1175 1808/778/1171 1782/778/1171 1783/753/1175
f 1801/773/1169 1776/773/1169 1775/771/1172 1800/771/1172
f 1815/786/1098 1819/787/1098 1818/788/1098 1816/789/1098
f 1815/790/1186 1816/791/1187 1817/792/1187 1814/793/1186
f 1816/794/1187 1818/795/1188 1805/796/1188 1817/797/1187
f 1818/798/1188 1819/799/1189 1820/800/1189 1805/801/1188
f 1819/802/1189 1815/803/1186 1814/804/1186 1820/805/1189
f 1790/780/1098 1789/785/1098 1807/784/1098 1808/778/1098
f 1684/806/1098 1698/807/1098 1683/808/1098
f 1698/807/1098 1697/809/1098 1685/810/1098 1683/808/1098
f 1697/809/1098 1696/811/1098 1686/812/1098 1685/810/1098
f 1696/811/1098 1695/813/1098 1687/814/1098 1686/812/1098
f 1695/813/1098 1694/815/1098 1688/816/1098 1687/814/1098
f 1694/815/1098 1693/817/1098 1689/818/1098 1688/816/1098
f 1693/817/1098 1692/692/1098 1690/694/1098 1689/818/1098
f 1903/594/1190 1902/595/1191 1837/596/1191 1839/597/1190
f 1904/598/1192 1903/594/1190 1839/597/1190 1840/599/1192
f 1877/600/1193 1876/596/1194 1923/595/1195 1924/601/1196
f 1918/819/1190 1917/820/1191 1902/603/1191 1903/602/1190
f 1875/597/1197 1874/599/1198 1921/598/1199 1922/594/1200
f 1908/606/1195 1907/607/1200 1843/608/1200 1844/609/1195
f 1909/601/1196 1908/606/1195 1844/609/1195 1845/600/1196
f 1910/595/1201 1909/601/1196 1845/600/1196 1846/596/1201
f 1911/594/1202 1910/595/1201 1846/596/1201 1847/597/1202
f 1913/610/1203 1912/598/1204 1848/599/1204 1849/611/1203
f 1925/821/1201 1924/822/1196 1909/613/1196 1910/612/1201
f 1872/616/1205 1888/617/1206 1887/618/1207 1871/619/1208
f 1924/822/1196 1923/823/1195 1908/620/1195 1909/613/1196
f 1838/622/1 1852/623/1 1836/624/1 1821/625/1
f 1847/626/1 1831/627/1 1832/628/1 1848/629/1
f 1849/630/1 1848/629/1 1832/628/1 1833/631/1
f 1839/632/1 1823/633/1 1824/634/1 1840/635/1
f 1851/636/1 1835/637/1 1836/624/1 1852/623/1
f 1838/622/1 1821/625/1 1822/638/1 1837/639/1
f 1845/640/1 1844/641/1 1828/642/1 1829/643/1
f 1837/639/1 1822/638/1 1823/633/1 1839/632/1
f 1843/644/1 1842/645/1 1826/646/1 1827/647/1
f 1845/640/1 1829/643/1 1830/648/1 1846/649/1
f 1928/824/1203 1927/825/1204 1912/651/1204 1913/650/1203
f 1862/654/1209 1863/655/1210 1831/656/1210 1830/657/1209
f 1855/658/1211 1823/659/1211 1822/660/1212 1853/661/1212
f 1868/662/1213 1854/663/1214 1821/664/1214 1836/665/1213
f 1863/655/1210 1864/666/1215 1832/667/1215 1831/656/1210
f 1853/661/1212 1822/660/1212 1821/664/1214 1854/663/1214
f 1860/668/1216 1861/669/1217 1829/670/1217 1828/671/1216
f 1860/668/1216 1828/671/1216 1827/672/1218 1859/673/1218
f 1862/654/1209 1830/657/1209 1829/670/1217 1861/669/1217
f 1867/674/1219 1835/675/1219 1834/676/1220 1866/677/1220
f 1859/673/1218 1827/672/1218 1826/678/1221 1858/679/1221
f 1866/677/1220 1834/676/1220 1833/680/1222 1865/681/1222
f 1867/674/1219 1868/662/1213 1836/665/1213 1835/675/1219
f 1865/681/1222 1833/680/1222 1832/667/1215 1864/666/1215
f 1858/679/1221 1826/678/1221 1825/682/1223 1857/683/1223
f 1855/658/1211 1856/684/1224 1824/685/1224 1823/659/1211
f 1841/686/1 1825/687/1 1826/646/1 1842/645/1
f 1849/688/1 1833/689/1 1834/690/1 1850/691/1
f 1841/686/1 1840/635/1 1824/634/1 1825/687/1
f 1851/636/1 1850/691/1 1834/690/1 1835/637/1
f 1862/692/1 1861/693/1 1860/694/1
f 1873/698/1225 1889/699/1226 1888/617/1206 1872/616/1205
f 1879/700/1227 1895/701/1228 1894/695/1229 1878/702/1230
f 1883/703/1231 1899/704/1232 1898/705/1233 1882/706/1234
f 1869/707/1235 1885/708/1236 1900/709/1237 1884/710/1238
f 1882/706/1234 1898/705/1233 1897/711/1239 1881/712/1240
f 1880/713/1241 1896/714/1242 1895/701/1228 1879/700/1227
f 1877/715/1193 1893/697/1243 1892/696/1244 1876/716/1194
f 1874/717/1198 1890/718/1245 1889/699/1226 1873/698/1225
f 1870/719/1246 1886/720/1247 1885/708/1236 1869/707/1235
f 1876/716/1194 1892/696/1244 1891/721/1248 1875/722/1197
f 1883/703/1231 1884/710/1238 1900/709/1237 1899/704/1232
f 1877/715/1193 1878/702/1230 1894/695/1229 1893/697/1243
f 1881/712/1240 1897/711/1239 1896/714/1242 1880/713/1241
f 1875/722/1197 1891/721/1248 1890/718/1245 1874/717/1198
f 1871/619/1208 1887/618/1207 1886/720/1247 1870/719/1246
f 1843/644/1 1827/647/1 1828/642/1 1844/641/1
f 1846/649/1 1830/648/1 1831/627/1 1847/626/1
f 1878/609/1230 1877/600/1193 1924/601/1196 1925/606/1201
f 1842/723/1199 1906/724/1199 1905/725/1249 1841/726/1249
f 1921/826/1199 1920/827/1249 1905/728/1249 1906/727/1199
f 1931/828/1250 1930/829/1251 1915/732/1251 1916/731/1250
f 1916/606/1250 1915/607/1251 1851/608/1251 1852/609/1250
f 1917/820/1191 1932/830/1252 1901/735/1252 1902/603/1191
f 1914/724/1253 1913/725/1203 1849/726/1203 1850/723/1253
f 1932/830/1252 1931/828/1250 1916/731/1250 1901/735/1252
f 1930/829/1251 1929/831/1253 1914/737/1253 1915/732/1251
f 1929/831/1253 1928/832/1203 1913/739/1203 1914/737/1253
f 1923/823/1195 1922/833/1200 1907/741/1200 1908/620/1195
f 1879/608/1227 1878/609/1230 1925/606/1201 1926/607/1202
f 1922/833/1200 1921/826/1199 1906/727/1199 1907/741/1200
f 1882/599/1234 1881/611/1240 1928/610/1203 1929/598/1253
f 1930/594/1251 1883/597/1231 1882/599/1234 1929/598/1253
f 1928/725/1203 1881/726/1240 1880/723/1241 1927/724/1204
f 1876/596/1194 1875/597/1197 1922/594/1200 1923/595/1195
f 1905/610/1249 1904/598/1192 1840/599/1192 1841/611/1249
f 1869/600/1235 1884/596/1238 1931/595/1250 1932/601/1252
f 1874/599/1198 1873/611/1225 1920/610/1249 1921/598/1199
f 1872/723/1205 1871/608/1208 1918/607/1190 1919/724/1192
f 1873/726/1225 1872/723/1205 1919/724/1192 1920/725/1249
f 1884/596/1238 1883/597/1231 1930/594/1251 1931/595/1250
f 1871/608/1208 1870/609/1246 1917/606/1191 1918/607/1190
f 1907/607/1200 1906/724/1199 1842/723/1199 1843/608/1200
f 1927/825/1204 1926/834/1202 1911/743/1202 1912/651/1204
f 1870/609/1246 1869/600/1235 1932/601/1252 1917/606/1191
f 1919/835/1192 1918/819/1190 1903/602/1190 1904/745/1192
f 1915/607/1251 1914/724/1253 1850/723/1253 1851/608/1251
f 1920/827/1249 1919/835/1192 1904/745/1192 1905/728/1249
f 1902/595/1191 1901/601/1252 1838/600/1252 1837/596/1191
f 1901/601/1252 1916/606/1250 1852/609/1250 1838/600/1252
f 1912/598/1204 1911/594/1202 1847/597/1202 1848/599/1204
f 1880/723/1241 1879/608/1227 1926/607/1202 1927/724/1204
f 1926/834/1202 1925/821/1201 1910/612/1201 1911/743/1202
f 1856/684/1224 1857/683/1223 1825/682/1223 1824/685/1224
f 1967/747/1254 1966/748/1255 1975/749/1256 1968/750/1257
f 1963/751/1258 1962/752/1 1979/753/1 1980/754/1259
f 1964/755/1260 1963/751/1258 1980/754/1259 1987/756/1261
f 1990/757/1262 1984/758/1263 1981/759/1264
f 1984/760/1263 1987/761/1261 1980/754/1259
f 1969/762/1265 1968/750/1257 1975/763/1256 1990/764/1262
f 1980/754/1259 1981/759/1264 1984/765/1263
f 1965/766/1266 1964/755/1260 1987/767/1261
f 1987/768/1261 1975/769/1256 1966/748/1255 1965/766/1266
f 1990/770/1262 1970/771/1267 1969/762/1265
f 1970/771/1267 1990/772/1262 1981/759/1264 1971/773/1268
f 1983/774/1 1976/775/1 1958/776/1 1974/777/1
f 1978/778/1 1961/779/1 1960/780/1
f 1972/781/1 1982/782/1 1983/774/1 1973/783/1
f 1972/781/1 1971/773/1268 1981/759/1264 1982/782/1
f 1974/777/1 1973/783/1 1983/774/1
f 1979/753/1 1962/752/1 1961/779/1 1978/778/1
f 1966/748/1269 1941/748/1269 1940/766/1270 1965/766/1270
f 1967/747/1271 1942/747/1271 1941/748/1269 1966/748/1269
f 1968/750/1272 1943/750/1272 1942/747/1271 1967/747/1271
f 1976/775/1273 1950/775/1273 1951/784/1274 1977/784/1274
f 1969/762/1275 1944/762/1275 1943/750/1272 1968/750/1272
f 1972/781/1276 1947/781/1276 1946/773/1277 1971/773/1277
f 1983/774/1278 1957/774/1278 1950/775/1273 1976/775/1273
f 1977/784/1274 1951/784/1274 1952/778/1279 1978/778/1279
f 1970/771/1280 1945/771/1280 1944/762/1275 1969/762/1275
f 1964/755/1281 1939/755/1281 1938/751/1282 1963/751/1282
f 1979/753/1283 1953/753/1283 1954/754/1284 1980/754/1284
f 1965/766/1270 1940/766/1270 1939/755/1281 1964/755/1281
f 1959/785/1285 1934/785/1285 1933/776/1286 1958/776/1286
f 1959/785/1285 1960/780/1287 1935/780/1287 1934/785/1285
f 1982/782/1288 1956/782/1288 1957/774/1278 1983/774/1278
f 1980/754/1284 1954/754/1284 1955/759/1289 1981/759/1289
f 1961/779/1290 1936/779/1290 1935/780/1287 1960/780/1287
f 1976/775/1 1977/784/1 1959/785/1 1958/776/1
f 1974/777/1291 1949/777/1291 1948/783/1292 1973/783/1292
f 1981/759/1289 1955/759/1289 1956/782/1288 1982/782/1288
f 1972/781/1276 1973/783/1292 1948/783/1292 1947/781/1276
f 1962/752/1293 1937/752/1293 1936/779/1290 1961/779/1290
f 1958/776/1286 1933/776/1286 1949/777/1291 1974/777/1291
f 1963/751/1282 1938/751/1282 1937/752/1293 1962/752/1293
f 1979/753/1283 1978/778/1279 1952/778/1279 1953/753/1283
f 1971/773/1277 1946/773/1277 1945/771/1280 1970/771/1280
f 1985/786/1 1989/787/1 1988/788/1 1986/789/1
f 1985/790/1294 1986/791/1295 1987/792/1295 1984/793/1294
f 1986/794/1295 1988/795/1296 1975/796/1296 1987/797/1295
f 1988/798/1296 1989/799/1297 1990/800/1297 1975/801/1296
f 1989/802/1297 1985/803/1294 1984/804/1294 1990/805/1297
f 1960/780/1 1959/785/1 1977/784/1 1978/778/1
f 1854/806/1 1868/807/1 1853/808/1
f 1868/807/1 1867/809/1 1855/810/1 1853/808/1
f 1867/809/1 1866/811/1 1856/812/1 1855/810/1
f 1866/811/1 1865/813/1 1857/814/1 1856/812/1
f 1865/813/1 1864/815/1 1858/816/1 1857/814/1
f 1864/815/1 1863/817/1 1859/818/1 1858/816/1
f 1863/817/1 1862/692/1 1860/694/1 1859/818/1
