# Blender 5.0.1
# www.blender.org
mtllib supply_crate_1_3.mtl
o supply_crate_1_3
v -0.334000 -0.000000 -0.041371
v -0.334000 0.000000 0.042000
v -0.334000 0.016000 -0.041371
v -0.334000 0.016000 0.042000
v 0.333999 -0.000000 -0.041371
v 0.333999 0.000000 0.042000
v 0.333999 0.016000 -0.041371
v 0.333999 0.016000 0.042000
v -0.334000 0.143086 0.212206
v -0.334000 0.200000 0.212206
v -0.334000 0.143086 0.196000
v -0.334000 0.200000 0.196000
v 0.333999 0.143086 0.212206
v 0.333999 0.200000 0.212206
v 0.333999 0.143086 0.196000
v 0.333999 0.200000 0.196000
v 0.333999 0.143086 -0.210521
v 0.333999 0.200000 -0.210521
v 0.333999 0.143086 -0.196000
v 0.333999 0.200000 -0.196000
v -0.334000 0.143086 -0.210521
v -0.334000 0.200000 -0.210521
v -0.334000 0.143086 -0.196000
v -0.334000 0.200000 -0.196000
v -0.307999 0.143086 0.072000
v -0.307999 0.167486 0.052000
v -0.307999 0.167486 -0.052000
v -0.307999 0.143086 -0.072000
v -0.323999 0.143086 -0.072000
v -0.323999 0.167486 0.052000
v -0.323999 0.143086 0.072000
v -0.323999 0.167486 -0.052000
v 0.324000 0.143086 0.196000
v 0.324000 0.200000 0.196000
v 0.308000 0.143086 0.196000
v 0.308000 0.200000 0.196000
v 0.324000 0.143086 -0.196000
v 0.324000 0.200000 -0.196000
v 0.308000 0.143086 -0.196000
v 0.308000 0.200000 -0.196000
v -0.323999 0.200000 -0.196000
v -0.323999 0.143086 -0.196000
v -0.307999 0.200000 -0.196000
v -0.307999 0.143086 -0.196000
v -0.323999 0.200000 0.196000
v -0.324000 0.143086 0.196000
v -0.307999 0.200000 0.196000
v -0.307999 0.143086 0.196000
v 0.308000 0.167486 -0.052000
v 0.308000 0.143086 0.072000
v 0.308000 0.167486 0.052000
v 0.308000 0.143086 -0.072000
v 0.324000 0.143086 -0.072000
v 0.324000 0.167486 -0.052000
v 0.324000 0.167486 0.052000
v 0.324000 0.143086 0.072000
v -0.334000 0.078556 -0.213973
v -0.334000 0.078556 0.209534
v -0.334000 0.126995 0.209534
v -0.334000 0.078556 0.196000
v -0.334000 0.126995 0.196000
v 0.333999 0.078556 0.209534
v 0.333999 0.126995 0.209534
v 0.333999 0.078556 0.196000
v 0.333999 0.126995 0.196000
v 0.333999 0.078556 -0.213973
v 0.333999 0.126995 -0.213973
v 0.333999 0.078556 -0.196000
v 0.333999 0.126995 -0.196000
v -0.334000 0.126995 -0.213973
v -0.334000 0.078556 -0.196000
v -0.334000 0.126995 -0.196000
v -0.324000 0.078556 -0.196000
v -0.324000 0.126995 -0.196000
v -0.308000 0.078556 -0.196000
v -0.308000 0.126995 -0.196000
v -0.324000 0.078556 0.196000
v -0.324000 0.126995 0.196000
v -0.308000 0.126995 0.196000
v 0.324000 0.078556 0.196000
v 0.324000 0.126995 0.196000
v 0.308000 0.126995 0.196000
v 0.324000 0.078556 -0.196000
v 0.324000 0.126995 -0.196000
v 0.308000 0.078556 -0.196000
v 0.308000 0.126995 -0.196000
v -0.308000 0.078556 0.196000
v 0.308000 0.078556 0.196000
v -0.334000 -0.000000 -0.126520
v -0.334000 0.000000 -0.051452
v -0.334000 0.016000 -0.126520
v -0.334000 0.016000 -0.051452
v 0.333999 -0.000000 -0.126520
v 0.333999 0.000000 -0.051452
v 0.333999 0.016000 -0.126520
v 0.333999 0.016000 -0.051452
v -0.334000 -0.000000 -0.212000
v -0.334000 0.000000 -0.134548
v -0.334000 0.016000 -0.212000
v -0.334000 0.016000 -0.134548
v 0.333999 -0.000000 -0.212000
v 0.333999 0.000000 -0.134548
v 0.333999 0.016000 -0.212000
v 0.333999 0.016000 -0.134548
v -0.334000 -0.000000 0.050602
v -0.334000 0.000000 0.131371
v -0.334000 0.016000 0.050602
v -0.334000 0.016000 0.131371
v 0.333999 -0.000000 0.050602
v 0.333999 0.000000 0.131371
v 0.333999 0.016000 0.050602
v 0.333999 0.016000 0.131371
v -0.334000 -0.000000 0.138000
v -0.334000 0.000000 0.212000
v -0.334000 0.016000 0.138000
v -0.334000 0.016000 0.212000
v 0.333999 -0.000000 0.138000
v 0.333999 0.000000 0.212000
v 0.333999 0.016000 0.138000
v 0.333999 0.016000 0.212000
v -0.324000 0.016000 -0.196000
v -0.324000 0.060000 -0.196000
v -0.308000 0.016000 -0.196000
v -0.308000 0.060000 -0.196000
v -0.324000 0.016000 0.196000
v -0.324000 0.060000 0.196000
v -0.308000 0.060000 0.196000
v 0.324000 0.016000 0.196000
v 0.324000 0.060000 0.196000
v 0.308000 0.060000 0.196000
v 0.324000 0.016000 -0.196000
v 0.324000 0.060000 -0.196000
v 0.308000 0.016000 -0.196000
v 0.308000 0.060000 -0.196000
v -0.256000 0.016000 0.196000
v -0.256000 0.184000 0.196000
v -0.308000 0.016000 0.144000
v -0.308000 0.184000 0.144000
v -0.308000 0.016000 0.196000
v -0.308000 0.184000 0.196000
v 0.308000 0.016000 0.144000
v 0.308000 0.184000 0.144000
v 0.256000 0.016000 0.196000
v 0.256000 0.184000 0.196000
v 0.308000 0.016000 0.196000
v 0.308000 0.184000 0.196000
v 0.256000 0.016000 -0.196000
v 0.256000 0.184000 -0.196000
v 0.308000 0.016000 -0.144000
v 0.308000 0.184000 -0.144000
v 0.308000 0.184000 -0.196000
v -0.308000 0.016000 -0.144000
v -0.308000 0.184000 -0.144000
v -0.256000 0.016000 -0.196000
v -0.256000 0.184000 -0.196000
v -0.308000 0.184000 -0.196000
v -0.334000 0.016000 -0.212000
v -0.334000 0.016000 0.212000
v -0.334000 0.060000 0.212000
v -0.334000 0.016000 0.196000
v -0.334000 0.060000 0.196000
v 0.333999 0.016000 0.212000
v 0.333999 0.060000 0.212000
v 0.333999 0.016000 0.196000
v 0.333999 0.060000 0.196000
v 0.333999 0.016000 -0.212000
v 0.333999 0.060000 -0.212000
v 0.333999 0.016000 -0.196000
v 0.333999 0.060000 -0.196000
v -0.334000 0.060000 -0.212000
v -0.334000 0.016000 -0.196000
v -0.334000 0.060000 -0.196000
v -0.200903 0.033507 -0.055843
v -0.197266 0.196200 -0.058385
v -0.231486 0.033507 -0.075360
v -0.230712 0.196200 -0.079729
v -0.266913 0.033507 -0.067534
v -0.269455 0.196200 -0.071171
v -0.286430 0.033507 -0.036951
v -0.290799 0.196200 -0.037725
v -0.278604 0.033507 -0.001525
v -0.282241 0.196200 0.001018
v -0.248021 0.033507 0.017992
v -0.248795 0.196200 0.022362
v -0.212595 0.033507 0.010167
v -0.210052 0.196200 0.013804
v -0.193078 0.033507 -0.020416
v -0.188708 0.196200 -0.019642
v -0.223231 0.023137 -0.040234
v -0.236238 0.023137 -0.048534
v -0.251304 0.023137 -0.045206
v -0.259604 0.023137 -0.032200
v -0.256276 0.023137 -0.017133
v -0.243270 0.023137 -0.008833
v -0.228204 0.023137 -0.012161
v -0.219903 0.023137 -0.025168
v -0.222759 0.358200 -0.040564
v -0.236137 0.358200 -0.049102
v -0.251634 0.358200 -0.045679
v -0.260172 0.358200 -0.032300
v -0.256749 0.358200 -0.016803
v -0.243370 0.358200 -0.008265
v -0.227873 0.358200 -0.011689
v -0.219336 0.358200 -0.025067
v -0.208583 0.018693 -0.050473
v -0.233121 0.018693 -0.066132
v -0.261544 0.018693 -0.059854
v -0.277202 0.018693 -0.035317
v -0.270924 0.018693 -0.006894
v -0.246387 0.018693 0.008765
v -0.217964 0.018693 0.002487
v -0.202305 0.018693 -0.022051
v -0.213908 0.026100 0.008288
v -0.247621 0.026100 0.015735
v -0.276725 0.026100 -0.002838
v -0.284172 0.026100 -0.036551
v -0.195335 0.026100 -0.020816
v -0.265599 0.026100 -0.065655
v -0.231886 0.026100 -0.073102
v -0.202782 0.026100 -0.054529
v -0.244431 0.309600 -0.002274
v -0.224387 0.309600 -0.006702
v -0.266163 0.309600 -0.033361
v -0.261735 0.309600 -0.013317
v -0.235076 0.309600 -0.055093
v -0.255120 0.309600 -0.050665
v -0.213345 0.309600 -0.024006
v -0.217772 0.309600 -0.044050
v -0.211614 0.245986 -0.048355
v -0.218044 0.278998 -0.043860
v -0.216774 0.261874 -0.044748
v -0.233766 0.245986 -0.062492
v -0.235134 0.278998 -0.054766
v -0.234864 0.261874 -0.056292
v -0.259425 0.245986 -0.056824
v -0.254930 0.278998 -0.050394
v -0.255818 0.261874 -0.051663
v -0.273562 0.245986 -0.034672
v -0.265836 0.278998 -0.033303
v -0.267362 0.261874 -0.033574
v -0.267894 0.245986 -0.009012
v -0.261464 0.278998 -0.013507
v -0.262734 0.261874 -0.012619
v -0.245742 0.245986 0.005124
v -0.244374 0.278998 -0.002601
v -0.244644 0.261874 -0.001075
v -0.220082 0.245986 -0.000544
v -0.224577 0.278998 -0.006974
v -0.223689 0.261874 -0.005704
v -0.205946 0.245986 -0.022696
v -0.213671 0.278998 -0.024064
v -0.212145 0.261874 -0.023794
v -0.231007 0.058997 -0.078063
v -0.268486 0.058997 -0.069785
v -0.289133 0.058997 -0.037430
v -0.280855 0.058997 0.000049
v -0.248500 0.058997 0.020696
v -0.211022 0.058997 0.012418
v -0.190374 0.058997 -0.019937
v -0.198652 0.058997 -0.057416
v -0.243714 0.333900 -0.006322
v -0.262115 0.333900 -0.032644
v -0.235793 0.333900 -0.051045
v -0.221141 0.333900 -0.041695
v -0.226742 0.333900 -0.010071
v -0.258366 0.333900 -0.015672
v -0.252765 0.333900 -0.047296
v -0.217392 0.333900 -0.024723
v -0.217227 0.294299 -0.044431
v -0.234960 0.294299 -0.055748
v -0.255501 0.294299 -0.051211
v -0.266818 0.294299 -0.033477
v -0.262281 0.294299 -0.012936
v -0.244547 0.294299 -0.001620
v -0.224006 0.294299 -0.006157
v -0.212690 0.294299 -0.023890
v -0.230731 0.187625 -0.079625
v -0.269395 0.187625 -0.071085
v -0.290695 0.187625 -0.037707
v -0.282155 0.187625 0.000957
v -0.248777 0.187625 0.022258
v -0.210113 0.187625 0.013717
v -0.188812 0.187625 -0.019661
v -0.197353 0.187625 -0.058325
v -0.221059 0.358677 -0.041752
v -0.235776 0.358677 -0.051144
v -0.252822 0.358677 -0.047378
v -0.262214 0.358677 -0.032662
v -0.258448 0.358677 -0.015615
v -0.243732 0.358677 -0.006224
v -0.226685 0.358677 -0.009989
v -0.217294 0.358677 -0.024705
v -0.224311 0.372468 -0.039479
v -0.236468 0.372468 -0.047237
v -0.250549 0.372468 -0.044126
v -0.258307 0.372468 -0.031970
v -0.255196 0.372468 -0.017888
v -0.243040 0.372468 -0.010131
v -0.228959 0.372468 -0.013241
v -0.221201 0.372468 -0.025398
v -0.227280 0.369529 -0.010840
v -0.218316 0.369529 -0.024886
v -0.257598 0.369529 -0.016210
v -0.243551 0.369529 -0.007245
v -0.252228 0.369529 -0.046528
v -0.261192 0.369529 -0.032481
v -0.221910 0.369529 -0.041158
v -0.235957 0.369529 -0.050122
v -0.231655 0.220500 -0.074406
v -0.277811 0.220500 -0.002079
v -0.194031 0.220500 -0.020585
v -0.266358 0.220500 -0.066741
v -0.247852 0.220500 0.017039
v -0.201696 0.220500 -0.055288
v -0.285476 0.220500 -0.036782
v -0.213150 0.220500 0.009374
v 0.020772 0.033507 -0.163933
v 0.018011 0.196200 -0.167408
v 0.003169 0.033507 -0.132210
v -0.001239 0.196200 -0.132714
v 0.013155 0.033507 -0.097331
v 0.009681 0.196200 -0.094570
v 0.044879 0.033507 -0.079728
v 0.044375 0.196200 -0.075319
v 0.079758 0.033507 -0.089713
v 0.082519 0.196200 -0.086239
v 0.097360 0.033507 -0.121437
v 0.101769 0.196200 -0.120933
v 0.087375 0.033507 -0.156316
v 0.090849 0.196200 -0.159077
v 0.055651 0.033507 -0.173919
v 0.056155 0.196200 -0.178328
v 0.037722 0.023137 -0.142606
v 0.030236 0.023137 -0.129114
v 0.034483 0.023137 -0.114281
v 0.047974 0.023137 -0.106795
v 0.062808 0.023137 -0.111041
v 0.070294 0.023137 -0.124533
v 0.066047 0.023137 -0.139366
v 0.052555 0.023137 -0.146852
v 0.037363 0.358200 -0.143057
v 0.029663 0.358200 -0.129180
v 0.034031 0.358200 -0.113922
v 0.047909 0.358200 -0.106222
v 0.063166 0.358200 -0.110590
v 0.070867 0.358200 -0.124467
v 0.066499 0.358200 -0.139725
v 0.052621 0.358200 -0.147425
v 0.026602 0.018693 -0.156597
v 0.012480 0.018693 -0.131145
v 0.020491 0.018693 -0.103161
v 0.045944 0.018693 -0.089038
v 0.073927 0.018693 -0.097050
v 0.088050 0.018693 -0.122502
v 0.080039 0.018693 -0.150486
v 0.054586 0.018693 -0.164609
v 0.085580 0.026100 -0.154890
v 0.095082 0.026100 -0.121698
v 0.078331 0.026100 -0.091508
v 0.045139 0.026100 -0.082006
v 0.055390 0.026100 -0.171641
v 0.014950 0.026100 -0.098757
v 0.005447 0.026100 -0.131949
v 0.022198 0.026100 -0.162139
v 0.076911 0.309600 -0.123776
v 0.071262 0.309600 -0.143511
v 0.047217 0.309600 -0.100177
v 0.066952 0.309600 -0.105827
v 0.023618 0.309600 -0.129871
v 0.029268 0.309600 -0.110136
v 0.053312 0.309600 -0.153470
v 0.033578 0.309600 -0.147820
v 0.028903 0.245986 -0.153703
v 0.033784 0.278998 -0.147561
v 0.032820 0.261874 -0.148774
v 0.016153 0.245986 -0.130725
v 0.023948 0.278998 -0.129833
v 0.022408 0.261874 -0.130009
v 0.023386 0.245986 -0.105461
v 0.029528 0.278998 -0.110343
v 0.028315 0.261874 -0.109379
v 0.046364 0.245986 -0.092712
v 0.047255 0.278998 -0.100506
v 0.047079 0.261874 -0.098967
v 0.071627 0.245986 -0.099944
v 0.066746 0.278998 -0.106086
v 0.067710 0.261874 -0.104873
v 0.084377 0.245986 -0.122922
v 0.076582 0.278998 -0.123814
v 0.078121 0.261874 -0.123638
v 0.077144 0.245986 -0.148186
v 0.071002 0.278998 -0.143304
v 0.072215 0.261874 -0.144268
v 0.054166 0.245986 -0.160935
v 0.053275 0.278998 -0.153141
v 0.053451 0.261874 -0.154680
v 0.000441 0.058997 -0.132522
v 0.011005 0.058997 -0.095622
v 0.044567 0.058997 -0.077000
v 0.081466 0.058997 -0.087564
v 0.100088 0.058997 -0.121125
v 0.089525 0.058997 -0.158025
v 0.055963 0.058997 -0.176647
v 0.019063 0.058997 -0.166083
v 0.072827 0.333900 -0.124243
v 0.047684 0.333900 -0.104261
v 0.027702 0.333900 -0.129404
v 0.036135 0.333900 -0.144602
v 0.068044 0.333900 -0.140953
v 0.064394 0.333900 -0.109045
v 0.032486 0.333900 -0.112694
v 0.052845 0.333900 -0.149386
v 0.033164 0.294299 -0.148341
v 0.022957 0.294299 -0.129946
v 0.028747 0.294299 -0.109723
v 0.047142 0.294299 -0.099516
v 0.067366 0.294299 -0.105306
v 0.077572 0.294299 -0.123700
v 0.071782 0.294299 -0.143924
v 0.053388 0.294299 -0.154131
v -0.001134 0.187625 -0.132702
v 0.009764 0.187625 -0.094635
v 0.044387 0.187625 -0.075424
v 0.082453 0.187625 -0.086322
v 0.101664 0.187625 -0.120945
v 0.090766 0.187625 -0.159012
v 0.056143 0.187625 -0.178223
v 0.018077 0.187625 -0.167325
v 0.036073 0.358677 -0.144681
v 0.027603 0.358677 -0.129415
v 0.032408 0.358677 -0.112632
v 0.047673 0.358677 -0.104162
v 0.064457 0.358677 -0.108966
v 0.072927 0.358677 -0.124232
v 0.068122 0.358677 -0.141015
v 0.052857 0.358677 -0.149485
v 0.038542 0.372468 -0.141574
v 0.031545 0.372468 -0.128964
v 0.035514 0.372468 -0.115101
v 0.048124 0.372468 -0.108104
v 0.061988 0.372468 -0.112073
v 0.068984 0.372468 -0.124683
v 0.065015 0.372468 -0.138546
v 0.052406 0.372468 -0.145543
v 0.067309 0.369529 -0.140370
v 0.052739 0.369529 -0.148454
v 0.063811 0.369529 -0.109779
v 0.071896 0.369529 -0.124350
v 0.033220 0.369529 -0.113277
v 0.047791 0.369529 -0.105193
v 0.036719 0.369529 -0.143868
v 0.028634 0.369529 -0.129297
v 0.004131 0.220500 -0.132100
v 0.079155 0.220500 -0.090471
v 0.055541 0.220500 -0.172957
v 0.013913 0.220500 -0.097933
v 0.096398 0.220500 -0.121547
v 0.021374 0.220500 -0.163176
v 0.044989 0.220500 -0.080690
v 0.086617 0.220500 -0.155714
v -0.014578 0.118195 0.016953
v -0.025862 0.104006 0.027660
v -0.032347 0.084944 0.033815
v -0.033048 0.063911 0.034479
v -0.027857 0.044111 0.029553
v -0.017564 0.028556 0.019786
v -0.003737 0.019615 0.006666
v 0.011520 0.018649 -0.007812
v 0.025884 0.025805 -0.021441
v 0.037167 0.039994 -0.032148
v 0.043653 0.059056 -0.038303
v 0.044353 0.080089 -0.038967
v 0.039162 0.099889 -0.034041
v 0.028869 0.115444 -0.024274
v 0.015042 0.124385 -0.011154
v -0.000215 0.125351 0.003324
v -0.027053 0.105215 0.028790
v -0.015343 0.119940 0.017679
v -0.033784 0.085433 0.035177
v -0.034511 0.063606 0.035867
v -0.029123 0.043057 0.030755
v -0.018441 0.026914 0.020619
v -0.004092 0.017635 0.007002
v 0.011742 0.016633 -0.008022
v 0.026648 0.024060 -0.022167
v 0.038358 0.038785 -0.033278
v 0.045089 0.058567 -0.039665
v 0.045816 0.080394 -0.040355
v 0.040428 0.100943 -0.035243
v 0.029747 0.117086 -0.025107
v 0.015397 0.126365 -0.011490
v -0.000436 0.127367 0.003534
v -0.027434 0.103365 0.024741
v -0.016376 0.117271 0.014248
v -0.033790 0.084685 0.030772
v -0.034477 0.064073 0.031424
v -0.029389 0.044668 0.026596
v -0.019302 0.029424 0.017025
v -0.005752 0.020662 0.004166
v 0.009200 0.019716 -0.010021
v 0.023276 0.026729 -0.023378
v 0.034334 0.040635 -0.033871
v 0.040690 0.059315 -0.039903
v 0.041377 0.079927 -0.040554
v 0.036289 0.099332 -0.035727
v 0.026202 0.114576 -0.026155
v 0.012652 0.123338 -0.013297
v -0.002300 0.124284 0.000891
v -0.126852 0.119940 -0.099835
v -0.138562 0.105215 -0.088724
v -0.145293 0.085433 -0.082337
v -0.146020 0.063606 -0.081647
v -0.140633 0.043057 -0.086759
v -0.129951 0.026914 -0.096895
v -0.115601 0.017635 -0.110512
v -0.099768 0.016633 -0.125536
v -0.084862 0.024060 -0.139681
v -0.073152 0.038785 -0.150792
v -0.066421 0.058567 -0.157179
v -0.065694 0.080394 -0.157869
v -0.071081 0.100943 -0.152757
v -0.081763 0.117086 -0.142621
v -0.096113 0.126365 -0.129004
v -0.111946 0.127367 -0.113980
v -0.128077 0.116449 -0.104188
v -0.138934 0.102796 -0.093886
v -0.145175 0.084455 -0.087964
v -0.145849 0.064217 -0.087324
v -0.140854 0.045165 -0.092064
v -0.130950 0.030197 -0.101462
v -0.117645 0.021594 -0.114087
v -0.102965 0.020665 -0.128017
v -0.089144 0.027551 -0.141131
v -0.078287 0.041204 -0.151434
v -0.072046 0.059545 -0.157356
v -0.071372 0.079783 -0.157995
v -0.076367 0.098835 -0.153255
v -0.086271 0.113803 -0.143858
v -0.099576 0.122406 -0.131233
v -0.114256 0.123335 -0.117303
v -0.018096 0.119940 0.014777
v -0.029806 0.105215 0.025889
v -0.036537 0.085433 0.032276
v -0.037264 0.063606 0.032966
v -0.031876 0.043057 0.027853
v -0.021195 0.026914 0.017717
v -0.006845 0.017635 0.004101
v 0.008988 0.016633 -0.010924
v 0.023895 0.024060 -0.025068
v 0.035605 0.038785 -0.036180
v 0.042336 0.058567 -0.042567
v 0.043063 0.080394 -0.043257
v 0.037675 0.100943 -0.038144
v 0.026993 0.117086 -0.028009
v 0.012644 0.126365 -0.014392
v -0.003190 0.127367 0.000632
v -0.135809 0.105215 -0.085822
v -0.142540 0.085433 -0.079435
v -0.143267 0.063606 -0.078745
v -0.137880 0.043057 -0.083858
v -0.127198 0.026914 -0.093994
v -0.112848 0.017635 -0.107610
v -0.097015 0.016633 -0.122635
v -0.082108 0.024060 -0.136779
v -0.070398 0.038785 -0.147891
v -0.063668 0.058567 -0.154278
v -0.062941 0.080394 -0.154968
v -0.068328 0.100943 -0.149855
v -0.079010 0.117086 -0.139719
v -0.093360 0.126365 -0.126103
v -0.109193 0.127367 -0.111079
v -0.124099 0.119940 -0.096934
v 0.007351 0.072717 -0.008267
v 0.001003 0.067434 -0.002243
v -0.001384 0.062345 0.000022
v -0.002411 0.049546 0.000996
v 0.000576 0.042725 -0.001838
v 0.003185 0.041639 -0.004314
v 0.010874 0.029735 -0.011610
v 0.014384 0.026607 -0.014941
v 0.016948 0.025638 -0.017373
v 0.022666 0.028226 -0.022799
v 0.026809 0.033690 -0.026731
v 0.027462 0.037336 -0.027350
v 0.027200 0.043323 -0.027102
v 0.022789 0.058266 -0.022916
v 0.023497 0.061802 -0.023588
v 0.020560 0.068509 -0.020801
v 0.011680 0.073373 -0.012375
v 0.010447 0.066034 -0.011204
v 0.003984 0.060656 -0.005072
v 0.002637 0.053459 -0.003794
v 0.005583 0.046733 -0.006589
v 0.010789 0.045120 -0.011529
v 0.017251 0.050498 -0.017661
v 0.018569 0.057541 -0.018911
v 0.015623 0.064267 -0.016116
v 0.009416 0.072717 -0.006091
v 0.003068 0.067434 -0.000067
v 0.000681 0.062345 0.002198
v -0.000346 0.049546 0.003173
v 0.002641 0.042725 0.000338
v 0.005250 0.041639 -0.002137
v 0.012939 0.029735 -0.009434
v 0.016449 0.026607 -0.012764
v 0.019013 0.025638 -0.015197
v 0.024731 0.028226 -0.020623
v 0.028874 0.033690 -0.024554
v 0.029527 0.037336 -0.025174
v 0.029265 0.043323 -0.024926
v 0.024854 0.058266 -0.020740
v 0.025562 0.061802 -0.021412
v 0.022625 0.068509 -0.018624
v 0.013745 0.073373 -0.010198
v 0.023055 0.032260 -0.018757
v 0.012512 0.066034 -0.009028
v 0.006049 0.060656 -0.002896
v 0.004702 0.053459 -0.001617
v 0.007648 0.046733 -0.004413
v 0.012854 0.045120 -0.009353
v 0.019316 0.050498 -0.015485
v 0.020634 0.057541 -0.016735
v 0.017688 0.064267 -0.013940
v 0.018241 0.043251 -0.014189
v 0.020385 0.041501 -0.013467
v 0.019310 0.035497 -0.012447
v 0.016664 0.034440 -0.012692
v 0.023665 0.034011 -0.016579
v 0.024744 0.040019 -0.017603
v 0.024638 0.041077 -0.020260
v 0.203803 0.182000 -0.045286
v 0.188381 0.182000 -0.030952
v 0.179619 0.182000 -0.011807
v 0.178850 0.182000 0.009233
v 0.186192 0.182000 0.028966
v 0.200526 0.182000 0.044388
v 0.219670 0.182000 0.053150
v 0.240711 0.182000 0.053919
v 0.260444 0.182000 0.046578
v 0.275865 0.182000 0.032243
v 0.284627 0.182000 0.013099
v 0.285396 0.182000 -0.007942
v 0.278055 0.182000 -0.027675
v 0.263721 0.182000 -0.043096
v 0.244576 0.182000 -0.051858
v 0.223536 0.182000 -0.052627
v 0.186728 0.182000 -0.032146
v 0.202733 0.182000 -0.047022
v 0.177635 0.182000 -0.012278
v 0.176837 0.182000 0.009558
v 0.184456 0.182000 0.030036
v 0.199332 0.182000 0.046041
v 0.219200 0.182000 0.055134
v 0.241035 0.182000 0.055932
v 0.261514 0.182000 0.048313
v 0.277518 0.182000 0.033437
v 0.286612 0.182000 0.013569
v 0.287410 0.182000 -0.008266
v 0.279791 0.182000 -0.028745
v 0.264915 0.182000 -0.044749
v 0.245047 0.182000 -0.053843
v 0.223211 0.182000 -0.054641
v 0.189256 0.178800 -0.030320
v 0.204369 0.178800 -0.044367
v 0.180669 0.178800 -0.011558
v 0.179916 0.178800 0.009061
v 0.187110 0.178800 0.028400
v 0.201158 0.178800 0.043513
v 0.219919 0.178800 0.052100
v 0.240539 0.178800 0.052853
v 0.259877 0.178800 0.045659
v 0.274990 0.178800 0.031611
v 0.283577 0.178800 0.012850
v 0.284331 0.178800 -0.007770
v 0.277136 0.178800 -0.027108
v 0.263089 0.178800 -0.042221
v 0.244327 0.178800 -0.050808
v 0.223708 0.178800 -0.051562
v 0.202733 0.020000 -0.047022
v 0.186728 0.020000 -0.032146
v 0.177635 0.020000 -0.012278
v 0.176837 0.020000 0.009558
v 0.184456 0.020000 0.030036
v 0.199332 0.020000 0.046041
v 0.219200 0.020000 0.055134
v 0.241035 0.020000 0.055932
v 0.261514 0.020000 0.048313
v 0.277518 0.020000 0.033437
v 0.286612 0.020000 0.013569
v 0.287410 0.020000 -0.008266
v 0.279791 0.020000 -0.028745
v 0.264915 0.020000 -0.044749
v 0.245047 0.020000 -0.053843
v 0.223211 0.020000 -0.054641
v 0.204873 0.016000 -0.043550
v 0.190034 0.016000 -0.029758
v 0.181603 0.016000 -0.011337
v 0.180863 0.016000 0.008909
v 0.187927 0.016000 0.027896
v 0.201720 0.016000 0.042735
v 0.220141 0.016000 0.051166
v 0.240386 0.016000 0.051906
v 0.259373 0.016000 0.044842
v 0.274212 0.016000 0.031049
v 0.282643 0.016000 0.012628
v 0.283383 0.016000 -0.007617
v 0.276319 0.016000 -0.026604
v 0.262527 0.016000 -0.041443
v 0.244106 0.016000 -0.049874
v 0.223860 0.016000 -0.050614
v 0.202733 0.178000 -0.047022
v 0.186728 0.178000 -0.032146
v 0.177635 0.178000 -0.012278
v 0.176837 0.178000 0.009558
v 0.184456 0.178000 0.030036
v 0.199332 0.178000 0.046041
v 0.219200 0.178000 0.055134
v 0.241035 0.178000 0.055932
v 0.261514 0.178000 0.048313
v 0.277518 0.178000 0.033437
v 0.286612 0.178000 0.013569
v 0.287410 0.178000 -0.008266
v 0.279791 0.178000 -0.028745
v 0.264915 0.178000 -0.044749
v 0.245047 0.178000 -0.053843
v 0.223211 0.178000 -0.054641
v 0.186728 0.024000 -0.032146
v 0.177635 0.024000 -0.012278
v 0.176837 0.024000 0.009558
v 0.184456 0.024000 0.030036
v 0.199332 0.024000 0.046041
v 0.219200 0.024000 0.055134
v 0.241035 0.024000 0.055932
v 0.261514 0.024000 0.048313
v 0.277518 0.024000 0.033437
v 0.286612 0.024000 0.013569
v 0.287410 0.024000 -0.008266
v 0.279791 0.024000 -0.028745
v 0.264915 0.024000 -0.044749
v 0.245047 0.024000 -0.053843
v 0.223211 0.024000 -0.054641
v 0.202733 0.024000 -0.047022
v 0.237494 0.178800 -0.000122
v 0.228792 0.178800 0.005244
v 0.225550 0.178800 0.010363
v 0.224254 0.178800 0.023174
v 0.228435 0.178800 0.029956
v 0.232042 0.178800 0.031009
v 0.242753 0.178800 0.042813
v 0.247621 0.178800 0.045896
v 0.251164 0.178800 0.046831
v 0.259022 0.178800 0.044170
v 0.264682 0.178800 0.038652
v 0.265548 0.178800 0.034998
v 0.265131 0.178800 0.029015
v 0.258911 0.178800 0.014130
v 0.259853 0.178800 0.010585
v 0.255741 0.178800 0.003916
v 0.243455 0.178800 -0.000833
v 0.241824 0.178800 0.006521
v 0.232966 0.178800 0.011983
v 0.231176 0.178800 0.019197
v 0.235299 0.178800 0.025884
v 0.242491 0.178800 0.027430
v 0.251349 0.178800 0.021969
v 0.253100 0.178800 0.014909
v 0.248976 0.178800 0.008221
v 0.237494 0.181800 -0.000122
v 0.228792 0.181800 0.005244
v 0.225550 0.181800 0.010363
v 0.224254 0.181800 0.023174
v 0.228435 0.181800 0.029956
v 0.232042 0.181800 0.031009
v 0.242753 0.181800 0.042813
v 0.247621 0.181800 0.045896
v 0.251164 0.181800 0.046831
v 0.259022 0.181800 0.044170
v 0.264682 0.181800 0.038652
v 0.265548 0.181800 0.034998
v 0.265131 0.181800 0.029015
v 0.258911 0.181800 0.014130
v 0.259853 0.181800 0.010585
v 0.255741 0.181800 0.003916
v 0.243455 0.181800 -0.000833
v 0.256484 0.182000 0.040159
v 0.241824 0.181800 0.006521
v 0.232966 0.181800 0.011983
v 0.231176 0.181800 0.019197
v 0.235299 0.181800 0.025884
v 0.242491 0.181800 0.027430
v 0.251349 0.181800 0.021969
v 0.253100 0.181800 0.014909
v 0.248976 0.181800 0.008221
v 0.249746 0.182000 0.029231
v 0.250820 0.184000 0.030971
v 0.249394 0.184000 0.036989
v 0.247654 0.182000 0.038062
v 0.255411 0.184000 0.038418
v 0.256842 0.184000 0.032397
v 0.258584 0.182000 0.031323
v 0.155799 0.182000 -0.001905
v 0.165115 0.182000 -0.020787
v 0.166496 0.182000 -0.041796
v 0.159733 0.182000 -0.061734
v 0.145854 0.182000 -0.077567
v 0.126973 0.182000 -0.086883
v 0.105964 0.182000 -0.088264
v 0.086025 0.182000 -0.081501
v 0.070193 0.182000 -0.067622
v 0.060876 0.182000 -0.048741
v 0.059495 0.182000 -0.027732
v 0.066258 0.182000 -0.007793
v 0.080137 0.182000 0.008039
v 0.099018 0.182000 0.017356
v 0.120028 0.182000 0.018737
v 0.139966 0.182000 0.011974
v 0.167084 0.182000 -0.020258
v 0.157416 0.182000 -0.000664
v 0.168518 0.182000 -0.042061
v 0.161499 0.182000 -0.062753
v 0.147096 0.182000 -0.079184
v 0.127501 0.182000 -0.088852
v 0.105698 0.182000 -0.090286
v 0.085006 0.182000 -0.083267
v 0.068575 0.182000 -0.068864
v 0.058907 0.182000 -0.049269
v 0.057473 0.182000 -0.027466
v 0.064492 0.182000 -0.006774
v 0.078896 0.182000 0.009657
v 0.098490 0.182000 0.019325
v 0.120293 0.182000 0.020759
v 0.140985 0.182000 0.013740
v 0.164072 0.178800 -0.021066
v 0.154943 0.178800 -0.002562
v 0.165426 0.178800 -0.041655
v 0.158798 0.178800 -0.061195
v 0.145197 0.178800 -0.076711
v 0.126693 0.178800 -0.085840
v 0.106104 0.178800 -0.087194
v 0.086565 0.178800 -0.080566
v 0.071049 0.178800 -0.066965
v 0.061919 0.178800 -0.048461
v 0.060565 0.178800 -0.027872
v 0.067193 0.178800 -0.008333
v 0.080794 0.178800 0.007183
v 0.099298 0.178800 0.016313
v 0.119887 0.178800 0.017667
v 0.139427 0.178800 0.011039
v 0.157416 0.020000 -0.000664
v 0.167084 0.020000 -0.020258
v 0.168518 0.020000 -0.042061
v 0.161499 0.020000 -0.062753
v 0.147096 0.020000 -0.079184
v 0.127501 0.020000 -0.088852
v 0.105698 0.020000 -0.090286
v 0.085006 0.020000 -0.083267
v 0.068575 0.020000 -0.068864
v 0.058907 0.020000 -0.049269
v 0.057473 0.020000 -0.027466
v 0.064492 0.020000 -0.006774
v 0.078896 0.020000 0.009657
v 0.098490 0.020000 0.019325
v 0.120293 0.020000 0.020759
v 0.140985 0.020000 0.013740
v 0.154181 0.016000 -0.003147
v 0.163145 0.016000 -0.021315
v 0.164475 0.016000 -0.041530
v 0.157967 0.016000 -0.060715
v 0.144612 0.016000 -0.075949
v 0.126445 0.016000 -0.084913
v 0.106229 0.016000 -0.086243
v 0.087044 0.016000 -0.079735
v 0.071810 0.016000 -0.066380
v 0.062846 0.016000 -0.048213
v 0.061517 0.016000 -0.027997
v 0.068025 0.016000 -0.008812
v 0.081379 0.016000 0.006422
v 0.099547 0.016000 0.015386
v 0.119762 0.016000 0.016715
v 0.138947 0.016000 0.010207
v 0.157416 0.178000 -0.000664
v 0.167084 0.178000 -0.020258
v 0.168518 0.178000 -0.042061
v 0.161499 0.178000 -0.062753
v 0.147096 0.178000 -0.079184
v 0.127501 0.178000 -0.088852
v 0.105698 0.178000 -0.090286
v 0.085006 0.178000 -0.083267
v 0.068575 0.178000 -0.068864
v 0.058907 0.178000 -0.049269
v 0.057473 0.178000 -0.027466
v 0.064492 0.178000 -0.006774
v 0.078896 0.178000 0.009657
v 0.098490 0.178000 0.019325
v 0.120293 0.178000 0.020759
v 0.140985 0.178000 0.013740
v 0.167084 0.024000 -0.020258
v 0.168518 0.024000 -0.042061
v 0.161499 0.024000 -0.062753
v 0.147096 0.024000 -0.079184
v 0.127501 0.024000 -0.088852
v 0.105698 0.024000 -0.090286
v 0.085006 0.024000 -0.083267
v 0.068575 0.024000 -0.068864
v 0.058907 0.024000 -0.049269
v 0.057473 0.024000 -0.027466
v 0.064492 0.024000 -0.006774
v 0.078896 0.024000 0.009657
v 0.098490 0.024000 0.019325
v 0.120293 0.024000 0.020759
v 0.140985 0.024000 0.013740
v 0.157416 0.024000 -0.000664
v 0.108249 0.178800 -0.032136
v 0.114474 0.178800 -0.040245
v 0.115684 0.178800 -0.046183
v 0.112339 0.178800 -0.058618
v 0.106019 0.178800 -0.063470
v 0.102274 0.178800 -0.063171
v 0.088066 0.178800 -0.070395
v 0.082420 0.178800 -0.071545
v 0.078776 0.178800 -0.071159
v 0.072377 0.178800 -0.065878
v 0.069050 0.178800 -0.058708
v 0.069539 0.178800 -0.054984
v 0.072057 0.178800 -0.049541
v 0.083164 0.178800 -0.037840
v 0.083544 0.178800 -0.034192
v 0.089758 0.178800 -0.029421
v 0.102930 0.178800 -0.029351
v 0.101840 0.178800 -0.036805
v 0.108177 0.178800 -0.045060
v 0.107284 0.178800 -0.052439
v 0.101052 0.178800 -0.057223
v 0.093781 0.178800 -0.056111
v 0.087444 0.178800 -0.047856
v 0.088318 0.178800 -0.040635
v 0.094551 0.178800 -0.035851
v 0.108249 0.181800 -0.032136
v 0.114474 0.181800 -0.040245
v 0.115684 0.181800 -0.046183
v 0.112339 0.181800 -0.058618
v 0.106019 0.181800 -0.063470
v 0.102274 0.181800 -0.063171
v 0.088066 0.181800 -0.070395
v 0.082420 0.181800 -0.071545
v 0.078776 0.181800 -0.071159
v 0.072377 0.181800 -0.065878
v 0.069050 0.181800 -0.058708
v 0.069539 0.181800 -0.054984
v 0.072057 0.181800 -0.049541
v 0.083164 0.181800 -0.037840
v 0.083544 0.181800 -0.034192
v 0.089758 0.181800 -0.029421
v 0.102930 0.181800 -0.029351
v 0.076176 0.182000 -0.063032
v 0.101840 0.181800 -0.036805
v 0.108177 0.181800 -0.045060
v 0.107284 0.181800 -0.052439
v 0.101052 0.181800 -0.057223
v 0.093781 0.181800 -0.056111
v 0.087444 0.181800 -0.047856
v 0.088318 0.181800 -0.040635
v 0.094551 0.181800 -0.035851
v 0.086360 0.182000 -0.055214
v 0.084737 0.184000 -0.056458
v 0.083930 0.184000 -0.062590
v 0.085175 0.182000 -0.064212
v 0.077798 0.184000 -0.061786
v 0.078601 0.184000 -0.055649
v 0.077355 0.182000 -0.054026
v -0.091208 0.182000 0.189237
v -0.070672 0.182000 0.184590
v -0.053479 0.182000 0.172438
v -0.042244 0.182000 0.154632
v -0.038679 0.182000 0.133881
v -0.043326 0.182000 0.113346
v -0.055478 0.182000 0.096152
v -0.073285 0.182000 0.084918
v -0.094035 0.182000 0.081353
v -0.114571 0.182000 0.086000
v -0.131764 0.182000 0.098152
v -0.142999 0.182000 0.115959
v -0.146564 0.182000 0.136709
v -0.141917 0.182000 0.157244
v -0.129765 0.182000 0.174438
v -0.111958 0.182000 0.185672
v -0.069843 0.182000 0.186453
v -0.091154 0.182000 0.191276
v -0.052000 0.182000 0.173842
v -0.040340 0.182000 0.155362
v -0.036641 0.182000 0.133828
v -0.041464 0.182000 0.112517
v -0.054075 0.182000 0.094673
v -0.072554 0.182000 0.083014
v -0.094089 0.182000 0.079314
v -0.115400 0.182000 0.084137
v -0.133243 0.182000 0.096748
v -0.144903 0.182000 0.115228
v -0.148602 0.182000 0.136762
v -0.143779 0.182000 0.158074
v -0.131168 0.182000 0.175917
v -0.112689 0.182000 0.187576
v -0.071111 0.178800 0.183604
v -0.091236 0.178800 0.188159
v -0.054262 0.178800 0.171695
v -0.043252 0.178800 0.154245
v -0.039758 0.178800 0.133910
v -0.044312 0.178800 0.113785
v -0.056221 0.178800 0.096935
v -0.073672 0.178800 0.085925
v -0.094007 0.178800 0.082432
v -0.114132 0.178800 0.086986
v -0.130981 0.178800 0.098895
v -0.141991 0.178800 0.116345
v -0.145485 0.178800 0.136681
v -0.140931 0.178800 0.156805
v -0.129022 0.178800 0.173655
v -0.111571 0.178800 0.184665
v -0.091154 0.020000 0.191276
v -0.069843 0.020000 0.186453
v -0.052000 0.020000 0.173842
v -0.040340 0.020000 0.155362
v -0.036641 0.020000 0.133828
v -0.041464 0.020000 0.112517
v -0.054075 0.020000 0.094673
v -0.072554 0.020000 0.083014
v -0.094089 0.020000 0.079314
v -0.115400 0.020000 0.084137
v -0.133243 0.020000 0.096748
v -0.144903 0.020000 0.115228
v -0.148602 0.020000 0.136762
v -0.143779 0.020000 0.158074
v -0.131168 0.020000 0.175917
v -0.112689 0.020000 0.187576
v -0.091261 0.016000 0.187199
v -0.071502 0.016000 0.182727
v -0.054958 0.016000 0.171035
v -0.044148 0.016000 0.153901
v -0.040718 0.016000 0.133935
v -0.045189 0.016000 0.114176
v -0.056882 0.016000 0.097632
v -0.074016 0.016000 0.086822
v -0.093982 0.016000 0.083391
v -0.113741 0.016000 0.087863
v -0.130285 0.016000 0.099556
v -0.141095 0.016000 0.116689
v -0.144525 0.016000 0.136656
v -0.140054 0.016000 0.156415
v -0.128361 0.016000 0.172959
v -0.111227 0.016000 0.183769
v -0.091154 0.178000 0.191276
v -0.069843 0.178000 0.186453
v -0.052000 0.178000 0.173842
v -0.040340 0.178000 0.155362
v -0.036641 0.178000 0.133828
v -0.041464 0.178000 0.112517
v -0.054075 0.178000 0.094673
v -0.072554 0.178000 0.083014
v -0.094089 0.178000 0.079314
v -0.115400 0.178000 0.084137
v -0.133243 0.178000 0.096748
v -0.144903 0.178000 0.115228
v -0.148602 0.178000 0.136762
v -0.143779 0.178000 0.158074
v -0.131168 0.178000 0.175917
v -0.112689 0.178000 0.187576
v -0.069843 0.024000 0.186453
v -0.052000 0.024000 0.173842
v -0.040340 0.024000 0.155362
v -0.036641 0.024000 0.133828
v -0.041464 0.024000 0.112517
v -0.054075 0.024000 0.094673
v -0.072554 0.024000 0.083014
v -0.094089 0.024000 0.079314
v -0.115400 0.024000 0.084137
v -0.133243 0.024000 0.096748
v -0.144903 0.024000 0.115228
v -0.148602 0.024000 0.136762
v -0.143779 0.024000 0.158074
v -0.131168 0.024000 0.175917
v -0.112689 0.024000 0.187576
v -0.091154 0.024000 0.191276
v -0.097651 0.178800 0.133261
v -0.087432 0.178800 0.132993
v -0.082056 0.178800 0.130195
v -0.074500 0.178800 0.119769
v -0.074709 0.178800 0.111804
v -0.077298 0.178800 0.109082
v -0.080630 0.178800 0.093495
v -0.083290 0.178800 0.088384
v -0.085884 0.178800 0.085795
v -0.094016 0.178800 0.084148
v -0.101681 0.178800 0.086076
v -0.104266 0.178800 0.088801
v -0.106911 0.178800 0.094184
v -0.109010 0.178800 0.110179
v -0.111606 0.178800 0.112771
v -0.111401 0.178800 0.120603
v -0.103163 0.178800 0.130881
v -0.098058 0.178800 0.125342
v -0.087655 0.178800 0.125069
v -0.082483 0.178800 0.119731
v -0.082689 0.178800 0.111877
v -0.088131 0.178800 0.106927
v -0.098534 0.178800 0.107200
v -0.103594 0.178800 0.112425
v -0.103388 0.178800 0.120279
v -0.097651 0.181800 0.133261
v -0.087432 0.181800 0.132993
v -0.082056 0.181800 0.130195
v -0.074500 0.181800 0.119769
v -0.074709 0.181800 0.111804
v -0.077298 0.181800 0.109082
v -0.080630 0.181800 0.093495
v -0.083290 0.181800 0.088384
v -0.085884 0.181800 0.085795
v -0.094016 0.181800 0.084148
v -0.101681 0.181800 0.086076
v -0.104266 0.181800 0.088801
v -0.106911 0.181800 0.094184
v -0.109010 0.181800 0.110179
v -0.111606 0.181800 0.112771
v -0.111401 0.181800 0.120603
v -0.103163 0.181800 0.130881
v -0.093836 0.182000 0.088892
v -0.098058 0.181800 0.125342
v -0.087655 0.181800 0.125069
v -0.082483 0.181800 0.119731
v -0.082689 0.181800 0.111877
v -0.088131 0.181800 0.106927
v -0.098534 0.181800 0.107200
v -0.103594 0.181800 0.112425
v -0.103388 0.181800 0.120279
v -0.093499 0.182000 0.101726
v -0.093554 0.184000 0.099682
v -0.089298 0.184000 0.095194
v -0.087254 0.182000 0.095141
v -0.093783 0.184000 0.090936
v -0.098045 0.184000 0.095424
v -0.100091 0.182000 0.095477
v 0.177289 0.182000 -0.077344
v 0.194247 0.182000 -0.064865
v 0.214689 0.182000 -0.059825
v 0.235504 0.182000 -0.062992
v 0.253523 0.182000 -0.073884
v 0.266001 0.182000 -0.090842
v 0.271041 0.182000 -0.111284
v 0.267874 0.182000 -0.132099
v 0.256982 0.182000 -0.150117
v 0.240025 0.182000 -0.162596
v 0.219582 0.182000 -0.167636
v 0.198767 0.182000 -0.164469
v 0.180749 0.182000 -0.153577
v 0.168270 0.182000 -0.136619
v 0.163230 0.182000 -0.116177
v 0.166397 0.182000 -0.095362
v 0.193382 0.182000 -0.063018
v 0.175783 0.182000 -0.075969
v 0.214597 0.182000 -0.057788
v 0.236198 0.182000 -0.061075
v 0.254898 0.182000 -0.072378
v 0.267848 0.182000 -0.089977
v 0.273078 0.182000 -0.111192
v 0.269791 0.182000 -0.132793
v 0.258488 0.182000 -0.151492
v 0.240889 0.182000 -0.164443
v 0.219674 0.182000 -0.169673
v 0.198073 0.182000 -0.166386
v 0.179374 0.182000 -0.155083
v 0.166423 0.182000 -0.137484
v 0.161193 0.182000 -0.116269
v 0.164480 0.182000 -0.094668
v 0.194704 0.178800 -0.065842
v 0.178086 0.178800 -0.078071
v 0.214738 0.178800 -0.060903
v 0.235137 0.178800 -0.064007
v 0.252795 0.178800 -0.074681
v 0.265024 0.178800 -0.091299
v 0.269963 0.178800 -0.111333
v 0.266859 0.178800 -0.131732
v 0.256185 0.178800 -0.149390
v 0.239567 0.178800 -0.161619
v 0.219533 0.178800 -0.166558
v 0.199134 0.178800 -0.163454
v 0.181476 0.178800 -0.152780
v 0.169247 0.178800 -0.136162
v 0.164308 0.178800 -0.116128
v 0.167412 0.178800 -0.095729
v 0.175783 0.020000 -0.075969
v 0.193382 0.020000 -0.063018
v 0.214597 0.020000 -0.057788
v 0.236198 0.020000 -0.061075
v 0.254898 0.020000 -0.072378
v 0.267848 0.020000 -0.089977
v 0.273078 0.020000 -0.111192
v 0.269791 0.020000 -0.132793
v 0.258488 0.020000 -0.151493
v 0.240889 0.020000 -0.164443
v 0.219675 0.020000 -0.169673
v 0.198073 0.020000 -0.166386
v 0.179374 0.020000 -0.155083
v 0.166423 0.020000 -0.137484
v 0.161193 0.020000 -0.116269
v 0.164480 0.020000 -0.094668
v 0.178795 0.016000 -0.078719
v 0.195112 0.016000 -0.066711
v 0.214782 0.016000 -0.061862
v 0.234810 0.016000 -0.064910
v 0.252147 0.016000 -0.075390
v 0.264155 0.016000 -0.091707
v 0.269004 0.016000 -0.111377
v 0.265957 0.016000 -0.131405
v 0.255477 0.016000 -0.148742
v 0.239160 0.016000 -0.160750
v 0.219490 0.016000 -0.165599
v 0.199461 0.016000 -0.162551
v 0.182124 0.016000 -0.152071
v 0.170116 0.016000 -0.135755
v 0.165267 0.016000 -0.116085
v 0.168315 0.016000 -0.096056
v 0.175783 0.178000 -0.075969
v 0.193382 0.178000 -0.063018
v 0.214597 0.178000 -0.057788
v 0.236198 0.178000 -0.061075
v 0.254898 0.178000 -0.072378
v 0.267848 0.178000 -0.089977
v 0.273078 0.178000 -0.111192
v 0.269791 0.178000 -0.132793
v 0.258488 0.178000 -0.151492
v 0.240889 0.178000 -0.164443
v 0.219674 0.178000 -0.169673
v 0.198073 0.178000 -0.166386
v 0.179374 0.178000 -0.155083
v 0.166423 0.178000 -0.137484
v 0.161193 0.178000 -0.116269
v 0.164480 0.178000 -0.094668
v 0.193382 0.024000 -0.063018
v 0.214597 0.024000 -0.057788
v 0.236198 0.024000 -0.061075
v 0.254898 0.024000 -0.072378
v 0.267848 0.024000 -0.089977
v 0.273078 0.024000 -0.111192
v 0.269791 0.024000 -0.132793
v 0.258488 0.024000 -0.151493
v 0.240889 0.024000 -0.164443
v 0.219675 0.024000 -0.169673
v 0.198073 0.024000 -0.166386
v 0.179374 0.024000 -0.155083
v 0.166423 0.024000 -0.137484
v 0.161193 0.024000 -0.116269
v 0.164480 0.024000 -0.094668
v 0.175783 0.024000 -0.075969
v 0.215380 0.178800 -0.118864
v 0.222274 0.178800 -0.111315
v 0.227908 0.178800 -0.109084
v 0.240736 0.178800 -0.110199
v 0.246620 0.178800 -0.115572
v 0.246982 0.178800 -0.119311
v 0.256582 0.178800 -0.132035
v 0.258703 0.178800 -0.137392
v 0.258962 0.178800 -0.141048
v 0.254882 0.178800 -0.148272
v 0.248406 0.178800 -0.152804
v 0.244654 0.178800 -0.152974
v 0.238854 0.178800 -0.151448
v 0.225389 0.178800 -0.142562
v 0.221731 0.178800 -0.142827
v 0.215945 0.178800 -0.137544
v 0.213570 0.178800 -0.124588
v 0.221099 0.178800 -0.124356
v 0.228117 0.178800 -0.116672
v 0.235538 0.178800 -0.116258
v 0.241340 0.178800 -0.121556
v 0.241518 0.178800 -0.128910
v 0.234501 0.178800 -0.136594
v 0.227238 0.178800 -0.136998
v 0.221437 0.178800 -0.131700
v 0.215380 0.181800 -0.118864
v 0.222274 0.181800 -0.111315
v 0.227908 0.181800 -0.109084
v 0.240736 0.181800 -0.110199
v 0.246620 0.181800 -0.115572
v 0.246982 0.181800 -0.119311
v 0.256582 0.181800 -0.132035
v 0.258703 0.181800 -0.137392
v 0.258962 0.181800 -0.141048
v 0.254882 0.181800 -0.148272
v 0.248406 0.181800 -0.152804
v 0.244654 0.181800 -0.152974
v 0.238854 0.181800 -0.151448
v 0.225389 0.181800 -0.142562
v 0.221731 0.181800 -0.142827
v 0.215945 0.181800 -0.137544
v 0.213570 0.181800 -0.124588
v 0.251415 0.182000 -0.145030
v 0.221099 0.181800 -0.124356
v 0.228117 0.181800 -0.116672
v 0.235538 0.181800 -0.116258
v 0.241340 0.181800 -0.121556
v 0.241518 0.181800 -0.128910
v 0.234501 0.181800 -0.136594
v 0.227238 0.181800 -0.136998
v 0.221437 0.181800 -0.131700
v 0.241934 0.182000 -0.136373
v 0.243444 0.184000 -0.137753
v 0.249622 0.184000 -0.137474
v 0.251001 0.182000 -0.135964
v 0.249904 0.184000 -0.143652
v 0.243721 0.184000 -0.143936
v 0.242342 0.182000 -0.145447
v -0.098110 0.182000 -0.009272
v -0.114283 0.182000 -0.022753
v -0.134384 0.182000 -0.029019
v -0.155352 0.182000 -0.027116
v -0.173996 0.182000 -0.017333
v -0.187477 0.182000 -0.001161
v -0.193742 0.182000 0.018940
v -0.191839 0.182000 0.039908
v -0.182056 0.182000 0.058552
v -0.165884 0.182000 0.072033
v -0.145783 0.182000 0.078299
v -0.124815 0.182000 0.076395
v -0.106171 0.182000 0.066613
v -0.092690 0.182000 0.050440
v -0.086424 0.182000 0.030340
v -0.088328 0.182000 0.009371
v -0.113308 0.182000 -0.024544
v -0.096524 0.182000 -0.010554
v -0.134168 0.182000 -0.031047
v -0.155929 0.182000 -0.029072
v -0.175277 0.182000 -0.018919
v -0.189268 0.182000 -0.002136
v -0.195770 0.182000 0.018724
v -0.193795 0.182000 0.040485
v -0.183643 0.182000 0.059833
v -0.166859 0.182000 0.073824
v -0.145999 0.182000 0.080326
v -0.124238 0.182000 0.078351
v -0.104890 0.182000 0.068199
v -0.090899 0.182000 0.051415
v -0.084397 0.182000 0.030555
v -0.086372 0.182000 0.008794
v -0.114799 0.178800 -0.021806
v -0.098950 0.178800 -0.008594
v -0.134498 0.178800 -0.027946
v -0.155046 0.178800 -0.026081
v -0.173317 0.178800 -0.016494
v -0.186529 0.178800 -0.000645
v -0.192669 0.178800 0.019054
v -0.190804 0.178800 0.039603
v -0.181217 0.178800 0.057874
v -0.165368 0.178800 0.071085
v -0.145669 0.178800 0.077226
v -0.125120 0.178800 0.075360
v -0.106849 0.178800 0.065773
v -0.093638 0.178800 0.049924
v -0.087498 0.178800 0.030226
v -0.089363 0.178800 0.009677
v -0.096524 0.020000 -0.010554
v -0.113308 0.020000 -0.024544
v -0.134168 0.020000 -0.031047
v -0.155929 0.020000 -0.029072
v -0.175277 0.020000 -0.018919
v -0.189268 0.020000 -0.002136
v -0.195770 0.020000 0.018724
v -0.193795 0.020000 0.040485
v -0.183643 0.020000 0.059833
v -0.166859 0.020000 0.073824
v -0.145999 0.020000 0.080326
v -0.124238 0.020000 0.078351
v -0.104890 0.020000 0.068199
v -0.090899 0.020000 0.051415
v -0.084397 0.020000 0.030555
v -0.086372 0.020000 0.008794
v -0.099697 0.016000 -0.007991
v -0.115258 0.016000 -0.020962
v -0.134599 0.016000 -0.026991
v -0.154775 0.016000 -0.025160
v -0.172714 0.016000 -0.015747
v -0.185686 0.016000 -0.000186
v -0.191715 0.016000 0.019155
v -0.189883 0.016000 0.039331
v -0.180470 0.016000 0.057270
v -0.164909 0.016000 0.070242
v -0.145568 0.016000 0.076271
v -0.125392 0.016000 0.074440
v -0.107453 0.016000 0.065027
v -0.094481 0.016000 0.049465
v -0.088452 0.016000 0.030124
v -0.090284 0.016000 0.009948
v -0.096524 0.178000 -0.010554
v -0.113308 0.178000 -0.024544
v -0.134168 0.178000 -0.031047
v -0.155929 0.178000 -0.029072
v -0.175277 0.178000 -0.018919
v -0.189268 0.178000 -0.002136
v -0.195770 0.178000 0.018724
v -0.193795 0.178000 0.040485
v -0.183643 0.178000 0.059833
v -0.166859 0.178000 0.073824
v -0.145999 0.178000 0.080326
v -0.124238 0.178000 0.078351
v -0.104890 0.178000 0.068199
v -0.090899 0.178000 0.051415
v -0.084397 0.178000 0.030555
v -0.086372 0.178000 0.008794
v -0.113308 0.024000 -0.024544
v -0.134168 0.024000 -0.031047
v -0.155929 0.024000 -0.029072
v -0.175277 0.024000 -0.018919
v -0.189268 0.024000 -0.002136
v -0.195770 0.024000 0.018724
v -0.193795 0.024000 0.040485
v -0.183643 0.024000 0.059833
v -0.166859 0.024000 0.073824
v -0.145999 0.024000 0.080326
v -0.124238 0.024000 0.078351
v -0.104890 0.024000 0.068199
v -0.090899 0.024000 0.051415
v -0.084397 0.024000 0.030555
v -0.086372 0.024000 0.008794
v -0.096524 0.024000 -0.010554
v -0.138641 0.178800 0.029870
v -0.145066 0.178800 0.021918
v -0.150555 0.178800 0.019350
v -0.163428 0.178800 0.019688
v -0.169625 0.178800 0.024696
v -0.170212 0.178800 0.028406
v -0.180564 0.178800 0.040527
v -0.183005 0.178800 0.045746
v -0.183484 0.178800 0.049379
v -0.179849 0.178800 0.056837
v -0.173658 0.178800 0.061752
v -0.169924 0.178800 0.062148
v -0.164042 0.178800 0.060976
v -0.150065 0.178800 0.052920
v -0.146429 0.178800 0.053406
v -0.140334 0.178800 0.048482
v -0.137180 0.178800 0.035693
v -0.144682 0.178800 0.035007
v -0.151222 0.178800 0.026912
v -0.158605 0.178800 0.026051
v -0.164716 0.178800 0.030988
v -0.165338 0.178800 0.038318
v -0.158799 0.178800 0.046412
v -0.151574 0.178800 0.047254
v -0.145463 0.178800 0.042317
v -0.138641 0.181800 0.029870
v -0.145066 0.181800 0.021918
v -0.150555 0.181800 0.019350
v -0.163428 0.181800 0.019688
v -0.169625 0.181800 0.024696
v -0.170212 0.181800 0.028406
v -0.180564 0.181800 0.040527
v -0.183005 0.181800 0.045746
v -0.183484 0.181800 0.049379
v -0.179849 0.181800 0.056837
v -0.173658 0.181800 0.061752
v -0.169924 0.181800 0.062148
v -0.164042 0.181800 0.060976
v -0.150065 0.181800 0.052920
v -0.146429 0.181800 0.053406
v -0.140334 0.181800 0.048482
v -0.137180 0.181800 0.035693
v -0.176192 0.182000 0.053811
v -0.144682 0.181800 0.035007
v -0.151222 0.181800 0.026912
v -0.158605 0.181800 0.026051
v -0.164716 0.181800 0.030988
v -0.165338 0.181800 0.038318
v -0.158799 0.181800 0.046412
v -0.151574 0.181800 0.047254
v -0.145463 0.181800 0.042317
v -0.166205 0.182000 0.045742
v -0.167795 0.184000 0.047028
v -0.173946 0.184000 0.046376
v -0.175231 0.182000 0.044786
v -0.174600 0.184000 0.052526
v -0.168446 0.184000 0.053183
v -0.167160 0.182000 0.054775
v 0.127963 0.112520 0.154299
v 0.122510 0.095799 0.165873
v 0.120200 0.075454 0.170777
v 0.121384 0.054584 0.168265
v 0.125881 0.036365 0.158718
v 0.133007 0.023571 0.143592
v 0.141677 0.018150 0.125187
v 0.150571 0.020927 0.106306
v 0.158336 0.031479 0.089825
v 0.163788 0.048201 0.078251
v 0.166098 0.068545 0.073347
v 0.164915 0.089416 0.075859
v 0.160418 0.107635 0.085405
v 0.153292 0.120429 0.100532
v 0.144621 0.125850 0.118937
v 0.135727 0.123073 0.137817
v 0.121731 0.096698 0.167529
v 0.127389 0.114052 0.155517
v 0.119333 0.075585 0.172618
v 0.120561 0.053926 0.170011
v 0.125228 0.035018 0.160104
v 0.132624 0.021741 0.144405
v 0.141621 0.016115 0.125305
v 0.150852 0.018997 0.105711
v 0.158910 0.029948 0.088606
v 0.164568 0.047302 0.076595
v 0.166966 0.068415 0.071506
v 0.165737 0.090074 0.074113
v 0.161070 0.108982 0.084020
v 0.153675 0.122259 0.099719
v 0.144677 0.127885 0.118819
v 0.135447 0.125003 0.138413
v 0.120028 0.095323 0.163633
v 0.125372 0.111710 0.152291
v 0.117764 0.075385 0.168439
v 0.118924 0.054932 0.165977
v 0.123331 0.037077 0.156622
v 0.130315 0.024539 0.141797
v 0.138812 0.019227 0.123761
v 0.147528 0.021948 0.105258
v 0.155137 0.032290 0.089106
v 0.160480 0.048677 0.077763
v 0.162744 0.068615 0.072957
v 0.161585 0.089068 0.075419
v 0.157177 0.106922 0.084775
v 0.150194 0.119460 0.099599
v 0.141697 0.124773 0.117636
v 0.132981 0.122051 0.136138
v -0.019164 0.114052 0.086479
v -0.024822 0.096698 0.098490
v -0.027220 0.075585 0.103579
v -0.025991 0.053926 0.100972
v -0.021324 0.035018 0.091065
v -0.013929 0.021741 0.075366
v -0.004931 0.016115 0.056266
v 0.004299 0.018997 0.036672
v 0.012357 0.029948 0.019568
v 0.018015 0.047302 0.007556
v 0.020413 0.068415 0.002467
v 0.019185 0.090074 0.005074
v 0.014518 0.108982 0.014981
v 0.007122 0.122259 0.030680
v -0.001876 0.127885 0.049780
v -0.011106 0.125003 0.069374
v -0.021634 0.110989 0.082337
v -0.026881 0.094900 0.093474
v -0.029104 0.075324 0.098193
v -0.027965 0.055242 0.095775
v -0.023638 0.037711 0.086590
v -0.016781 0.025401 0.072035
v -0.008438 0.020185 0.054325
v 0.000120 0.022857 0.036159
v 0.007591 0.033011 0.020300
v 0.012837 0.049100 0.009163
v 0.015060 0.068676 0.004444
v 0.013921 0.088758 0.006862
v 0.009594 0.106288 0.016047
v 0.002737 0.118599 0.030602
v -0.005605 0.123815 0.048312
v -0.014164 0.121143 0.066479
v 0.123770 0.114052 0.153813
v 0.118112 0.096698 0.165824
v 0.115714 0.075585 0.170913
v 0.116943 0.053926 0.168306
v 0.121610 0.035018 0.158399
v 0.129005 0.021741 0.142700
v 0.138003 0.016115 0.123600
v 0.147233 0.018997 0.104006
v 0.155291 0.029948 0.086902
v 0.160949 0.047302 0.074890
v 0.163347 0.068415 0.069801
v 0.162119 0.090074 0.072408
v 0.157452 0.108982 0.082315
v 0.150056 0.122259 0.098014
v 0.141059 0.127885 0.117114
v 0.131828 0.125003 0.136708
v -0.021203 0.096698 0.100195
v -0.023601 0.075585 0.105284
v -0.022373 0.053926 0.102677
v -0.017706 0.035018 0.092770
v -0.010310 0.021741 0.077071
v -0.001313 0.016115 0.057971
v 0.007918 0.018997 0.038377
v 0.015976 0.029948 0.021272
v 0.021634 0.047302 0.009261
v 0.024032 0.068415 0.004172
v 0.022803 0.090074 0.006779
v 0.018136 0.108982 0.016686
v 0.010741 0.122259 0.032385
v 0.001743 0.127885 0.051485
v -0.007487 0.125003 0.071079
v -0.015545 0.114052 0.088183
v 0.142456 0.073659 0.116025
v 0.139184 0.066908 0.122970
v 0.138189 0.061316 0.125083
v 0.138561 0.048469 0.124292
v 0.140804 0.042486 0.119532
v 0.142394 0.042055 0.116156
v 0.147739 0.032218 0.104810
v 0.150005 0.029997 0.100000
v 0.151560 0.029670 0.096698
v 0.154671 0.033614 0.090095
v 0.156654 0.040004 0.085886
v 0.156756 0.043752 0.085669
v 0.156152 0.049580 0.086950
v 0.152474 0.063208 0.094760
v 0.152616 0.066861 0.094458
v 0.150411 0.072745 0.099139
v 0.144909 0.075362 0.110817
v 0.144750 0.067838 0.111154
v 0.141420 0.060966 0.118224
v 0.141185 0.053554 0.118723
v 0.143396 0.047654 0.114030
v 0.146528 0.047338 0.107381
v 0.149858 0.054210 0.100312
v 0.150088 0.061464 0.099824
v 0.147877 0.067364 0.104518
v 0.145170 0.073659 0.117304
v 0.141898 0.066908 0.124248
v 0.140903 0.061316 0.126362
v 0.141275 0.048469 0.125570
v 0.143518 0.042486 0.120810
v 0.145108 0.042055 0.117434
v 0.150453 0.032218 0.106088
v 0.152719 0.029997 0.101279
v 0.154274 0.029670 0.097977
v 0.157385 0.033614 0.091373
v 0.159368 0.040004 0.087164
v 0.159470 0.043752 0.086947
v 0.158866 0.049580 0.088229
v 0.155187 0.063208 0.096038
v 0.155330 0.066861 0.095737
v 0.153125 0.072745 0.100417
v 0.147623 0.075362 0.112096
v 0.156213 0.037141 0.094332
v 0.147464 0.067838 0.112433
v 0.144134 0.060966 0.119502
v 0.143899 0.053554 0.120002
v 0.146110 0.047654 0.115308
v 0.149242 0.047338 0.108660
v 0.152572 0.054210 0.101591
v 0.152802 0.061464 0.101102
v 0.150591 0.067364 0.105796
v 0.152599 0.046782 0.102002
v 0.154984 0.045247 0.101632
v 0.154816 0.039075 0.101988
v 0.152353 0.037725 0.102525
v 0.157447 0.038677 0.096405
v 0.157617 0.044854 0.096044
v 0.156462 0.046205 0.093802
v 0.144579 0.259938 0.012789
v 0.136592 0.276883 0.003179
v 0.125069 0.287757 -0.010687
v 0.111763 0.290903 -0.026698
v 0.098701 0.285843 -0.042417
v 0.087871 0.273347 -0.055449
v 0.080921 0.255317 -0.063812
v 0.078910 0.234499 -0.066231
v 0.082144 0.214062 -0.062340
v 0.090131 0.197117 -0.052729
v 0.101654 0.186243 -0.038863
v 0.114960 0.183097 -0.022852
v 0.128022 0.188157 -0.007134
v 0.138853 0.200653 0.005899
v 0.145802 0.218683 0.014261
v 0.147813 0.239501 0.016681
v 0.137470 0.278391 0.004235
v 0.145759 0.260805 0.014209
v 0.125512 0.289675 -0.010155
v 0.111703 0.292940 -0.026771
v 0.098147 0.287689 -0.043083
v 0.086907 0.274720 -0.056608
v 0.079695 0.256010 -0.065287
v 0.077608 0.234405 -0.067798
v 0.080965 0.213195 -0.063759
v 0.089253 0.195610 -0.053785
v 0.101212 0.184325 -0.039395
v 0.115020 0.181060 -0.022779
v 0.128576 0.186312 -0.006467
v 0.139816 0.199280 0.007058
v 0.147028 0.217990 0.015737
v 0.149115 0.239595 0.018248
v 0.138589 0.276086 0.000575
v 0.146416 0.259479 0.009993
v 0.127296 0.286742 -0.013014
v 0.114257 0.289825 -0.028705
v 0.101455 0.284866 -0.044109
v 0.090842 0.272620 -0.056881
v 0.084031 0.254951 -0.065076
v 0.082060 0.234549 -0.067447
v 0.085230 0.214521 -0.063634
v 0.093057 0.197914 -0.054215
v 0.104350 0.187258 -0.040626
v 0.117389 0.184175 -0.024936
v 0.130190 0.189134 -0.009532
v 0.140804 0.201380 0.003240
v 0.147615 0.219049 0.011435
v 0.149585 0.239451 0.013807
v 0.270352 0.260805 -0.089332
v 0.262063 0.278390 -0.099305
v 0.250104 0.289675 -0.113696
v 0.236296 0.292940 -0.130312
v 0.222740 0.287689 -0.146624
v 0.211500 0.274720 -0.160149
v 0.204288 0.256010 -0.168827
v 0.202201 0.234405 -0.171338
v 0.205557 0.213195 -0.167300
v 0.213846 0.195609 -0.157326
v 0.225805 0.184325 -0.142936
v 0.239613 0.181060 -0.126320
v 0.253169 0.186311 -0.110008
v 0.264409 0.199280 -0.096483
v 0.271621 0.217990 -0.087804
v 0.273708 0.239595 -0.085293
v 0.271068 0.259071 -0.094727
v 0.263384 0.275376 -0.103975
v 0.252296 0.285839 -0.117317
v 0.239493 0.288866 -0.132723
v 0.226924 0.283997 -0.147847
v 0.216503 0.271973 -0.160387
v 0.209816 0.254625 -0.168434
v 0.207881 0.234594 -0.170762
v 0.210993 0.214929 -0.167017
v 0.218678 0.198624 -0.157770
v 0.229766 0.188161 -0.144428
v 0.242569 0.185134 -0.129022
v 0.255137 0.190003 -0.113897
v 0.265558 0.202027 -0.101357
v 0.272245 0.219375 -0.093311
v 0.274180 0.239406 -0.090983
v 0.148835 0.260805 0.011652
v 0.140547 0.278391 0.001679
v 0.128588 0.289675 -0.012712
v 0.114779 0.292940 -0.029328
v 0.101223 0.287689 -0.045640
v 0.089984 0.274720 -0.059165
v 0.082772 0.256010 -0.067843
v 0.080685 0.234405 -0.070354
v 0.084041 0.213195 -0.066316
v 0.092329 0.195610 -0.056342
v 0.104288 0.184325 -0.041952
v 0.118097 0.181060 -0.025336
v 0.131653 0.186312 -0.009024
v 0.142892 0.199280 0.004501
v 0.150105 0.217990 0.013180
v 0.152191 0.239595 0.015691
v 0.258987 0.278390 -0.096749
v 0.247028 0.289675 -0.111139
v 0.233219 0.292940 -0.127755
v 0.219663 0.287689 -0.144067
v 0.208424 0.274720 -0.157592
v 0.201212 0.256010 -0.166271
v 0.199125 0.234405 -0.168782
v 0.202481 0.213195 -0.164743
v 0.210770 0.195609 -0.154769
v 0.222728 0.184325 -0.140379
v 0.236537 0.181060 -0.123763
v 0.250093 0.186311 -0.107451
v 0.261332 0.199280 -0.093926
v 0.268545 0.217990 -0.085247
v 0.270631 0.239595 -0.082736
v 0.267275 0.260805 -0.086775
v 0.115922 0.231577 -0.026701
v 0.113144 0.240830 -0.030044
v 0.110128 0.244631 -0.033673
v 0.102086 0.247370 -0.043350
v 0.097477 0.243983 -0.048897
v 0.096547 0.240519 -0.050015
v 0.088276 0.231213 -0.059968
v 0.085966 0.226726 -0.062748
v 0.085116 0.223311 -0.063771
v 0.086237 0.215202 -0.062422
v 0.089331 0.208954 -0.058698
v 0.091589 0.207679 -0.055981
v 0.095419 0.207417 -0.051373
v 0.105322 0.211911 -0.039457
v 0.107505 0.210574 -0.036830
v 0.112037 0.213904 -0.031376
v 0.115942 0.225573 -0.026677
v 0.111390 0.228027 -0.032155
v 0.108563 0.237446 -0.035557
v 0.104111 0.240042 -0.040913
v 0.099566 0.236702 -0.046383
v 0.098064 0.229732 -0.048190
v 0.100891 0.220312 -0.044788
v 0.105247 0.217773 -0.039546
v 0.109793 0.221113 -0.034077
v 0.113614 0.231577 -0.024784
v 0.110837 0.240830 -0.028126
v 0.107820 0.244631 -0.031756
v 0.099779 0.247370 -0.041433
v 0.095169 0.243983 -0.046979
v 0.094240 0.240519 -0.048098
v 0.085969 0.231213 -0.058051
v 0.083659 0.226726 -0.060830
v 0.082808 0.223311 -0.061853
v 0.083930 0.215202 -0.060504
v 0.087024 0.208954 -0.056781
v 0.089282 0.207679 -0.054064
v 0.093111 0.207417 -0.049456
v 0.103014 0.211911 -0.037539
v 0.105197 0.210574 -0.034912
v 0.109730 0.213904 -0.029458
v 0.113635 0.225573 -0.024759
v 0.086507 0.217270 -0.057090
v 0.109083 0.228027 -0.030237
v 0.106255 0.237446 -0.033639
v 0.101804 0.240042 -0.038996
v 0.097259 0.236702 -0.044465
v 0.095756 0.229732 -0.046273
v 0.098584 0.220312 -0.042871
v 0.102940 0.217773 -0.037629
v 0.107485 0.221113 -0.032159
v 0.093934 0.222727 -0.048153
v 0.091213 0.221857 -0.048298
v 0.087495 0.223955 -0.052772
v 0.088477 0.225806 -0.054719
v 0.086152 0.218138 -0.054388
v 0.089872 0.216035 -0.049912
v 0.091966 0.214182 -0.050521
v -0.144756 0.182000 -0.163182
v -0.160142 0.182000 -0.177555
v -0.179857 0.182000 -0.184946
v -0.200899 0.182000 -0.184229
v -0.220065 0.182000 -0.175515
v -0.234438 0.182000 -0.160129
v -0.241828 0.182000 -0.140414
v -0.241112 0.182000 -0.119372
v -0.232397 0.182000 -0.100206
v -0.217012 0.182000 -0.085833
v -0.197297 0.182000 -0.078443
v -0.176255 0.182000 -0.079159
v -0.157088 0.182000 -0.087873
v -0.142716 0.182000 -0.103259
v -0.135325 0.182000 -0.122974
v -0.136042 0.182000 -0.144016
v -0.159067 0.182000 -0.179288
v -0.143100 0.182000 -0.164372
v -0.179527 0.182000 -0.186958
v -0.201364 0.182000 -0.186214
v -0.221255 0.182000 -0.177171
v -0.236171 0.182000 -0.161204
v -0.243841 0.182000 -0.140744
v -0.243097 0.182000 -0.118906
v -0.234053 0.182000 -0.099016
v -0.218086 0.182000 -0.084100
v -0.197627 0.182000 -0.076430
v -0.175789 0.182000 -0.077174
v -0.155898 0.182000 -0.086217
v -0.140983 0.182000 -0.102185
v -0.133313 0.182000 -0.122644
v -0.134056 0.182000 -0.144482
v -0.160711 0.178800 -0.176638
v -0.145633 0.178800 -0.162553
v -0.180031 0.178800 -0.183881
v -0.200652 0.178800 -0.183178
v -0.219435 0.178800 -0.174638
v -0.233520 0.178800 -0.159560
v -0.240763 0.178800 -0.140240
v -0.240061 0.178800 -0.119618
v -0.231521 0.178800 -0.100835
v -0.216443 0.178800 -0.086750
v -0.197123 0.178800 -0.079508
v -0.176501 0.178800 -0.080210
v -0.157718 0.178800 -0.088750
v -0.143633 0.178800 -0.103828
v -0.136390 0.178800 -0.123148
v -0.137092 0.178800 -0.143770
v -0.143100 0.020000 -0.164372
v -0.159067 0.020000 -0.179288
v -0.179527 0.020000 -0.186958
v -0.201364 0.020000 -0.186215
v -0.221255 0.020000 -0.177171
v -0.236171 0.020000 -0.161204
v -0.243841 0.020000 -0.140744
v -0.243097 0.020000 -0.118906
v -0.234053 0.020000 -0.099016
v -0.218086 0.020000 -0.084100
v -0.197627 0.020000 -0.076430
v -0.175789 0.020000 -0.077174
v -0.155898 0.020000 -0.086217
v -0.140983 0.020000 -0.102185
v -0.133313 0.020000 -0.122644
v -0.134056 0.020000 -0.144482
v -0.146412 0.016000 -0.161993
v -0.161216 0.016000 -0.175822
v -0.180186 0.016000 -0.182933
v -0.200433 0.016000 -0.182244
v -0.218875 0.016000 -0.173859
v -0.232705 0.016000 -0.159054
v -0.239816 0.016000 -0.140085
v -0.239127 0.016000 -0.119838
v -0.230741 0.016000 -0.101396
v -0.215937 0.016000 -0.087566
v -0.196967 0.016000 -0.080455
v -0.176720 0.016000 -0.081144
v -0.158278 0.016000 -0.089529
v -0.144449 0.016000 -0.104334
v -0.137338 0.016000 -0.123303
v -0.138027 0.016000 -0.143550
v -0.143100 0.178000 -0.164372
v -0.159067 0.178000 -0.179288
v -0.179527 0.178000 -0.186958
v -0.201364 0.178000 -0.186214
v -0.221255 0.178000 -0.177171
v -0.236171 0.178000 -0.161204
v -0.243841 0.178000 -0.140744
v -0.243097 0.178000 -0.118906
v -0.234053 0.178000 -0.099016
v -0.218086 0.178000 -0.084100
v -0.197627 0.178000 -0.076430
v -0.175789 0.178000 -0.077174
v -0.155898 0.178000 -0.086217
v -0.140983 0.178000 -0.102185
v -0.133313 0.178000 -0.122644
v -0.134056 0.178000 -0.144482
v -0.159067 0.024000 -0.179288
v -0.179527 0.024000 -0.186958
v -0.201364 0.024000 -0.186215
v -0.221255 0.024000 -0.177171
v -0.236171 0.024000 -0.161204
v -0.243841 0.024000 -0.140744
v -0.243097 0.024000 -0.118906
v -0.234053 0.024000 -0.099016
v -0.218086 0.024000 -0.084100
v -0.197627 0.024000 -0.076430
v -0.175789 0.024000 -0.077174
v -0.155898 0.024000 -0.086217
v -0.140983 0.024000 -0.102185
v -0.133313 0.024000 -0.122644
v -0.134056 0.024000 -0.144482
v -0.143100 0.024000 -0.164372
v -0.187432 0.178800 -0.126391
v -0.193398 0.178800 -0.134693
v -0.198733 0.178800 -0.137566
v -0.211604 0.178800 -0.137956
v -0.218074 0.178800 -0.133306
v -0.218870 0.178800 -0.129635
v -0.229890 0.178800 -0.118118
v -0.232622 0.178800 -0.113045
v -0.233305 0.178800 -0.109445
v -0.230096 0.178800 -0.101793
v -0.224193 0.178800 -0.096537
v -0.220487 0.178800 -0.095930
v -0.214549 0.178800 -0.096768
v -0.200139 0.178800 -0.104022
v -0.196536 0.178800 -0.103332
v -0.190173 0.178800 -0.107904
v -0.186302 0.178800 -0.120494
v -0.193753 0.178800 -0.121603
v -0.199826 0.178800 -0.130054
v -0.207148 0.178800 -0.131331
v -0.213529 0.178800 -0.126746
v -0.214564 0.178800 -0.119464
v -0.208491 0.178800 -0.111013
v -0.201326 0.178800 -0.109764
v -0.194945 0.178800 -0.114349
v -0.187432 0.181800 -0.126391
v -0.193398 0.181800 -0.134693
v -0.198733 0.181800 -0.137566
v -0.211604 0.181800 -0.137956
v -0.218074 0.181800 -0.133306
v -0.218870 0.181800 -0.129635
v -0.229890 0.181800 -0.118118
v -0.232622 0.181800 -0.113045
v -0.233305 0.181800 -0.109445
v -0.230096 0.181800 -0.101793
v -0.224193 0.181800 -0.096537
v -0.220487 0.181800 -0.095930
v -0.214549 0.181800 -0.096768
v -0.200139 0.181800 -0.104022
v -0.196536 0.181800 -0.103332
v -0.190173 0.181800 -0.107904
v -0.186302 0.181800 -0.120494
v -0.226274 0.182000 -0.104608
v -0.193753 0.181800 -0.121603
v -0.199826 0.181800 -0.130054
v -0.207148 0.181800 -0.131331
v -0.213529 0.181800 -0.126746
v -0.214564 0.181800 -0.119464
v -0.208491 0.181800 -0.111013
v -0.201326 0.181800 -0.109764
v -0.194945 0.181800 -0.114349
v -0.215848 0.182000 -0.112100
v -0.217509 0.184000 -0.110906
v -0.223612 0.184000 -0.111904
v -0.224805 0.182000 -0.113564
v -0.224613 0.184000 -0.105801
v -0.218506 0.184000 -0.104798
v -0.217312 0.182000 -0.103136
vn -0.0000 1.0000 -0.0000
vn 1.0000 -0.0000 -0.0000
vn -0.0000 -1.0000 -0.0000
vn -0.0000 -0.0000 -1.0000
vn -0.0000 -0.6339 0.7734
vn -0.0000 -0.0000 1.0000
vn -0.0000 -0.6339 -0.7734
vn -1.0000 -0.0000 -0.0000
vn -0.7071 -0.0000 -0.7071
vn -0.7071 -0.0000 0.7071
vn 0.7071 -0.0000 -0.7071
vn 0.7071 -0.0000 0.7071
vn -0.9843 0.0991 -0.1458
vn -0.9358 0.3158 -0.1566
vn -0.5362 0.3158 -0.7828
vn -0.5469 0.0991 -0.8313
vn -0.5729 0.0128 -0.8195
vn -0.5729 -0.0107 -0.8195
vn 0.1744 -0.0107 -0.9846
vn 0.1744 0.0128 -0.9846
vn 0.5616 -0.1978 0.8034
vn -0.1710 -0.1978 0.9652
vn -0.1526 -0.4837 0.8618
vn 0.5015 -0.4837 0.7173
vn 0.0867 -0.9885 0.1240
vn 0.1383 -0.9704 0.1978
vn -0.0421 -0.9704 0.2376
vn -0.0264 -0.9885 0.1489
vn -0.8034 -0.1978 0.5616
vn -0.9652 -0.1978 -0.1710
vn -0.8618 -0.4837 -0.1526
vn -0.7173 -0.4837 0.5015
vn 0.9652 -0.1978 0.1710
vn 0.8618 -0.4837 0.1526
vn -0.5616 -0.1978 -0.8034
vn 0.1710 -0.1978 -0.9652
vn 0.1526 -0.4837 -0.8618
vn -0.5015 -0.4837 -0.7173
vn 0.8034 -0.1978 -0.5616
vn 0.7173 -0.4837 -0.5015
vn -0.4142 -0.6909 -0.5925
vn -0.7119 -0.6909 -0.1261
vn -0.1744 0.0128 0.9846
vn -0.1744 -0.0107 0.9846
vn -0.8195 -0.0107 0.5729
vn -0.8195 0.0128 0.5729
vn -0.5696 -0.1071 -0.8149
vn -0.9790 -0.1071 -0.1734
vn -0.7718 0.3181 0.5505
vn -0.1742 0.3181 0.9319
vn -0.1338 0.3976 0.9077
vn -0.7669 0.3976 0.5037
vn -0.1735 0.1038 0.9794
vn -0.8152 0.1038 0.5699
vn 0.5729 -0.0107 0.8195
vn 0.5699 0.1038 0.8152
vn -0.9794 0.1038 -0.1735
vn -0.9846 -0.0107 -0.1744
vn -0.8985 0.3976 -0.1862
vn -0.8131 0.1253 0.5684
vn -0.8169 0.0810 0.5711
vn -0.9814 0.0810 -0.1738
vn -0.9769 0.1253 -0.1730
vn 0.9769 0.1253 0.1730
vn 0.9814 0.0810 0.1738
vn 0.5711 0.0810 0.8169
vn 0.5684 0.1253 0.8131
vn -0.1730 0.1253 0.9769
vn -0.1738 0.0810 0.9814
vn -0.5684 0.1253 -0.8131
vn -0.5711 0.0810 -0.8169
vn 0.1738 0.0810 -0.9814
vn 0.1730 0.1253 -0.9769
vn 0.9351 0.3181 0.1565
vn 0.7822 0.3181 -0.5358
vn 0.7364 0.3976 -0.5473
vn 0.8985 0.3976 0.1862
vn 0.8169 0.0810 -0.5711
vn 0.8131 0.1253 -0.5684
vn -0.1978 -0.9704 0.1383
vn -0.1240 -0.9885 0.0867
vn 0.1489 -0.9885 0.0264
vn 0.2376 -0.9704 0.0421
vn 0.1240 -0.9885 -0.0867
vn 0.1978 -0.9704 -0.1383
vn 0.0264 -0.9885 -0.1489
vn 0.0421 -0.9704 -0.2376
vn -0.0867 -0.9885 -0.1240
vn -0.1383 -0.9704 -0.1978
vn -0.1489 -0.9885 -0.0264
vn -0.2376 -0.9704 -0.0421
vn -0.9846 0.0128 -0.1744
vn -0.5729 -0.0123 -0.8195
vn -0.9846 -0.0123 -0.1744
vn 0.1744 -0.0123 -0.9846
vn 0.5729 0.0128 0.8195
vn 0.9846 -0.0107 0.1744
vn 0.9794 0.1038 0.1735
vn 0.1734 -0.1071 -0.9790
vn 0.5358 0.3181 0.7822
vn 0.5473 0.3976 0.7365
vn -0.5037 0.3976 -0.7669
vn 0.1742 0.3181 -0.9319
vn 0.1338 0.3976 -0.9077
vn -0.5699 0.1038 -0.8152
vn 0.1735 0.1038 -0.9794
vn 0.5925 -0.6909 -0.4142
vn 0.1261 -0.6909 -0.7119
vn 0.9846 0.0128 0.1744
vn 0.7119 -0.6909 0.1261
vn -0.5925 -0.6909 0.4142
vn -0.1261 -0.6909 0.7119
vn 0.4142 -0.6909 0.5925
vn 0.2011 0.0991 -0.9745
vn -0.9559 0.2399 -0.1693
vn -0.5562 0.2399 -0.7957
vn 0.9841 0.1015 0.1458
vn 0.9846 -0.0123 0.1744
vn 0.8195 -0.0123 -0.5729
vn 0.8311 0.1015 -0.5467
vn 0.5928 0.1015 0.7990
vn 0.5729 -0.0123 0.8195
vn 0.1693 0.2399 -0.9559
vn 0.7957 0.2399 -0.5562
vn -0.1458 0.1015 0.9841
vn -0.1744 -0.0123 0.9846
vn 0.9790 -0.1071 0.1734
vn 0.8149 -0.1071 -0.5696
vn -0.7990 0.1015 0.5928
vn -0.8195 -0.0123 0.5729
vn 0.5696 -0.1071 0.8149
vn -0.1734 -0.1071 0.9790
vn -0.8149 -0.1071 0.5696
vn 0.8195 0.0128 -0.5729
vn 0.8195 -0.0107 -0.5729
vn -0.7957 0.2399 0.5562
vn -0.1693 0.2399 0.9559
vn 0.5562 0.2399 0.7957
vn 0.9559 0.2399 0.1693
vn 0.8152 0.1038 -0.5699
vn 0.5703 0.0952 0.8159
vn 0.9802 0.0952 0.1736
vn 0.6973 0.7060 0.1235
vn 0.4057 0.7061 0.5804
vn 0.1838 -0.9745 -0.1285
vn 0.2208 -0.9745 0.0391
vn 0.1285 -0.9745 0.1838
vn -0.0391 -0.9745 0.2208
vn -0.1838 -0.9745 0.1285
vn -0.2208 -0.9745 -0.0391
vn -0.1285 -0.9745 -0.1838
vn 0.0391 -0.9745 -0.2208
vn -0.8159 0.0952 0.5703
vn -0.1736 0.0952 0.9802
vn -0.5703 0.0952 -0.8159
vn -0.9802 0.0952 -0.1736
vn 0.8159 0.0952 -0.5703
vn 0.1736 0.0952 -0.9802
vn -0.4057 0.7061 -0.5804
vn 0.1235 0.7061 -0.6973
vn -0.5804 0.7061 0.4057
vn -0.6973 0.7061 -0.1235
vn 0.5804 0.7061 -0.4057
vn -0.1235 0.7061 0.6973
vn -0.0851 0.0991 0.9914
vn -0.0989 0.3158 0.9437
vn -0.7484 0.3158 0.5833
vn -0.7962 0.0991 0.5969
vn -0.7828 0.0128 0.6221
vn -0.7828 -0.0107 0.6221
vn -0.9935 -0.0107 -0.1136
vn -0.9934 0.0128 -0.1136
vn 0.7674 -0.1978 -0.6099
vn 0.9739 -0.1978 0.1114
vn 0.8696 -0.4837 0.0994
vn 0.6852 -0.4837 -0.5445
vn 0.1184 -0.9885 -0.0941
vn 0.1889 -0.9704 -0.1501
vn 0.2397 -0.9704 0.0274
vn 0.1503 -0.9885 0.0172
vn 0.6099 -0.1978 0.7674
vn -0.1114 -0.1978 0.9739
vn -0.0994 -0.4837 0.8696
vn 0.5445 -0.4837 0.6852
vn 0.1114 -0.1978 -0.9739
vn 0.0994 -0.4837 -0.8696
vn -0.7674 -0.1978 0.6099
vn -0.9739 -0.1978 -0.1114
vn -0.8696 -0.4837 -0.0994
vn -0.6852 -0.4837 0.5445
vn -0.6099 -0.1978 -0.7674
vn -0.5445 -0.4837 -0.6852
vn -0.5660 -0.6909 0.4498
vn -0.0821 -0.6909 0.7183
vn 0.9934 0.0128 0.1136
vn 0.9935 -0.0107 0.1136
vn 0.6221 -0.0107 0.7828
vn 0.6221 0.0128 0.7828
vn -0.7784 -0.1071 0.6186
vn -0.1130 -0.1071 0.9878
vn 0.5969 0.3181 0.7366
vn 0.9409 0.3181 0.1167
vn 0.9142 0.3976 0.0778
vn 0.5498 0.3976 0.7346
vn 0.9882 0.1038 0.1130
vn 0.6188 0.1038 0.7786
vn 0.7828 -0.0107 -0.6221
vn 0.7786 0.1038 -0.6188
vn -0.1130 0.1038 0.9882
vn -0.1136 -0.0107 0.9935
vn -0.1306 0.3976 0.9082
vn 0.6173 0.1253 0.7767
vn 0.6201 0.0809 0.7803
vn -0.1133 0.0809 0.9903
vn -0.1127 0.1253 0.9857
vn 0.1127 0.1253 -0.9857
vn 0.1133 0.0809 -0.9903
vn 0.7803 0.0809 -0.6201
vn 0.7767 0.1253 -0.6173
vn 0.9857 0.1253 0.1127
vn 0.9903 0.0809 0.1133
vn -0.7767 0.1253 0.6173
vn -0.7803 0.0809 0.6201
vn -0.9903 0.0810 -0.1133
vn -0.9857 0.1253 -0.1127
vn 0.0988 0.3181 -0.9429
vn -0.5828 0.3181 -0.7478
vn -0.5915 0.3976 -0.7015
vn 0.1306 0.3976 -0.9082
vn -0.6201 0.0810 -0.7803
vn -0.6173 0.1253 -0.7767
vn 0.1501 -0.9704 0.1889
vn 0.0941 -0.9885 0.1184
vn 0.0172 -0.9885 -0.1503
vn 0.0274 -0.9704 -0.2397
vn -0.0941 -0.9885 -0.1184
vn -0.1501 -0.9704 -0.1889
vn -0.1503 -0.9885 -0.0172
vn -0.2397 -0.9704 -0.0274
vn -0.1184 -0.9885 0.0941
vn -0.1889 -0.9704 0.1501
vn -0.0172 -0.9885 0.1503
vn -0.0274 -0.9704 0.2397
vn -0.1136 0.0128 0.9934
vn -0.7828 -0.0123 0.6221
vn -0.1136 -0.0123 0.9934
vn -0.9934 -0.0123 -0.1136
vn 0.7828 0.0128 -0.6221
vn 0.1136 -0.0107 -0.9935
vn 0.1130 0.1038 -0.9882
vn -0.9878 -0.1071 -0.1130
vn 0.7478 0.3181 -0.5828
vn 0.7015 0.3976 -0.5915
vn -0.7346 0.3976 0.5498
vn -0.9409 0.3181 -0.1167
vn -0.9142 0.3976 -0.0778
vn -0.7786 0.1038 0.6188
vn -0.9882 0.1038 -0.1130
vn -0.4498 -0.6909 -0.5660
vn -0.7183 -0.6909 -0.0821
vn 0.1136 0.0128 -0.9934
vn 0.0821 -0.6909 -0.7183
vn 0.4498 -0.6909 0.5660
vn 0.7183 -0.6909 0.0821
vn 0.5660 -0.6909 -0.4498
vn -0.9850 0.0991 -0.1409
vn -0.1103 0.2399 0.9645
vn -0.7600 0.2399 0.6040
vn 0.0851 0.1015 -0.9912
vn 0.1136 -0.0123 -0.9934
vn -0.6221 -0.0123 -0.7828
vn -0.5967 0.1015 -0.7960
vn 0.7611 0.1015 -0.6407
vn 0.7828 -0.0123 -0.6221
vn -0.9645 0.2399 -0.1103
vn -0.6040 0.2399 -0.7600
vn 0.9912 0.1015 0.0851
vn 0.9934 -0.0123 0.1136
vn 0.1130 -0.1071 -0.9878
vn -0.6186 -0.1071 -0.7784
vn 0.6407 0.1015 0.7611
vn 0.6221 -0.0123 0.7828
vn 0.7784 -0.1071 -0.6186
vn 0.9878 -0.1071 0.1130
vn 0.6186 -0.1071 0.7784
vn -0.6221 0.0128 -0.7828
vn -0.6221 -0.0107 -0.7828
vn 0.6040 0.2399 0.7600
vn 0.9645 0.2399 0.1103
vn 0.7600 0.2399 -0.6040
vn 0.1103 0.2399 -0.9645
vn -0.6188 0.1038 -0.7786
vn 0.7793 0.0952 -0.6194
vn 0.1131 0.0952 -0.9890
vn 0.0805 0.7061 -0.7036
vn 0.5544 0.7061 -0.4406
vn -0.1395 -0.9745 -0.1756
vn 0.0255 -0.9745 -0.2228
vn 0.1755 -0.9745 -0.1395
vn 0.2228 -0.9745 0.0255
vn 0.1395 -0.9745 0.1755
vn -0.0255 -0.9745 0.2228
vn -0.1756 -0.9745 0.1395
vn -0.2228 -0.9745 -0.0255
vn 0.6194 0.0952 0.7793
vn 0.9890 0.0952 0.1131
vn -0.7793 0.0952 0.6194
vn -0.1131 0.0952 0.9890
vn -0.6194 0.0952 -0.7793
vn -0.9890 0.0952 -0.1131
vn -0.5544 0.7061 0.4406
vn -0.7036 0.7061 -0.0805
vn 0.4406 0.7061 0.5544
vn -0.0805 0.7061 0.7036
vn -0.4406 0.7061 -0.5544
vn 0.7036 0.7061 0.0805
vn -0.7042 0.2399 0.6682
vn -0.5840 0.5931 0.5542
vn -0.7172 -0.1499 0.6806
vn 0.0928 -0.7950 -0.5995
vn 0.3749 -0.8561 -0.3558
vn 0.1087 -0.9887 -0.1032
vn -0.1544 -0.9181 -0.3649
vn -0.4169 -0.9015 -0.1158
vn -0.1740 -0.9708 0.1651
vn -0.4303 -0.8051 0.4083
vn -0.6549 -0.7477 0.1100
vn 0.5840 -0.5931 -0.5542
vn 0.7042 -0.2399 -0.6682
vn 0.6210 0.5168 -0.5893
vn 0.7172 0.1499 -0.6806
vn -0.9214 -0.1392 0.3629
vn -0.9093 0.2228 0.3514
vn -0.9845 0.1680 -0.0500
vn -0.9936 -0.1050 -0.0413
vn 0.6883 -0.0000 0.7254
vn -0.3334 0.5620 0.7569
vn -0.4473 0.2273 0.8650
vn 0.8873 -0.2273 -0.4014
vn 0.7734 -0.5620 -0.2933
vn 0.3230 -0.9369 0.1340
vn 0.5752 -0.8112 -0.1053
vn -0.4596 -0.1420 0.8767
vn 0.1169 0.9369 0.3296
vn -0.1353 0.8112 0.5689
vn 0.3848 0.9199 0.0754
vn 0.0551 -0.9199 0.3883
vn -0.1877 -0.7629 0.6187
vn 0.6277 0.7629 -0.1550
vn -0.3685 -0.4897 0.7902
vn 0.8084 0.4897 -0.3266
vn 0.8996 0.1420 -0.4131
vn -0.6883 -0.0000 -0.7254
vn -0.8320 -0.4800 0.2781
vn -0.9263 -0.3619 -0.1053
vn 0.3986 -0.2228 -0.8897
vn 0.2870 -0.5508 -0.7837
vn -0.0825 -0.4153 -0.9059
vn 0.0017 -0.1680 -0.9858
vn -0.0938 0.9015 -0.4224
vn 0.1442 0.7477 -0.6482
vn -0.1902 0.5638 -0.8038
vn -0.3696 0.6798 -0.6335
vn -0.6035 0.7950 0.0613
vn -0.3563 0.9181 -0.1733
vn -0.5676 0.6923 -0.4456
vn -0.7539 0.5994 -0.2688
vn 0.3213 0.4800 -0.8163
vn -0.0566 0.3619 -0.9305
vn 0.4107 0.1392 -0.9011
vn 0.0108 0.1050 -0.9944
vn -0.4153 -0.6923 -0.5901
vn -0.2289 -0.5994 -0.7670
vn -0.7927 -0.5637 -0.2320
vn -0.7977 0.5508 0.2455
vn -0.9004 0.4153 -0.1298
vn -0.6133 -0.6798 -0.4023
vn -0.6210 -0.5168 0.5893
vn -0.1087 0.9887 0.1032
vn 0.1740 0.9708 -0.1651
vn -0.3749 0.8561 0.3558
vn 0.4303 0.8051 -0.4083
vn 0.7022 -0.0371 0.7110
vn 0.7058 -0.0154 0.7083
vn 0.6994 -0.0262 0.7142
vn 0.6892 -0.0287 0.7240
vn 0.6854 -0.0000 0.7282
vn 0.6771 0.0079 0.7359
vn 0.6777 -0.0118 0.7353
vn 0.6784 -0.0106 0.7346
vn 0.6996 0.0069 0.7145
vn 0.6883 0.0174 0.7252
vn 0.6788 0.0214 0.7340
vn 0.7077 -0.0034 0.7065
vn 0.6808 -0.0253 0.7320
vn 0.7006 0.0070 0.7136
vn 0.6897 0.0035 0.7241
vn 0.0180 -0.9997 -0.0171
vn -0.2962 -0.9128 0.2811
vn 0.3731 -0.8576 -0.3540
vn 0.6278 -0.5010 -0.5957
vn 0.1085 -0.9887 -0.1030
vn 0.5818 -0.5973 -0.5521
vn 0.7224 -0.0908 -0.6855
vn 0.7186 0.1366 -0.6819
vn 0.7242 0.0586 -0.6871
vn -0.4304 -0.8050 0.4084
vn 0.7178 0.1448 -0.6811
vn 0.7074 0.2215 -0.6712
vn -0.4721 -0.7593 0.4479
vn -0.3904 -0.8428 0.3705
vn -0.4721 -0.7593 0.4480
vn 0.4241 0.8113 -0.4024
vn -0.1163 0.9871 0.1104
vn -0.5050 0.7179 0.4792
vn -0.2325 0.9472 0.2206
vn -0.6834 0.3354 0.6485
vn -0.7177 -0.1448 0.6811
vn -0.5818 0.5972 0.5521
vn -0.7085 -0.2148 0.6723
vn 0.0972 0.9910 -0.0922
vn 0.4689 0.7630 -0.4450
vn -0.4450 -0.7897 0.4223
vn 0.2298 0.5984 0.7675
vn 0.0579 -0.3614 0.9306
vn 0.7541 -0.5987 0.2700
vn 0.9263 0.3613 0.1069
vn -0.9730 -0.0000 -0.2308
vn -0.8106 -0.0000 -0.5856
vn -0.9873 -0.0000 0.1591
vn 0.4874 -0.3710 0.7905
vn 0.5248 -0.0000 0.8512
vn 0.1591 -0.0000 0.9873
vn 0.1478 -0.3710 0.9168
vn -0.2143 -0.3710 0.9036
vn -0.2308 -0.0000 0.9730
vn -0.5856 -0.0000 0.8106
vn -0.5438 -0.3710 0.7528
vn 0.8106 -0.0000 0.5856
vn 0.9730 -0.0000 0.2308
vn 0.8512 -0.0000 -0.5248
vn 0.9873 -0.0000 -0.1591
vn -0.9168 -0.3710 0.1478
vn -0.9036 -0.3710 -0.2143
vn -0.6813 -0.7139 -0.1616
vn -0.6913 -0.7139 0.1114
vn -0.7681 0.3196 -0.5549
vn -0.9220 0.3196 -0.2187
vn 0.9220 0.3196 0.2187
vn 0.7681 0.3196 0.5549
vn 0.1508 0.3196 0.9355
vn 0.4973 0.3196 0.8066
vn -0.9355 0.3196 0.1508
vn -0.1508 0.3196 -0.9355
vn -0.4973 0.3196 -0.8066
vn 0.2187 0.3196 -0.9220
vn -0.2187 0.3196 0.9220
vn -0.5549 0.3196 0.7681
vn 0.5549 0.3196 -0.7681
vn -0.8066 0.3196 0.4973
vn 0.8066 0.3196 -0.4973
vn 0.9355 0.3196 -0.1508
vn -0.7905 -0.3710 0.4874
vn -0.5960 -0.7139 0.3675
vn 0.9036 -0.3710 0.2143
vn 0.7528 -0.3710 0.5438
vn 0.5676 -0.7139 0.4100
vn 0.6813 -0.7139 0.1616
vn 0.2143 -0.3710 -0.9036
vn 0.5438 -0.3710 -0.7528
vn 0.4100 -0.7139 -0.5676
vn 0.1616 -0.7139 -0.6813
vn -0.4874 -0.3710 -0.7905
vn -0.1478 -0.3710 -0.9168
vn -0.1114 -0.7139 -0.6913
vn -0.3675 -0.7139 -0.5960
vn 0.7905 -0.3710 -0.4874
vn 0.5960 -0.7139 -0.3675
vn 0.9168 -0.3710 -0.1478
vn 0.6913 -0.7139 -0.1114
vn 0.1114 -0.7139 0.6913
vn 0.3675 -0.7139 0.5960
vn -0.4100 -0.7139 0.5676
vn -0.7528 -0.3710 -0.5438
vn -0.5676 -0.7139 -0.4100
vn -0.1616 -0.7139 0.6813
vn -0.8512 -0.0000 0.5248
vn -0.1591 -0.0000 -0.9873
vn 0.2308 -0.0000 -0.9730
vn -0.5248 -0.0000 -0.8512
vn 0.5856 -0.0000 -0.8106
vn 0.0203 0.9991 0.0369
vn 0.0246 0.9996 0.0152
vn 0.0160 0.9995 0.0261
vn 0.0018 0.9996 0.0286
vn -0.0041 1.0000 0.0001
vn -0.0154 0.9999 -0.0078
vn -0.0144 0.9998 0.0119
vn -0.0134 0.9999 0.0107
vn 0.0156 0.9999 -0.0071
vn -0.0001 0.9998 -0.0174
vn -0.0131 0.9997 -0.0213
vn 0.0270 0.9996 0.0031
vn -0.0097 0.9996 0.0253
vn 0.0169 0.9998 -0.0072
vn 0.0018 1.0000 -0.0035
vn 0.0342 -0.0000 0.9994
vn -0.3998 -0.0000 0.9166
vn 0.5224 -0.0000 0.8527
vn 0.8701 -0.0000 0.4929
vn 0.1589 -0.0000 0.9873
vn 0.8076 -0.0000 0.5898
vn 0.9967 -0.0000 0.0815
vn 0.9893 -0.0000 -0.1458
vn 0.9977 -0.0000 -0.0679
vn -0.5858 -0.0000 0.8105
vn 0.9881 -0.0000 -0.1540
vn 0.9730 -0.0000 -0.2306
vn -0.6436 -0.0000 0.7653
vn -0.5303 -0.0000 0.8478
vn 0.5770 -0.0000 -0.8168
vn -0.1696 -0.0000 -0.9855
vn -0.7028 -0.0000 -0.7114
vn -0.3294 -0.0000 -0.9442
vn -0.9452 -0.0000 -0.3266
vn -0.9881 -0.0000 0.1541
vn -0.8076 -0.0000 -0.5897
vn -0.9746 -0.0000 0.2239
vn 0.1247 -0.0000 -0.9922
vn 0.6393 -0.0000 -0.7690
vn -0.6061 -0.0000 0.7954
vn -0.3672 0.7150 -0.5950
vn -0.5952 0.7149 0.3670
vn 0.3667 0.7150 0.5953
vn 0.5950 0.7152 -0.3668
vn 0.9915 -0.0000 -0.1303
vn 0.9659 -0.0000 0.2590
vn 0.8661 -0.0000 -0.4998
vn -0.7366 -0.3710 -0.5655
vn -0.7932 -0.0000 -0.6089
vn -0.4998 -0.0000 -0.8661
vn -0.4642 -0.3710 -0.8043
vn -0.1210 -0.3710 -0.9207
vn -0.1303 -0.0000 -0.9915
vn 0.2590 -0.0000 -0.9659
vn 0.2405 -0.3710 -0.8969
vn -0.9659 -0.0000 -0.2590
vn -0.9915 -0.0000 0.1303
vn -0.6089 -0.0000 0.7932
vn -0.8661 -0.0000 0.4998
vn 0.8043 -0.3710 -0.4641
vn 0.9207 -0.3710 -0.1210
vn 0.6942 -0.7139 -0.0912
vn 0.6065 -0.7139 -0.3500
vn 0.9152 0.3196 0.2454
vn 0.9395 0.3196 -0.1235
vn -0.9395 0.3196 0.1235
vn -0.9152 0.3196 -0.2454
vn -0.4736 0.3196 -0.8207
vn -0.7516 0.3196 -0.5770
vn 0.8207 0.3196 -0.4736
vn 0.4736 0.3196 0.8207
vn 0.7516 0.3196 0.5770
vn 0.1235 0.3196 0.9395
vn -0.1235 0.3196 -0.9395
vn 0.2454 0.3196 -0.9152
vn -0.2454 0.3196 0.9152
vn 0.5770 0.3196 -0.7516
vn -0.5770 0.3196 0.7516
vn -0.8207 0.3196 0.4736
vn 0.5655 -0.3710 -0.7366
vn 0.4264 -0.7139 -0.5554
vn -0.9207 -0.3710 0.1210
vn -0.8969 -0.3710 -0.2405
vn -0.6763 -0.7139 -0.1814
vn -0.6942 -0.7139 0.0912
vn 0.1210 -0.3710 0.9207
vn -0.2405 -0.3710 0.8969
vn -0.1814 -0.7139 0.6763
vn 0.0912 -0.7139 0.6942
vn 0.7366 -0.3710 0.5655
vn 0.4641 -0.3710 0.8043
vn 0.3500 -0.7139 0.6065
vn 0.5554 -0.7139 0.4264
vn -0.5655 -0.3710 0.7366
vn -0.4264 -0.7139 0.5554
vn -0.8043 -0.3710 0.4642
vn -0.6065 -0.7139 0.3500
vn -0.3500 -0.7139 -0.6065
vn -0.5554 -0.7139 -0.4264
vn 0.1814 -0.7139 -0.6763
vn 0.8969 -0.3710 0.2405
vn 0.6763 -0.7139 0.1814
vn -0.0912 -0.7139 -0.6942
vn 0.6089 -0.0000 -0.7932
vn 0.4998 -0.0000 0.8661
vn 0.1303 -0.0000 0.9915
vn 0.7932 -0.0000 0.6089
vn -0.2590 -0.0000 0.9659
vn -0.0321 0.9991 -0.0272
vn -0.0284 0.9996 -0.0055
vn -0.0242 0.9995 -0.0187
vn -0.0119 0.9996 -0.0261
vn 0.0038 1.0000 -0.0015
vn 0.0172 0.9999 0.0018
vn 0.0092 0.9998 -0.0163
vn 0.0088 0.9999 -0.0148
vn -0.0121 0.9999 0.0122
vn 0.0062 0.9998 0.0163
vn 0.0198 0.9997 0.0153
vn -0.0264 0.9996 0.0067
vn 0.0001 0.9996 -0.0271
vn -0.0133 0.9998 0.0127
vn -0.0004 1.0000 0.0039
vn -0.3874 -0.0000 -0.9219
vn 0.0478 -0.0000 -0.9989
vn -0.7914 -0.0000 -0.6112
vn -0.9885 -0.0000 -0.1513
vn -0.4996 -0.0000 -0.8663
vn -0.9645 -0.0000 -0.2640
vn -0.9605 -0.0000 0.2783
vn -0.8728 -0.0000 0.4881
vn -0.9083 -0.0000 0.4183
vn 0.2593 -0.0000 -0.9658
vn -0.8687 -0.0000 0.4953
vn -0.8274 -0.0000 0.5616
vn 0.3294 -0.0000 -0.9442
vn 0.1941 -0.0000 -0.9810
vn -0.2488 -0.0000 0.9686
vn 0.5089 -0.0000 0.8608
vn 0.9098 -0.0000 0.4149
vn 0.6436 -0.0000 0.7653
vn 0.9995 -0.0000 -0.0309
vn 0.8687 -0.0000 -0.4954
vn 0.9645 -0.0000 0.2640
vn 0.8313 -0.0000 -0.5559
vn 0.2363 -0.0000 0.9717
vn -0.3240 -0.0000 0.9460
vn 0.2836 -0.0000 -0.9589
vn 0.5548 0.7150 0.4255
vn 0.4258 0.7149 -0.5546
vn -0.5544 0.7150 -0.4260
vn -0.4256 0.7152 0.5544
vn 0.7254 -0.0000 0.6883
vn 0.4068 -0.0000 0.9135
vn 0.9336 -0.0000 0.3583
vn -0.0243 -0.3710 -0.9283
vn -0.0262 -0.0000 -0.9997
vn 0.3583 -0.0000 -0.9336
vn 0.3328 -0.3710 -0.8670
vn 0.6392 -0.3710 -0.6736
vn 0.6883 -0.0000 -0.7254
vn 0.9135 -0.0000 -0.4068
vn 0.8483 -0.3710 -0.3777
vn -0.4068 -0.0000 -0.9135
vn -0.7254 -0.0000 -0.6883
vn -0.9997 -0.0000 0.0262
vn -0.9336 -0.0000 -0.3583
vn 0.8670 -0.3710 0.3328
vn 0.6736 -0.3710 0.6392
vn 0.5079 -0.7139 0.4820
vn 0.6537 -0.7139 0.2509
vn 0.3854 0.3196 0.8656
vn 0.6874 0.3196 0.6522
vn -0.6874 0.3196 -0.6522
vn -0.3854 0.3196 -0.8656
vn 0.3396 0.3196 -0.8846
vn -0.0248 0.3196 -0.9472
vn 0.8846 0.3196 0.3396
vn -0.3396 0.3196 0.8846
vn 0.0248 0.3196 0.9472
vn -0.6522 0.3196 0.6874
vn 0.6522 0.3196 -0.6874
vn 0.8656 0.3196 -0.3854
vn -0.8656 0.3196 0.3854
vn 0.9472 0.3196 -0.0248
vn -0.9472 0.3196 0.0248
vn -0.8846 0.3196 -0.3396
vn 0.9283 -0.3710 -0.0243
vn 0.7000 -0.7139 -0.0183
vn -0.6736 -0.3710 -0.6392
vn -0.3777 -0.3710 -0.8483
vn -0.2848 -0.7139 -0.6397
vn -0.5079 -0.7139 -0.4820
vn -0.6392 -0.3710 0.6736
vn -0.8483 -0.3710 0.3777
vn -0.6397 -0.7139 0.2848
vn -0.4820 -0.7139 0.5079
vn 0.0243 -0.3710 0.9283
vn -0.3328 -0.3710 0.8670
vn -0.2509 -0.7139 0.6537
vn 0.0183 -0.7139 0.7000
vn -0.9283 -0.3710 0.0243
vn -0.7000 -0.7139 0.0183
vn -0.8670 -0.3710 -0.3328
vn -0.6537 -0.7139 -0.2509
vn 0.2509 -0.7139 -0.6537
vn -0.0183 -0.7139 -0.7000
vn 0.6397 -0.7139 -0.2848
vn 0.3777 -0.3710 0.8483
vn 0.2848 -0.7139 0.6397
vn 0.4820 -0.7139 -0.5079
vn 0.9997 -0.0000 -0.0262
vn -0.3583 -0.0000 0.9336
vn -0.6883 -0.0000 0.7254
vn 0.0262 -0.0000 0.9997
vn -0.9135 -0.0000 0.4068
vn 0.0009 0.9991 -0.0421
vn -0.0136 0.9996 -0.0255
vn -0.0007 0.9995 -0.0306
vn 0.0128 0.9996 -0.0257
vn 0.0036 1.0000 0.0020
vn 0.0094 0.9999 0.0145
vn 0.0185 0.9998 -0.0031
vn 0.0170 0.9999 -0.0025
vn -0.0170 0.9999 -0.0017
vn -0.0087 0.9998 0.0151
vn 0.0006 0.9997 0.0250
vn -0.0218 0.9996 -0.0163
vn 0.0211 0.9996 -0.0170
vn -0.0182 0.9998 -0.0023
vn -0.0033 1.0000 0.0021
vn 0.4725 -0.0000 -0.8813
vn 0.8062 -0.0000 -0.5917
vn -0.0233 -0.0000 -0.9997
vn -0.5047 -0.0000 -0.8633
vn 0.3586 -0.0000 -0.9335
vn -0.4020 -0.0000 -0.9156
vn -0.8209 -0.0000 -0.5711
vn -0.9287 -0.0000 -0.3709
vn -0.8968 -0.0000 -0.4424
vn 0.9136 -0.0000 -0.4065
vn -0.9317 -0.0000 -0.3632
vn -0.9572 -0.0000 -0.2894
vn 0.9410 -0.0000 -0.3384
vn 0.8844 -0.0000 -0.4667
vn -0.9092 -0.0000 0.4164
vn -0.3485 -0.0000 0.9373
vn 0.2504 -0.0000 0.9682
vn -0.1895 -0.0000 0.9819
vn 0.6532 -0.0000 0.7572
vn 0.9317 -0.0000 0.3631
vn 0.4021 -0.0000 0.9156
vn 0.9552 -0.0000 0.2960
vn -0.6063 -0.0000 0.7953
vn -0.9391 -0.0000 0.3438
vn 0.9236 -0.0000 -0.3833
vn 0.0186 0.7150 0.6989
vn 0.6990 0.7149 -0.0183
vn -0.0181 0.7150 -0.6989
vn -0.6987 0.7152 0.0183
vn -0.0453 -0.0000 0.9990
vn -0.4242 -0.0000 0.9056
vn 0.3404 -0.0000 0.9403
vn 0.6857 -0.3710 -0.6262
vn 0.7384 -0.0000 -0.6743
vn 0.9403 -0.0000 -0.3404
vn 0.8732 -0.3710 -0.3161
vn 0.9277 -0.3710 0.0421
vn 0.9990 -0.0000 0.0453
vn 0.9056 -0.0000 0.4242
vn 0.8410 -0.3710 0.3939
vn 0.4242 -0.0000 -0.9056
vn 0.0453 -0.0000 -0.9990
vn -0.6743 -0.0000 -0.7384
vn -0.3404 -0.0000 -0.9403
vn 0.3161 -0.3710 0.8732
vn -0.0421 -0.3710 0.9277
vn -0.0317 -0.7139 0.6995
vn 0.2384 -0.7139 0.6584
vn -0.4019 0.3196 0.8581
vn -0.0430 0.3196 0.9466
vn 0.0430 0.3196 -0.9466
vn 0.4019 0.3196 -0.8581
vn 0.8910 0.3196 -0.3226
vn 0.6997 0.3196 -0.6390
vn 0.3226 0.3196 0.8910
vn -0.8910 0.3196 0.3226
vn -0.6997 0.3196 0.6390
vn -0.9466 0.3196 -0.0430
vn 0.9466 0.3196 0.0430
vn 0.8581 0.3196 0.4019
vn -0.8581 0.3196 -0.4019
vn 0.6390 0.3196 0.6997
vn -0.6390 0.3196 -0.6997
vn -0.3226 0.3196 -0.8910
vn 0.6262 -0.3710 0.6857
vn 0.4722 -0.7139 0.5171
vn 0.0421 -0.3710 -0.9277
vn 0.3939 -0.3710 -0.8410
vn 0.2970 -0.7139 -0.6341
vn 0.0317 -0.7139 -0.6995
vn -0.9277 -0.3710 -0.0421
vn -0.8410 -0.3710 -0.3939
vn -0.6341 -0.7139 -0.2970
vn -0.6995 -0.7139 -0.0317
vn -0.6857 -0.3710 0.6262
vn -0.8732 -0.3710 0.3161
vn -0.6584 -0.7139 0.2384
vn -0.5171 -0.7139 0.4722
vn -0.6262 -0.3710 -0.6857
vn -0.4722 -0.7139 -0.5171
vn -0.3161 -0.3710 -0.8732
vn -0.2384 -0.7139 -0.6584
vn 0.6584 -0.7139 -0.2384
vn 0.5171 -0.7139 -0.4722
vn 0.6341 -0.7139 0.2970
vn -0.3939 -0.3710 0.8410
vn -0.2970 -0.7139 0.6341
vn 0.6995 -0.7139 0.0317
vn 0.6743 -0.0000 0.7384
vn -0.9403 -0.0000 0.3404
vn -0.9990 -0.0000 -0.0453
vn -0.7384 -0.0000 0.6743
vn -0.9056 -0.0000 -0.4242
vn 0.0324 0.9991 -0.0269
vn 0.0103 0.9996 -0.0270
vn 0.0227 0.9995 -0.0206
vn 0.0278 0.9996 -0.0071
vn 0.0008 1.0000 0.0040
vn -0.0048 0.9999 0.0166
vn 0.0144 0.9998 0.0119
vn 0.0130 0.9999 0.0112
vn -0.0099 0.9999 -0.0140
vn -0.0171 0.9998 0.0033
vn -0.0185 0.9997 0.0168
vn -0.0020 0.9996 -0.0272
vn 0.0267 0.9996 0.0048
vn -0.0102 0.9998 -0.0153
vn -0.0038 1.0000 -0.0011
vn 0.9755 -0.0000 -0.2199
vn 0.9751 -0.0000 0.2219
vn 0.7404 -0.0000 -0.6722
vn 0.3221 -0.0000 -0.9467
vn 0.9404 -0.0000 -0.3402
vn 0.4289 -0.0000 -0.9034
vn -0.1058 -0.0000 -0.9944
vn -0.3277 -0.0000 -0.9448
vn -0.2528 -0.0000 -0.9675
vn -0.2527 -0.0000 -0.9675
vn 0.9055 -0.0000 0.4244
vn -0.3355 -0.0000 -0.9420
vn -0.4080 -0.0000 -0.9130
vn 0.8719 -0.0000 0.4897
vn 0.9318 -0.0000 0.3629
vn -0.9100 -0.0000 -0.4146
vn -0.9366 -0.0000 0.3503
vn -0.5679 -0.0000 0.8231
vn -0.8662 -0.0000 0.4996
vn -0.1447 -0.0000 0.9895
vn 0.3356 -0.0000 0.9420
vn -0.4288 -0.0000 0.9034
vn 0.4017 -0.0000 0.9158
vn -0.9980 -0.0000 0.0625
vn -0.8747 -0.0000 -0.4847
vn 0.8945 -0.0000 0.4472
vn -0.5161 0.7150 0.4717
vn 0.4715 0.7149 0.5163
vn 0.5165 0.7150 -0.4713
vn -0.4713 0.7152 -0.5161
vn 0.1056 -0.0000 -0.9944
vn 0.4781 -0.0000 -0.8783
vn -0.2830 -0.0000 -0.9591
vn -0.7223 -0.3710 0.5836
vn -0.7778 -0.0000 0.6285
vn -0.9591 -0.0000 0.2830
vn -0.8907 -0.3710 0.2628
vn -0.9234 -0.3710 -0.0981
vn -0.9944 -0.0000 -0.1056
vn -0.8783 -0.0000 -0.4781
vn -0.8156 -0.3710 -0.4440
vn -0.4781 -0.0000 0.8783
vn -0.1056 -0.0000 0.9944
vn 0.6285 -0.0000 0.7778
vn 0.2830 -0.0000 0.9591
vn -0.2628 -0.3710 -0.8907
vn 0.0981 -0.3710 -0.9234
vn 0.0740 -0.7139 -0.6963
vn -0.1981 -0.7139 -0.6716
vn 0.4531 0.3196 -0.8322
vn 0.1001 0.3196 -0.9423
vn -0.1001 0.3196 0.9423
vn -0.4531 0.3196 0.8322
vn -0.9088 0.3196 0.2681
vn -0.7371 0.3196 0.5955
vn -0.2681 0.3196 -0.9088
vn 0.9088 0.3196 -0.2681
vn 0.7371 0.3196 -0.5955
vn 0.9423 0.3196 0.1001
vn -0.9423 0.3196 -0.1001
vn -0.8322 0.3196 -0.4531
vn 0.8322 0.3196 0.4531
vn -0.5955 0.3196 -0.7371
vn 0.5955 0.3196 0.7371
vn 0.2681 0.3196 0.9088
vn -0.5836 -0.3710 -0.7223
vn -0.4401 -0.7139 -0.5447
vn -0.0981 -0.3710 0.9234
vn -0.4440 -0.3710 0.8156
vn -0.3348 -0.7139 0.6150
vn -0.0740 -0.7139 0.6963
vn 0.9234 -0.3710 0.0981
vn 0.8156 -0.3710 0.4440
vn 0.6150 -0.7139 0.3348
vn 0.6963 -0.7139 0.0740
vn 0.7223 -0.3710 -0.5836
vn 0.8907 -0.3710 -0.2628
vn 0.6716 -0.7139 -0.1981
vn 0.5447 -0.7139 -0.4401
vn 0.5836 -0.3710 0.7223
vn 0.4401 -0.7139 0.5447
vn 0.2628 -0.3710 0.8907
vn 0.1981 -0.7139 0.6716
vn -0.6716 -0.7139 0.1981
vn -0.5447 -0.7139 0.4401
vn -0.6150 -0.7139 -0.3348
vn 0.4440 -0.3710 -0.8156
vn 0.3348 -0.7139 -0.6150
vn -0.6963 -0.7139 -0.0740
vn -0.6285 -0.0000 -0.7778
vn 0.9591 -0.0000 -0.2830
vn 0.9944 -0.0000 0.1056
vn 0.7778 -0.0000 -0.6285
vn 0.8783 -0.0000 0.4781
vn -0.0340 0.9991 0.0249
vn -0.0120 0.9996 0.0263
vn -0.0239 0.9995 0.0192
vn -0.0282 0.9996 0.0055
vn -0.0006 1.0000 -0.0040
vn 0.0058 0.9999 -0.0163
vn -0.0137 0.9998 -0.0128
vn -0.0123 0.9999 -0.0120
vn 0.0090 0.9999 0.0146
vn 0.0173 0.9998 -0.0023
vn 0.0195 0.9997 -0.0157
vn 0.0003 0.9996 0.0272
vn -0.0264 0.9996 -0.0064
vn 0.0092 0.9998 0.0159
vn 0.0037 1.0000 0.0013
vn -0.9870 -0.0000 0.1606
vn -0.9599 -0.0000 -0.2805
vn -0.7797 -0.0000 0.6262
vn -0.3787 -0.0000 0.9255
vn -0.9592 -0.0000 0.2827
vn -0.4827 -0.0000 0.8758
vn 0.0455 -0.0000 0.9990
vn 0.2700 -0.0000 0.9629
vn 0.1938 -0.0000 0.9810
vn -0.8782 -0.0000 -0.4784
vn 0.2780 -0.0000 0.9606
vn 0.3521 -0.0000 0.9360
vn -0.8407 -0.0000 -0.5415
vn -0.9082 -0.0000 -0.4186
vn 0.8833 -0.0000 0.4688
vn 0.9561 -0.0000 -0.2931
vn 0.6166 -0.0000 -0.7873
vn 0.8948 -0.0000 -0.4464
vn 0.2042 -0.0000 -0.9789
vn -0.2781 -0.0000 -0.9606
vn 0.4826 -0.0000 -0.8758
vn -0.3456 -0.0000 -0.9384
vn 1.0000 -0.0000 -0.0020
vn 0.8438 -0.0000 0.5367
vn -0.8658 -0.0000 -0.5004
vn 0.5437 0.7150 -0.4396
vn -0.4394 0.7149 -0.5439
vn -0.5440 0.7150 0.4392
vn 0.4393 0.7152 0.5437
vn -0.4253 0.0640 0.9028
vn -0.3825 0.4410 0.8119
vn -0.4034 -0.3228 0.8562
vn -0.0743 -0.6973 -0.7129
vn 0.2814 -0.7509 -0.5974
vn 0.1375 -0.9465 -0.2920
vn -0.2079 -0.8789 -0.4292
vn -0.3609 -0.9267 -0.1043
vn -0.0273 -0.9979 0.0579
vn -0.1880 -0.8975 0.3990
vn -0.5101 -0.8334 0.2124
vn 0.3825 -0.4410 -0.8119
vn 0.4253 -0.0640 -0.9028
vn 0.3200 0.6604 -0.6793
vn 0.4034 0.3228 -0.8562
vn -0.7102 -0.2997 0.6370
vn -0.7305 0.0594 0.6803
vn -0.9437 0.0448 0.3279
vn -0.9283 -0.2260 0.2953
vn 0.9046 -0.0000 0.4262
vn 0.9047 -0.0000 0.4261
vn -0.0733 0.4179 0.9055
vn -0.1139 0.0607 0.9916
vn 0.6921 -0.0607 -0.7193
vn 0.6515 -0.4179 -0.6331
vn 0.4194 -0.8969 -0.1405
vn 0.5558 -0.7115 -0.4299
vn -0.0931 -0.3058 0.9475
vn 0.1588 0.8969 0.4129
vn 0.0224 0.7115 0.7023
vn 0.3150 0.9456 0.0813
vn 0.2632 -0.9456 0.1911
vn 0.1110 -0.8504 0.5143
vn 0.4672 0.8504 -0.2419
vn -0.0141 -0.6258 0.7799
vn 0.5923 0.6258 -0.5075
vn 0.6713 0.3058 -0.6751
vn -0.9046 -0.0000 -0.4262
vn -0.6328 -0.6133 0.4727
vn -0.8699 -0.4624 0.1714
vn 0.0593 -0.0594 -0.9965
vn 0.0196 -0.4096 -0.9121
vn -0.3780 -0.3088 -0.8728
vn -0.3481 -0.0448 -0.9364
vn -0.3103 0.9267 -0.2119
vn -0.1611 0.8334 -0.5286
vn -0.5142 0.6284 -0.5836
vn -0.6268 0.6988 -0.3448
vn -0.5970 0.6973 0.3967
vn -0.4633 0.8789 0.1130
vn -0.7422 0.6627 -0.0998
vn -0.8429 0.5258 0.1141
vn -0.0384 0.6133 -0.7889
vn -0.4218 0.4624 -0.7799
vn 0.0390 0.2997 -0.9532
vn -0.3634 0.2260 -0.9038
vn -0.5495 -0.6627 -0.5087
vn -0.4488 -0.5258 -0.7226
vn -0.7775 -0.6284 -0.0249
vn -0.6908 0.4096 0.5959
vn -0.9137 0.3088 0.2643
vn -0.6650 -0.6988 -0.2637
vn -0.3200 -0.6604 0.6793
vn -0.1375 0.9465 0.2920
vn 0.0273 0.9979 -0.0579
vn -0.2814 0.7509 0.5974
vn 0.1880 0.8975 -0.3990
vn 0.9150 -0.0329 0.4020
vn 0.9157 -0.0108 0.4017
vn 0.9128 -0.0230 0.4077
vn 0.9071 -0.0279 0.4200
vn 0.9029 -0.0008 0.4298
vn 0.8975 0.0051 0.4410
vn 0.8993 -0.0142 0.4371
vn 0.8996 -0.0128 0.4365
vn 0.9106 0.0096 0.4133
vn 0.9032 0.0172 0.4288
vn 0.8973 0.0188 0.4409
vn 0.9159 0.0014 0.4014
vn 0.9020 -0.0266 0.4308
vn 0.9111 0.0099 0.4121
vn 0.9051 0.0038 0.4251
vn 0.0859 -0.9795 -0.1824
vn -0.1023 -0.9707 0.2173
vn 0.2805 -0.7528 -0.5954
vn 0.4008 -0.3397 -0.8508
vn 0.1374 -0.9466 -0.2918
vn 0.3815 -0.4457 -0.8098
vn 0.4245 0.0871 -0.9012
vn 0.4052 0.3100 -0.8601
vn 0.4143 0.2346 -0.8794
vn -0.1881 -0.8974 0.3992
vn 0.4041 0.3179 -0.8577
vn 0.3923 0.3908 -0.8327
vn -0.2156 -0.8626 0.4577
vn -0.1621 -0.9249 0.3440
vn 0.1839 0.9021 -0.3904
vn -0.1418 0.9430 0.3010
vn -0.3462 0.5832 0.7349
vn -0.2060 0.8754 0.4373
vn -0.4205 0.1632 0.8925
vn -0.4041 -0.3179 0.8577
vn -0.3815 0.4456 0.8099
vn -0.3934 -0.3845 0.8351
vn -0.0187 0.9990 0.0396
vn 0.2135 0.8655 -0.4532
vn -0.1977 -0.8859 0.4196
vn 0.4499 0.5248 0.7226
vn 0.4230 -0.4618 0.7797
vn 0.8435 -0.5252 -0.1128
vn 0.8706 0.4616 -0.1700
vn 0.2170 0.9406 0.2611
vn 0.4305 0.7391 0.5180
vn -0.0296 0.9989 -0.0356
vn -0.2519 -0.3948 -0.8836
vn -0.5785 -0.4251 -0.6961
vn -0.6385 -0.0463 -0.7683
vn -0.3076 -0.0430 -0.9505
vn -0.2730 0.3152 -0.9089
vn -0.6012 0.3395 -0.7234
vn -0.4724 0.6736 -0.5684
vn -0.1534 0.6255 -0.7650
vn -0.4305 -0.7391 -0.5180
vn -0.2170 -0.9406 -0.2611
vn 0.2717 -0.9052 0.3269
vn 0.0296 -0.9989 0.0356
vn 0.2578 0.9276 -0.2702
vn 0.4868 0.8735 0.0053
vn 0.7010 0.6586 -0.2735
vn 0.5283 0.6995 -0.4813
vn -0.7691 -0.0000 0.6391
vn 0.1622 0.7004 0.6951
vn -0.0402 0.8913 0.4516
vn -0.4514 -0.8913 -0.0431
vn -0.6537 -0.7004 -0.2866
vn -0.8508 -0.0439 -0.5237
vn -0.7940 -0.4028 -0.4554
vn -0.2738 0.9465 0.1705
vn 0.3592 0.0439 0.9322
vn 0.3024 0.4028 0.8639
vn 0.3239 -0.3217 0.8897
vn -0.8154 0.3217 -0.4812
vn -0.6934 0.6383 -0.3344
vn 0.2018 -0.6383 0.7429
vn -0.5032 0.8577 -0.1055
vn 0.0117 -0.8577 0.5140
vn -0.2177 -0.9465 0.2380
vn 0.7691 -0.0000 -0.6391
vn 0.0330 0.8406 -0.5407
vn 0.3588 0.6338 -0.6852
vn 0.0838 -0.8735 -0.4796
vn -0.1145 -0.6864 -0.7182
vn 0.2476 -0.5175 -0.8190
vn 0.3972 -0.6586 -0.6391
vn 0.8436 -0.3152 0.4347
vn 0.7240 -0.6255 0.2908
vn 0.8799 -0.4716 -0.0583
vn 0.9700 -0.2377 0.0502
vn 0.8226 0.3948 0.4094
vn 0.8782 0.0430 0.4763
vn 0.9961 0.0324 0.0816
vn 0.9542 0.2977 0.0311
vn 0.5376 -0.8406 0.0665
vn 0.7393 -0.6338 -0.2274
vn 0.3128 -0.9276 -0.2040
vn 0.5698 -0.6995 -0.4313
vn 0.1020 -0.0324 -0.9943
vn 0.1440 -0.2977 -0.9438
vn 0.2183 0.4716 -0.8543
vn 0.6851 0.6864 0.2440
vn 0.8505 0.5175 -0.0936
vn 0.1281 0.2377 -0.9629
vn -0.2717 0.9052 -0.3269
vn 0.6385 0.0463 0.7683
vn 0.6012 -0.3395 0.7234
vn 0.5785 0.4251 0.6961
vn 0.4724 -0.6736 0.5684
vn -0.7933 -0.0160 0.6086
vn -0.7802 -0.0227 0.6251
vn -0.7865 -0.0129 0.6175
vn -0.7871 0.0014 0.6168
vn -0.7688 0.0041 0.6394
vn -0.7629 0.0145 0.6463
vn -0.7755 0.0157 0.6312
vn -0.7748 0.0146 0.6320
vn -0.7656 -0.0163 0.6431
vn -0.7579 -0.0019 0.6524
vn -0.7544 0.0106 0.6564
vn -0.7728 -0.0265 0.6341
vn -0.7842 0.0125 0.6204
vn -0.7656 -0.0177 0.6430
vn -0.7670 -0.0022 0.6417
vn -0.6371 0.0792 -0.7667
vn -0.5531 0.5010 -0.6656
vn -0.5793 -0.4225 -0.6971
vn -0.3760 -0.8087 -0.4524
vn -0.6385 -0.0461 -0.7683
vn -0.4329 -0.7356 -0.5210
vn -0.4330 -0.7356 -0.5210
vn -0.1239 -0.9810 -0.1490
vn 0.0210 -0.9995 0.0253
vn -0.0290 -0.9990 -0.0350
vn -0.4723 0.6738 -0.5683
vn 0.0263 -0.9992 0.0317
vn 0.0760 -0.9929 0.0915
vn -0.4394 0.7261 -0.5288
vn -0.5000 0.6229 -0.6017
vn -0.4394 0.7262 -0.5288
vn 0.4769 -0.6657 0.5739
vn 0.6381 0.0569 0.7678
vn 0.5026 0.6178 0.6048
vn 0.6234 0.2204 0.7502
vn 0.2758 0.9021 0.3319
vn -0.0264 0.9991 -0.0317
vn 0.4329 0.7357 0.5209
vn -0.0717 0.9937 -0.0863
vn 0.6211 -0.2362 0.7473
vn 0.4421 -0.7222 0.5319
vn -0.4613 0.6922 -0.5550
vn -0.1455 0.2974 0.9436
vn -0.7398 0.6329 0.2283
vn -0.9544 -0.2970 -0.0299
vn -0.3601 -0.6327 0.6856
vn 0.1616 -0.0000 -0.9869
vn 0.5270 -0.0000 -0.8499
vn -0.2284 -0.0000 -0.9736
vn -0.7541 -0.3710 0.5419
vn -0.8121 -0.0000 0.5835
vn -0.9736 -0.0000 0.2284
vn -0.9041 -0.3710 0.2121
vn -0.9164 -0.3710 -0.1501
vn -0.9869 -0.0000 -0.1616
vn -0.8499 -0.0000 -0.5270
vn -0.7892 -0.3710 -0.4894
vn -0.5270 -0.0000 0.8499
vn -0.1616 -0.0000 0.9869
vn 0.5835 -0.0000 0.8121
vn 0.2284 -0.0000 0.9736
vn -0.2121 -0.3710 -0.9041
vn 0.1501 -0.3710 -0.9164
vn 0.1132 -0.7139 -0.6910
vn -0.1599 -0.7139 -0.6817
vn 0.4993 0.3196 -0.8053
vn 0.1531 0.3196 -0.9351
vn -0.1531 0.3196 0.9351
vn -0.4993 0.3196 0.8053
vn -0.9225 0.3196 0.2164
vn -0.7695 0.3196 0.5529
vn -0.2164 0.3196 -0.9225
vn 0.9225 0.3196 -0.2164
vn 0.7695 0.3196 -0.5529
vn 0.9351 0.3196 0.1531
vn -0.9351 0.3196 -0.1531
vn -0.8053 0.3196 -0.4993
vn 0.8053 0.3196 0.4993
vn -0.5529 0.3196 -0.7695
vn 0.5529 0.3196 0.7695
vn 0.2164 0.3196 0.9225
vn -0.5419 -0.3710 -0.7541
vn -0.4086 -0.7139 -0.5686
vn -0.1501 -0.3710 0.9164
vn -0.4894 -0.3710 0.7892
vn -0.3690 -0.7139 0.5951
vn -0.1132 -0.7139 0.6910
vn 0.9164 -0.3710 0.1501
vn 0.7892 -0.3710 0.4894
vn 0.5951 -0.7139 0.3690
vn 0.6910 -0.7139 0.1132
vn 0.7541 -0.3710 -0.5419
vn 0.9041 -0.3710 -0.2121
vn 0.6817 -0.7139 -0.1599
vn 0.5686 -0.7139 -0.4086
vn 0.5419 -0.3710 0.7541
vn 0.4086 -0.7139 0.5686
vn 0.2121 -0.3710 0.9041
vn 0.1599 -0.7139 0.6817
vn -0.6817 -0.7139 0.1599
vn -0.5686 -0.7139 0.4086
vn -0.5951 -0.7139 -0.3690
vn 0.4894 -0.3710 -0.7892
vn 0.3690 -0.7139 -0.5951
vn -0.6910 -0.7139 -0.1132
vn -0.5835 -0.0000 -0.8121
vn 0.9736 -0.0000 -0.2284
vn 0.9869 -0.0000 0.1616
vn 0.8121 -0.0000 -0.5835
vn 0.8499 -0.0000 0.5270
vn -0.0354 0.9991 0.0229
vn -0.0134 0.9996 0.0256
vn -0.0249 0.9995 0.0178
vn -0.0284 0.9996 0.0039
vn -0.0004 1.0000 -0.0041
vn 0.0067 0.9999 -0.0159
vn -0.0129 0.9998 -0.0135
vn -0.0116 0.9999 -0.0127
vn 0.0081 0.9999 0.0151
vn 0.0174 0.9998 -0.0013
vn 0.0203 0.9997 -0.0146
vn -0.0012 0.9996 0.0272
vn -0.0260 0.9996 -0.0079
vn 0.0083 0.9998 0.0164
vn 0.0036 1.0000 0.0016
vn -0.9945 -0.0000 0.1046
vn -0.9425 -0.0000 -0.3342
vn -0.8138 -0.0000 0.5812
vn -0.4303 -0.0000 0.9027
vn -0.9736 -0.0000 0.2281
vn -0.5313 -0.0000 0.8472
vn -0.0110 -0.0000 0.9999
vn 0.2152 -0.0000 0.9766
vn 0.1381 -0.0000 0.9904
vn -0.8498 -0.0000 -0.5272
vn 0.2233 -0.0000 0.9747
vn 0.2987 -0.0000 0.9544
vn -0.8088 -0.0000 -0.5881
vn -0.8831 -0.0000 -0.4692
vn 0.8554 -0.0000 0.5179
vn 0.9711 -0.0000 -0.2386
vn 0.6600 -0.0000 -0.7512
vn 0.9186 -0.0000 -0.3951
vn 0.2592 -0.0000 -0.9658
vn -0.2234 -0.0000 -0.9747
vn 0.5313 -0.0000 -0.8472
vn -0.2921 -0.0000 -0.9564
vn 0.9985 -0.0000 0.0544
vn 0.8121 -0.0000 0.5835
vn -0.8362 -0.0000 -0.5485
vn 0.5676 0.7150 -0.4082
vn -0.4080 0.7149 -0.5678
vn -0.5679 0.7150 0.4078
vn 0.4079 0.7152 0.5676
vt -0.000586 0.925034
vt 0.499414 0.925034
vt 0.499414 0.987438
vt -0.000586 0.987438
vt 0.561817 0.306530
vt 0.561817 0.318506
vt 0.499414 0.318506
vt 0.499414 0.306530
vt 0.499414 0.913058
vt -0.000586 0.913058
vt -0.000586 0.850655
vt 0.499414 0.850655
vt 0.717302 0.115191
vt 0.693688 0.115191
vt 0.693688 0.103215
vt 0.717302 0.103215
vt -0.000586 0.999414
vt 0.499414 0.999414
vt 0.913273 0.147847
vt 0.870672 0.147847
vt 0.870672 0.135871
vt 0.913273 0.135871
vt 0.499414 0.240101
vt 0.499414 0.282702
vt -0.000586 0.282702
vt -0.000586 0.240101
vt 0.615843 0.115191
vt 0.592228 0.115191
vt 0.592228 0.103215
vt 0.615843 0.103215
vt 0.792827 0.651215
vt 0.792827 0.663191
vt 0.499414 0.663191
vt 0.499414 0.651215
vt 0.787732 0.306376
vt 0.787732 0.318506
vt 0.745131 0.318506
vt 0.745131 0.306376
vt 0.499414 0.728637
vt 0.499414 0.717768
vt 0.542014 0.717768
vt 0.542014 0.728637
vt 0.499414 0.174501
vt 0.499414 0.185370
vt -0.000586 0.185370
vt -0.000586 0.174501
vt 0.913273 0.135871
vt 0.870672 0.135871
vt 0.870672 0.123895
vt 0.913273 0.123895
vt 0.499414 0.554037
vt 0.607198 0.529700
vt 0.685043 0.529700
vt 0.792827 0.554037
vt 0.792827 0.566013
vt 0.792827 0.608614
vt 0.700013 0.608614
vt 0.685043 0.590350
vt 0.499414 0.566013
vt 0.607198 0.590350
vt 0.592228 0.608614
vt 0.499414 0.608614
vt -0.000586 0.078431
vt 0.499414 0.078431
vt 0.499414 0.121032
vt -0.000586 0.121032
vt 0.792827 0.705791
vt 0.700013 0.705791
vt 0.685043 0.687528
vt 0.607198 0.687528
vt 0.592228 0.705791
vt 0.499414 0.705791
vt 0.685043 0.626878
vt 0.607198 0.626878
vt 0.499414 0.294832
vt -0.000586 0.294832
vt 0.700013 0.608614
vt 0.792827 0.608614
vt 0.592228 0.608614
vt 0.700013 0.511437
vt 0.792827 0.511437
vt 0.499414 0.511437
vt 0.592228 0.511437
vt 0.913273 0.162817
vt 0.870672 0.162817
vt 0.870672 0.150841
vt 0.913273 0.150841
vt 0.693687 0.705791
vt 0.693687 0.717768
vt 0.615843 0.717768
vt 0.615843 0.705792
vt -0.000586 0.185370
vt 0.499414 0.185370
vt 0.499414 0.227971
vt -0.000586 0.227971
vt 0.624220 0.306530
vt 0.624220 0.318506
vt 0.561817 0.306530
vt 0.717302 0.705791
vt 0.717302 0.717768
vt 0.910691 0.717768
vt 0.868090 0.717768
vt 0.868090 0.705792
vt 0.910691 0.705792
vt 0.592228 0.705792
vt 0.592228 0.717768
vt 0.584615 0.717768
vt 0.584615 0.728637
vt 0.542014 0.728637
vt 0.542014 0.717768
vt 0.780198 0.091084
vt 0.822799 0.091084
vt 0.822799 0.103215
vt 0.780198 0.103215
vt -0.000586 0.131900
vt 0.499414 0.131901
vt 0.792827 0.402995
vt 0.792827 0.414971
vt 0.499414 0.414971
vt 0.499414 0.402995
vt 0.777390 0.091239
vt 0.741133 0.091239
vt 0.741133 0.079262
vt 0.777390 0.079262
vt 0.590715 0.077786
vt 0.626971 0.077786
vt 0.626971 0.091239
vt 0.590715 0.091239
vt 0.620871 0.727898
vt 0.584615 0.727898
vt 0.584615 0.717768
vt 0.620871 0.717768
vt 0.499414 0.807221
vt 0.999414 0.807222
vt 0.999414 0.843478
vt 0.499414 0.843478
vt 0.590714 0.091238
vt 0.554458 0.091239
vt 0.554458 0.077786
vt 0.590714 0.077786
vt 0.999414 0.889865
vt 0.999414 0.899995
vt 0.499414 0.899995
vt 0.499414 0.889865
vt 0.792827 0.499460
vt 0.499414 0.499460
vt 0.499414 0.463204
vt 0.792827 0.463204
vt 0.999414 0.985961
vt 0.999414 0.999414
vt 0.499414 0.999414
vt 0.499414 0.985961
vt 0.704877 0.091239
vt 0.704877 0.079262
vt 0.499414 0.853608
vt 0.999414 0.853608
vt 0.620871 0.727898
vt 0.620871 0.717768
vt 0.657128 0.717768
vt 0.657128 0.727898
vt 0.499414 0.366739
vt 0.499414 0.354763
vt 0.792827 0.354763
vt 0.792827 0.366739
vt 0.499414 0.949704
vt 0.999414 0.949704
vt 0.499414 0.414971
vt 0.792827 0.451228
vt 0.499414 0.451228
vt 0.626971 0.091238
vt 0.626971 0.079262
vt 0.663228 0.079262
vt 0.663228 0.091239
vt 0.499414 0.511436
vt 0.499414 0.936251
vt 0.999414 0.936251
vt 0.499414 0.318506
vt 0.792827 0.318506
vt 0.499414 0.899995
vt 0.999414 0.899995
vt 0.668620 0.091239
vt 0.668620 0.079262
vt 0.704877 0.079263
vt 0.704877 0.091239
vt 0.499414 0.497728
vt -0.000586 0.497728
vt -0.000586 0.441539
vt 0.499414 0.441539
vt 0.668620 0.103215
vt 0.724809 0.091239
vt 0.724809 0.103215
vt -0.000586 0.509704
vt 0.499414 0.509704
vt 0.499414 0.565893
vt -0.000586 0.565892
vt 0.499414 0.429563
vt -0.000586 0.429563
vt 0.612431 0.103215
vt 0.612431 0.091239
vt 0.499414 0.635842
vt -0.000586 0.635842
vt -0.000586 0.577869
vt 0.499414 0.577869
vt 0.810117 0.717768
vt 0.810117 0.705792
vt 0.868090 0.705792
vt 0.868090 0.717768
vt -0.000586 0.647818
vt 0.499414 0.647818
vt 0.499414 0.705791
vt -0.000586 0.705791
vt -0.000586 0.565892
vt 0.612431 0.091239
vt 0.554458 0.103215
vt 0.554458 0.091239
vt -0.000586 0.778223
vt 0.499414 0.778223
vt 0.499414 0.838679
vt -0.000586 0.838679
vt 0.684676 0.318506
vt 0.684676 0.306530
vt 0.745131 0.306530
vt 0.745131 0.318506
vt 0.499414 0.766247
vt -0.000586 0.766247
vt 0.499414 0.705791
vt -0.000586 0.850655
vt 0.499414 0.850655
vt 0.684676 0.318506
vt 0.624220 0.318506
vt 0.499414 0.362197
vt -0.000586 0.362197
vt -0.000586 0.306808
vt 0.499414 0.306808
vt 0.831750 0.096373
vt 0.831750 0.084397
vt 0.887139 0.084397
vt 0.887139 0.096373
vt -0.000586 0.374173
vt 0.499414 0.374173
vt 0.499414 0.429563
vt -0.000586 0.429563
vt 0.499414 0.294832
vt 0.780198 0.091239
vt 0.859272 0.123895
vt 0.886794 0.096373
vt 0.526936 0.103215
vt 0.499414 0.075692
vt 0.554458 0.075692
vt 0.792827 0.123895
vt 0.831750 0.123895
vt 0.792827 0.162817
vt 0.831750 0.123895
vt 0.870672 0.123895
vt 0.831750 0.162817
vt 0.499414 0.127167
vt 0.499414 0.115191
vt 0.792827 0.115191
vt 0.792827 0.127167
vt 0.792827 0.279584
vt 0.792827 0.240662
vt 0.918576 0.240662
vt 0.918576 0.279584
vt 0.919728 0.111919
vt 0.886794 0.111919
vt 0.886794 0.099943
vt 0.919728 0.099943
vt 0.918576 0.368847
vt 0.918576 0.423892
vt 0.792827 0.423892
vt 0.792827 0.368847
vt 0.792827 0.517858
vt 0.792827 0.478936
vt 0.918576 0.478936
vt 0.918576 0.517858
vt 0.792827 0.611825
vt 0.792827 0.556780
vt 0.918576 0.556781
vt 0.918576 0.611825
vt 0.792827 0.329925
vt 0.918576 0.329925
vt 0.792827 0.282856
vt 0.499414 0.282856
vt 0.499414 0.249922
vt 0.792827 0.249922
vt 0.887139 0.096373
vt 0.887139 0.084397
vt 0.920073 0.084397
vt 0.920073 0.096373
vt 0.792827 0.517858
vt 0.792827 0.160101
vt 0.792827 0.172077
vt 0.499414 0.172077
vt 0.499414 0.160101
vt 0.918576 0.201739
vt 0.792827 0.201739
vt 0.918576 0.318506
vt 0.499414 0.205011
vt 0.792827 0.205011
vt 0.792827 0.237946
vt 0.499414 0.237946
vt 0.918576 0.666869
vt 0.918576 0.705791
vt 0.792827 0.705791
vt 0.792827 0.666869
vt 0.887139 0.072421
vt 0.920073 0.072421
vt 0.920073 0.084397
vt 0.918576 0.611825
vt 0.792827 0.294832
vt 0.499414 0.294832
vt 0.918576 0.162817
vt 0.918576 0.201739
vt 0.792827 0.201739
vt 0.792827 0.423892
vt 0.918576 0.423892
vt 0.792827 0.205011
vt 0.499414 0.205011
vt 0.919728 0.111919
vt 0.919728 0.123895
vt 0.886794 0.123895
vt 0.696162 0.067286
vt 0.729096 0.067286
vt 0.729096 0.079262
vt 0.696162 0.079262
vt 0.831750 0.072421
vt 0.864684 0.072421
vt 0.864684 0.084397
vt -0.000586 0.000586
vt 0.499414 0.000586
vt 0.499414 0.033521
vt -0.000586 0.033521
vt 0.822799 0.091084
vt 0.789865 0.091084
vt 0.789865 0.079108
vt 0.822799 0.079108
vt -0.000586 0.078431
vt -0.000586 0.045497
vt 0.499414 0.045497
vt 0.696162 0.067286
vt 0.696162 0.079262
vt 0.663228 0.067286
vt 0.499414 0.729377
vt 0.999414 0.729377
vt 0.999414 0.762311
vt 0.499414 0.762311
vt 0.999414 0.774287
vt 0.499414 0.774287
vt 0.999414 0.807221
vt 0.810117 0.103215
vt 0.810117 0.115191
vt 0.499414 0.115191
vt 0.499414 0.103215
vt 0.810117 0.705792
vt 0.810117 0.717768
vt 0.499414 0.705792
vt 0.499414 0.717768
vt 0.023136 0.833984
vt 0.023136 0.861328
vt 0.074177 0.861328
vt 0.074177 0.833984
vt 0.074177 0.922332
vt 0.074177 0.935450
vt 0.094594 0.935450
vt 0.094594 0.922332
vt 0.224226 0.708574
vt 0.239945 0.681121
vt 0.244688 0.684552
vt 0.230935 0.708574
vt 0.300716 0.708574
vt 0.318143 0.708574
vt 0.306354 0.729165
vt 0.294032 0.720250
vt 0.277893 0.669749
vt 0.315841 0.681121
vt 0.311097 0.684552
vt 0.277893 0.674602
vt 0.239945 0.736028
vt 0.244688 0.732597
vt 0.331560 0.708574
vt 0.315841 0.736028
vt 0.311097 0.732597
vt 0.324851 0.708574
vt 0.277893 0.747400
vt 0.277893 0.742547
vt 0.306354 0.687984
vt 0.053761 0.922332
vt 0.053761 0.935450
vt 0.074177 0.687893
vt 0.074177 0.667318
vt 0.023136 0.667318
vt 0.023136 0.687893
vt 0.023136 0.890007
vt 0.074177 0.890007
vt 0.053761 0.948568
vt 0.074177 0.948568
vt 0.094594 0.948568
vt 0.125219 0.890007
vt 0.125219 0.861328
vt 0.074177 0.969401
vt 0.074177 0.990234
vt 0.094594 0.990234
vt 0.094594 0.969401
vt 0.053761 0.969401
vt 0.053761 0.990234
vt 0.277893 0.737694
vt 0.277893 0.725086
vt 0.294032 0.696899
vt 0.277893 0.692063
vt 0.277893 0.679455
vt 0.261754 0.696899
vt 0.249432 0.687984
vt 0.255069 0.708574
vt 0.237643 0.708574
vt 0.261754 0.720250
vt 0.249432 0.729165
vt 0.000000 0.817708
vt 0.000000 0.692708
vt 0.055556 0.692708
vt 0.055556 0.817708
vt 0.094594 0.922332
vt 0.166667 0.817708
vt 0.166667 0.692708
vt 0.222222 0.692708
vt 0.222222 0.817708
vt 0.125219 0.667318
vt 0.125219 0.687893
vt 0.125219 0.833984
vt 0.023136 0.906901
vt 0.074177 0.906901
vt 0.023136 0.825179
vt 0.074177 0.825179
vt 0.125219 0.825179
vt 0.125219 0.906901
vt 0.125219 0.687893
vt 0.125219 0.825179
vt 0.094594 0.906901
vt 0.053761 0.906901
vt 0.111111 0.692708
vt 0.111111 0.817708
vt 0.074177 0.825179
vt 0.229167 0.911458
vt 0.253672 0.911458
vt 0.253672 0.927083
vt 0.229167 0.927083
vt 0.256807 0.978813
vt 0.259659 0.976776
vt 0.252063 0.963677
vt 0.248029 0.963677
vt 0.277986 0.985137
vt 0.256821 0.978875
vt 0.248054 0.963757
vt 0.256821 0.948639
vt 0.277986 0.942377
vt 0.299151 0.948639
vt 0.307918 0.963757
vt 0.299151 0.978875
vt 0.277778 0.911458
vt 0.302400 0.911458
vt 0.302400 0.927083
vt 0.277778 0.927083
vt 0.326389 0.911458
vt 0.326389 0.927083
vt 0.307964 0.963677
vt 0.303931 0.963677
vt 0.296335 0.976776
vt 0.299187 0.978813
vt 0.277997 0.942272
vt 0.277997 0.945153
vt 0.296335 0.950578
vt 0.299187 0.948541
vt 0.277997 0.982202
vt 0.277997 0.985082
vt 0.259659 0.950578
vt 0.256807 0.948541
vt 0.356469 0.833984
vt 0.356469 0.861328
vt 0.407511 0.861328
vt 0.407511 0.833984
vt 0.407511 0.922332
vt 0.407511 0.935450
vt 0.427927 0.935450
vt 0.427927 0.922332
vt 0.557559 0.708574
vt 0.573278 0.681121
vt 0.578022 0.684552
vt 0.564268 0.708574
vt 0.634050 0.708574
vt 0.651476 0.708574
vt 0.639687 0.729165
vt 0.627365 0.720250
vt 0.611226 0.669749
vt 0.649174 0.681121
vt 0.644431 0.684552
vt 0.611226 0.674602
vt 0.573278 0.736028
vt 0.578022 0.732596
vt 0.664893 0.708574
vt 0.649174 0.736028
vt 0.644431 0.732596
vt 0.658185 0.708574
vt 0.611226 0.747400
vt 0.611226 0.742547
vt 0.639687 0.687984
vt 0.387094 0.922332
vt 0.387094 0.935450
vt 0.407511 0.687893
vt 0.407511 0.667318
vt 0.356469 0.667318
vt 0.356469 0.687893
vt 0.356469 0.890007
vt 0.407511 0.890007
vt 0.387094 0.948568
vt 0.407511 0.948568
vt 0.427927 0.948568
vt 0.458552 0.890007
vt 0.458552 0.861328
vt 0.407511 0.969401
vt 0.407511 0.990234
vt 0.427927 0.990234
vt 0.427927 0.969401
vt 0.387094 0.969401
vt 0.387094 0.990234
vt 0.611226 0.737694
vt 0.611226 0.725086
vt 0.627365 0.696899
vt 0.611226 0.692063
vt 0.611226 0.679455
vt 0.595088 0.696899
vt 0.582765 0.687984
vt 0.588403 0.708574
vt 0.570976 0.708574
vt 0.595088 0.720250
vt 0.582765 0.729165
vt 0.333333 0.817708
vt 0.333333 0.692708
vt 0.388889 0.692708
vt 0.388889 0.817708
vt 0.427927 0.922332
vt 0.500000 0.817708
vt 0.500000 0.692708
vt 0.555556 0.692708
vt 0.555556 0.817708
vt 0.458552 0.667318
vt 0.458552 0.687893
vt 0.458552 0.833984
vt 0.356469 0.906901
vt 0.407511 0.906901
vt 0.356469 0.825179
vt 0.407511 0.825179
vt 0.458552 0.825179
vt 0.458552 0.906901
vt 0.458552 0.687893
vt 0.458552 0.825179
vt 0.427927 0.906901
vt 0.387094 0.906901
vt 0.444444 0.692708
vt 0.444444 0.817708
vt 0.407511 0.825179
vt 0.562500 0.927083
vt 0.587005 0.927083
vt 0.587005 0.911458
vt 0.562500 0.911458
vt 0.590140 0.978813
vt 0.592992 0.976776
vt 0.585396 0.963677
vt 0.581363 0.963677
vt 0.611320 0.985137
vt 0.590154 0.978875
vt 0.581387 0.963757
vt 0.590154 0.948639
vt 0.611320 0.942377
vt 0.632485 0.948639
vt 0.641252 0.963757
vt 0.632485 0.978875
vt 0.611111 0.927083
vt 0.635734 0.927083
vt 0.635734 0.911458
vt 0.611111 0.911458
vt 0.659722 0.927083
vt 0.659722 0.911458
vt 0.641298 0.963677
vt 0.637264 0.963677
vt 0.629668 0.976776
vt 0.632520 0.978813
vt 0.611330 0.942272
vt 0.611330 0.945153
vt 0.629668 0.950578
vt 0.632520 0.948541
vt 0.611330 0.982201
vt 0.611330 0.985082
vt 0.592992 0.950578
vt 0.590140 0.948541
vt 0.187500 0.363281
vt 0.187500 0.355469
vt 0.156250 0.355469
vt 0.156250 0.363281
vt 0.218750 0.363281
vt 0.218750 0.355469
vt 0.125000 0.355469
vt 0.125000 0.363281
vt 0.281250 0.804688
vt 0.281250 1.000000
vt 0.308594 1.000000
vt 0.308594 0.804688
vt 0.093750 0.363281
vt 0.093750 0.355469
vt 0.062500 0.355469
vt 0.062500 0.363281
vt 0.250000 0.363281
vt 0.250000 0.355469
vt 0.085938 0.804688
vt 0.085938 1.000000
vt 0.113281 1.000000
vt 0.113281 0.804688
vt 0.173511 0.267319
vt 0.186011 0.296838
vt 0.192967 0.292167
vt 0.181721 0.265704
vt 0.140625 1.000000
vt 0.140625 0.804688
vt 0.148655 0.295953
vt 0.146236 0.294336
vt 0.124994 0.315578
vt 0.126611 0.317997
vt 0.003857 0.267151
vt 0.015787 0.295953
vt 0.018206 0.294337
vt 0.006710 0.266583
vt 0.037831 0.317997
vt 0.039448 0.315578
vt 0.160585 0.235975
vt 0.148655 0.207173
vt 0.146236 0.208790
vt 0.157732 0.236543
vt 0.097809 0.329927
vt 0.097241 0.327073
vt 0.160585 0.267151
vt 0.157732 0.266583
vt 0.015787 0.207173
vt 0.018206 0.208790
vt 0.039448 0.187548
vt 0.037831 0.185129
vt 0.066633 0.173199
vt 0.067201 0.176052
vt 0.097241 0.176052
vt 0.097809 0.173199
vt 0.003857 0.235976
vt 0.006710 0.236543
vt 0.000000 0.804688
vt 0.000000 1.000000
vt 0.027344 1.000000
vt 0.027344 0.804688
vt 0.145555 0.293108
vt 0.149835 0.296154
vt 0.162305 0.267279
vt 0.157363 0.266288
vt 0.007345 0.236446
vt 0.019273 0.209542
vt 0.015168 0.206548
vt 0.002187 0.235332
vt 0.067843 0.179297
vt 0.066862 0.174254
vt 0.037828 0.185488
vt 0.040429 0.189655
vt 0.162305 0.236730
vt 0.157564 0.237666
vt 0.096307 0.323823
vt 0.097269 0.329063
vt 0.126702 0.317311
vt 0.124058 0.313080
vt 0.066252 0.323643
vt 0.065164 0.328699
vt 0.097946 0.179325
vt 0.125700 0.190603
vt 0.128590 0.186341
vt 0.098973 0.174063
vt 0.038940 0.312293
vt 0.036118 0.316483
vt 0.146498 0.211254
vt 0.150699 0.208496
vt 0.018236 0.292256
vt 0.014235 0.294997
vt 0.002137 0.266861
vt 0.007081 0.265816
vt 0.126611 0.185129
vt 0.124994 0.187548
vt 0.037832 0.317997
vt 0.066634 0.329927
vt 0.067201 0.327073
vt 0.039448 0.315578
vt 0.112125 0.324105
vt 0.052071 0.324003
vt 0.082088 0.330027
vt 0.294446 0.189072
vt 0.267528 0.178464
vt 0.238828 0.178504
vt 0.173425 0.235303
vt 0.181637 0.236924
vt 0.322219 0.204641
vt 0.299088 0.181893
vt 0.315209 0.209344
vt 0.300618 0.318576
vt 0.322913 0.295986
vt 0.315988 0.291389
vt 0.295982 0.311760
vt 0.238845 0.331161
vt 0.271150 0.331251
vt 0.269461 0.322902
vt 0.240480 0.322893
vt 0.334767 0.266348
vt 0.326566 0.264728
vt 0.334723 0.234299
vt 0.326491 0.235912
vt 0.269057 0.170325
vt 0.237236 0.170325
vt 0.185287 0.205542
vt 0.192257 0.210166
vt 0.208944 0.319303
vt 0.213566 0.312298
vt 0.207753 0.182726
vt 0.212395 0.189677
vt 0.031250 0.355469
vt 0.000000 0.355469
vt 0.000000 0.363281
vt 0.031250 0.363281
vt 0.195312 0.804688
vt 0.195312 1.000000
vt 0.226562 1.000000
vt 0.226562 0.804688
vt 0.367188 0.804688
vt 0.367188 1.000000
vt 0.394531 1.000000
vt 0.394531 0.804688
vt 0.335938 1.000000
vt 0.335938 0.804688
vt 0.421875 1.000000
vt 0.421875 0.804688
vt 0.449219 1.000000
vt 0.449219 0.804688
vt 0.167969 1.000000
vt 0.167969 0.804688
vt 0.054688 1.000000
vt 0.054688 0.804688
vt 0.253906 0.804688
vt 0.253906 1.000000
vt 0.082171 0.327481
vt 0.093621 0.324939
vt 0.082168 0.320717
vt 0.070178 0.324702
vt 0.058408 0.289807
vt 0.074386 0.293452
vt 0.066520 0.285886
vt 0.054680 0.285663
vt 0.062704 0.313065
vt 0.073184 0.310729
vt 0.090855 0.311263
vt 0.089827 0.293478
vt 0.082318 0.301341
vt 0.082149 0.301401
vt 0.073404 0.310662
vt 0.097567 0.321005
vt 0.090972 0.311166
vt 0.082365 0.320811
vt 0.082215 0.301380
vt 0.066438 0.320755
vt 0.073202 0.310723
vt 0.073311 0.310640
vt 0.082030 0.320936
vt 0.091094 0.311168
vt 0.101713 0.313131
vt 0.105489 0.289493
vt 0.091110 0.311162
vt 0.097568 0.274281
vt 0.097673 0.258546
vt 0.089597 0.254788
vt 0.089872 0.266550
vt 0.066540 0.274228
vt 0.066339 0.258690
vt 0.054700 0.273841
vt 0.109446 0.285756
vt 0.109466 0.274132
vt 0.097548 0.285938
vt 0.074431 0.266524
vt 0.074428 0.254763
vt 0.082215 0.304394
vt 0.076283 0.310773
vt 0.082192 0.317801
vt 0.088058 0.311224
vt 0.082680 0.304951
vt 0.082394 0.301512
vt 0.072986 0.310046
vt 0.076586 0.311130
vt 0.076567 0.310449
vt 0.073180 0.310982
vt 0.083441 0.319421
vt 0.082833 0.317084
vt 0.081580 0.317042
vt 0.081030 0.319346
vt 0.091066 0.311615
vt 0.087752 0.310868
vt 0.087750 0.311547
vt 0.091375 0.310687
vt 0.082128 0.301477
vt 0.081767 0.304914
vt 0.082354 0.173099
vt 0.052317 0.179020
vt 0.112371 0.179122
vt 0.026833 0.195986
vt 0.137798 0.196175
vt 0.009781 0.221413
vt 0.154764 0.221659
vt 0.003757 0.251430
vt 0.160685 0.251696
vt 0.009679 0.281467
vt 0.154662 0.281713
vt 0.026644 0.306951
vt 0.137609 0.307140
vt 0.281250 0.609375
vt 0.308594 0.609375
vt 0.085938 0.609375
vt 0.113281 0.609375
vt 0.140625 0.609375
vt 0.000000 0.609375
vt 0.027344 0.609375
vt 0.195312 0.609375
vt 0.226562 0.609375
vt 0.367188 0.609375
vt 0.394531 0.609375
vt 0.335938 0.609375
vt 0.421875 0.609375
vt 0.449219 0.609375
vt 0.167969 0.609375
vt 0.054688 0.609375
vt 0.253906 0.609375
vt 0.187500 0.347656
vt 0.187500 0.339844
vt 0.156250 0.339844
vt 0.156250 0.347656
vt 0.218750 0.347656
vt 0.218750 0.339844
vt 0.125000 0.339844
vt 0.125000 0.347656
vt 0.281250 0.414062
vt 0.308594 0.414062
vt 0.093750 0.347656
vt 0.093750 0.339844
vt 0.062500 0.339844
vt 0.062500 0.347656
vt 0.250000 0.347656
vt 0.250000 0.339844
vt 0.085938 0.414062
vt 0.113281 0.414062
vt 0.173511 0.098932
vt 0.186011 0.128451
vt 0.192967 0.123780
vt 0.181721 0.097317
vt 0.140625 0.414062
vt 0.148655 0.127566
vt 0.146236 0.125949
vt 0.124994 0.147191
vt 0.126611 0.149610
vt 0.003857 0.098764
vt 0.015787 0.127566
vt 0.018206 0.125950
vt 0.006710 0.098196
vt 0.037831 0.149610
vt 0.039448 0.147191
vt 0.160585 0.067588
vt 0.148655 0.038786
vt 0.146236 0.040403
vt 0.157732 0.068156
vt 0.097809 0.161540
vt 0.097241 0.158686
vt 0.160585 0.098763
vt 0.157732 0.098196
vt 0.015787 0.038786
vt 0.018206 0.040403
vt 0.039448 0.019161
vt 0.037831 0.016742
vt 0.066633 0.004812
vt 0.067201 0.007665
vt 0.097241 0.007665
vt 0.097809 0.004812
vt 0.003857 0.067589
vt 0.006710 0.068156
vt 0.000000 0.414062
vt 0.027344 0.414062
vt 0.145555 0.124721
vt 0.149835 0.127766
vt 0.162305 0.098891
vt 0.157363 0.097901
vt 0.007345 0.068059
vt 0.019273 0.041154
vt 0.015168 0.038161
vt 0.002187 0.066945
vt 0.067843 0.010910
vt 0.066862 0.005867
vt 0.037828 0.017101
vt 0.040429 0.021268
vt 0.162305 0.068343
vt 0.157564 0.069279
vt 0.096307 0.155436
vt 0.097269 0.160676
vt 0.126702 0.148924
vt 0.124058 0.144693
vt 0.066252 0.155256
vt 0.065164 0.160312
vt 0.097946 0.010938
vt 0.125700 0.022216
vt 0.128590 0.017954
vt 0.098973 0.005676
vt 0.038940 0.143905
vt 0.036118 0.148096
vt 0.146498 0.042867
vt 0.150699 0.040109
vt 0.018236 0.123869
vt 0.014235 0.126610
vt 0.002137 0.098474
vt 0.007081 0.097429
vt 0.126611 0.016742
vt 0.124994 0.019161
vt 0.037832 0.149610
vt 0.066634 0.161540
vt 0.067201 0.158686
vt 0.039448 0.147191
vt 0.112125 0.155718
vt 0.052071 0.155616
vt 0.082088 0.161640
vt 0.294446 0.020685
vt 0.267528 0.010077
vt 0.238828 0.010117
vt 0.173425 0.066916
vt 0.181637 0.068537
vt 0.322219 0.036254
vt 0.299088 0.013506
vt 0.315209 0.040957
vt 0.300618 0.150189
vt 0.322913 0.127599
vt 0.315988 0.123002
vt 0.295982 0.143373
vt 0.238845 0.162774
vt 0.271150 0.162864
vt 0.269461 0.154515
vt 0.240480 0.154506
vt 0.334767 0.097961
vt 0.326566 0.096341
vt 0.334723 0.065912
vt 0.326491 0.067525
vt 0.269057 0.001938
vt 0.237236 0.001938
vt 0.185287 0.037155
vt 0.192257 0.041779
vt 0.208944 0.150916
vt 0.213566 0.143911
vt 0.207753 0.014339
vt 0.212395 0.021290
vt 0.031250 0.339844
vt 0.000000 0.339844
vt 0.000000 0.347656
vt 0.031250 0.347656
vt 0.195312 0.414062
vt 0.226562 0.414062
vt 0.367188 0.414062
vt 0.394531 0.414062
vt 0.335938 0.414062
vt 0.421875 0.414062
vt 0.449219 0.414062
vt 0.167969 0.414062
vt 0.054688 0.414062
vt 0.253906 0.414062
vt 0.082171 0.159094
vt 0.093621 0.156552
vt 0.082168 0.152330
vt 0.070178 0.156315
vt 0.058408 0.121420
vt 0.074386 0.125065
vt 0.066520 0.117499
vt 0.054680 0.117276
vt 0.062704 0.144678
vt 0.073184 0.142342
vt 0.090855 0.142876
vt 0.089827 0.125091
vt 0.082318 0.132954
vt 0.082149 0.133014
vt 0.073404 0.142275
vt 0.097567 0.152618
vt 0.090972 0.142779
vt 0.082365 0.152424
vt 0.082215 0.132993
vt 0.066438 0.152368
vt 0.073202 0.142336
vt 0.073311 0.142253
vt 0.082030 0.152548
vt 0.091094 0.142781
vt 0.101713 0.144744
vt 0.105489 0.121106
vt 0.091110 0.142775
vt 0.097568 0.105894
vt 0.097673 0.090159
vt 0.089597 0.086401
vt 0.089872 0.098163
vt 0.066540 0.105841
vt 0.066339 0.090303
vt 0.054700 0.105454
vt 0.109446 0.117369
vt 0.109466 0.105744
vt 0.097548 0.117551
vt 0.074431 0.098137
vt 0.074428 0.086376
vt 0.082215 0.136007
vt 0.076283 0.142386
vt 0.082192 0.149413
vt 0.088058 0.142837
vt 0.082680 0.136564
vt 0.082394 0.133125
vt 0.072986 0.141659
vt 0.076586 0.142742
vt 0.076567 0.142062
vt 0.073180 0.142595
vt 0.083441 0.151034
vt 0.082833 0.148697
vt 0.081580 0.148655
vt 0.081030 0.150959
vt 0.091066 0.143228
vt 0.087752 0.142481
vt 0.087750 0.143160
vt 0.091375 0.142300
vt 0.082128 0.133090
vt 0.081767 0.136527
vt 0.082354 0.004712
vt 0.052317 0.010633
vt 0.112371 0.010735
vt 0.026833 0.027599
vt 0.137798 0.027788
vt 0.009781 0.053026
vt 0.154764 0.053272
vt 0.003757 0.083043
vt 0.160685 0.083309
vt 0.009679 0.113080
vt 0.154662 0.113326
vt 0.026644 0.138564
vt 0.137609 0.138753
vt 0.832031 0.804688
vt 0.832031 1.000000
vt 0.859375 1.000000
vt 0.859375 0.804688
vt 0.636719 0.804688
vt 0.636719 1.000000
vt 0.664062 1.000000
vt 0.664062 0.804688
vt 0.691406 1.000000
vt 0.691406 0.804688
vt 0.550781 0.804688
vt 0.550781 1.000000
vt 0.578125 1.000000
vt 0.578125 0.804688
vt 0.746094 0.804688
vt 0.746094 1.000000
vt 0.777344 1.000000
vt 0.777344 0.804688
vt 0.917969 0.804688
vt 0.917969 1.000000
vt 0.945312 1.000000
vt 0.945312 0.804688
vt 0.886719 1.000000
vt 0.886719 0.804688
vt 0.972656 1.000000
vt 0.972656 0.804688
vt 1.000000 1.000000
vt 1.000000 0.804688
vt 0.718750 1.000000
vt 0.718750 0.804688
vt 0.605469 1.000000
vt 0.605469 0.804688
vt 0.804688 0.804688
vt 0.804688 1.000000
vt 0.832031 0.609375
vt 0.859375 0.609375
vt 0.636719 0.609375
vt 0.664062 0.609375
vt 0.691406 0.609375
vt 0.550781 0.609375
vt 0.578125 0.609375
vt 0.746094 0.609375
vt 0.777344 0.609375
vt 0.917969 0.609375
vt 0.945312 0.609375
vt 0.886719 0.609375
vt 0.972656 0.609375
vt 1.000000 0.609375
vt 0.718750 0.609375
vt 0.605469 0.609375
vt 0.804688 0.609375
s 1
usemtl wooden_crate_7_3
f 7/1/1 3/2/1 4/3/1 8/4/1
f 5/5/2 7/6/2 8/7/2 6/8/2
f 1/9/3 5/10/3 6/11/3 2/12/3
f 1/9/4 3/2/4 7/1/4 5/10/4
f 53/13/5 54/14/5 49/15/5 52/16/5
f 6/17/6 8/4/6 4/3/6 2/18/6
f 36/19/6 35/20/6 33/21/6 34/22/6
f 10/23/6 9/24/6 13/25/6 14/26/6
f 55/27/7 56/28/7 50/29/7 51/30/7
f 38/31/1 40/32/1 36/33/1 34/34/1
f 55/27/3 51/30/3 49/15/3 54/14/3
f 11/35/8 9/36/8 10/37/8 12/38/8
f 19/39/2 17/40/2 18/41/2 20/42/2
f 17/43/3 19/44/3 23/45/3 21/46/3
f 38/47/4 37/48/4 39/49/4 40/50/4
f 41/51/8 32/52/8 30/53/8 45/54/8
f 47/55/2 48/56/2 25/57/2 26/58/2
f 43/59/2 27/60/2 28/61/2 44/62/2
f 23/63/6 19/64/6 20/65/6 24/66/6
f 40/32/8 39/67/8 52/68/8 49/69/8
f 36/33/8 51/70/8 50/71/8 35/72/8
f 27/60/2 43/59/2 47/55/2 26/58/2
f 54/73/2 38/31/2 34/34/2 55/74/2
f 9/24/3 11/75/3 15/76/3 13/25/3
f 38/31/2 54/73/2 53/77/2 37/78/2
f 34/34/2 33/62/2 56/79/2 55/74/2
f 45/54/8 30/53/8 31/80/8 46/81/8
f 41/51/8 42/82/8 29/83/8 32/52/8
f 43/84/4 44/85/4 42/86/4 41/87/4
f 40/32/8 49/69/8 51/70/8 36/33/8
f 26/88/3 30/89/3 32/90/3 27/91/3
f 15/92/4 11/93/4 12/94/4 16/95/4
f 43/59/1 41/51/1 45/54/1 47/55/1
f 3/96/8 1/97/8 2/6/8 4/98/8
f 26/88/7 25/99/7 31/100/7 30/89/7
f 45/101/6 46/102/6 48/103/6 47/104/6
f 28/105/5 27/91/5 32/90/5 29/106/5
f 21/107/8 23/108/8 24/109/8 22/110/8
f 14/111/2 13/112/2 15/113/2 16/114/2
f 14/26/1 16/95/1 12/94/1 10/23/1
f 22/115/1 24/66/1 20/65/1 18/116/1
f 17/43/4 21/46/4 22/115/4 18/116/4
f 80/117/3 88/118/3 85/119/3 83/120/3
f 84/121/4 83/122/4 85/123/4 86/124/4
f 69/125/2 68/126/2 66/127/2 67/128/2
f 63/129/2 62/130/2 64/131/2 65/132/2
f 64/133/4 60/134/4 61/135/4 65/136/4
f 70/137/8 57/138/8 71/139/8 72/140/8
f 58/141/3 60/142/3 64/143/3 62/144/3
f 73/145/8 77/146/8 78/147/8 74/148/8
f 66/149/3 68/150/3 71/151/3 57/152/3
f 77/153/6 87/154/6 79/123/6 78/122/6
f 58/141/6 62/144/6 63/155/6 59/156/6
f 60/157/8 58/158/8 59/159/8 61/160/8
f 84/161/1 86/162/1 82/163/1 81/164/1
f 66/149/4 57/152/4 70/165/4 67/166/4
f 87/167/2 75/118/2 76/168/2 79/169/2
f 88/170/6 80/171/6 81/172/6 82/173/6
f 78/147/1 79/169/1 76/168/1 74/148/1
f 77/146/3 73/145/3 75/81/3 87/174/3
f 70/165/1 72/175/1 69/176/1 67/166/1
f 86/162/8 85/177/8 88/178/8 82/163/8
f 71/179/6 68/180/6 69/176/6 72/175/6
f 80/117/2 83/120/2 84/161/2 81/164/2
f 63/155/1 65/136/1 61/135/1 59/156/1
f 75/181/4 73/182/4 74/183/4 76/184/4
f 95/185/1 91/186/1 92/187/1 96/188/1
f 93/189/2 95/181/2 96/190/2 94/191/2
f 89/192/3 93/193/3 94/194/3 90/195/3
f 89/192/4 91/186/4 95/185/4 93/193/4
f 94/196/6 96/188/6 92/187/6 90/197/6
f 91/181/8 89/189/8 90/198/8 92/199/8
f 103/200/1 99/201/1 100/202/1 104/203/1
f 101/204/2 103/205/2 104/206/2 102/207/2
f 97/208/3 101/209/3 102/210/3 98/211/3
f 97/208/4 99/201/4 103/200/4 101/209/4
f 102/194/6 104/203/6 100/202/6 98/212/6
f 99/213/8 97/198/8 98/214/8 100/215/8
f 111/216/1 107/217/1 108/218/1 112/219/1
f 109/220/2 111/221/2 112/222/2 110/223/2
f 105/224/3 109/225/3 110/211/3 106/226/3
f 105/224/4 107/217/4 111/216/4 109/225/4
f 110/227/6 112/219/6 108/218/6 106/228/6
f 107/221/8 105/229/8 106/230/8 108/96/8
f 119/231/1 115/232/1 116/233/1 120/234/1
f 117/235/2 119/236/2 120/237/2 118/238/2
f 113/239/3 117/240/3 118/241/3 114/242/3
f 113/239/4 115/232/4 119/231/4 117/240/4
f 118/243/6 120/234/6 116/233/6 114/76/6
f 115/244/8 113/114/8 114/191/8 116/190/8
f 140/245/1 136/235/1 138/246/1
f 146/247/1 142/248/1 144/249/1
f 151/250/1 148/251/1 150/252/1
f 156/253/1 153/254/1 155/255/1
f 128/256/3 145/257/3 133/258/3 131/259/3
f 154/260/4 123/261/4 156/262/4 155/263/4
f 132/264/4 131/265/4 133/266/4 134/267/4
f 141/268/9 143/269/9 144/270/9 142/271/9
f 123/272/8 152/273/8 153/274/8 156/275/8
f 147/276/10 149/277/10 150/278/10 148/279/10
f 146/280/2 145/281/2 141/268/2 142/271/2
f 121/282/8 125/283/8 126/284/8 122/285/8
f 125/286/6 139/287/6 127/288/6 126/289/6
f 149/277/2 133/290/2 151/275/2 150/278/2
f 132/291/1 134/292/1 130/293/1 129/294/1
f 133/295/4 147/262/4 148/261/4 151/296/4
f 143/263/6 145/297/6 146/178/6 144/260/6
f 139/298/2 123/299/2 124/300/2 127/301/2
f 137/302/8 139/303/8 140/304/8 138/305/8
f 145/237/6 128/306/6 129/307/6 130/308/6
f 135/309/11 137/302/11 138/305/11 136/276/11
f 126/284/1 127/301/1 124/300/1 122/285/1
f 125/283/3 121/282/3 123/310/3 139/311/3
f 139/312/6 135/313/6 136/314/6 140/252/6
f 152/273/12 154/315/12 155/316/12 153/274/12
f 134/292/8 133/317/8 145/318/8 130/293/8
f 128/256/2 131/259/2 132/291/2 129/294/2
f 123/319/4 121/320/4 122/321/4 124/265/4
f 169/322/2 168/323/2 166/324/2 167/325/2
f 163/326/2 162/327/2 164/328/2 165/236/2
f 164/329/4 160/330/4 161/331/4 165/332/4
f 170/333/8 157/334/8 171/335/8 172/336/8
f 158/64/6 162/337/6 163/338/6 159/339/6
f 160/340/8 158/341/8 159/172/8 161/342/8
f 166/343/4 157/344/4 170/345/4 167/346/4
f 170/345/1 172/347/1 169/348/1 167/346/1
f 171/349/6 168/133/6 169/348/6 172/347/6
f 163/338/1 165/332/1 161/331/1 159/339/1
f 52/16/3 39/350/3 37/351/3 53/13/3
f 33/352/3 35/353/3 50/29/3 56/28/3
f 25/99/3 48/354/3 46/355/3 31/100/3
f 44/356/3 28/105/3 29/106/3 42/357/3
usemtl glass_bottles_1
f 180/358/13 315/359/14 312/360/15 178/361/16
f 236/362/17 271/363/18 270/364/19 233/365/20
f 185/366/21 183/367/22 214/368/23 213/369/24
f 191/370/25 207/371/26 206/372/27 190/373/28
f 181/374/29 179/375/30 216/376/31 215/377/32
f 187/378/33 185/366/21 213/369/24 217/379/34
f 177/380/35 175/381/36 219/382/37 218/383/38
f 183/367/22 181/374/29 215/377/32 214/368/23
f 173/384/39 187/378/33 217/379/34 220/385/40
f 175/381/36 173/384/39 220/385/40 219/382/37
f 179/375/30 177/380/35 218/383/38 216/376/31
f 218/383/38 207/371/41 208/386/42 216/376/31
f 245/387/43 274/388/44 273/363/45 242/362/46
f 254/389/47 177/390/35 179/391/30 255/392/48
f 310/360/49 313/359/50 244/393/51 241/394/52
f 273/363/45 274/388/44 221/395/53 224/396/54
f 274/388/44 275/363/55 222/396/56 221/395/53
f 273/363/45 224/396/54 223/397/57 272/364/58
f 238/398/59 315/399/14 310/360/49 241/394/52
f 266/400/60 201/401/61 200/402/62 262/403/63
f 268/403/64 204/402/65 203/401/66 265/400/67
f 261/404/68 202/405/69 201/401/61 266/400/60
f 267/400/70 199/401/71 198/402/72 263/403/73
f 262/404/63 200/405/62 199/401/71 267/400/70
f 311/359/74 314/360/75 229/394/76 250/393/77
f 263/403/73 198/402/72 197/401/78 264/400/79
f 190/373/28 206/372/27 205/406/80 189/407/81
f 192/408/82 208/386/83 207/371/26 191/370/25
f 193/409/84 209/410/85 208/386/83 192/408/82
f 194/411/86 210/412/87 209/410/85 193/409/84
f 195/413/88 211/414/89 210/412/87 194/411/86
f 196/415/90 212/416/91 211/414/89 195/413/88
f 264/400/79 197/401/78 204/405/65 268/404/64
f 239/387/92 272/388/58 271/363/18 236/362/17
f 278/417/93 254/418/93 255/419/94 279/420/94
f 239/421/92 242/362/46 273/363/45 272/364/58
f 277/422/95 253/423/95 254/424/93 278/425/93
f 248/362/96 275/363/55 274/388/44 245/387/43
f 275/363/55 276/364/97 227/397/98 222/396/56
f 175/426/36 177/390/35 254/389/47 253/427/99
f 244/393/51 313/359/50 316/360/100 247/394/101
f 235/394/102 312/360/15 315/359/14 238/393/59
f 229/394/76 314/360/75 309/399/103 232/398/104
f 270/364/19 271/363/18 226/396/105 225/397/106
f 220/385/40 205/406/107 206/372/108 219/382/37
f 309/399/103 312/360/15 235/394/102 232/398/104
f 265/400/67 203/401/66 202/405/69 261/404/68
f 251/365/109 276/364/97 275/363/55 248/362/96
f 217/379/34 212/416/110 205/406/107 220/385/40
f 219/382/37 206/372/108 207/371/41 218/383/38
f 215/377/32 209/410/111 210/412/112 214/368/23
f 213/369/24 211/414/113 212/416/110 217/379/34
f 178/361/16 312/360/15 309/399/103 176/428/114
f 216/376/31 208/386/42 209/410/111 215/377/32
f 214/368/23 210/412/112 211/414/113 213/369/24
f 238/393/59 240/429/115 237/430/116 235/394/102
f 188/358/117 283/431/118 284/432/119 174/361/120
f 186/361/121 282/432/122 283/433/118 188/428/117
f 232/398/104 234/434/123 231/430/124 229/394/76
f 192/408/82 191/370/25 190/373/28 193/409/84
f 184/358/125 281/431/126 282/432/122 186/361/121
f 259/392/127 187/391/33 173/390/39 260/389/128
f 182/361/129 280/432/130 281/431/126 184/358/125
f 258/389/131 185/390/21 187/426/33 259/435/127
f 180/428/13 279/436/94 280/432/130 182/361/129
f 257/392/132 183/391/22 185/390/21 258/389/131
f 189/407/81 205/406/80 212/416/91 196/415/90
f 256/389/133 181/390/29 183/391/22 257/392/132
f 255/427/48 179/426/30 181/390/29 256/389/133
f 194/411/86 189/407/81 196/415/90 195/413/88
f 234/437/123 233/365/20 230/362/134 231/430/124
f 235/394/102 237/430/116 234/434/123 232/398/104
f 237/430/116 236/362/17 233/365/20 234/437/123
f 233/365/20 270/364/19 269/363/135 230/362/134
f 240/438/115 239/387/92 236/362/17 237/430/116
f 241/394/52 243/430/136 240/434/115 238/398/59
f 243/430/136 242/362/46 239/421/92 240/437/115
f 244/393/51 246/429/137 243/430/136 241/394/52
f 246/438/137 245/387/43 242/362/46 243/430/136
f 247/394/101 249/430/138 246/429/137 244/393/51
f 249/430/138 248/362/96 245/387/43 246/438/137
f 250/398/77 252/434/139 249/430/138 247/394/101
f 252/437/139 251/365/109 248/362/96 249/430/138
f 229/394/76 231/430/124 252/429/139 250/393/77
f 231/430/124 230/362/134 251/387/109 252/438/139
f 276/388/97 269/363/135 228/396/140 227/395/98
f 277/436/95 176/428/114 174/361/120 284/432/119
f 173/390/39 175/426/36 253/427/99 260/389/128
f 225/397/106 263/403/73 264/400/79 228/396/140
f 228/396/140 264/400/79 268/404/64 227/395/98
f 230/362/134 269/363/135 276/388/97 251/387/109
f 222/396/56 265/400/67 261/404/68 221/395/53
f 269/363/135 270/364/19 225/397/106 228/396/140
f 224/396/54 266/400/60 262/403/63 223/397/57
f 227/397/98 268/403/64 265/400/67 222/396/56
f 221/395/53 261/404/68 266/400/60 224/396/54
f 226/396/105 267/400/70 263/403/73 225/397/106
f 223/395/57 262/404/63 267/400/70 226/396/105
f 271/363/18 272/388/58 223/395/57 226/396/105
f 260/439/119 253/423/95 277/422/95 284/440/119
f 279/420/94 255/419/94 256/439/130 280/440/130
f 280/440/130 256/439/130 257/423/126 281/422/126
f 281/422/126 257/423/126 258/424/122 282/425/122
f 282/417/122 258/418/122 259/419/118 283/420/118
f 283/420/118 259/419/118 260/439/119 284/440/119
f 176/428/114 277/436/95 278/441/93 178/361/16
f 178/361/16 278/441/93 279/431/94 180/358/13
f 291/442/141 292/443/142 302/444/142 301/445/141
f 302/446/143 300/447/143 299/448/144 301/449/144
f 285/450/145 292/451/146 291/452/147 290/453/148 289/454/149 288/455/150 287/456/151 286/457/152
f 289/458/153 290/459/154 304/460/154 303/461/153
f 287/442/155 288/443/156 306/444/156 305/445/155
f 285/458/157 286/459/158 308/460/158 307/461/157
f 292/443/142 285/458/157 307/461/157 302/444/142
f 290/459/154 291/462/141 301/463/141 304/460/154
f 288/443/156 289/458/153 303/461/153 306/444/156
f 286/459/158 287/462/155 305/463/155 308/460/158
f 305/464/159 295/465/159 294/466/160 308/467/160
f 303/468/161 297/469/161 296/470/162 306/471/162
f 308/467/160 294/466/160 293/472/163 307/473/163
f 301/449/144 299/448/144 298/474/164 304/475/164
f 307/473/163 293/472/163 300/447/143 302/446/143
f 306/471/162 296/470/162 295/465/159 305/464/159
f 304/475/164 298/474/164 297/469/161 303/468/161
f 293/472/1 294/466/1 295/465/1 296/470/1 297/469/1 298/474/1 299/448/1 300/447/1
f 184/358/125 313/359/50 310/360/49 182/361/129
f 174/361/120 314/360/75 311/359/74 188/358/117
f 174/361/120 176/428/114 309/399/103 314/360/75
f 186/361/121 316/360/100 313/359/50 184/358/125
f 182/361/129 310/360/49 315/399/14 180/428/13
f 188/428/117 311/399/74 316/360/100 186/361/121
f 193/409/84 190/373/28 189/407/81 194/411/86
f 247/394/101 316/360/100 311/399/74 250/398/77
f 324/476/165 459/477/166 456/478/167 322/479/168
f 380/480/169 415/481/170 414/482/171 377/483/172
f 329/484/173 327/485/174 358/486/175 357/487/176
f 335/488/177 351/489/178 350/490/179 334/491/180
f 325/492/181 323/493/182 360/494/183 359/495/184
f 331/496/185 329/484/173 357/487/176 361/497/186
f 321/498/187 319/499/188 363/500/189 362/501/190
f 327/485/174 325/492/181 359/495/184 358/486/175
f 317/502/191 331/496/185 361/497/186 364/503/192
f 319/499/188 317/502/191 364/503/192 363/500/189
f 323/493/182 321/498/187 362/501/190 360/494/183
f 362/501/190 351/489/193 352/504/194 360/494/183
f 389/505/195 418/506/196 417/481/197 386/480/198
f 398/507/199 321/508/187 323/509/182 399/510/200
f 454/478/201 457/477/202 388/511/203 385/512/204
f 417/481/197 418/506/196 365/513/205 368/514/206
f 418/506/196 419/481/207 366/514/208 365/513/205
f 417/481/197 368/514/206 367/515/209 416/482/210
f 382/516/211 459/517/166 454/478/201 385/512/204
f 410/518/212 345/519/213 344/520/214 406/521/215
f 412/521/216 348/520/217 347/519/218 409/518/219
f 405/522/220 346/523/221 345/519/213 410/518/212
f 411/518/222 343/519/223 342/520/224 407/521/225
f 406/522/215 344/523/214 343/519/223 411/518/222
f 455/477/226 458/478/227 373/512/228 394/511/229
f 407/521/225 342/520/224 341/519/230 408/518/231
f 334/491/180 350/490/179 349/524/232 333/525/233
f 336/526/234 352/504/235 351/489/178 335/488/177
f 337/527/236 353/528/237 352/504/235 336/526/234
f 338/529/238 354/530/239 353/528/237 337/527/236
f 339/531/240 355/532/241 354/530/239 338/529/238
f 340/533/242 356/534/243 355/532/241 339/531/240
f 408/518/231 341/519/230 348/523/217 412/522/216
f 383/505/244 416/506/210 415/481/170 380/480/169
f 422/535/245 398/536/245 399/537/246 423/538/246
f 383/539/244 386/480/198 417/481/197 416/482/210
f 421/540/247 397/541/247 398/542/245 422/543/245
f 392/480/248 419/481/207 418/506/196 389/505/195
f 419/481/207 420/482/249 371/515/250 366/514/208
f 319/544/188 321/508/187 398/507/199 397/545/251
f 388/511/203 457/477/202 460/478/252 391/512/253
f 379/512/254 456/478/167 459/477/166 382/511/211
f 373/512/228 458/478/227 453/517/255 376/516/256
f 414/482/171 415/481/170 370/514/257 369/515/258
f 364/503/192 349/524/259 350/490/260 363/500/189
f 453/517/255 456/478/167 379/512/254 376/516/256
f 409/518/219 347/519/218 346/523/221 405/522/220
f 395/483/261 420/482/249 419/481/207 392/480/248
f 361/497/186 356/534/262 349/524/259 364/503/192
f 363/500/189 350/490/260 351/489/193 362/501/190
f 359/495/184 353/528/263 354/530/264 358/486/175
f 357/487/176 355/532/265 356/534/262 361/497/186
f 322/479/168 456/478/167 453/517/255 320/546/266
f 360/494/183 352/504/194 353/528/263 359/495/184
f 358/486/175 354/530/264 355/532/265 357/487/176
f 382/511/211 384/547/267 381/548/268 379/512/254
f 332/476/269 427/549/270 428/550/271 318/479/272
f 330/479/273 426/550/274 427/551/270 332/546/269
f 376/516/256 378/552/275 375/548/276 373/512/228
f 328/476/277 425/549/278 426/550/274 330/479/273
f 403/510/279 331/509/185 317/508/191 404/507/280
f 326/479/281 424/550/282 425/549/278 328/476/277
f 402/507/283 329/508/173 331/544/185 403/553/279
f 324/546/165 423/554/246 424/550/282 326/479/281
f 401/510/284 327/509/174 329/508/173 402/507/283
f 333/525/233 349/524/232 356/534/243 340/533/242
f 400/507/285 325/508/181 327/509/174 401/510/284
f 399/545/200 323/544/182 325/508/181 400/507/285
f 338/529/238 333/525/233 340/533/242 339/531/240
f 378/555/275 377/483/172 374/480/286 375/548/276
f 379/512/254 381/548/268 378/552/275 376/516/256
f 381/548/268 380/480/169 377/483/172 378/555/275
f 377/483/172 414/482/171 413/481/287 374/480/286
f 384/556/267 383/505/244 380/480/169 381/548/268
f 385/512/204 387/548/288 384/552/267 382/516/211
f 387/548/288 386/480/198 383/539/244 384/555/267
f 388/511/203 390/547/289 387/548/288 385/512/204
f 390/556/289 389/505/195 386/480/198 387/548/288
f 391/512/253 393/548/290 390/547/289 388/511/203
f 393/548/290 392/480/248 389/505/195 390/556/289
f 394/516/229 396/552/291 393/548/290 391/512/253
f 396/555/291 395/483/261 392/480/248 393/548/290
f 373/512/228 375/548/276 396/547/291 394/511/229
f 375/548/276 374/480/286 395/505/261 396/556/291
f 420/506/249 413/481/287 372/514/292 371/513/250
f 421/554/247 320/546/266 318/479/272 428/550/271
f 317/508/191 319/544/188 397/545/251 404/507/280
f 369/515/258 407/521/225 408/518/231 372/514/292
f 372/514/292 408/518/231 412/522/216 371/513/250
f 374/480/286 413/481/287 420/506/249 395/505/261
f 366/514/208 409/518/219 405/522/220 365/513/205
f 413/481/287 414/482/171 369/515/258 372/514/292
f 368/514/206 410/518/212 406/521/215 367/515/209
f 371/515/250 412/521/216 409/518/219 366/514/208
f 365/513/205 405/522/220 410/518/212 368/514/206
f 370/514/257 411/518/222 407/521/225 369/515/258
f 367/513/209 406/522/215 411/518/222 370/514/257
f 415/481/170 416/506/210 367/513/209 370/514/257
f 404/557/271 397/541/247 421/540/247 428/558/271
f 423/538/246 399/537/246 400/557/282 424/558/282
f 424/558/282 400/557/282 401/541/278 425/540/278
f 425/540/278 401/541/278 402/542/274 426/543/274
f 426/535/274 402/536/274 403/537/270 427/538/270
f 427/538/270 403/537/270 404/557/271 428/558/271
f 320/546/266 421/554/247 422/559/245 322/479/168
f 322/479/168 422/559/245 423/549/246 324/476/165
f 435/560/293 436/561/294 446/562/294 445/563/293
f 446/564/295 444/565/295 443/566/296 445/567/296
f 429/568/297 436/569/298 435/570/299 434/571/300 433/572/301 432/573/302 431/574/303 430/575/304
f 433/576/305 434/577/306 448/578/306 447/579/305
f 431/560/307 432/561/308 450/562/308 449/563/307
f 429/576/309 430/577/310 452/578/310 451/579/309
f 436/561/294 429/576/309 451/579/309 446/562/294
f 434/577/306 435/580/293 445/581/293 448/578/306
f 432/561/308 433/576/305 447/579/305 450/562/308
f 430/577/310 431/580/307 449/581/307 452/578/310
f 449/582/311 439/583/311 438/584/312 452/585/312
f 447/586/313 441/587/313 440/588/314 450/589/314
f 452/585/312 438/584/312 437/590/315 451/591/315
f 445/567/296 443/566/296 442/592/316 448/593/316
f 451/591/315 437/590/315 444/565/295 446/564/295
f 450/589/314 440/588/314 439/583/311 449/582/311
f 448/593/316 442/592/316 441/587/313 447/586/313
f 437/590/1 438/584/1 439/583/1 440/588/1 441/587/1 442/592/1 443/566/1 444/565/1
f 328/476/277 457/477/202 454/478/201 326/479/281
f 318/479/272 458/478/227 455/477/226 332/476/269
f 318/479/272 320/546/266 453/517/255 458/478/227
f 330/479/273 460/478/252 457/477/202 328/476/277
f 326/479/281 454/478/201 459/517/166 324/546/165
f 332/546/269 455/517/226 460/478/252 330/479/273
f 391/512/253 460/478/252 455/517/226 394/516/229
f 337/527/236 334/491/180 333/525/233 338/529/238
f 336/526/234 335/488/177 334/491/180 337/527/236
f 534/695/353 533/696/353 532/697/353
f 535/702/353 534/695/353 532/697/353 531/722/353
f 536/714/353 535/702/353 531/722/353 530/718/353
f 537/712/353 536/714/353 530/718/353 529/699/353
f 538/705/353 537/712/353 529/699/353 528/619/353
f 527/618/353 539/706/353 538/705/353 528/619/353
f 526/720/353 540/709/353 539/706/353 527/618/353
f 525/710/353 540/709/353 526/720/353
f 704/695/3 703/696/3 702/697/3
f 705/702/3 704/695/3 702/697/3 701/722/3
f 706/714/3 705/702/3 701/722/3 700/718/3
f 707/712/3 706/714/3 700/718/3 699/699/3
f 708/705/3 707/712/3 699/699/3 698/619/3
f 697/618/3 709/706/3 708/705/3 698/619/3
f 696/720/3 710/709/3 709/706/3 697/618/3
f 695/710/3 710/709/3 696/720/3
f 874/930/3 873/931/3 872/932/3
f 875/937/3 874/930/3 872/932/3 871/957/3
f 876/949/3 875/937/3 871/957/3 870/953/3
f 877/947/3 876/949/3 870/953/3 869/934/3
f 878/940/3 877/947/3 869/934/3 868/857/3
f 867/856/3 879/941/3 878/940/3 868/857/3
f 866/955/3 880/944/3 879/941/3 867/856/3
f 865/945/3 880/944/3 866/955/3
f 1044/695/3 1043/696/3 1042/697/3
f 1045/702/3 1044/695/3 1042/697/3 1041/722/3
f 1046/714/3 1045/702/3 1041/722/3 1040/718/3
f 1047/712/3 1046/714/3 1040/718/3 1039/699/3
f 1048/705/3 1047/712/3 1039/699/3 1038/619/3
f 1037/618/3 1049/706/3 1048/705/3 1038/619/3
f 1036/720/3 1050/709/3 1049/706/3 1037/618/3
f 1035/710/3 1050/709/3 1036/720/3
f 1214/695/3 1213/696/3 1212/697/3
f 1215/702/3 1214/695/3 1212/697/3 1211/722/3
f 1216/714/3 1215/702/3 1211/722/3 1210/718/3
f 1217/712/3 1216/714/3 1210/718/3 1209/699/3
f 1218/705/3 1217/712/3 1209/699/3 1208/619/3
f 1207/618/3 1219/706/3 1218/705/3 1208/619/3
f 1206/720/3 1220/709/3 1219/706/3 1207/618/3
f 1205/710/3 1220/709/3 1206/720/3
f 1384/930/3 1383/931/3 1382/932/3
f 1385/937/3 1384/930/3 1382/932/3 1381/957/3
f 1386/949/3 1385/937/3 1381/957/3 1380/953/3
f 1387/947/3 1386/949/3 1380/953/3 1379/934/3
f 1388/940/3 1387/947/3 1379/934/3 1378/857/3
f 1377/856/3 1389/941/3 1388/940/3 1378/857/3
f 1376/955/3 1390/944/3 1389/941/3 1377/856/3
f 1375/945/3 1390/944/3 1376/955/3
f 1554/930/1006 1553/931/1006 1552/932/1006
f 1555/937/1006 1554/930/1006 1552/932/1006 1551/957/1006
f 1556/949/1006 1555/937/1006 1551/957/1006 1550/953/1006
f 1557/947/1006 1556/949/1006 1550/953/1006 1549/934/1006
f 1558/940/1006 1557/947/1006 1549/934/1006 1548/857/1006
f 1547/856/1006 1559/941/1006 1558/940/1006 1548/857/1006
f 1546/955/1006 1560/944/1006 1559/941/1006 1547/856/1006
f 1545/945/1006 1560/944/1006 1546/955/1006
f 1724/695/1116 1723/696/1116 1722/697/1116
f 1725/702/1116 1724/695/1116 1722/697/1116 1721/722/1116
f 1726/714/1116 1725/702/1116 1721/722/1116 1720/718/1116
f 1727/712/1116 1726/714/1116 1720/718/1116 1719/699/1116
f 1728/705/1116 1727/712/1116 1719/699/1116 1718/619/1116
f 1717/618/1116 1729/706/1116 1728/705/1116 1718/619/1116
f 1716/720/1116 1730/709/1116 1729/706/1116 1717/618/1116
f 1715/710/1116 1730/709/1116 1716/720/1116
f 1894/695/3 1893/696/3 1892/697/3
f 1895/702/3 1894/695/3 1892/697/3 1891/722/3
f 1896/714/3 1895/702/3 1891/722/3 1890/718/3
f 1897/712/3 1896/714/3 1890/718/3 1889/699/3
f 1898/705/3 1897/712/3 1889/699/3 1888/619/3
f 1887/618/3 1899/706/3 1898/705/3 1888/619/3
f 1886/720/3 1900/709/3 1899/706/3 1887/618/3
f 1885/710/3 1900/709/3 1886/720/3
usemtl canned_foods_mp_1
f 543/594/317 479/595/317 477/596/318 542/597/318
f 544/598/319 480/599/319 479/595/317 543/594/317
f 517/600/320 564/601/321 563/597/322 516/596/323
f 558/602/317 543/603/317 542/604/318 557/605/318
f 515/595/324 562/594/325 561/598/326 514/599/327
f 548/606/322 484/607/322 483/608/325 547/609/325
f 549/601/321 485/600/321 484/607/322 548/606/322
f 550/597/328 486/596/328 485/600/321 549/601/321
f 551/594/329 487/595/329 486/596/328 550/597/328
f 553/610/330 489/611/330 488/599/331 552/598/331
f 565/612/328 550/613/328 549/614/321 564/615/321
f 512/616/332 511/617/333 527/618/334 528/619/335
f 564/615/321 549/614/321 548/620/322 563/621/322
f 478/622/336 461/623/336 476/624/336 492/625/336
f 487/626/336 488/627/336 472/628/336 471/629/336
f 489/630/336 473/631/336 472/628/336 488/627/336
f 479/632/336 480/633/336 464/634/336 463/635/336
f 491/636/336 492/625/336 476/624/336 475/637/336
f 478/622/336 477/638/336 462/639/336 461/623/336
f 485/640/336 469/641/336 468/642/336 484/643/336
f 477/638/336 479/632/336 463/635/336 462/639/336
f 483/644/336 467/645/336 466/646/336 482/647/336
f 485/640/336 486/648/336 470/649/336 469/641/336
f 568/650/330 553/651/330 552/652/331 567/653/331
f 502/654/337 470/655/337 471/656/338 503/657/338
f 495/658/339 493/659/340 462/660/340 463/661/339
f 508/662/341 476/663/341 461/664/342 494/665/342
f 503/657/338 471/656/338 472/666/343 504/667/343
f 493/659/340 494/665/342 461/664/342 462/660/340
f 500/668/344 468/669/344 469/670/345 501/671/345
f 500/668/344 499/672/346 467/673/346 468/669/344
f 502/654/337 501/671/345 469/670/345 470/655/337
f 507/674/347 506/675/348 474/676/348 475/677/347
f 499/672/346 498/678/349 466/679/349 467/673/346
f 506/675/348 505/680/350 473/681/350 474/676/348
f 507/674/347 475/677/347 476/663/341 508/662/341
f 505/680/350 504/667/343 472/666/343 473/681/350
f 498/678/349 497/682/351 465/683/351 466/679/349
f 495/658/339 463/661/339 464/684/352 496/685/352
f 481/686/336 482/647/336 466/646/336 465/687/336
f 489/688/336 490/689/336 474/690/336 473/691/336
f 481/686/336 465/687/336 464/634/336 480/633/336
f 491/636/336 475/637/336 474/690/336 490/689/336
f 502/692/336 500/693/336 501/694/336
f 513/698/354 512/616/332 528/619/335 529/699/355
f 519/700/356 518/701/357 534/695/358 535/702/359
f 523/703/360 522/704/361 538/705/362 539/706/363
f 509/707/364 524/708/365 540/709/366 525/710/367
f 522/704/361 521/711/368 537/712/369 538/705/362
f 520/713/370 519/700/356 535/702/359 536/714/371
f 517/715/320 516/716/323 532/697/372 533/696/373
f 514/717/327 513/698/354 529/699/355 530/718/374
f 510/719/375 509/707/364 525/710/367 526/720/376
f 516/716/323 515/721/324 531/722/377 532/697/372
f 523/703/360 539/706/363 540/709/366 524/708/365
f 517/715/320 533/696/373 534/695/358 518/701/357
f 521/711/368 520/713/370 536/714/371 537/712/369
f 515/721/324 514/717/327 530/718/374 531/722/377
f 511/617/333 510/719/375 526/720/376 527/618/334
f 483/644/336 484/643/336 468/642/336 467/645/336
f 486/648/336 487/626/336 471/629/336 470/649/336
f 518/607/357 565/606/328 564/601/321 517/600/320
f 482/723/326 481/724/378 545/725/378 546/726/326
f 561/727/326 546/728/326 545/729/378 560/730/378
f 571/731/379 556/732/379 555/733/380 570/734/380
f 556/606/379 492/607/379 491/608/380 555/609/380
f 557/605/318 542/604/318 541/735/381 572/736/381
f 554/726/382 490/723/382 489/724/330 553/725/330
f 572/736/381 541/735/381 556/732/379 571/731/379
f 570/734/380 555/733/380 554/737/382 569/738/382
f 569/738/382 554/737/382 553/739/330 568/740/330
f 563/621/322 548/620/322 547/741/325 562/742/325
f 519/608/356 566/609/329 565/606/328 518/607/357
f 562/742/325 547/741/325 546/728/326 561/727/326
f 522/599/361 569/598/382 568/610/330 521/611/368
f 570/594/380 569/598/382 522/599/361 523/595/360
f 568/725/330 567/726/331 520/723/370 521/724/368
f 516/596/323 563/597/322 562/594/325 515/595/324
f 545/610/378 481/611/378 480/599/319 544/598/319
f 509/600/364 572/601/381 571/597/379 524/596/365
f 514/599/327 561/598/326 560/610/378 513/611/354
f 512/723/332 559/726/319 558/609/317 511/608/333
f 513/724/354 560/725/378 559/726/319 512/723/332
f 524/596/365 571/597/379 570/594/380 523/595/360
f 511/608/333 558/609/317 557/606/318 510/607/375
f 547/609/325 483/608/325 482/723/326 546/726/326
f 567/653/331 552/652/331 551/743/329 566/744/329
f 510/607/375 557/606/318 572/601/381 509/600/364
f 559/745/319 544/746/319 543/603/317 558/602/317
f 555/609/380 491/608/380 490/723/382 554/726/382
f 560/730/378 545/729/378 544/746/319 559/745/319
f 542/597/318 477/596/318 478/600/381 541/601/381
f 541/601/381 478/600/381 492/607/379 556/606/379
f 552/598/331 488/599/331 487/595/329 551/594/329
f 520/723/370 567/726/331 566/609/329 519/608/356
f 566/744/329 551/743/329 550/613/328 565/612/328
f 496/685/352 464/684/352 465/683/351 497/682/351
f 607/747/383 608/748/384 615/749/385 606/750/386
f 603/751/387 620/752/388 619/753/336 602/754/336
f 604/755/389 627/756/390 620/752/388 603/751/387
f 630/757/391 621/758/392 624/759/393
f 624/760/393 620/752/388 627/761/390
f 609/762/394 630/763/391 615/764/385 608/748/384
f 620/752/388 624/765/393 621/758/392
f 605/766/395 627/767/390 604/755/389
f 627/768/390 605/766/395 606/750/386 615/769/385
f 630/770/391 609/762/394 610/771/396
f 610/771/396 611/772/397 621/758/392 630/773/391
f 623/774/336 614/775/336 598/776/336 616/777/336
f 618/778/336 600/779/336 601/780/336
f 612/781/336 613/782/336 623/774/336 622/783/336
f 612/781/336 622/783/336 621/758/392 611/772/397
f 614/775/336 623/774/336 613/782/336
f 619/753/336 618/778/336 601/780/336 602/754/336
f 606/750/398 605/766/399 580/766/399 581/750/398
f 607/747/400 606/750/398 581/750/398 582/747/400
f 608/748/401 607/747/400 582/747/400 583/748/401
f 616/777/402 617/784/403 591/784/403 590/777/402
f 609/762/404 608/748/401 583/748/401 584/762/404
f 612/781/405 611/772/406 586/772/406 587/781/405
f 623/774/407 616/777/402 590/777/402 597/774/407
f 617/784/403 618/778/408 592/778/408 591/784/403
f 610/771/409 609/762/404 584/762/404 585/771/409
f 604/755/410 603/751/411 578/751/411 579/755/412
f 619/753/413 620/752/414 594/752/414 593/753/413
f 605/766/399 604/755/410 579/755/412 580/766/399
f 599/785/415 598/776/416 573/776/416 574/785/415
f 599/785/415 574/785/415 575/779/417 600/779/417
f 622/783/418 623/774/407 597/774/407 596/783/418
f 620/752/414 621/758/419 595/758/419 594/752/414
f 601/780/420 600/779/417 575/779/417 576/780/420
f 616/777/336 598/776/336 599/785/336 617/784/336
f 614/775/421 613/782/422 588/782/422 589/775/421
f 621/758/419 622/783/418 596/783/418 595/758/419
f 612/781/405 587/781/405 588/782/422 613/782/422
f 602/754/423 601/780/420 576/780/420 577/754/423
f 598/776/416 614/775/421 589/775/421 573/776/416
f 603/751/411 602/754/423 577/754/423 578/751/411
f 619/753/413 593/753/413 592/778/408 618/778/408
f 611/772/406 610/771/409 585/771/409 586/772/406
f 625/786/336 626/787/336 628/788/336 629/789/336
f 625/790/424 624/791/424 627/792/425 626/793/425
f 626/794/425 627/795/425 615/796/426 628/797/426
f 628/798/426 615/799/426 630/800/427 629/801/427
f 629/802/427 630/803/427 624/804/424 625/805/424
f 600/779/336 618/778/336 617/784/336 599/785/336
f 494/806/336 493/807/336 508/808/336
f 508/808/336 493/807/336 495/809/336 507/810/336
f 507/810/336 495/809/336 496/811/336 506/812/336
f 506/812/336 496/811/336 497/813/336 505/814/336
f 505/814/336 497/813/336 498/815/336 504/816/336
f 504/816/336 498/815/336 499/817/336 503/818/336
f 503/818/336 499/817/336 500/693/336 502/692/336
f 713/594/428 649/595/428 647/596/429 712/597/429
f 714/598/430 650/599/430 649/595/428 713/594/428
f 687/600/431 734/601/432 733/597/433 686/596/434
f 728/819/428 713/602/428 712/605/429 727/820/429
f 685/595/435 732/594/436 731/598/437 684/599/438
f 718/606/433 654/607/433 653/608/436 717/609/436
f 719/601/432 655/600/432 654/607/433 718/606/433
f 720/597/439 656/596/439 655/600/432 719/601/432
f 721/594/440 657/595/440 656/596/439 720/597/439
f 723/610/441 659/611/441 658/599/442 722/598/442
f 735/821/439 720/612/439 719/615/432 734/822/432
f 682/616/443 681/617/444 697/618/445 698/619/446
f 734/822/432 719/615/432 718/621/433 733/823/433
f 648/622/1 631/623/1 646/624/1 662/625/1
f 657/626/1 658/627/1 642/628/1 641/629/1
f 659/630/1 643/631/1 642/628/1 658/627/1
f 649/632/1 650/633/1 634/634/1 633/635/1
f 661/636/1 662/625/1 646/624/1 645/637/1
f 648/622/1 647/638/1 632/639/1 631/623/1
f 655/640/1 639/641/1 638/642/1 654/643/1
f 647/638/1 649/632/1 633/635/1 632/639/1
f 653/644/1 637/645/1 636/646/1 652/647/1
f 655/640/1 656/648/1 640/649/1 639/641/1
f 738/824/441 723/650/441 722/653/442 737/825/442
f 672/654/447 640/655/447 641/656/448 673/657/448
f 665/658/449 663/659/450 632/660/450 633/661/449
f 678/662/451 646/663/451 631/664/452 664/665/452
f 673/657/448 641/656/448 642/666/453 674/667/453
f 663/659/450 664/665/452 631/664/452 632/660/450
f 670/668/454 638/669/454 639/670/455 671/671/455
f 670/668/454 669/672/456 637/673/456 638/669/454
f 672/654/447 671/671/455 639/670/455 640/655/447
f 677/674/457 676/675/458 644/676/458 645/677/457
f 669/672/456 668/678/459 636/679/459 637/673/456
f 676/675/458 675/680/460 643/681/460 644/676/458
f 677/674/457 645/677/457 646/663/451 678/662/451
f 675/680/460 674/667/453 642/666/453 643/681/460
f 668/678/459 667/682/461 635/683/461 636/679/459
f 665/658/449 633/661/449 634/684/462 666/685/462
f 651/686/1 652/647/1 636/646/1 635/687/1
f 659/688/1 660/689/1 644/690/1 643/691/1
f 651/686/1 635/687/1 634/634/1 650/633/1
f 661/636/1 645/637/1 644/690/1 660/689/1
f 672/692/1 670/693/1 671/694/1
f 683/698/463 682/616/443 698/619/446 699/699/464
f 689/700/465 688/701/466 704/695/467 705/702/468
f 693/703/469 692/704/470 708/705/471 709/706/472
f 679/707/473 694/708/474 710/709/475 695/710/476
f 692/704/470 691/711/477 707/712/478 708/705/471
f 690/713/479 689/700/465 705/702/468 706/714/480
f 687/715/431 686/716/434 702/697/481 703/696/482
f 684/717/438 683/698/463 699/699/464 700/718/483
f 680/719/484 679/707/473 695/710/476 696/720/485
f 686/716/434 685/721/435 701/722/486 702/697/481
f 693/703/469 709/706/472 710/709/475 694/708/474
f 687/715/431 703/696/482 704/695/467 688/701/466
f 691/711/477 690/713/479 706/714/480 707/712/478
f 685/721/435 684/717/438 700/718/483 701/722/486
f 681/617/444 680/719/484 696/720/485 697/618/445
f 653/644/1 654/643/1 638/642/1 637/645/1
f 656/648/1 657/626/1 641/629/1 640/649/1
f 688/607/466 735/606/439 734/601/432 687/600/431
f 652/723/437 651/724/487 715/725/487 716/726/437
f 731/826/437 716/727/437 715/730/487 730/827/487
f 741/828/488 726/731/488 725/734/489 740/829/489
f 726/606/488 662/607/488 661/608/489 725/609/489
f 727/820/429 712/605/429 711/736/490 742/830/490
f 724/726/491 660/723/491 659/724/441 723/725/441
f 742/830/490 711/736/490 726/731/488 741/828/488
f 740/829/489 725/734/489 724/738/491 739/831/491
f 739/831/491 724/738/491 723/740/441 738/832/441
f 733/823/433 718/621/433 717/742/436 732/833/436
f 689/608/465 736/609/440 735/606/439 688/607/466
f 732/833/436 717/742/436 716/727/437 731/826/437
f 692/599/470 739/598/491 738/610/441 691/611/477
f 740/594/489 739/598/491 692/599/470 693/595/469
f 738/725/441 737/726/442 690/723/479 691/724/477
f 686/596/434 733/597/433 732/594/436 685/595/435
f 715/610/487 651/611/487 650/599/430 714/598/430
f 679/600/473 742/601/490 741/597/488 694/596/474
f 684/599/438 731/598/437 730/610/487 683/611/463
f 682/723/443 729/726/430 728/609/428 681/608/444
f 683/724/463 730/725/487 729/726/430 682/723/443
f 694/596/474 741/597/488 740/594/489 693/595/469
f 681/608/444 728/609/428 727/606/429 680/607/484
f 717/609/436 653/608/436 652/723/437 716/726/437
f 737/825/442 722/653/442 721/744/440 736/834/440
f 680/607/484 727/606/429 742/601/490 679/600/473
f 729/835/430 714/745/430 713/602/428 728/819/428
f 725/609/489 661/608/489 660/723/491 724/726/491
f 730/827/487 715/730/487 714/745/430 729/835/430
f 712/597/429 647/596/429 648/600/490 711/601/490
f 711/601/490 648/600/490 662/607/488 726/606/488
f 722/598/442 658/599/442 657/595/440 721/594/440
f 690/723/479 737/726/442 736/609/440 689/608/465
f 736/834/440 721/744/440 720/612/439 735/821/439
f 666/685/462 634/684/462 635/683/461 667/682/461
f 777/747/492 778/748/493 785/749/494 776/750/495
f 773/751/496 790/752/497 789/753/1 772/754/1
f 774/755/498 797/756/499 790/752/497 773/751/496
f 800/757/500 791/758/501 794/759/502
f 794/760/502 790/752/497 797/761/499
f 779/762/503 800/763/500 785/764/494 778/748/493
f 790/752/497 794/765/502 791/758/501
f 775/766/504 797/767/499 774/755/498
f 797/768/499 775/766/504 776/750/495 785/769/494
f 800/770/500 779/762/503 780/771/505
f 780/771/505 781/772/506 791/758/501 800/773/500
f 793/774/1 784/775/1 768/776/1 786/777/1
f 788/778/1 770/779/1 771/780/1
f 782/781/1 783/782/1 793/774/1 792/783/1
f 782/781/1 792/783/1 791/758/501 781/772/506
f 784/775/1 793/774/1 783/782/1
f 789/753/1 788/778/1 771/780/1 772/754/1
f 776/750/507 775/766/508 750/766/508 751/750/507
f 777/747/509 776/750/507 751/750/507 752/747/509
f 778/748/510 777/747/509 752/747/509 753/748/510
f 786/777/511 787/784/512 761/784/512 760/777/511
f 779/762/513 778/748/510 753/748/510 754/762/513
f 782/781/514 781/772/515 756/772/515 757/781/514
f 793/774/516 786/777/511 760/777/511 767/774/516
f 787/784/512 788/778/517 762/778/517 761/784/512
f 780/771/518 779/762/513 754/762/513 755/771/518
f 774/755/519 773/751/520 748/751/520 749/755/519
f 789/753/521 790/752/522 764/752/522 763/753/521
f 775/766/508 774/755/519 749/755/519 750/766/508
f 769/785/523 768/776/524 743/776/524 744/785/523
f 769/785/523 744/785/523 745/779/525 770/779/525
f 792/783/526 793/774/516 767/774/516 766/783/526
f 790/752/522 791/758/527 765/758/527 764/752/522
f 771/780/528 770/779/525 745/779/525 746/780/528
f 786/777/1 768/776/1 769/785/1 787/784/1
f 784/775/529 783/782/530 758/782/530 759/775/529
f 791/758/527 792/783/526 766/783/526 765/758/527
f 782/781/514 757/781/514 758/782/530 783/782/530
f 772/754/531 771/780/528 746/780/528 747/754/531
f 768/776/524 784/775/529 759/775/529 743/776/524
f 773/751/520 772/754/531 747/754/531 748/751/520
f 789/753/521 763/753/521 762/778/517 788/778/517
f 781/772/515 780/771/518 755/771/518 756/772/515
f 795/786/1 796/787/1 798/788/1 799/789/1
f 795/790/532 794/791/532 797/792/533 796/793/533
f 796/794/533 797/795/533 785/796/534 798/797/534
f 798/798/534 785/799/534 800/800/535 799/801/535
f 799/802/535 800/803/535 794/804/532 795/805/532
f 770/779/1 788/778/1 787/784/1 769/785/1
f 664/806/1 663/807/1 678/808/1
f 678/808/1 663/807/1 665/809/1 677/810/1
f 677/810/1 665/809/1 666/811/1 676/812/1
f 676/812/1 666/811/1 667/813/1 675/814/1
f 675/814/1 667/813/1 668/815/1 674/816/1
f 674/816/1 668/815/1 669/817/1 673/818/1
f 673/818/1 669/817/1 670/693/1 672/692/1
f 883/836/536 819/837/536 817/838/537 882/839/537
f 884/840/538 820/841/538 819/837/536 883/836/536
f 857/842/539 904/843/540 903/839/541 856/838/542
f 898/844/536 883/819/536 882/820/537 897/845/537
f 855/837/543 902/836/544 901/840/545 854/841/546
f 888/846/541 824/847/541 823/848/544 887/849/544
f 889/843/540 825/842/540 824/847/541 888/846/541
f 890/839/547 826/838/547 825/842/540 889/843/540
f 891/836/548 827/837/548 826/838/547 890/839/547
f 893/850/549 829/851/549 828/841/550 892/840/550
f 905/852/547 890/821/547 889/822/540 904/853/540
f 852/854/551 851/855/552 867/856/553 868/857/554
f 904/853/540 889/822/540 888/823/541 903/858/541
f 818/859/1 801/860/1 816/861/1 832/862/1
f 827/863/1 828/864/1 812/865/1 811/866/1
f 829/867/1 813/868/1 812/865/1 828/864/1
f 819/869/1 820/870/1 804/871/1 803/872/1
f 831/873/1 832/862/1 816/861/1 815/874/1
f 818/859/1 817/875/1 802/876/1 801/860/1
f 825/877/1 809/878/1 808/879/1 824/880/1
f 817/875/1 819/869/1 803/872/1 802/876/1
f 823/881/1 807/882/1 806/883/1 822/884/1
f 825/877/1 826/885/1 810/886/1 809/878/1
f 908/887/549 893/824/549 892/825/550 907/888/550
f 842/889/555 810/890/555 811/891/556 843/892/556
f 835/893/557 833/894/558 802/895/558 803/896/557
f 848/897/559 816/898/559 801/899/560 834/900/560
f 843/892/556 811/891/556 812/901/561 844/902/561
f 833/894/558 834/900/560 801/899/560 802/895/558
f 840/903/562 808/904/562 809/905/563 841/906/563
f 840/903/562 839/907/564 807/908/564 808/904/562
f 842/889/555 841/906/563 809/905/563 810/890/555
f 847/909/565 846/910/566 814/911/566 815/912/565
f 839/907/564 838/913/567 806/914/567 807/908/564
f 846/910/566 845/915/568 813/916/568 814/911/566
f 847/909/565 815/912/565 816/898/559 848/897/559
f 845/915/568 844/902/561 812/901/561 813/916/568
f 838/913/567 837/917/569 805/918/569 806/914/567
f 835/893/557 803/896/557 804/919/570 836/920/570
f 821/921/1 822/884/1 806/883/1 805/922/1
f 829/923/1 830/924/1 814/925/1 813/926/1
f 821/921/1 805/922/1 804/871/1 820/870/1
f 831/873/1 815/874/1 814/925/1 830/924/1
f 842/927/1 840/928/1 841/929/1
f 853/933/571 852/854/551 868/857/554 869/934/572
f 859/935/573 858/936/574 874/930/575 875/937/576
f 863/938/577 862/939/578 878/940/579 879/941/580
f 849/942/581 864/943/582 880/944/583 865/945/584
f 862/939/578 861/946/585 877/947/586 878/940/579
f 860/948/587 859/935/573 875/937/576 876/949/588
f 857/950/539 856/951/542 872/932/589 873/931/590
f 854/952/546 853/933/571 869/934/572 870/953/591
f 850/954/592 849/942/581 865/945/584 866/955/593
f 856/951/542 855/956/543 871/957/594 872/932/589
f 863/938/577 879/941/580 880/944/583 864/943/582
f 857/950/539 873/931/590 874/930/575 858/936/574
f 861/946/585 860/948/587 876/949/588 877/947/586
f 855/956/543 854/952/546 870/953/591 871/957/594
f 851/855/552 850/954/592 866/955/593 867/856/553
f 823/881/1 824/880/1 808/879/1 807/882/1
f 826/885/1 827/863/1 811/866/1 810/886/1
f 858/847/574 905/846/547 904/843/540 857/842/539
f 822/958/545 821/959/595 885/960/595 886/961/545
f 901/962/545 886/826/545 885/827/595 900/963/595
f 911/964/596 896/828/596 895/829/597 910/965/597
f 896/846/596 832/847/596 831/848/597 895/849/597
f 897/845/537 882/820/537 881/830/598 912/966/598
f 894/961/599 830/958/599 829/959/549 893/960/549
f 912/966/598 881/830/598 896/828/596 911/964/596
f 910/965/597 895/829/597 894/831/599 909/967/599
f 909/967/599 894/831/599 893/832/549 908/968/549
f 903/858/541 888/823/541 887/833/544 902/969/544
f 859/848/573 906/849/548 905/846/547 858/847/574
f 902/969/544 887/833/544 886/826/545 901/962/545
f 862/841/578 909/840/599 908/850/549 861/851/585
f 910/836/597 909/840/599 862/841/578 863/837/577
f 908/960/549 907/961/550 860/958/587 861/959/585
f 856/838/542 903/839/541 902/836/544 855/837/543
f 885/850/595 821/851/595 820/841/538 884/840/538
f 849/842/581 912/843/598 911/839/596 864/838/582
f 854/841/546 901/840/545 900/850/595 853/851/571
f 852/958/551 899/961/538 898/849/536 851/848/552
f 853/959/571 900/960/595 899/961/538 852/958/551
f 864/838/582 911/839/596 910/836/597 863/837/577
f 851/848/552 898/849/536 897/846/537 850/847/592
f 887/849/544 823/848/544 822/958/545 886/961/545
f 907/888/550 892/825/550 891/834/548 906/970/548
f 850/847/592 897/846/537 912/843/598 849/842/581
f 899/971/538 884/835/538 883/819/536 898/844/536
f 895/849/597 831/848/597 830/958/599 894/961/599
f 900/963/595 885/827/595 884/835/538 899/971/538
f 882/839/537 817/838/537 818/842/598 881/843/598
f 881/843/598 818/842/598 832/847/596 896/846/596
f 892/840/550 828/841/550 827/837/548 891/836/548
f 860/958/587 907/961/550 906/849/548 859/848/573
f 906/970/548 891/834/548 890/821/547 905/852/547
f 836/920/570 804/919/570 805/918/569 837/917/569
f 947/972/600 948/973/601 955/974/602 946/975/603
f 943/976/604 960/977/605 959/978/1 942/979/1
f 944/980/606 967/981/607 960/977/605 943/976/604
f 970/982/608 961/983/609 964/984/610
f 964/985/610 960/977/605 967/986/607
f 949/987/611 970/988/608 955/989/602 948/973/601
f 960/977/605 964/990/610 961/983/609
f 945/991/612 967/992/607 944/980/606
f 967/993/607 945/991/612 946/975/603 955/994/602
f 970/995/608 949/987/611 950/996/613
f 950/996/613 951/997/614 961/983/609 970/998/608
f 963/999/1 954/1000/1 938/1001/1 956/1002/1
f 958/1003/1 940/1004/1 941/1005/1
f 952/1006/1 953/1007/1 963/999/1 962/1008/1
f 952/1006/1 962/1008/1 961/983/609 951/997/614
f 954/1000/1 963/999/1 953/1007/1
f 959/978/1 958/1003/1 941/1005/1 942/979/1
f 946/975/615 945/991/616 920/991/616 921/975/615
f 947/972/617 946/975/615 921/975/615 922/972/617
f 948/973/618 947/972/617 922/972/617 923/973/618
f 956/1002/619 957/1009/620 931/1009/620 930/1002/619
f 949/987/621 948/973/618 923/973/618 924/987/621
f 952/1006/622 951/997/623 926/997/623 927/1006/622
f 963/999/624 956/1002/619 930/1002/619 937/999/624
f 957/1009/620 958/1003/625 932/1003/625 931/1009/620
f 950/996/626 949/987/621 924/987/621 925/996/626
f 944/980/627 943/976/628 918/976/628 919/980/627
f 959/978/629 960/977/630 934/977/630 933/978/629
f 945/991/616 944/980/627 919/980/627 920/991/616
f 939/1010/631 938/1001/632 913/1001/632 914/1010/631
f 939/1010/631 914/1010/631 915/1004/633 940/1004/633
f 962/1008/634 963/999/624 937/999/624 936/1008/634
f 960/977/630 961/983/635 935/983/635 934/977/630
f 941/1005/636 940/1004/633 915/1004/633 916/1005/636
f 956/1002/1 938/1001/1 939/1010/1 957/1009/1
f 954/1000/637 953/1007/638 928/1007/638 929/1000/637
f 961/983/635 962/1008/634 936/1008/634 935/983/635
f 952/1006/622 927/1006/622 928/1007/638 953/1007/638
f 942/979/639 941/1005/636 916/1005/636 917/979/639
f 938/1001/632 954/1000/637 929/1000/637 913/1001/632
f 943/976/628 942/979/639 917/979/639 918/976/628
f 959/978/629 933/978/629 932/1003/625 958/1003/625
f 951/997/623 950/996/626 925/996/626 926/997/623
f 965/1011/1 966/1012/1 968/1013/1 969/1014/1
f 965/1015/640 964/1016/640 967/1017/641 966/1018/641
f 966/1019/641 967/1020/641 955/1021/642 968/1022/642
f 968/1023/642 955/1024/642 970/1025/643 969/1026/643
f 969/1027/643 970/1028/643 964/1029/640 965/1030/640
f 940/1004/1 958/1003/1 957/1009/1 939/1010/1
f 834/1031/1 833/1032/1 848/1033/1
f 848/1033/1 833/1032/1 835/1034/1 847/1035/1
f 847/1035/1 835/1034/1 836/1036/1 846/1037/1
f 846/1037/1 836/1036/1 837/1038/1 845/1039/1
f 845/1039/1 837/1038/1 838/1040/1 844/1041/1
f 844/1041/1 838/1040/1 839/1042/1 843/1043/1
f 843/1043/1 839/1042/1 840/928/1 842/927/1
f 1053/594/644 989/595/644 987/596/645 1052/597/645
f 1054/598/646 990/599/646 989/595/644 1053/594/644
f 1027/600/647 1074/601/648 1073/597/649 1026/596/650
f 1068/1044/644 1053/1045/644 1052/1046/645 1067/1047/645
f 1025/595/651 1072/594/652 1071/598/653 1024/599/654
f 1058/606/649 994/607/649 993/608/652 1057/609/652
f 1059/601/648 995/600/648 994/607/649 1058/606/649
f 1060/597/655 996/596/655 995/600/648 1059/601/648
f 1061/594/656 997/595/656 996/596/655 1060/597/655
f 1063/610/657 999/611/657 998/599/658 1062/598/658
f 1075/1048/655 1060/1049/655 1059/1050/648 1074/1051/648
f 1022/616/659 1021/617/660 1037/618/661 1038/619/662
f 1074/1051/648 1059/1050/648 1058/1052/649 1073/1053/649
f 988/622/1 971/623/1 986/624/1 1002/625/1
f 997/626/1 998/627/1 982/628/1 981/629/1
f 999/630/1 983/631/1 982/628/1 998/627/1
f 989/632/1 990/633/1 974/634/1 973/635/1
f 1001/636/1 1002/625/1 986/624/1 985/637/1
f 988/622/1 987/638/1 972/639/1 971/623/1
f 995/640/1 979/641/1 978/642/1 994/643/1
f 987/638/1 989/632/1 973/635/1 972/639/1
f 993/644/1 977/645/1 976/646/1 992/647/1
f 995/640/1 996/648/1 980/649/1 979/641/1
f 1078/1054/657 1063/1055/657 1062/1056/658 1077/1057/658
f 1012/654/663 980/655/663 981/656/664 1013/657/664
f 1005/658/665 1003/659/666 972/660/666 973/661/665
f 1018/662/667 986/663/667 971/664/668 1004/665/668
f 1013/657/664 981/656/664 982/666/669 1014/667/669
f 1003/659/666 1004/665/668 971/664/668 972/660/666
f 1010/668/670 978/669/670 979/670/671 1011/671/671
f 1010/668/670 1009/672/672 977/673/672 978/669/670
f 1012/654/663 1011/671/671 979/670/671 980/655/663
f 1017/674/673 1016/675/674 984/676/674 985/677/673
f 1009/672/672 1008/678/675 976/679/675 977/673/672
f 1016/675/674 1015/680/676 983/681/676 984/676/674
f 1017/674/673 985/677/673 986/663/667 1018/662/667
f 1015/680/676 1014/667/669 982/666/669 983/681/676
f 1008/678/675 1007/682/677 975/683/677 976/679/675
f 1005/658/665 973/661/665 974/684/678 1006/685/678
f 991/686/1 992/647/1 976/646/1 975/687/1
f 999/688/1 1000/689/1 984/690/1 983/691/1
f 991/686/1 975/687/1 974/634/1 990/633/1
f 1001/636/1 985/637/1 984/690/1 1000/689/1
f 1012/692/1 1010/693/1 1011/694/1
f 1023/698/679 1022/616/659 1038/619/662 1039/699/680
f 1029/700/681 1028/701/682 1044/695/683 1045/702/684
f 1033/703/685 1032/704/686 1048/705/687 1049/706/688
f 1019/707/689 1034/708/690 1050/709/691 1035/710/692
f 1032/704/686 1031/711/693 1047/712/694 1048/705/687
f 1030/713/695 1029/700/681 1045/702/684 1046/714/696
f 1027/715/647 1026/716/650 1042/697/697 1043/696/698
f 1024/717/654 1023/698/679 1039/699/680 1040/718/699
f 1020/719/700 1019/707/689 1035/710/692 1036/720/701
f 1026/716/650 1025/721/651 1041/722/702 1042/697/697
f 1033/703/685 1049/706/688 1050/709/691 1034/708/690
f 1027/715/647 1043/696/698 1044/695/683 1028/701/682
f 1031/711/693 1030/713/695 1046/714/696 1047/712/694
f 1025/721/651 1024/717/654 1040/718/699 1041/722/702
f 1021/617/660 1020/719/700 1036/720/701 1037/618/661
f 993/644/1 994/643/1 978/642/1 977/645/1
f 996/648/1 997/626/1 981/629/1 980/649/1
f 1028/607/682 1075/606/655 1074/601/648 1027/600/647
f 992/723/653 991/724/703 1055/725/703 1056/726/653
f 1071/1058/653 1056/1059/653 1055/1060/703 1070/1061/703
f 1081/1062/704 1066/1063/704 1065/1064/705 1080/1065/705
f 1066/606/704 1002/607/704 1001/608/705 1065/609/705
f 1067/1047/645 1052/1046/645 1051/1066/706 1082/1067/706
f 1064/726/707 1000/723/707 999/724/657 1063/725/657
f 1082/1067/706 1051/1066/706 1066/1063/704 1081/1062/704
f 1080/1065/705 1065/1064/705 1064/1068/707 1079/1069/707
f 1079/1069/707 1064/1068/707 1063/1070/657 1078/1071/657
f 1073/1053/649 1058/1052/649 1057/1072/652 1072/1073/652
f 1029/608/681 1076/609/656 1075/606/655 1028/607/682
f 1072/1073/652 1057/1072/652 1056/1059/653 1071/1058/653
f 1032/599/686 1079/598/707 1078/610/657 1031/611/693
f 1080/594/705 1079/598/707 1032/599/686 1033/595/685
f 1078/725/657 1077/726/658 1030/723/695 1031/724/693
f 1026/596/650 1073/597/649 1072/594/652 1025/595/651
f 1055/610/703 991/611/703 990/599/646 1054/598/646
f 1019/600/689 1082/601/706 1081/597/704 1034/596/690
f 1024/599/654 1071/598/653 1070/610/703 1023/611/679
f 1022/723/659 1069/726/646 1068/609/644 1021/608/660
f 1023/724/679 1070/725/703 1069/726/646 1022/723/659
f 1034/596/690 1081/597/704 1080/594/705 1033/595/685
f 1021/608/660 1068/609/644 1067/606/645 1020/607/700
f 1057/609/652 993/608/652 992/723/653 1056/726/653
f 1077/1057/658 1062/1056/658 1061/1074/656 1076/1075/656
f 1020/607/700 1067/606/645 1082/601/706 1019/600/689
f 1069/1076/646 1054/1077/646 1053/1045/644 1068/1044/644
f 1065/609/705 1001/608/705 1000/723/707 1064/726/707
f 1070/1061/703 1055/1060/703 1054/1077/646 1069/1076/646
f 1052/597/645 987/596/645 988/600/706 1051/601/706
f 1051/601/706 988/600/706 1002/607/704 1066/606/704
f 1062/598/658 998/599/658 997/595/656 1061/594/656
f 1030/723/695 1077/726/658 1076/609/656 1029/608/681
f 1076/1075/656 1061/1074/656 1060/1049/655 1075/1048/655
f 1006/685/678 974/684/678 975/683/677 1007/682/677
f 1117/747/708 1118/748/709 1125/749/710 1116/750/711
f 1113/751/712 1130/752/713 1129/753/1 1112/754/1
f 1114/755/714 1137/756/715 1130/752/713 1113/751/712
f 1140/757/716 1131/758/717 1134/759/718
f 1134/760/718 1130/752/713 1137/761/715
f 1119/762/719 1140/763/716 1125/764/710 1118/748/709
f 1130/752/713 1134/765/718 1131/758/717
f 1115/766/720 1137/767/715 1114/755/714
f 1137/768/715 1115/766/720 1116/750/711 1125/769/710
f 1140/770/716 1119/762/719 1120/771/721
f 1120/771/721 1121/772/722 1131/758/717 1140/773/716
f 1133/774/1 1124/775/1 1108/776/1 1126/777/1
f 1128/778/1 1110/779/1 1111/780/1
f 1122/781/1 1123/782/1 1133/774/1 1132/783/1
f 1122/781/1 1132/783/1 1131/758/717 1121/772/722
f 1124/775/1 1133/774/1 1123/782/1
f 1129/753/1 1128/778/1 1111/780/1 1112/754/1
f 1116/750/723 1115/766/724 1090/766/724 1091/750/723
f 1117/747/725 1116/750/723 1091/750/723 1092/747/725
f 1118/748/726 1117/747/725 1092/747/725 1093/748/726
f 1126/777/727 1127/784/728 1101/784/728 1100/777/727
f 1119/762/729 1118/748/726 1093/748/726 1094/762/729
f 1122/781/730 1121/772/731 1096/772/731 1097/781/730
f 1133/774/732 1126/777/727 1100/777/727 1107/774/732
f 1127/784/728 1128/778/733 1102/778/733 1101/784/728
f 1120/771/734 1119/762/729 1094/762/729 1095/771/734
f 1114/755/735 1113/751/736 1088/751/736 1089/755/735
f 1129/753/737 1130/752/738 1104/752/738 1103/753/737
f 1115/766/724 1114/755/735 1089/755/735 1090/766/724
f 1109/785/739 1108/776/740 1083/776/740 1084/785/739
f 1109/785/739 1084/785/739 1085/779/741 1110/779/741
f 1132/783/742 1133/774/732 1107/774/732 1106/783/742
f 1130/752/738 1131/758/743 1105/758/743 1104/752/738
f 1111/780/744 1110/779/741 1085/779/741 1086/780/744
f 1126/777/1 1108/776/1 1109/785/1 1127/784/1
f 1124/775/745 1123/782/746 1098/782/746 1099/775/745
f 1131/758/743 1132/783/742 1106/783/742 1105/758/743
f 1122/781/730 1097/781/730 1098/782/746 1123/782/746
f 1112/754/747 1111/780/744 1086/780/744 1087/754/747
f 1108/776/740 1124/775/745 1099/775/745 1083/776/740
f 1113/751/736 1112/754/747 1087/754/747 1088/751/736
f 1129/753/737 1103/753/737 1102/778/733 1128/778/733
f 1121/772/731 1120/771/734 1095/771/734 1096/772/731
f 1135/786/1 1136/787/1 1138/788/1 1139/789/1
f 1135/790/748 1134/791/748 1137/792/749 1136/793/749
f 1136/794/749 1137/795/749 1125/796/750 1138/797/750
f 1138/798/750 1125/799/750 1140/800/751 1139/801/751
f 1139/802/751 1140/803/751 1134/804/748 1135/805/748
f 1110/779/1 1128/778/1 1127/784/1 1109/785/1
f 1004/806/1 1003/807/1 1018/808/1
f 1018/808/1 1003/807/1 1005/809/1 1017/810/1
f 1017/810/1 1005/809/1 1006/811/1 1016/812/1
f 1016/812/1 1006/811/1 1007/813/1 1015/814/1
f 1015/814/1 1007/813/1 1008/815/1 1014/816/1
f 1014/816/1 1008/815/1 1009/817/1 1013/818/1
f 1013/818/1 1009/817/1 1010/693/1 1012/692/1
f 1223/594/752 1159/595/752 1157/596/753 1222/597/753
f 1224/598/754 1160/599/754 1159/595/752 1223/594/752
f 1197/600/755 1244/601/756 1243/597/757 1196/596/758
f 1238/1078/752 1223/1044/752 1222/1047/753 1237/1079/753
f 1195/595/759 1242/594/760 1241/598/761 1194/599/762
f 1228/606/757 1164/607/757 1163/608/760 1227/609/760
f 1229/601/756 1165/600/756 1164/607/757 1228/606/757
f 1230/597/763 1166/596/763 1165/600/756 1229/601/756
f 1231/594/764 1167/595/764 1166/596/763 1230/597/763
f 1233/610/765 1169/611/765 1168/599/766 1232/598/766
f 1245/1080/763 1230/1048/763 1229/1051/756 1244/1081/756
f 1192/616/767 1191/617/768 1207/618/769 1208/619/770
f 1244/1081/756 1229/1051/756 1228/1053/757 1243/1082/757
f 1158/622/1 1141/623/1 1156/624/1 1172/625/1
f 1167/626/1 1168/627/1 1152/628/1 1151/629/1
f 1169/630/1 1153/631/1 1152/628/1 1168/627/1
f 1159/632/1 1160/633/1 1144/634/1 1143/635/1
f 1171/636/1 1172/625/1 1156/624/1 1155/637/1
f 1158/622/1 1157/638/1 1142/639/1 1141/623/1
f 1165/640/1 1149/641/1 1148/642/1 1164/643/1
f 1157/638/1 1159/632/1 1143/635/1 1142/639/1
f 1163/644/1 1147/645/1 1146/646/1 1162/647/1
f 1165/640/1 1166/648/1 1150/649/1 1149/641/1
f 1248/1083/765 1233/1054/765 1232/1057/766 1247/1084/766
f 1182/654/771 1150/655/771 1151/656/772 1183/657/772
f 1175/658/773 1173/659/774 1142/660/774 1143/661/773
f 1188/662/775 1156/663/775 1141/664/776 1174/665/776
f 1183/657/772 1151/656/772 1152/666/777 1184/667/777
f 1173/659/774 1174/665/776 1141/664/776 1142/660/774
f 1180/668/778 1148/669/778 1149/670/779 1181/671/779
f 1180/668/778 1179/672/780 1147/673/780 1148/669/778
f 1182/654/771 1181/671/779 1149/670/779 1150/655/771
f 1187/674/781 1186/675/782 1154/676/782 1155/677/781
f 1179/672/780 1178/678/783 1146/679/783 1147/673/780
f 1186/675/782 1185/680/784 1153/681/784 1154/676/782
f 1187/674/781 1155/677/781 1156/663/775 1188/662/775
f 1185/680/784 1184/667/777 1152/666/777 1153/681/784
f 1178/678/783 1177/682/785 1145/683/785 1146/679/783
f 1175/658/773 1143/661/773 1144/684/786 1176/685/786
f 1161/686/1 1162/647/1 1146/646/1 1145/687/1
f 1169/688/1 1170/689/1 1154/690/1 1153/691/1
f 1161/686/1 1145/687/1 1144/634/1 1160/633/1
f 1171/636/1 1155/637/1 1154/690/1 1170/689/1
f 1182/692/1 1180/693/1 1181/694/1
f 1193/698/787 1192/616/767 1208/619/770 1209/699/788
f 1199/700/789 1198/701/790 1214/695/791 1215/702/792
f 1203/703/793 1202/704/794 1218/705/795 1219/706/796
f 1189/707/797 1204/708/798 1220/709/799 1205/710/800
f 1202/704/794 1201/711/801 1217/712/802 1218/705/795
f 1200/713/803 1199/700/789 1215/702/792 1216/714/804
f 1197/715/755 1196/716/758 1212/697/805 1213/696/806
f 1194/717/762 1193/698/787 1209/699/788 1210/718/807
f 1190/719/808 1189/707/797 1205/710/800 1206/720/809
f 1196/716/758 1195/721/759 1211/722/810 1212/697/805
f 1203/703/793 1219/706/796 1220/709/799 1204/708/798
f 1197/715/755 1213/696/806 1214/695/791 1198/701/790
f 1201/711/801 1200/713/803 1216/714/804 1217/712/802
f 1195/721/759 1194/717/762 1210/718/807 1211/722/810
f 1191/617/768 1190/719/808 1206/720/809 1207/618/769
f 1163/644/1 1164/643/1 1148/642/1 1147/645/1
f 1166/648/1 1167/626/1 1151/629/1 1150/649/1
f 1198/607/790 1245/606/763 1244/601/756 1197/600/755
f 1162/723/761 1161/724/811 1225/725/811 1226/726/761
f 1241/1085/761 1226/1058/761 1225/1061/811 1240/1086/811
f 1251/1087/812 1236/1062/812 1235/1065/813 1250/1088/813
f 1236/606/812 1172/607/812 1171/608/813 1235/609/813
f 1237/1079/753 1222/1047/753 1221/1067/814 1252/1089/814
f 1234/726/815 1170/723/815 1169/724/765 1233/725/765
f 1252/1089/814 1221/1067/814 1236/1062/812 1251/1087/812
f 1250/1088/813 1235/1065/813 1234/1069/815 1249/1090/815
f 1249/1090/815 1234/1069/815 1233/1071/765 1248/1091/765
f 1243/1082/757 1228/1053/757 1227/1073/760 1242/1092/760
f 1199/608/789 1246/609/764 1245/606/763 1198/607/790
f 1242/1092/760 1227/1073/760 1226/1058/761 1241/1085/761
f 1202/599/794 1249/598/815 1248/610/765 1201/611/801
f 1250/594/813 1249/598/815 1202/599/794 1203/595/793
f 1248/725/765 1247/726/766 1200/723/803 1201/724/801
f 1196/596/758 1243/597/757 1242/594/760 1195/595/759
f 1225/610/811 1161/611/811 1160/599/754 1224/598/754
f 1189/600/797 1252/601/814 1251/597/812 1204/596/798
f 1194/599/762 1241/598/761 1240/610/811 1193/611/787
f 1192/723/767 1239/726/754 1238/609/752 1191/608/768
f 1193/724/787 1240/725/811 1239/726/754 1192/723/767
f 1204/596/798 1251/597/812 1250/594/813 1203/595/793
f 1191/608/768 1238/609/752 1237/606/753 1190/607/808
f 1227/609/760 1163/608/760 1162/723/761 1226/726/761
f 1247/1084/766 1232/1057/766 1231/1075/764 1246/1093/764
f 1190/607/808 1237/606/753 1252/601/814 1189/600/797
f 1239/1094/754 1224/1076/754 1223/1044/752 1238/1078/752
f 1235/609/813 1171/608/813 1170/723/815 1234/726/815
f 1240/1086/811 1225/1061/811 1224/1076/754 1239/1094/754
f 1222/597/753 1157/596/753 1158/600/814 1221/601/814
f 1221/601/814 1158/600/814 1172/607/812 1236/606/812
f 1232/598/766 1168/599/766 1167/595/764 1231/594/764
f 1200/723/803 1247/726/766 1246/609/764 1199/608/789
f 1246/1093/764 1231/1075/764 1230/1048/763 1245/1080/763
f 1176/685/786 1144/684/786 1145/683/785 1177/682/785
f 1287/747/816 1288/748/817 1295/749/818 1286/750/819
f 1283/751/820 1300/752/821 1299/753/1 1282/754/1
f 1284/755/822 1307/756/823 1300/752/821 1283/751/820
f 1310/757/824 1301/758/825 1304/759/826
f 1304/760/826 1300/752/821 1307/761/823
f 1289/762/827 1310/763/824 1295/764/818 1288/748/817
f 1300/752/821 1304/765/826 1301/758/825
f 1285/766/828 1307/767/823 1284/755/822
f 1307/768/823 1285/766/828 1286/750/819 1295/769/818
f 1310/770/824 1289/762/827 1290/771/829
f 1290/771/829 1291/772/830 1301/758/825 1310/773/824
f 1303/774/1 1294/775/1 1278/776/1 1296/777/1
f 1298/778/1 1280/779/1 1281/780/1
f 1292/781/1 1293/782/1 1303/774/1 1302/783/1
f 1292/781/1 1302/783/1 1301/758/825 1291/772/830
f 1294/775/1 1303/774/1 1293/782/1
f 1299/753/1 1298/778/1 1281/780/1 1282/754/1
f 1286/750/831 1285/766/832 1260/766/832 1261/750/831
f 1287/747/833 1286/750/831 1261/750/831 1262/747/833
f 1288/748/834 1287/747/833 1262/747/833 1263/748/834
f 1296/777/835 1297/784/836 1271/784/836 1270/777/835
f 1289/762/837 1288/748/834 1263/748/834 1264/762/837
f 1292/781/838 1291/772/839 1266/772/840 1267/781/838
f 1303/774/841 1296/777/835 1270/777/835 1277/774/841
f 1297/784/836 1298/778/842 1272/778/842 1271/784/836
f 1290/771/843 1289/762/837 1264/762/837 1265/771/843
f 1284/755/844 1283/751/845 1258/751/845 1259/755/844
f 1299/753/846 1300/752/847 1274/752/847 1273/753/846
f 1285/766/832 1284/755/844 1259/755/844 1260/766/832
f 1279/785/848 1278/776/849 1253/776/849 1254/785/848
f 1279/785/848 1254/785/848 1255/779/850 1280/779/850
f 1302/783/851 1303/774/841 1277/774/841 1276/783/851
f 1300/752/847 1301/758/852 1275/758/852 1274/752/847
f 1281/780/853 1280/779/850 1255/779/850 1256/780/853
f 1296/777/1 1278/776/1 1279/785/1 1297/784/1
f 1294/775/854 1293/782/855 1268/782/855 1269/775/854
f 1301/758/852 1302/783/851 1276/783/851 1275/758/852
f 1292/781/838 1267/781/838 1268/782/855 1293/782/855
f 1282/754/856 1281/780/853 1256/780/853 1257/754/856
f 1278/776/849 1294/775/854 1269/775/854 1253/776/849
f 1283/751/845 1282/754/856 1257/754/856 1258/751/845
f 1299/753/846 1273/753/846 1272/778/842 1298/778/842
f 1291/772/839 1290/771/843 1265/771/843 1266/772/840
f 1305/786/1 1306/787/1 1308/788/1 1309/789/1
f 1305/790/857 1304/791/857 1307/792/858 1306/793/858
f 1306/794/858 1307/795/858 1295/796/859 1308/797/859
f 1308/798/859 1295/799/859 1310/800/860 1309/801/860
f 1309/802/860 1310/803/860 1304/804/857 1305/805/857
f 1280/779/1 1298/778/1 1297/784/1 1279/785/1
f 1174/806/1 1173/807/1 1188/808/1
f 1188/808/1 1173/807/1 1175/809/1 1187/810/1
f 1187/810/1 1175/809/1 1176/811/1 1186/812/1
f 1186/812/1 1176/811/1 1177/813/1 1185/814/1
f 1185/814/1 1177/813/1 1178/815/1 1184/816/1
f 1184/816/1 1178/815/1 1179/817/1 1183/818/1
f 1183/818/1 1179/817/1 1180/693/1 1182/692/1
f 1393/836/861 1329/837/861 1327/838/862 1392/839/862
f 1394/840/863 1330/841/863 1329/837/861 1393/836/861
f 1367/842/864 1414/843/865 1413/839/866 1366/838/867
f 1408/844/861 1393/819/861 1392/820/862 1407/845/862
f 1365/837/868 1412/836/869 1411/840/870 1364/841/871
f 1398/846/866 1334/847/866 1333/848/869 1397/849/869
f 1399/843/865 1335/842/865 1334/847/866 1398/846/866
f 1400/839/872 1336/838/872 1335/842/865 1399/843/865
f 1401/836/873 1337/837/873 1336/838/872 1400/839/872
f 1403/850/874 1339/851/874 1338/841/875 1402/840/875
f 1415/852/872 1400/821/872 1399/822/865 1414/853/865
f 1362/854/876 1361/855/877 1377/856/878 1378/857/879
f 1414/853/865 1399/822/865 1398/823/866 1413/858/866
f 1328/859/1 1311/860/1 1326/861/1 1342/862/1
f 1337/863/1 1338/864/1 1322/865/1 1321/866/1
f 1339/867/1 1323/868/1 1322/865/1 1338/864/1
f 1329/869/1 1330/870/1 1314/871/1 1313/872/1
f 1341/873/1 1342/862/1 1326/861/1 1325/874/1
f 1328/859/1 1327/875/1 1312/876/1 1311/860/1
f 1335/877/1 1319/878/1 1318/879/1 1334/880/1
f 1327/875/1 1329/869/1 1313/872/1 1312/876/1
f 1333/881/1 1317/882/1 1316/883/1 1332/884/1
f 1335/877/1 1336/885/1 1320/886/1 1319/878/1
f 1418/887/874 1403/824/874 1402/825/875 1417/888/875
f 1352/889/880 1320/890/880 1321/891/881 1353/892/881
f 1345/893/882 1343/894/883 1312/895/883 1313/896/882
f 1358/897/884 1326/898/884 1311/899/885 1344/900/885
f 1353/892/881 1321/891/881 1322/901/886 1354/902/886
f 1343/894/883 1344/900/885 1311/899/885 1312/895/883
f 1350/903/887 1318/904/887 1319/905/888 1351/906/888
f 1350/903/887 1349/907/889 1317/908/889 1318/904/887
f 1352/889/880 1351/906/888 1319/905/888 1320/890/880
f 1357/909/890 1356/910/891 1324/911/891 1325/912/890
f 1349/907/889 1348/913/892 1316/914/892 1317/908/889
f 1356/910/891 1355/915/893 1323/916/893 1324/911/891
f 1357/909/890 1325/912/890 1326/898/884 1358/897/884
f 1355/915/893 1354/902/886 1322/901/886 1323/916/893
f 1348/913/892 1347/917/894 1315/918/894 1316/914/892
f 1345/893/882 1313/896/882 1314/919/895 1346/920/895
f 1331/921/1 1332/884/1 1316/883/1 1315/922/1
f 1339/923/1 1340/924/1 1324/925/1 1323/926/1
f 1331/921/1 1315/922/1 1314/871/1 1330/870/1
f 1341/873/1 1325/874/1 1324/925/1 1340/924/1
f 1352/927/1 1350/928/1 1351/929/1
f 1363/933/896 1362/854/876 1378/857/879 1379/934/897
f 1369/935/898 1368/936/899 1384/930/900 1385/937/901
f 1373/938/902 1372/939/903 1388/940/904 1389/941/905
f 1359/942/906 1374/943/907 1390/944/908 1375/945/909
f 1372/939/903 1371/946/910 1387/947/911 1388/940/904
f 1370/948/912 1369/935/898 1385/937/901 1386/949/913
f 1367/950/864 1366/951/867 1382/932/914 1383/931/915
f 1364/952/871 1363/933/896 1379/934/897 1380/953/916
f 1360/954/917 1359/942/906 1375/945/909 1376/955/918
f 1366/951/867 1365/956/868 1381/957/919 1382/932/914
f 1373/938/902 1389/941/905 1390/944/908 1374/943/907
f 1367/950/864 1383/931/915 1384/930/900 1368/936/899
f 1371/946/910 1370/948/912 1386/949/913 1387/947/911
f 1365/956/868 1364/952/871 1380/953/916 1381/957/919
f 1361/855/877 1360/954/917 1376/955/918 1377/856/878
f 1333/881/1 1334/880/1 1318/879/1 1317/882/1
f 1336/885/1 1337/863/1 1321/866/1 1320/886/1
f 1368/847/899 1415/846/872 1414/843/865 1367/842/864
f 1332/958/870 1331/959/920 1395/960/920 1396/961/870
f 1411/962/870 1396/826/870 1395/827/920 1410/963/920
f 1421/964/921 1406/828/921 1405/829/922 1420/965/922
f 1406/846/921 1342/847/921 1341/848/922 1405/849/922
f 1407/845/862 1392/820/862 1391/830/923 1422/966/923
f 1404/961/924 1340/958/924 1339/959/874 1403/960/874
f 1422/966/923 1391/830/923 1406/828/921 1421/964/921
f 1420/965/922 1405/829/922 1404/831/924 1419/967/924
f 1419/967/924 1404/831/924 1403/832/874 1418/968/874
f 1413/858/866 1398/823/866 1397/833/869 1412/969/869
f 1369/848/898 1416/849/873 1415/846/872 1368/847/899
f 1412/969/869 1397/833/869 1396/826/870 1411/962/870
f 1372/841/903 1419/840/924 1418/850/874 1371/851/910
f 1420/836/922 1419/840/924 1372/841/903 1373/837/902
f 1418/960/874 1417/961/875 1370/958/912 1371/959/910
f 1366/838/867 1413/839/866 1412/836/869 1365/837/868
f 1395/850/920 1331/851/920 1330/841/863 1394/840/863
f 1359/842/906 1422/843/923 1421/839/921 1374/838/907
f 1364/841/871 1411/840/870 1410/850/920 1363/851/896
f 1362/958/876 1409/961/863 1408/849/861 1361/848/877
f 1363/959/896 1410/960/920 1409/961/863 1362/958/876
f 1374/838/907 1421/839/921 1420/836/922 1373/837/902
f 1361/848/877 1408/849/861 1407/846/862 1360/847/917
f 1397/849/869 1333/848/869 1332/958/870 1396/961/870
f 1417/888/875 1402/825/875 1401/834/873 1416/970/873
f 1360/847/917 1407/846/862 1422/843/923 1359/842/906
f 1409/971/863 1394/835/863 1393/819/861 1408/844/861
f 1405/849/922 1341/848/922 1340/958/924 1404/961/924
f 1410/963/920 1395/827/920 1394/835/863 1409/971/863
f 1392/839/862 1327/838/862 1328/842/923 1391/843/923
f 1391/843/923 1328/842/923 1342/847/921 1406/846/921
f 1402/840/875 1338/841/875 1337/837/873 1401/836/873
f 1370/958/912 1417/961/875 1416/849/873 1369/848/898
f 1416/970/873 1401/834/873 1400/821/872 1415/852/872
f 1346/920/895 1314/919/895 1315/918/894 1347/917/894
f 1457/972/925 1458/973/926 1465/974/927 1456/975/928
f 1453/976/929 1470/977/930 1469/978/1 1452/979/1
f 1454/980/931 1477/981/932 1470/977/930 1453/976/929
f 1480/982/933 1471/983/934 1474/984/935
f 1474/985/935 1470/977/930 1477/986/932
f 1459/987/936 1480/988/933 1465/989/927 1458/973/926
f 1470/977/930 1474/990/935 1471/983/934
f 1455/991/937 1477/992/932 1454/980/931
f 1477/993/932 1455/991/937 1456/975/928 1465/994/927
f 1480/995/933 1459/987/936 1460/996/938
f 1460/996/938 1461/997/939 1471/983/934 1480/998/933
f 1473/999/1 1464/1000/1 1448/1001/1 1466/1002/1
f 1468/1003/1 1450/1004/1 1451/1005/1
f 1462/1006/1 1463/1007/1 1473/999/1 1472/1008/1
f 1462/1006/1 1472/1008/1 1471/983/934 1461/997/939
f 1464/1000/1 1473/999/1 1463/1007/1
f 1469/978/1 1468/1003/1 1451/1005/1 1452/979/1
f 1456/975/940 1455/991/941 1430/991/941 1431/975/940
f 1457/972/942 1456/975/940 1431/975/940 1432/972/942
f 1458/973/943 1457/972/942 1432/972/942 1433/973/943
f 1466/1002/944 1467/1009/945 1441/1009/945 1440/1002/944
f 1459/987/946 1458/973/943 1433/973/943 1434/987/946
f 1462/1006/947 1461/997/948 1436/997/948 1437/1006/947
f 1473/999/949 1466/1002/944 1440/1002/944 1447/999/949
f 1467/1009/945 1468/1003/950 1442/1003/950 1441/1009/945
f 1460/996/951 1459/987/946 1434/987/946 1435/996/951
f 1454/980/952 1453/976/953 1428/976/953 1429/980/952
f 1469/978/954 1470/977/955 1444/977/955 1443/978/954
f 1455/991/941 1454/980/952 1429/980/952 1430/991/941
f 1449/1010/956 1448/1001/957 1423/1001/957 1424/1010/956
f 1449/1010/956 1424/1010/956 1425/1004/958 1450/1004/958
f 1472/1008/959 1473/999/949 1447/999/949 1446/1008/959
f 1470/977/955 1471/983/960 1445/983/960 1444/977/955
f 1451/1005/961 1450/1004/958 1425/1004/958 1426/1005/961
f 1466/1002/1 1448/1001/1 1449/1010/1 1467/1009/1
f 1464/1000/962 1463/1007/963 1438/1007/963 1439/1000/962
f 1471/983/960 1472/1008/959 1446/1008/959 1445/983/960
f 1462/1006/947 1437/1006/947 1438/1007/963 1463/1007/963
f 1452/979/964 1451/1005/961 1426/1005/961 1427/979/964
f 1448/1001/957 1464/1000/962 1439/1000/962 1423/1001/957
f 1453/976/953 1452/979/964 1427/979/964 1428/976/953
f 1469/978/954 1443/978/954 1442/1003/950 1468/1003/950
f 1461/997/948 1460/996/951 1435/996/951 1436/997/948
f 1475/1011/1 1476/1012/1 1478/1013/1 1479/1014/1
f 1475/1015/965 1474/1016/965 1477/1017/966 1476/1018/966
f 1476/1019/966 1477/1020/966 1465/1021/967 1478/1022/967
f 1478/1023/967 1465/1024/967 1480/1025/968 1479/1026/968
f 1479/1027/968 1480/1028/968 1474/1029/965 1475/1030/965
f 1450/1004/1 1468/1003/1 1467/1009/1 1449/1010/1
f 1344/1031/1 1343/1032/1 1358/1033/1
f 1358/1033/1 1343/1032/1 1345/1034/1 1357/1035/1
f 1357/1035/1 1345/1034/1 1346/1036/1 1356/1037/1
f 1356/1037/1 1346/1036/1 1347/1038/1 1355/1039/1
f 1355/1039/1 1347/1038/1 1348/1040/1 1354/1041/1
f 1354/1041/1 1348/1040/1 1349/1042/1 1353/1043/1
f 1353/1043/1 1349/1042/1 1350/928/1 1352/927/1
f 1563/836/969 1499/837/969 1497/838/970 1562/839/970
f 1564/840/971 1500/841/971 1499/837/969 1563/836/969
f 1537/842/972 1584/843/973 1583/839/974 1536/838/975
f 1578/844/969 1563/819/969 1562/820/970 1577/845/970
f 1535/837/976 1582/836/977 1581/840/978 1534/841/979
f 1568/846/974 1504/847/974 1503/848/977 1567/849/977
f 1569/843/973 1505/842/973 1504/847/974 1568/846/974
f 1570/839/980 1506/838/980 1505/842/973 1569/843/973
f 1571/836/981 1507/837/981 1506/838/980 1570/839/980
f 1573/850/982 1509/851/982 1508/841/983 1572/840/983
f 1585/852/980 1570/821/980 1569/822/973 1584/853/973
f 1532/854/984 1531/855/985 1547/856/986 1548/857/987
f 1584/853/973 1569/822/973 1568/823/974 1583/858/974
f 1498/859/988 1481/860/988 1496/861/988 1512/862/988
f 1507/863/988 1508/864/988 1492/865/988 1491/866/988
f 1509/867/988 1493/868/988 1492/865/988 1508/864/988
f 1499/869/989 1500/870/988 1484/871/988 1483/872/989
f 1511/873/988 1512/862/988 1496/861/988 1495/874/988
f 1498/859/988 1497/875/988 1482/876/988 1481/860/988
f 1505/877/988 1489/878/988 1488/879/988 1504/880/988
f 1497/875/988 1499/869/989 1483/872/989 1482/876/988
f 1503/881/988 1487/882/988 1486/883/988 1502/884/988
f 1505/877/988 1506/885/988 1490/886/988 1489/878/988
f 1588/887/982 1573/824/982 1572/825/983 1587/888/983
f 1522/889/990 1490/890/990 1491/891/991 1523/892/991
f 1515/893/992 1513/894/993 1482/895/993 1483/896/992
f 1528/897/994 1496/898/994 1481/899/995 1514/900/995
f 1523/892/991 1491/891/991 1492/901/996 1524/902/996
f 1513/894/993 1514/900/995 1481/899/995 1482/895/993
f 1520/903/997 1488/904/997 1489/905/998 1521/906/998
f 1520/903/997 1519/907/999 1487/908/999 1488/904/997
f 1522/889/990 1521/906/998 1489/905/998 1490/890/990
f 1527/909/1000 1526/910/1001 1494/911/1001 1495/912/1000
f 1519/907/999 1518/913/1002 1486/914/1002 1487/908/999
f 1526/910/1001 1525/915/1003 1493/916/1003 1494/911/1001
f 1527/909/1000 1495/912/1000 1496/898/994 1528/897/994
f 1525/915/1003 1524/902/996 1492/901/996 1493/916/1003
f 1518/913/1002 1517/917/1004 1485/918/1004 1486/914/1002
f 1515/893/992 1483/896/992 1484/919/1005 1516/920/1005
f 1501/921/988 1502/884/988 1486/883/988 1485/922/988
f 1509/923/988 1510/924/988 1494/925/988 1493/926/988
f 1501/921/988 1485/922/988 1484/871/988 1500/870/988
f 1511/873/988 1495/874/988 1494/925/988 1510/924/988
f 1522/927/988 1520/928/988 1521/929/988
f 1533/933/1007 1532/854/984 1548/857/987 1549/934/1008
f 1539/935/1009 1538/936/1010 1554/930/1011 1555/937/1012
f 1543/938/1013 1542/939/1014 1558/940/1015 1559/941/1016
f 1529/942/1017 1544/943/1018 1560/944/1019 1545/945/1020
f 1542/939/1014 1541/946/1021 1557/947/1022 1558/940/1015
f 1540/948/1023 1539/935/1009 1555/937/1012 1556/949/1024
f 1537/950/972 1536/951/975 1552/932/1025 1553/931/1026
f 1534/952/979 1533/933/1007 1549/934/1008 1550/953/1027
f 1530/954/1028 1529/942/1017 1545/945/1020 1546/955/1029
f 1536/951/975 1535/956/976 1551/957/1030 1552/932/1025
f 1543/938/1013 1559/941/1016 1560/944/1019 1544/943/1018
f 1537/950/972 1553/931/1026 1554/930/1011 1538/936/1010
f 1541/946/1021 1540/948/1023 1556/949/1024 1557/947/1022
f 1535/956/976 1534/952/979 1550/953/1027 1551/957/1030
f 1531/855/985 1530/954/1028 1546/955/1029 1547/856/986
f 1503/881/988 1504/880/988 1488/879/988 1487/882/988
f 1506/885/988 1507/863/988 1491/866/988 1490/886/988
f 1538/847/1010 1585/846/980 1584/843/973 1537/842/972
f 1502/958/978 1501/959/1031 1565/960/1031 1566/961/978
f 1581/962/978 1566/826/978 1565/827/1031 1580/963/1031
f 1591/964/1032 1576/828/1032 1575/829/1033 1590/965/1033
f 1576/846/1032 1512/847/1032 1511/848/1033 1575/849/1033
f 1577/845/970 1562/820/970 1561/830/1034 1592/966/1034
f 1574/961/1035 1510/958/1035 1509/959/982 1573/960/982
f 1592/966/1034 1561/830/1034 1576/828/1032 1591/964/1032
f 1590/965/1033 1575/829/1033 1574/831/1035 1589/967/1035
f 1589/967/1035 1574/831/1035 1573/832/982 1588/968/982
f 1583/858/974 1568/823/974 1567/833/977 1582/969/977
f 1539/848/1009 1586/849/981 1585/846/980 1538/847/1010
f 1582/969/977 1567/833/977 1566/826/978 1581/962/978
f 1542/841/1014 1589/840/1035 1588/850/982 1541/851/1021
f 1590/836/1033 1589/840/1035 1542/841/1014 1543/837/1013
f 1588/960/982 1587/961/983 1540/958/1023 1541/959/1021
f 1536/838/975 1583/839/974 1582/836/977 1535/837/976
f 1565/850/1031 1501/851/1031 1500/841/971 1564/840/971
f 1529/842/1017 1592/843/1034 1591/839/1032 1544/838/1018
f 1534/841/979 1581/840/978 1580/850/1031 1533/851/1007
f 1532/958/984 1579/961/971 1578/849/969 1531/848/985
f 1533/959/1007 1580/960/1031 1579/961/971 1532/958/984
f 1544/838/1018 1591/839/1032 1590/836/1033 1543/837/1013
f 1531/848/985 1578/849/969 1577/846/970 1530/847/1028
f 1567/849/977 1503/848/977 1502/958/978 1566/961/978
f 1587/888/983 1572/825/983 1571/834/981 1586/970/981
f 1530/847/1028 1577/846/970 1592/843/1034 1529/842/1017
f 1579/971/971 1564/835/971 1563/819/969 1578/844/969
f 1575/849/1033 1511/848/1033 1510/958/1035 1574/961/1035
f 1580/963/1031 1565/827/1031 1564/835/971 1579/971/971
f 1562/839/970 1497/838/970 1498/842/1034 1561/843/1034
f 1561/843/1034 1498/842/1034 1512/847/1032 1576/846/1032
f 1572/840/983 1508/841/983 1507/837/981 1571/836/981
f 1540/958/1023 1587/961/983 1586/849/981 1539/848/1009
f 1586/970/981 1571/834/981 1570/821/980 1585/852/980
f 1516/920/1005 1484/919/1005 1485/918/1004 1517/917/1004
f 1627/972/1036 1628/973/1037 1635/974/1038 1626/975/1039
f 1623/976/1040 1640/977/1041 1639/978/988 1622/979/988
f 1624/980/1042 1647/981/1043 1640/977/1041 1623/976/1040
f 1650/982/1044 1641/983/1045 1644/984/1046
f 1644/985/1046 1640/977/1041 1647/986/1043
f 1629/987/1047 1650/988/1044 1635/989/1038 1628/973/1037
f 1640/977/1041 1644/990/1046 1641/983/1045
f 1625/991/1048 1647/992/1043 1624/980/1042
f 1647/993/1043 1625/991/1048 1626/975/1039 1635/994/1038
f 1650/995/1044 1629/987/1047 1630/996/1049
f 1630/996/1049 1631/997/1050 1641/983/1045 1650/998/1044
f 1643/999/988 1634/1000/988 1618/1001/988 1636/1002/988
f 1638/1003/988 1620/1004/988 1621/1005/988
f 1632/1006/988 1633/1007/988 1643/999/988 1642/1008/988
f 1632/1006/988 1642/1008/988 1641/983/1045 1631/997/1050
f 1634/1000/988 1643/999/988 1633/1007/988
f 1639/978/988 1638/1003/988 1621/1005/988 1622/979/988
f 1626/975/1051 1625/991/1052 1600/991/1052 1601/975/1051
f 1627/972/1053 1626/975/1051 1601/975/1051 1602/972/1053
f 1628/973/1054 1627/972/1053 1602/972/1053 1603/973/1054
f 1636/1002/1055 1637/1009/1056 1611/1009/1056 1610/1002/1055
f 1629/987/1057 1628/973/1054 1603/973/1054 1604/987/1057
f 1632/1006/1058 1631/997/1059 1606/997/1059 1607/1006/1058
f 1643/999/1060 1636/1002/1055 1610/1002/1055 1617/999/1060
f 1637/1009/1056 1638/1003/1061 1612/1003/1061 1611/1009/1056
f 1630/996/1062 1629/987/1057 1604/987/1057 1605/996/1062
f 1624/980/1063 1623/976/1064 1598/976/1064 1599/980/1063
f 1639/978/1065 1640/977/1066 1614/977/1066 1613/978/1065
f 1625/991/1052 1624/980/1063 1599/980/1063 1600/991/1052
f 1619/1010/1067 1618/1001/1068 1593/1001/1068 1594/1010/1067
f 1619/1010/1067 1594/1010/1067 1595/1004/1069 1620/1004/1069
f 1642/1008/1070 1643/999/1060 1617/999/1060 1616/1008/1070
f 1640/977/1066 1641/983/1071 1615/983/1071 1614/977/1066
f 1621/1005/1072 1620/1004/1069 1595/1004/1069 1596/1005/1072
f 1636/1002/988 1618/1001/988 1619/1010/988 1637/1009/988
f 1634/1000/1073 1633/1007/1074 1608/1007/1074 1609/1000/1073
f 1641/983/1071 1642/1008/1070 1616/1008/1070 1615/983/1071
f 1632/1006/1058 1607/1006/1058 1608/1007/1074 1633/1007/1074
f 1622/979/1075 1621/1005/1072 1596/1005/1072 1597/979/1075
f 1618/1001/1068 1634/1000/1073 1609/1000/1073 1593/1001/1068
f 1623/976/1064 1622/979/1075 1597/979/1075 1598/976/1064
f 1639/978/1065 1613/978/1065 1612/1003/1061 1638/1003/1061
f 1631/997/1059 1630/996/1062 1605/996/1062 1606/997/1059
f 1645/1011/988 1646/1012/988 1648/1013/988 1649/1014/988
f 1645/1015/1076 1644/1016/1076 1647/1017/1077 1646/1018/1077
f 1646/1019/1077 1647/1020/1077 1635/1021/1078 1648/1022/1078
f 1648/1023/1078 1635/1024/1078 1650/1025/1079 1649/1026/1079
f 1649/1027/1079 1650/1028/1079 1644/1029/1076 1645/1030/1076
f 1620/1004/988 1638/1003/988 1637/1009/988 1619/1010/988
f 1514/1031/988 1513/1032/988 1528/1033/988
f 1528/1033/988 1513/1032/988 1515/1034/988 1527/1035/988
f 1527/1035/988 1515/1034/988 1516/1036/988 1526/1037/988
f 1526/1037/988 1516/1036/988 1517/1038/988 1525/1039/988
f 1525/1039/988 1517/1038/988 1518/1040/988 1524/1041/988
f 1524/1041/988 1518/1040/988 1519/1042/988 1523/1043/988
f 1523/1043/988 1519/1042/988 1520/928/988 1522/927/988
f 1733/594/1080 1669/595/1080 1667/596/1081 1732/597/1081
f 1734/598/1082 1670/599/1082 1669/595/1080 1733/594/1080
f 1707/600/1083 1754/601/1084 1753/597/1085 1706/596/1086
f 1748/1078/1080 1733/1044/1080 1732/1047/1081 1747/1079/1081
f 1705/595/1087 1752/594/1088 1751/598/1089 1704/599/1090
f 1738/606/1085 1674/607/1085 1673/608/1088 1737/609/1088
f 1739/601/1084 1675/600/1084 1674/607/1085 1738/606/1085
f 1740/597/1091 1676/596/1091 1675/600/1084 1739/601/1084
f 1741/594/1092 1677/595/1092 1676/596/1091 1740/597/1091
f 1743/610/1093 1679/611/1093 1678/599/1094 1742/598/1094
f 1755/1080/1091 1740/1048/1091 1739/1051/1084 1754/1081/1084
f 1702/616/1095 1701/617/1096 1717/618/1097 1718/619/1098
f 1754/1081/1084 1739/1051/1084 1738/1053/1085 1753/1082/1085
f 1668/622/1099 1651/623/1099 1666/624/1099 1682/625/1099
f 1677/626/1099 1678/627/1099 1662/628/1099 1661/629/1099
f 1679/630/1099 1663/631/1099 1662/628/1099 1678/627/1099
f 1669/632/1099 1670/633/1099 1654/634/1099 1653/635/1099
f 1681/636/1099 1682/625/1099 1666/624/1099 1665/637/1099
f 1668/622/1099 1667/638/1099 1652/639/1099 1651/623/1099
f 1675/640/1099 1659/641/1099 1658/642/1099 1674/643/1099
f 1667/638/1099 1669/632/1099 1653/635/1099 1652/639/1099
f 1673/644/1099 1657/645/1099 1656/646/1099 1672/647/1099
f 1675/640/1099 1676/648/1099 1660/649/1099 1659/641/1099
f 1758/1083/1093 1743/1054/1093 1742/1057/1094 1757/1084/1094
f 1692/654/1100 1660/655/1100 1661/656/1101 1693/657/1101
f 1685/658/1102 1683/659/1103 1652/660/1103 1653/661/1102
f 1698/662/1104 1666/663/1104 1651/664/1105 1684/665/1105
f 1693/657/1101 1661/656/1101 1662/666/1106 1694/667/1106
f 1683/659/1103 1684/665/1105 1651/664/1105 1652/660/1103
f 1690/668/1107 1658/669/1107 1659/670/1108 1691/671/1108
f 1690/668/1107 1689/672/1109 1657/673/1109 1658/669/1107
f 1692/654/1100 1691/671/1108 1659/670/1108 1660/655/1100
f 1697/674/1110 1696/675/1111 1664/676/1111 1665/677/1110
f 1689/672/1109 1688/678/1112 1656/679/1112 1657/673/1109
f 1696/675/1111 1695/680/1113 1663/681/1113 1664/676/1111
f 1697/674/1110 1665/677/1110 1666/663/1104 1698/662/1104
f 1695/680/1113 1694/667/1106 1662/666/1106 1663/681/1113
f 1688/678/1112 1687/682/1114 1655/683/1114 1656/679/1112
f 1685/658/1102 1653/661/1102 1654/684/1115 1686/685/1115
f 1671/686/1099 1672/647/1099 1656/646/1099 1655/687/1099
f 1679/688/1099 1680/689/1099 1664/690/1099 1663/691/1099
f 1671/686/1099 1655/687/1099 1654/634/1099 1670/633/1099
f 1681/636/1099 1665/637/1099 1664/690/1099 1680/689/1099
f 1692/692/1099 1690/693/1099 1691/694/1099
f 1703/698/1117 1702/616/1095 1718/619/1098 1719/699/1118
f 1709/700/1119 1708/701/1120 1724/695/1121 1725/702/1122
f 1713/703/1123 1712/704/1124 1728/705/1125 1729/706/1126
f 1699/707/1127 1714/708/1128 1730/709/1129 1715/710/1130
f 1712/704/1124 1711/711/1131 1727/712/1132 1728/705/1125
f 1710/713/1133 1709/700/1119 1725/702/1122 1726/714/1134
f 1707/715/1083 1706/716/1086 1722/697/1135 1723/696/1136
f 1704/717/1090 1703/698/1117 1719/699/1118 1720/718/1137
f 1700/719/1138 1699/707/1127 1715/710/1130 1716/720/1139
f 1706/716/1086 1705/721/1087 1721/722/1140 1722/697/1135
f 1713/703/1123 1729/706/1126 1730/709/1129 1714/708/1128
f 1707/715/1083 1723/696/1136 1724/695/1121 1708/701/1120
f 1711/711/1131 1710/713/1133 1726/714/1134 1727/712/1132
f 1705/721/1087 1704/717/1090 1720/718/1137 1721/722/1140
f 1701/617/1096 1700/719/1138 1716/720/1139 1717/618/1097
f 1673/644/1099 1674/643/1099 1658/642/1099 1657/645/1099
f 1676/648/1099 1677/626/1099 1661/629/1099 1660/649/1099
f 1708/607/1120 1755/606/1091 1754/601/1084 1707/600/1083
f 1672/723/1089 1671/724/1141 1735/725/1141 1736/726/1089
f 1751/1085/1089 1736/1058/1089 1735/1061/1141 1750/1086/1141
f 1761/1087/1142 1746/1062/1142 1745/1065/1143 1760/1088/1143
f 1746/606/1142 1682/607/1142 1681/608/1143 1745/609/1143
f 1747/1079/1081 1732/1047/1081 1731/1067/1144 1762/1089/1144
f 1744/726/1145 1680/723/1145 1679/724/1093 1743/725/1093
f 1762/1089/1144 1731/1067/1144 1746/1062/1142 1761/1087/1142
f 1760/1088/1143 1745/1065/1143 1744/1069/1145 1759/1090/1145
f 1759/1090/1145 1744/1069/1145 1743/1071/1093 1758/1091/1093
f 1753/1082/1085 1738/1053/1085 1737/1073/1088 1752/1092/1088
f 1709/608/1119 1756/609/1092 1755/606/1091 1708/607/1120
f 1752/1092/1088 1737/1073/1088 1736/1058/1089 1751/1085/1089
f 1712/599/1124 1759/598/1145 1758/610/1093 1711/611/1131
f 1760/594/1143 1759/598/1145 1712/599/1124 1713/595/1123
f 1758/725/1093 1757/726/1094 1710/723/1133 1711/724/1131
f 1706/596/1086 1753/597/1085 1752/594/1088 1705/595/1087
f 1735/610/1141 1671/611/1141 1670/599/1082 1734/598/1082
f 1699/600/1127 1762/601/1144 1761/597/1142 1714/596/1128
f 1704/599/1090 1751/598/1089 1750/610/1141 1703/611/1117
f 1702/723/1095 1749/726/1082 1748/609/1080 1701/608/1096
f 1703/724/1117 1750/725/1141 1749/726/1082 1702/723/1095
f 1714/596/1128 1761/597/1142 1760/594/1143 1713/595/1123
f 1701/608/1096 1748/609/1080 1747/606/1081 1700/607/1138
f 1737/609/1088 1673/608/1088 1672/723/1089 1736/726/1089
f 1757/1084/1094 1742/1057/1094 1741/1075/1092 1756/1093/1092
f 1700/607/1138 1747/606/1081 1762/601/1144 1699/600/1127
f 1749/1094/1082 1734/1076/1082 1733/1044/1080 1748/1078/1080
f 1745/609/1143 1681/608/1143 1680/723/1145 1744/726/1145
f 1750/1086/1141 1735/1061/1141 1734/1076/1082 1749/1094/1082
f 1732/597/1081 1667/596/1081 1668/600/1144 1731/601/1144
f 1731/601/1144 1668/600/1144 1682/607/1142 1746/606/1142
f 1742/598/1094 1678/599/1094 1677/595/1092 1741/594/1092
f 1710/723/1133 1757/726/1094 1756/609/1092 1709/608/1119
f 1756/1093/1092 1741/1075/1092 1740/1048/1091 1755/1080/1091
f 1686/685/1115 1654/684/1115 1655/683/1114 1687/682/1114
f 1797/747/1146 1798/748/1147 1805/749/1148 1796/750/1149
f 1793/751/1150 1810/752/1151 1809/753/1099 1792/754/1099
f 1794/755/1152 1817/756/1153 1810/752/1151 1793/751/1150
f 1820/757/1154 1811/758/1155 1814/759/1156
f 1814/760/1156 1810/752/1151 1817/761/1153
f 1799/762/1157 1820/763/1154 1805/764/1148 1798/748/1147
f 1810/752/1151 1814/765/1156 1811/758/1155
f 1795/766/1158 1817/767/1153 1794/755/1152
f 1817/768/1153 1795/766/1158 1796/750/1149 1805/769/1148
f 1820/770/1154 1799/762/1157 1800/771/1159
f 1800/771/1159 1801/772/1160 1811/758/1155 1820/773/1154
f 1813/774/1099 1804/775/1099 1788/776/1099 1806/777/1099
f 1808/778/1099 1790/779/1099 1791/780/1099
f 1802/781/1099 1803/782/1099 1813/774/1099 1812/783/1099
f 1802/781/1099 1812/783/1099 1811/758/1155 1801/772/1160
f 1804/775/1099 1813/774/1099 1803/782/1099
f 1809/753/1099 1808/778/1099 1791/780/1099 1792/754/1099
f 1796/750/1161 1795/766/1162 1770/766/1162 1771/750/1161
f 1797/747/1163 1796/750/1161 1771/750/1161 1772/747/1163
f 1798/748/1164 1797/747/1163 1772/747/1163 1773/748/1164
f 1806/777/1165 1807/784/1166 1781/784/1167 1780/777/1165
f 1799/762/1168 1798/748/1164 1773/748/1164 1774/762/1168
f 1802/781/1169 1801/772/1170 1776/772/1170 1777/781/1169
f 1813/774/1171 1806/777/1165 1780/777/1165 1787/774/1171
f 1807/784/1166 1808/778/1172 1782/778/1172 1781/784/1167
f 1800/771/1173 1799/762/1168 1774/762/1168 1775/771/1173
f 1794/755/1174 1793/751/1175 1768/751/1175 1769/755/1176
f 1809/753/1177 1810/752/1178 1784/752/1178 1783/753/1177
f 1795/766/1162 1794/755/1174 1769/755/1176 1770/766/1162
f 1789/785/1179 1788/776/1180 1763/776/1180 1764/785/1179
f 1789/785/1179 1764/785/1179 1765/779/1181 1790/779/1181
f 1812/783/1182 1813/774/1171 1787/774/1171 1786/783/1182
f 1810/752/1178 1811/758/1183 1785/758/1183 1784/752/1178
f 1791/780/1184 1790/779/1181 1765/779/1181 1766/780/1184
f 1806/777/1099 1788/776/1099 1789/785/1099 1807/784/1099
f 1804/775/1185 1803/782/1186 1778/782/1186 1779/775/1185
f 1811/758/1183 1812/783/1182 1786/783/1182 1785/758/1183
f 1802/781/1169 1777/781/1169 1778/782/1186 1803/782/1186
f 1792/754/1187 1791/780/1184 1766/780/1184 1767/754/1187
f 1788/776/1180 1804/775/1185 1779/775/1185 1763/776/1180
f 1793/751/1175 1792/754/1187 1767/754/1187 1768/751/1175
f 1809/753/1177 1783/753/1177 1782/778/1172 1808/778/1172
f 1801/772/1170 1800/771/1173 1775/771/1173 1776/772/1170
f 1815/786/1099 1816/787/1099 1818/788/1099 1819/789/1099
f 1815/790/1188 1814/791/1188 1817/792/1189 1816/793/1189
f 1816/794/1189 1817/795/1189 1805/796/1190 1818/797/1190
f 1818/798/1190 1805/799/1190 1820/800/1191 1819/801/1191
f 1819/802/1191 1820/803/1191 1814/804/1188 1815/805/1188
f 1790/779/1099 1808/778/1099 1807/784/1099 1789/785/1099
f 1684/806/1099 1683/807/1099 1698/808/1099
f 1698/808/1099 1683/807/1099 1685/809/1099 1697/810/1099
f 1697/810/1099 1685/809/1099 1686/811/1099 1696/812/1099
f 1696/812/1099 1686/811/1099 1687/813/1099 1695/814/1099
f 1695/814/1099 1687/813/1099 1688/815/1099 1694/816/1099
f 1694/816/1099 1688/815/1099 1689/817/1099 1693/818/1099
f 1693/818/1099 1689/817/1099 1690/693/1099 1692/692/1099
f 1903/594/1192 1839/595/1192 1837/596/1193 1902/597/1193
f 1904/598/1194 1840/599/1194 1839/595/1192 1903/594/1192
f 1877/600/1195 1924/601/1196 1923/597/1197 1876/596/1198
f 1918/819/1192 1903/602/1192 1902/605/1193 1917/820/1193
f 1875/595/1199 1922/594/1200 1921/598/1201 1874/599/1202
f 1908/606/1197 1844/607/1197 1843/608/1200 1907/609/1200
f 1909/601/1196 1845/600/1196 1844/607/1197 1908/606/1197
f 1910/597/1203 1846/596/1203 1845/600/1196 1909/601/1196
f 1911/594/1204 1847/595/1204 1846/596/1203 1910/597/1203
f 1913/610/1205 1849/611/1205 1848/599/1206 1912/598/1206
f 1925/821/1203 1910/612/1203 1909/615/1196 1924/822/1196
f 1872/616/1207 1871/617/1208 1887/618/1209 1888/619/1210
f 1924/822/1196 1909/615/1196 1908/621/1197 1923/823/1197
f 1838/622/1 1821/623/1 1836/624/1 1852/625/1
f 1847/626/1 1848/627/1 1832/628/1 1831/629/1
f 1849/630/1 1833/631/1 1832/628/1 1848/627/1
f 1839/632/1 1840/633/1 1824/634/1 1823/635/1
f 1851/636/1 1852/625/1 1836/624/1 1835/637/1
f 1838/622/1 1837/638/1 1822/639/1 1821/623/1
f 1845/640/1 1829/641/1 1828/642/1 1844/643/1
f 1837/638/1 1839/632/1 1823/635/1 1822/639/1
f 1843/644/1 1827/645/1 1826/646/1 1842/647/1
f 1845/640/1 1846/648/1 1830/649/1 1829/641/1
f 1928/824/1205 1913/650/1205 1912/653/1206 1927/825/1206
f 1862/654/1211 1830/655/1211 1831/656/1212 1863/657/1212
f 1855/658/1213 1853/659/1214 1822/660/1214 1823/661/1213
f 1868/662/1215 1836/663/1215 1821/664/1216 1854/665/1216
f 1863/657/1212 1831/656/1212 1832/666/1217 1864/667/1217
f 1853/659/1214 1854/665/1216 1821/664/1216 1822/660/1214
f 1860/668/1218 1828/669/1218 1829/670/1219 1861/671/1219
f 1860/668/1218 1859/672/1220 1827/673/1220 1828/669/1218
f 1862/654/1211 1861/671/1219 1829/670/1219 1830/655/1211
f 1867/674/1221 1866/675/1222 1834/676/1222 1835/677/1221
f 1859/672/1220 1858/678/1223 1826/679/1223 1827/673/1220
f 1866/675/1222 1865/680/1224 1833/681/1224 1834/676/1222
f 1867/674/1221 1835/677/1221 1836/663/1215 1868/662/1215
f 1865/680/1224 1864/667/1217 1832/666/1217 1833/681/1224
f 1858/678/1223 1857/682/1225 1825/683/1225 1826/679/1223
f 1855/658/1213 1823/661/1213 1824/684/1226 1856/685/1226
f 1841/686/1 1842/647/1 1826/646/1 1825/687/1
f 1849/688/1 1850/689/1 1834/690/1 1833/691/1
f 1841/686/1 1825/687/1 1824/634/1 1840/633/1
f 1851/636/1 1835/637/1 1834/690/1 1850/689/1
f 1862/692/1 1860/693/1 1861/694/1
f 1873/698/1227 1872/616/1207 1888/619/1210 1889/699/1228
f 1879/700/1229 1878/701/1230 1894/695/1231 1895/702/1232
f 1883/703/1233 1882/704/1234 1898/705/1235 1899/706/1236
f 1869/707/1237 1884/708/1238 1900/709/1239 1885/710/1240
f 1882/704/1234 1881/711/1241 1897/712/1242 1898/705/1235
f 1880/713/1243 1879/700/1229 1895/702/1232 1896/714/1244
f 1877/715/1195 1876/716/1198 1892/697/1245 1893/696/1246
f 1874/717/1202 1873/698/1227 1889/699/1228 1890/718/1247
f 1870/719/1248 1869/707/1237 1885/710/1240 1886/720/1249
f 1876/716/1198 1875/721/1199 1891/722/1250 1892/697/1245
f 1883/703/1233 1899/706/1236 1900/709/1239 1884/708/1238
f 1877/715/1195 1893/696/1246 1894/695/1231 1878/701/1230
f 1881/711/1241 1880/713/1243 1896/714/1244 1897/712/1242
f 1875/721/1199 1874/717/1202 1890/718/1247 1891/722/1250
f 1871/617/1208 1870/719/1248 1886/720/1249 1887/618/1209
f 1843/644/1 1844/643/1 1828/642/1 1827/645/1
f 1846/648/1 1847/626/1 1831/629/1 1830/649/1
f 1878/607/1230 1925/606/1203 1924/601/1196 1877/600/1195
f 1842/723/1201 1841/724/1251 1905/725/1251 1906/726/1201
f 1921/826/1201 1906/727/1201 1905/730/1251 1920/827/1251
f 1931/828/1252 1916/731/1252 1915/734/1253 1930/829/1253
f 1916/606/1252 1852/607/1252 1851/608/1253 1915/609/1253
f 1917/820/1193 1902/605/1193 1901/736/1254 1932/830/1254
f 1914/726/1255 1850/723/1255 1849/724/1205 1913/725/1205
f 1932/830/1254 1901/736/1254 1916/731/1252 1931/828/1252
f 1930/829/1253 1915/734/1253 1914/738/1255 1929/831/1255
f 1929/831/1255 1914/738/1255 1913/740/1205 1928/832/1205
f 1923/823/1197 1908/621/1197 1907/742/1200 1922/833/1200
f 1879/608/1229 1926/609/1204 1925/606/1203 1878/607/1230
f 1922/833/1200 1907/742/1200 1906/727/1201 1921/826/1201
f 1882/599/1234 1929/598/1255 1928/610/1205 1881/611/1241
f 1930/594/1253 1929/598/1255 1882/599/1234 1883/595/1233
f 1928/725/1205 1927/726/1206 1880/723/1243 1881/724/1241
f 1876/596/1198 1923/597/1197 1922/594/1200 1875/595/1199
f 1905/610/1251 1841/611/1251 1840/599/1194 1904/598/1194
f 1869/600/1237 1932/601/1254 1931/597/1252 1884/596/1238
f 1874/599/1202 1921/598/1201 1920/610/1251 1873/611/1227
f 1872/723/1207 1919/726/1194 1918/609/1192 1871/608/1208
f 1873/724/1227 1920/725/1251 1919/726/1194 1872/723/1207
f 1884/596/1238 1931/597/1252 1930/594/1253 1883/595/1233
f 1871/608/1208 1918/609/1192 1917/606/1193 1870/607/1248
f 1907/609/1200 1843/608/1200 1842/723/1201 1906/726/1201
f 1927/825/1206 1912/653/1206 1911/744/1204 1926/834/1204
f 1870/607/1248 1917/606/1193 1932/601/1254 1869/600/1237
f 1919/835/1194 1904/745/1194 1903/602/1192 1918/819/1192
f 1915/609/1253 1851/608/1253 1850/723/1255 1914/726/1255
f 1920/827/1251 1905/730/1251 1904/745/1194 1919/835/1194
f 1902/597/1193 1837/596/1193 1838/600/1254 1901/601/1254
f 1901/601/1254 1838/600/1254 1852/607/1252 1916/606/1252
f 1912/598/1206 1848/599/1206 1847/595/1204 1911/594/1204
f 1880/723/1243 1927/726/1206 1926/609/1204 1879/608/1229
f 1926/834/1204 1911/744/1204 1910/612/1203 1925/821/1203
f 1856/685/1226 1824/684/1226 1825/683/1225 1857/682/1225
f 1967/747/1256 1968/748/1257 1975/749/1258 1966/750/1259
f 1963/751/1260 1980/752/1261 1979/753/1 1962/754/1
f 1964/755/1262 1987/756/1263 1980/752/1261 1963/751/1260
f 1990/757/1264 1981/758/1265 1984/759/1266
f 1984/760/1266 1980/752/1261 1987/761/1263
f 1969/762/1267 1990/763/1264 1975/764/1258 1968/748/1257
f 1980/752/1261 1984/765/1266 1981/758/1265
f 1965/766/1268 1987/767/1263 1964/755/1262
f 1987/768/1263 1965/766/1268 1966/750/1259 1975/769/1258
f 1990/770/1264 1969/762/1267 1970/771/1269
f 1970/771/1269 1971/772/1270 1981/758/1265 1990/773/1264
f 1983/774/1 1974/775/1 1958/776/1 1976/777/1
f 1978/778/1 1960/779/1 1961/780/1
f 1972/781/1 1973/782/1 1983/774/1 1982/783/1
f 1972/781/1 1982/783/1 1981/758/1265 1971/772/1270
f 1974/775/1 1983/774/1 1973/782/1
f 1979/753/1 1978/778/1 1961/780/1 1962/754/1
f 1966/750/1271 1965/766/1272 1940/766/1272 1941/750/1271
f 1967/747/1273 1966/750/1271 1941/750/1271 1942/747/1273
f 1968/748/1274 1967/747/1273 1942/747/1273 1943/748/1274
f 1976/777/1275 1977/784/1276 1951/784/1276 1950/777/1275
f 1969/762/1277 1968/748/1274 1943/748/1274 1944/762/1277
f 1972/781/1278 1971/772/1279 1946/772/1279 1947/781/1278
f 1983/774/1280 1976/777/1275 1950/777/1275 1957/774/1280
f 1977/784/1276 1978/778/1281 1952/778/1281 1951/784/1276
f 1970/771/1282 1969/762/1277 1944/762/1277 1945/771/1282
f 1964/755/1283 1963/751/1284 1938/751/1284 1939/755/1283
f 1979/753/1285 1980/752/1286 1954/752/1286 1953/753/1285
f 1965/766/1272 1964/755/1283 1939/755/1283 1940/766/1272
f 1959/785/1287 1958/776/1288 1933/776/1288 1934/785/1287
f 1959/785/1287 1934/785/1287 1935/779/1289 1960/779/1289
f 1982/783/1290 1983/774/1280 1957/774/1280 1956/783/1290
f 1980/752/1286 1981/758/1291 1955/758/1291 1954/752/1286
f 1961/780/1292 1960/779/1289 1935/779/1289 1936/780/1292
f 1976/777/1 1958/776/1 1959/785/1 1977/784/1
f 1974/775/1293 1973/782/1294 1948/782/1294 1949/775/1293
f 1981/758/1291 1982/783/1290 1956/783/1290 1955/758/1291
f 1972/781/1278 1947/781/1278 1948/782/1294 1973/782/1294
f 1962/754/1295 1961/780/1292 1936/780/1292 1937/754/1295
f 1958/776/1288 1974/775/1293 1949/775/1293 1933/776/1288
f 1963/751/1284 1962/754/1295 1937/754/1295 1938/751/1284
f 1979/753/1285 1953/753/1285 1952/778/1281 1978/778/1281
f 1971/772/1279 1970/771/1282 1945/771/1282 1946/772/1279
f 1985/786/1 1986/787/1 1988/788/1 1989/789/1
f 1985/790/1296 1984/791/1296 1987/792/1297 1986/793/1297
f 1986/794/1297 1987/795/1297 1975/796/1298 1988/797/1298
f 1988/798/1298 1975/799/1298 1990/800/1299 1989/801/1299
f 1989/802/1299 1990/803/1299 1984/804/1296 1985/805/1296
f 1960/779/1 1978/778/1 1977/784/1 1959/785/1
f 1854/806/1 1853/807/1 1868/808/1
f 1868/808/1 1853/807/1 1855/809/1 1867/810/1
f 1867/810/1 1855/809/1 1856/811/1 1866/812/1
f 1866/812/1 1856/811/1 1857/813/1 1865/814/1
f 1865/814/1 1857/813/1 1858/815/1 1864/816/1
f 1864/816/1 1858/815/1 1859/817/1 1863/818/1
f 1863/818/1 1859/817/1 1860/693/1 1862/692/1
