# Blender 5.0.1
# www.blender.org
mtllib supply_crate_1_2.mtl
o supply_crate_1_2
v -0.334000 -0.000000 -0.041371
v -0.334000 0.000000 0.042000
v -0.334000 0.016000 -0.041371
v -0.334000 0.016000 0.042000
v 0.333999 -0.000000 -0.041371
v 0.333999 0.000000 0.042000
v 0.333999 0.016000 -0.041371
v 0.333999 0.016000 0.042000
v -0.334000 0.143086 0.212206
v -0.334000 0.200000 0.212206
v -0.334000 0.143086 0.196000
v -0.334000 0.200000 0.196000
v 0.333999 0.143086 0.212206
v 0.333999 0.200000 0.212206
v 0.333999 0.143086 0.196000
v 0.333999 0.200000 0.196000
v 0.333999 0.143086 -0.210521
v 0.333999 0.200000 -0.210521
v 0.333999 0.143086 -0.196000
v 0.333999 0.200000 -0.196000
v -0.334000 0.143086 -0.210521
v -0.334000 0.200000 -0.210521
v -0.334000 0.143086 -0.196000
v -0.334000 0.200000 -0.196000
v -0.307999 0.143086 0.072000
v -0.307999 0.167486 0.052000
v -0.307999 0.167486 -0.052000
v -0.307999 0.143086 -0.072000
v -0.323999 0.143086 -0.072000
v -0.323999 0.167486 0.052000
v -0.323999 0.143086 0.072000
v -0.323999 0.167486 -0.052000
v 0.324000 0.143086 0.196000
v 0.324000 0.200000 0.196000
v 0.308000 0.143086 0.196000
v 0.308000 0.200000 0.196000
v 0.324000 0.143086 -0.196000
v 0.324000 0.200000 -0.196000
v 0.308000 0.143086 -0.196000
v 0.308000 0.200000 -0.196000
v -0.323999 0.200000 -0.196000
v -0.323999 0.143086 -0.196000
v -0.307999 0.200000 -0.196000
v -0.307999 0.143086 -0.196000
v -0.323999 0.200000 0.196000
v -0.324000 0.143086 0.196000
v -0.307999 0.200000 0.196000
v -0.307999 0.143086 0.196000
v 0.308000 0.167486 -0.052000
v 0.308000 0.143086 0.072000
v 0.308000 0.167486 0.052000
v 0.308000 0.143086 -0.072000
v 0.324000 0.143086 -0.072000
v 0.324000 0.167486 -0.052000
v 0.324000 0.167486 0.052000
v 0.324000 0.143086 0.072000
v -0.334000 0.078556 -0.213973
v -0.334000 0.078556 0.209534
v -0.334000 0.126995 0.209534
v -0.334000 0.078556 0.196000
v -0.334000 0.126995 0.196000
v 0.333999 0.078556 0.209534
v 0.333999 0.126995 0.209534
v 0.333999 0.078556 0.196000
v 0.333999 0.126995 0.196000
v 0.333999 0.078556 -0.213973
v 0.333999 0.126995 -0.213973
v 0.333999 0.078556 -0.196000
v 0.333999 0.126995 -0.196000
v -0.334000 0.126995 -0.213973
v -0.334000 0.078556 -0.196000
v -0.334000 0.126995 -0.196000
v -0.324000 0.078556 -0.196000
v -0.324000 0.126995 -0.196000
v -0.308000 0.078556 -0.196000
v -0.308000 0.126995 -0.196000
v -0.324000 0.078556 0.196000
v -0.324000 0.126995 0.196000
v -0.308000 0.126995 0.196000
v 0.324000 0.078556 0.196000
v 0.324000 0.126995 0.196000
v 0.308000 0.126995 0.196000
v 0.324000 0.078556 -0.196000
v 0.324000 0.126995 -0.196000
v 0.308000 0.078556 -0.196000
v 0.308000 0.126995 -0.196000
v -0.308000 0.078556 0.196000
v 0.308000 0.078556 0.196000
v -0.334000 -0.000000 -0.126520
v -0.334000 0.000000 -0.051452
v -0.334000 0.016000 -0.126520
v -0.334000 0.016000 -0.051452
v 0.333999 -0.000000 -0.126520
v 0.333999 0.000000 -0.051452
v 0.333999 0.016000 -0.126520
v 0.333999 0.016000 -0.051452
v -0.334000 -0.000000 -0.212000
v -0.334000 0.000000 -0.134548
v -0.334000 0.016000 -0.212000
v -0.334000 0.016000 -0.134548
v 0.333999 -0.000000 -0.212000
v 0.333999 0.000000 -0.134548
v 0.333999 0.016000 -0.212000
v 0.333999 0.016000 -0.134548
v -0.334000 -0.000000 0.050602
v -0.334000 0.000000 0.131371
v -0.334000 0.016000 0.050602
v -0.334000 0.016000 0.131371
v 0.333999 -0.000000 0.050602
v 0.333999 0.000000 0.131371
v 0.333999 0.016000 0.050602
v 0.333999 0.016000 0.131371
v -0.334000 -0.000000 0.138000
v -0.334000 0.000000 0.212000
v -0.334000 0.016000 0.138000
v -0.334000 0.016000 0.212000
v 0.333999 -0.000000 0.138000
v 0.333999 0.000000 0.212000
v 0.333999 0.016000 0.138000
v 0.333999 0.016000 0.212000
v -0.324000 0.016000 -0.196000
v -0.324000 0.060000 -0.196000
v -0.308000 0.016000 -0.196000
v -0.308000 0.060000 -0.196000
v -0.324000 0.016000 0.196000
v -0.324000 0.060000 0.196000
v -0.308000 0.060000 0.196000
v 0.324000 0.016000 0.196000
v 0.324000 0.060000 0.196000
v 0.308000 0.060000 0.196000
v 0.324000 0.016000 -0.196000
v 0.324000 0.060000 -0.196000
v 0.308000 0.016000 -0.196000
v 0.308000 0.060000 -0.196000
v -0.256000 0.016000 0.196000
v -0.256000 0.184000 0.196000
v -0.308000 0.016000 0.144000
v -0.308000 0.184000 0.144000
v -0.308000 0.016000 0.196000
v -0.308000 0.184000 0.196000
v 0.308000 0.016000 0.144000
v 0.308000 0.184000 0.144000
v 0.256000 0.016000 0.196000
v 0.256000 0.184000 0.196000
v 0.308000 0.016000 0.196000
v 0.308000 0.184000 0.196000
v 0.256000 0.016000 -0.196000
v 0.256000 0.184000 -0.196000
v 0.308000 0.016000 -0.144000
v 0.308000 0.184000 -0.144000
v 0.308000 0.184000 -0.196000
v -0.308000 0.016000 -0.144000
v -0.308000 0.184000 -0.144000
v -0.256000 0.016000 -0.196000
v -0.256000 0.184000 -0.196000
v -0.308000 0.184000 -0.196000
v -0.334000 0.016000 -0.212000
v -0.334000 0.016000 0.212000
v -0.334000 0.060000 0.212000
v -0.334000 0.016000 0.196000
v -0.334000 0.060000 0.196000
v 0.333999 0.016000 0.212000
v 0.333999 0.060000 0.212000
v 0.333999 0.016000 0.196000
v 0.333999 0.060000 0.196000
v 0.333999 0.016000 -0.212000
v 0.333999 0.060000 -0.212000
v 0.333999 0.016000 -0.196000
v 0.333999 0.060000 -0.196000
v -0.334000 0.060000 -0.212000
v -0.334000 0.016000 -0.196000
v -0.334000 0.060000 -0.196000
v 0.196692 0.033507 -0.055843
v 0.193055 0.196200 -0.058385
v 0.227275 0.033507 -0.075360
v 0.226501 0.196200 -0.079729
v 0.262701 0.033507 -0.067534
v 0.265244 0.196200 -0.071171
v 0.282218 0.033507 -0.036951
v 0.286588 0.196200 -0.037725
v 0.274393 0.033507 -0.001525
v 0.278030 0.196200 0.001018
v 0.243810 0.033507 0.017992
v 0.244584 0.196200 0.022362
v 0.208383 0.033507 0.010167
v 0.205841 0.196200 0.013804
v 0.188866 0.033507 -0.020416
v 0.184497 0.196200 -0.019642
v 0.219020 0.023137 -0.040234
v 0.232026 0.023137 -0.048534
v 0.247093 0.023137 -0.045206
v 0.255393 0.023137 -0.032200
v 0.252065 0.023137 -0.017133
v 0.239058 0.023137 -0.008833
v 0.223992 0.023137 -0.012161
v 0.215692 0.023137 -0.025168
v 0.218547 0.358200 -0.040564
v 0.231926 0.358200 -0.049102
v 0.247423 0.358200 -0.045679
v 0.255960 0.358200 -0.032300
v 0.252537 0.358200 -0.016803
v 0.239159 0.358200 -0.008265
v 0.223662 0.358200 -0.011689
v 0.215124 0.358200 -0.025067
v 0.204372 0.018693 -0.050473
v 0.228909 0.018693 -0.066132
v 0.257332 0.018693 -0.059854
v 0.272991 0.018693 -0.035317
v 0.266713 0.018693 -0.006894
v 0.242175 0.018693 0.008765
v 0.213752 0.018693 0.002487
v 0.198094 0.018693 -0.022051
v 0.209697 0.026100 0.008288
v 0.243410 0.026100 0.015735
v 0.272514 0.026100 -0.002838
v 0.279961 0.026100 -0.036551
v 0.191124 0.026100 -0.020816
v 0.261388 0.026100 -0.065655
v 0.227675 0.026100 -0.073102
v 0.198571 0.026100 -0.054529
v 0.240220 0.309600 -0.002274
v 0.220176 0.309600 -0.006702
v 0.261952 0.309600 -0.033361
v 0.257524 0.309600 -0.013317
v 0.230865 0.309600 -0.055093
v 0.250909 0.309600 -0.050665
v 0.209133 0.309600 -0.024006
v 0.213561 0.309600 -0.044050
v 0.207402 0.245986 -0.048355
v 0.213832 0.278998 -0.043860
v 0.212562 0.261874 -0.044748
v 0.229554 0.245986 -0.062492
v 0.230922 0.278998 -0.054766
v 0.230652 0.261874 -0.056292
v 0.255214 0.245986 -0.056824
v 0.250719 0.278998 -0.050394
v 0.251607 0.261874 -0.051663
v 0.269350 0.245986 -0.034672
v 0.261625 0.278998 -0.033303
v 0.263151 0.261874 -0.033574
v 0.263682 0.245986 -0.009012
v 0.257252 0.278998 -0.013507
v 0.258522 0.261874 -0.012619
v 0.241530 0.245986 0.005124
v 0.240162 0.278998 -0.002601
v 0.240432 0.261874 -0.001075
v 0.215871 0.245986 -0.000544
v 0.220366 0.278998 -0.006974
v 0.219478 0.261874 -0.005704
v 0.201734 0.245986 -0.022696
v 0.209460 0.278998 -0.024064
v 0.207934 0.261874 -0.023794
v 0.226796 0.058997 -0.078063
v 0.264275 0.058997 -0.069785
v 0.284922 0.058997 -0.037430
v 0.276644 0.058997 0.000049
v 0.244289 0.058997 0.020696
v 0.206810 0.058997 0.012418
v 0.186163 0.058997 -0.019937
v 0.194441 0.058997 -0.057416
v 0.239503 0.333900 -0.006322
v 0.257904 0.333900 -0.032644
v 0.231582 0.333900 -0.051045
v 0.216930 0.333900 -0.041695
v 0.222531 0.333900 -0.010071
v 0.254155 0.333900 -0.015672
v 0.248554 0.333900 -0.047296
v 0.213181 0.333900 -0.024723
v 0.213015 0.294299 -0.044431
v 0.230749 0.294299 -0.055748
v 0.251290 0.294299 -0.051211
v 0.262606 0.294299 -0.033477
v 0.258069 0.294299 -0.012936
v 0.240336 0.294299 -0.001620
v 0.219795 0.294299 -0.006157
v 0.208478 0.294299 -0.023890
v 0.226519 0.187625 -0.079625
v 0.265183 0.187625 -0.071085
v 0.286484 0.187625 -0.037707
v 0.277943 0.187625 0.000957
v 0.244565 0.187625 0.022258
v 0.205901 0.187625 0.013717
v 0.184601 0.187625 -0.019661
v 0.193141 0.187625 -0.058325
v 0.216848 0.358677 -0.041752
v 0.231564 0.358677 -0.051144
v 0.248611 0.358677 -0.047378
v 0.258002 0.358677 -0.032662
v 0.254237 0.358677 -0.015615
v 0.239520 0.358677 -0.006224
v 0.222474 0.358677 -0.009989
v 0.213082 0.358677 -0.024705
v 0.220100 0.372468 -0.039479
v 0.232256 0.372468 -0.047237
v 0.246338 0.372468 -0.044126
v 0.254095 0.372468 -0.031970
v 0.250985 0.372468 -0.017888
v 0.238828 0.372468 -0.010131
v 0.224747 0.372468 -0.013241
v 0.216989 0.372468 -0.025398
v 0.223068 0.369529 -0.010840
v 0.214104 0.369529 -0.024886
v 0.253386 0.369529 -0.016210
v 0.239339 0.369529 -0.007245
v 0.248016 0.369529 -0.046528
v 0.256980 0.369529 -0.032481
v 0.217698 0.369529 -0.041158
v 0.231745 0.369529 -0.050122
v 0.227444 0.220500 -0.074406
v 0.273600 0.220500 -0.002079
v 0.189820 0.220500 -0.020585
v 0.262147 0.220500 -0.066741
v 0.243641 0.220500 0.017039
v 0.197485 0.220500 -0.055288
v 0.281265 0.220500 -0.036782
v 0.208938 0.220500 0.009374
v 0.010367 0.118195 0.016953
v 0.021650 0.104006 0.027660
v 0.028136 0.084944 0.033815
v 0.028837 0.063911 0.034479
v 0.023645 0.044111 0.029553
v 0.013353 0.028556 0.019786
v -0.000475 0.019615 0.006666
v -0.015731 0.018649 -0.007812
v -0.030095 0.025805 -0.021441
v -0.041378 0.039994 -0.032148
v -0.047864 0.059056 -0.038303
v -0.048565 0.080089 -0.038967
v -0.043374 0.099889 -0.034041
v -0.033081 0.115444 -0.024274
v -0.019253 0.124385 -0.011154
v -0.003997 0.125351 0.003324
v 0.022841 0.105215 0.028790
v 0.011131 0.119940 0.017679
v 0.029572 0.085433 0.035177
v 0.030299 0.063606 0.035867
v 0.024912 0.043057 0.030755
v 0.014230 0.026914 0.020619
v -0.000120 0.017635 0.007002
v -0.015953 0.016633 -0.008022
v -0.030860 0.024060 -0.022167
v -0.042569 0.038785 -0.033278
v -0.049300 0.058567 -0.039665
v -0.050027 0.080394 -0.040355
v -0.044640 0.100943 -0.035243
v -0.033958 0.117086 -0.025107
v -0.019608 0.126365 -0.011490
v -0.003775 0.127367 0.003534
v 0.023223 0.103365 0.024741
v 0.012165 0.117271 0.014248
v 0.029579 0.084685 0.030772
v 0.030265 0.064073 0.031424
v 0.025178 0.044668 0.026596
v 0.015091 0.029424 0.017025
v 0.001540 0.020662 0.004166
v -0.013411 0.019716 -0.010021
v -0.027488 0.026729 -0.023378
v -0.038546 0.040635 -0.033871
v -0.044902 0.059315 -0.039903
v -0.045588 0.079927 -0.040554
v -0.040501 0.099332 -0.035727
v -0.030414 0.114576 -0.026155
v -0.016863 0.123338 -0.013297
v -0.001911 0.124284 0.000891
v 0.122641 0.119940 -0.099835
v 0.134351 0.105215 -0.088724
v 0.141082 0.085433 -0.082337
v 0.141809 0.063606 -0.081647
v 0.136421 0.043057 -0.086759
v 0.125740 0.026914 -0.096895
v 0.111390 0.017635 -0.110512
v 0.095557 0.016633 -0.125536
v 0.080650 0.024060 -0.139681
v 0.068940 0.038785 -0.150792
v 0.062209 0.058567 -0.157179
v 0.061482 0.080394 -0.157869
v 0.066870 0.100943 -0.152757
v 0.077552 0.117086 -0.142621
v 0.091901 0.126365 -0.129004
v 0.107735 0.127367 -0.113980
v 0.123865 0.116449 -0.104188
v 0.134722 0.102796 -0.093886
v 0.140963 0.084455 -0.087964
v 0.141637 0.064217 -0.087324
v 0.136642 0.045165 -0.092064
v 0.126738 0.030197 -0.101462
v 0.113434 0.021594 -0.114087
v 0.098753 0.020665 -0.128017
v 0.084933 0.027551 -0.141131
v 0.074076 0.041204 -0.151434
v 0.067835 0.059545 -0.157356
v 0.067161 0.079783 -0.157995
v 0.072156 0.098835 -0.153255
v 0.082060 0.113803 -0.143858
v 0.095364 0.122406 -0.131233
v 0.110045 0.123335 -0.117303
v 0.013885 0.119940 0.014777
v 0.025595 0.105215 0.025889
v 0.032325 0.085433 0.032276
v 0.033052 0.063606 0.032966
v 0.027665 0.043057 0.027853
v 0.016983 0.026914 0.017717
v 0.002633 0.017635 0.004101
v -0.013200 0.016633 -0.010924
v -0.028106 0.024060 -0.025068
v -0.039816 0.038785 -0.036180
v -0.046547 0.058567 -0.042567
v -0.047274 0.080394 -0.043257
v -0.041887 0.100943 -0.038144
v -0.031205 0.117086 -0.028009
v -0.016855 0.126365 -0.014392
v -0.001022 0.127367 0.000632
v 0.131598 0.105215 -0.085822
v 0.138328 0.085433 -0.079435
v 0.139056 0.063606 -0.078745
v 0.133668 0.043057 -0.083858
v 0.122986 0.026914 -0.093994
v 0.108637 0.017635 -0.107610
v 0.092803 0.016633 -0.122635
v 0.077897 0.024060 -0.136779
v 0.066187 0.038785 -0.147891
v 0.059456 0.058567 -0.154278
v 0.058729 0.080394 -0.154968
v 0.064117 0.100943 -0.149855
v 0.074798 0.117086 -0.139719
v 0.089148 0.126365 -0.126103
v 0.104981 0.127367 -0.111079
v 0.119888 0.119940 -0.096934
v -0.011562 0.072717 -0.008267
v -0.005214 0.067434 -0.002243
v -0.002827 0.062345 0.000022
v -0.001800 0.049546 0.000996
v -0.004787 0.042725 -0.001838
v -0.007396 0.041639 -0.004314
v -0.015086 0.029735 -0.011610
v -0.018595 0.026607 -0.014941
v -0.021159 0.025638 -0.017373
v -0.026878 0.028226 -0.022799
v -0.031020 0.033690 -0.026731
v -0.031674 0.037336 -0.027350
v -0.031411 0.043323 -0.027102
v -0.027001 0.058266 -0.022916
v -0.027708 0.061802 -0.023588
v -0.024771 0.068509 -0.020801
v -0.015891 0.073373 -0.012375
v -0.014658 0.066034 -0.011204
v -0.008196 0.060656 -0.005072
v -0.006848 0.053459 -0.003794
v -0.009794 0.046733 -0.006589
v -0.015000 0.045120 -0.011529
v -0.021462 0.050498 -0.017661
v -0.022780 0.057541 -0.018911
v -0.019834 0.064267 -0.016116
v -0.013627 0.072717 -0.006091
v -0.007279 0.067434 -0.000067
v -0.004892 0.062345 0.002198
v -0.003865 0.049546 0.003173
v -0.006852 0.042725 0.000338
v -0.009461 0.041639 -0.002137
v -0.017151 0.029735 -0.009434
v -0.020660 0.026607 -0.012764
v -0.023224 0.025638 -0.015197
v -0.028943 0.028226 -0.020623
v -0.033085 0.033690 -0.024554
v -0.033739 0.037336 -0.025174
v -0.033476 0.043323 -0.024926
v -0.029066 0.058266 -0.020740
v -0.029773 0.061802 -0.021412
v -0.026836 0.068509 -0.018624
v -0.017956 0.073373 -0.010198
v -0.027266 0.032260 -0.018757
v -0.016723 0.066034 -0.009028
v -0.010261 0.060656 -0.002896
v -0.008913 0.053459 -0.001617
v -0.011859 0.046733 -0.004413
v -0.017065 0.045120 -0.009353
v -0.023527 0.050498 -0.015485
v -0.024845 0.057541 -0.016735
v -0.021899 0.064267 -0.013940
v -0.022453 0.043251 -0.014189
v -0.024597 0.041501 -0.013467
v -0.023522 0.035497 -0.012447
v -0.020875 0.034440 -0.012692
v -0.027877 0.034011 -0.016579
v -0.028956 0.040019 -0.017603
v -0.028850 0.041077 -0.020260
v -0.208014 0.182000 -0.045286
v -0.192593 0.182000 -0.030952
v -0.183831 0.182000 -0.011807
v -0.183062 0.182000 0.009233
v -0.190403 0.182000 0.028966
v -0.204737 0.182000 0.044388
v -0.223882 0.182000 0.053150
v -0.244922 0.182000 0.053919
v -0.264655 0.182000 0.046578
v -0.280077 0.182000 0.032243
v -0.288839 0.182000 0.013099
v -0.289608 0.182000 -0.007942
v -0.282266 0.182000 -0.027675
v -0.267932 0.182000 -0.043096
v -0.248788 0.182000 -0.051858
v -0.227747 0.182000 -0.052627
v -0.190940 0.182000 -0.032146
v -0.206944 0.182000 -0.047022
v -0.181846 0.182000 -0.012278
v -0.181048 0.182000 0.009558
v -0.188667 0.182000 0.030036
v -0.203543 0.182000 0.046041
v -0.223411 0.182000 0.055134
v -0.245247 0.182000 0.055932
v -0.265725 0.182000 0.048313
v -0.281730 0.182000 0.033437
v -0.290823 0.182000 0.013569
v -0.291621 0.182000 -0.008266
v -0.284002 0.182000 -0.028745
v -0.269126 0.182000 -0.044749
v -0.249258 0.182000 -0.053843
v -0.227423 0.182000 -0.054641
v -0.193468 0.178800 -0.030320
v -0.208581 0.178800 -0.044367
v -0.184881 0.178800 -0.011558
v -0.184127 0.178800 0.009061
v -0.191322 0.178800 0.028400
v -0.205369 0.178800 0.043513
v -0.224131 0.178800 0.052100
v -0.244750 0.178800 0.052853
v -0.264089 0.178800 0.045659
v -0.279202 0.178800 0.031611
v -0.287789 0.178800 0.012850
v -0.288542 0.178800 -0.007770
v -0.281348 0.178800 -0.027108
v -0.267300 0.178800 -0.042221
v -0.248539 0.178800 -0.050808
v -0.227919 0.178800 -0.051562
v -0.206944 0.020000 -0.047022
v -0.190940 0.020000 -0.032146
v -0.181846 0.020000 -0.012278
v -0.181048 0.020000 0.009558
v -0.188667 0.020000 0.030036
v -0.203543 0.020000 0.046041
v -0.223411 0.020000 0.055134
v -0.245247 0.020000 0.055932
v -0.265725 0.020000 0.048313
v -0.281730 0.020000 0.033437
v -0.290823 0.020000 0.013569
v -0.291621 0.020000 -0.008266
v -0.284002 0.020000 -0.028745
v -0.269126 0.020000 -0.044749
v -0.249258 0.020000 -0.053843
v -0.227423 0.020000 -0.054641
v -0.209084 0.016000 -0.043550
v -0.194246 0.016000 -0.029758
v -0.185815 0.016000 -0.011337
v -0.185075 0.016000 0.008909
v -0.192139 0.016000 0.027896
v -0.205931 0.016000 0.042735
v -0.224352 0.016000 0.051166
v -0.244598 0.016000 0.051906
v -0.263585 0.016000 0.044842
v -0.278424 0.016000 0.031049
v -0.286855 0.016000 0.012628
v -0.287595 0.016000 -0.007617
v -0.280531 0.016000 -0.026604
v -0.266738 0.016000 -0.041443
v -0.248317 0.016000 -0.049874
v -0.228072 0.016000 -0.050614
v -0.206944 0.178000 -0.047022
v -0.190940 0.178000 -0.032146
v -0.181846 0.178000 -0.012278
v -0.181048 0.178000 0.009558
v -0.188667 0.178000 0.030036
v -0.203543 0.178000 0.046041
v -0.223411 0.178000 0.055134
v -0.245247 0.178000 0.055932
v -0.265725 0.178000 0.048313
v -0.281730 0.178000 0.033437
v -0.290823 0.178000 0.013569
v -0.291621 0.178000 -0.008266
v -0.284002 0.178000 -0.028745
v -0.269126 0.178000 -0.044749
v -0.249258 0.178000 -0.053843
v -0.227423 0.178000 -0.054641
v -0.190940 0.024000 -0.032146
v -0.181846 0.024000 -0.012278
v -0.181048 0.024000 0.009558
v -0.188667 0.024000 0.030036
v -0.203543 0.024000 0.046041
v -0.223411 0.024000 0.055134
v -0.245247 0.024000 0.055932
v -0.265725 0.024000 0.048313
v -0.281730 0.024000 0.033437
v -0.290823 0.024000 0.013569
v -0.291621 0.024000 -0.008266
v -0.284002 0.024000 -0.028745
v -0.269126 0.024000 -0.044749
v -0.249258 0.024000 -0.053843
v -0.227423 0.024000 -0.054641
v -0.206944 0.024000 -0.047022
v -0.241706 0.178800 -0.000122
v -0.233004 0.178800 0.005244
v -0.229761 0.178800 0.010363
v -0.228465 0.178800 0.023174
v -0.232647 0.178800 0.029956
v -0.236253 0.178800 0.031009
v -0.246964 0.178800 0.042813
v -0.251832 0.178800 0.045896
v -0.255375 0.178800 0.046831
v -0.263234 0.178800 0.044170
v -0.268893 0.178800 0.038652
v -0.269760 0.178800 0.034998
v -0.269342 0.178800 0.029015
v -0.263122 0.178800 0.014130
v -0.264065 0.178800 0.010585
v -0.259953 0.178800 0.003916
v -0.247667 0.178800 -0.000833
v -0.246035 0.178800 0.006521
v -0.237177 0.178800 0.011983
v -0.235387 0.178800 0.019197
v -0.239511 0.178800 0.025884
v -0.246702 0.178800 0.027430
v -0.255560 0.178800 0.021969
v -0.257311 0.178800 0.014909
v -0.253187 0.178800 0.008221
v -0.241706 0.181800 -0.000122
v -0.233004 0.181800 0.005244
v -0.229761 0.181800 0.010363
v -0.228465 0.181800 0.023174
v -0.232647 0.181800 0.029956
v -0.236253 0.181800 0.031009
v -0.246964 0.181800 0.042813
v -0.251832 0.181800 0.045896
v -0.255375 0.181800 0.046831
v -0.263234 0.181800 0.044170
v -0.268893 0.181800 0.038652
v -0.269760 0.181800 0.034998
v -0.269342 0.181800 0.029015
v -0.263122 0.181800 0.014130
v -0.264065 0.181800 0.010585
v -0.259953 0.181800 0.003916
v -0.247667 0.181800 -0.000833
v -0.260695 0.182000 0.040159
v -0.246035 0.181800 0.006521
v -0.237177 0.181800 0.011983
v -0.235387 0.181800 0.019197
v -0.239511 0.181800 0.025884
v -0.246702 0.181800 0.027430
v -0.255560 0.181800 0.021969
v -0.257311 0.181800 0.014909
v -0.253187 0.181800 0.008221
v -0.253957 0.182000 0.029231
v -0.255031 0.184000 0.030971
v -0.253605 0.184000 0.036989
v -0.251865 0.182000 0.038062
v -0.259623 0.184000 0.038418
v -0.261054 0.184000 0.032397
v -0.262796 0.182000 0.031323
v -0.160010 0.182000 -0.001905
v -0.169326 0.182000 -0.020787
v -0.170708 0.182000 -0.041796
v -0.163944 0.182000 -0.061734
v -0.150065 0.182000 -0.077567
v -0.131184 0.182000 -0.086883
v -0.110175 0.182000 -0.088264
v -0.090237 0.182000 -0.081501
v -0.074404 0.182000 -0.067622
v -0.065088 0.182000 -0.048741
v -0.063706 0.182000 -0.027732
v -0.070470 0.182000 -0.007793
v -0.084349 0.182000 0.008039
v -0.103230 0.182000 0.017356
v -0.124239 0.182000 0.018737
v -0.144178 0.182000 0.011974
v -0.171296 0.182000 -0.020258
v -0.161628 0.182000 -0.000664
v -0.172729 0.182000 -0.042061
v -0.165710 0.182000 -0.062753
v -0.151307 0.182000 -0.079184
v -0.131712 0.182000 -0.088852
v -0.109909 0.182000 -0.090286
v -0.089217 0.182000 -0.083267
v -0.072786 0.182000 -0.068864
v -0.063118 0.182000 -0.049269
v -0.061685 0.182000 -0.027466
v -0.068704 0.182000 -0.006774
v -0.083107 0.182000 0.009657
v -0.102702 0.182000 0.019325
v -0.124505 0.182000 0.020759
v -0.145197 0.182000 0.013740
v -0.168284 0.178800 -0.021066
v -0.159154 0.178800 -0.002562
v -0.169638 0.178800 -0.041655
v -0.163009 0.178800 -0.061195
v -0.149408 0.178800 -0.076711
v -0.130905 0.178800 -0.085840
v -0.110316 0.178800 -0.087194
v -0.090776 0.178800 -0.080566
v -0.075260 0.178800 -0.066965
v -0.066130 0.178800 -0.048461
v -0.064776 0.178800 -0.027872
v -0.071405 0.178800 -0.008333
v -0.085006 0.178800 0.007183
v -0.103509 0.178800 0.016313
v -0.124098 0.178800 0.017667
v -0.143638 0.178800 0.011039
v -0.161628 0.020000 -0.000664
v -0.171296 0.020000 -0.020258
v -0.172730 0.020000 -0.042061
v -0.165710 0.020000 -0.062753
v -0.151307 0.020000 -0.079184
v -0.131712 0.020000 -0.088852
v -0.109909 0.020000 -0.090286
v -0.089217 0.020000 -0.083267
v -0.072787 0.020000 -0.068864
v -0.063118 0.020000 -0.049269
v -0.061685 0.020000 -0.027466
v -0.068704 0.020000 -0.006774
v -0.083107 0.020000 0.009657
v -0.102702 0.020000 0.019325
v -0.124505 0.020000 0.020759
v -0.145197 0.020000 0.013740
v -0.158393 0.016000 -0.003147
v -0.167357 0.016000 -0.021315
v -0.168686 0.016000 -0.041530
v -0.162178 0.016000 -0.060715
v -0.148824 0.016000 -0.075949
v -0.130656 0.016000 -0.084913
v -0.110441 0.016000 -0.086243
v -0.091256 0.016000 -0.079735
v -0.076022 0.016000 -0.066380
v -0.067057 0.016000 -0.048213
v -0.065728 0.016000 -0.027997
v -0.072236 0.016000 -0.008812
v -0.085590 0.016000 0.006422
v -0.103758 0.016000 0.015386
v -0.123973 0.016000 0.016715
v -0.143158 0.016000 0.010207
v -0.161628 0.178000 -0.000664
v -0.171296 0.178000 -0.020258
v -0.172729 0.178000 -0.042061
v -0.165710 0.178000 -0.062753
v -0.151307 0.178000 -0.079184
v -0.131712 0.178000 -0.088852
v -0.109909 0.178000 -0.090286
v -0.089217 0.178000 -0.083267
v -0.072786 0.178000 -0.068864
v -0.063118 0.178000 -0.049269
v -0.061685 0.178000 -0.027466
v -0.068704 0.178000 -0.006774
v -0.083107 0.178000 0.009657
v -0.102702 0.178000 0.019325
v -0.124505 0.178000 0.020759
v -0.145197 0.178000 0.013740
v -0.171296 0.024000 -0.020258
v -0.172730 0.024000 -0.042061
v -0.165710 0.024000 -0.062753
v -0.151307 0.024000 -0.079184
v -0.131712 0.024000 -0.088852
v -0.109909 0.024000 -0.090286
v -0.089217 0.024000 -0.083267
v -0.072787 0.024000 -0.068864
v -0.063118 0.024000 -0.049269
v -0.061685 0.024000 -0.027466
v -0.068704 0.024000 -0.006774
v -0.083107 0.024000 0.009657
v -0.102702 0.024000 0.019325
v -0.124505 0.024000 0.020759
v -0.145197 0.024000 0.013740
v -0.161628 0.024000 -0.000664
v -0.112460 0.178800 -0.032136
v -0.118685 0.178800 -0.040245
v -0.119895 0.178800 -0.046183
v -0.116551 0.178800 -0.058618
v -0.110231 0.178800 -0.063470
v -0.106486 0.178800 -0.063171
v -0.092277 0.178800 -0.070395
v -0.086631 0.178800 -0.071545
v -0.082987 0.178800 -0.071159
v -0.076589 0.178800 -0.065878
v -0.073261 0.178800 -0.058708
v -0.073751 0.178800 -0.054984
v -0.076268 0.178800 -0.049541
v -0.087375 0.178800 -0.037840
v -0.087755 0.178800 -0.034192
v -0.093970 0.178800 -0.029421
v -0.107142 0.178800 -0.029351
v -0.106051 0.178800 -0.036805
v -0.112388 0.178800 -0.045060
v -0.111496 0.178800 -0.052439
v -0.105263 0.178800 -0.057223
v -0.097992 0.178800 -0.056111
v -0.091656 0.178800 -0.047856
v -0.092530 0.178800 -0.040635
v -0.098762 0.178800 -0.035851
v -0.112460 0.181800 -0.032136
v -0.118685 0.181800 -0.040245
v -0.119895 0.181800 -0.046183
v -0.116551 0.181800 -0.058618
v -0.110231 0.181800 -0.063470
v -0.106486 0.181800 -0.063171
v -0.092277 0.181800 -0.070395
v -0.086631 0.181800 -0.071545
v -0.082987 0.181800 -0.071159
v -0.076589 0.181800 -0.065878
v -0.073261 0.181800 -0.058708
v -0.073751 0.181800 -0.054984
v -0.076268 0.181800 -0.049541
v -0.087375 0.181800 -0.037840
v -0.087755 0.181800 -0.034192
v -0.093970 0.181800 -0.029421
v -0.107142 0.181800 -0.029351
v -0.080387 0.182000 -0.063032
v -0.106051 0.181800 -0.036805
v -0.112388 0.181800 -0.045060
v -0.111496 0.181800 -0.052439
v -0.105263 0.181800 -0.057223
v -0.097992 0.181800 -0.056111
v -0.091656 0.181800 -0.047856
v -0.092530 0.181800 -0.040635
v -0.098762 0.181800 -0.035851
v -0.090571 0.182000 -0.055214
v -0.088949 0.184000 -0.056458
v -0.088141 0.184000 -0.062590
v -0.089386 0.182000 -0.064212
v -0.082009 0.184000 -0.061786
v -0.082813 0.184000 -0.055649
v -0.081567 0.182000 -0.054026
v 0.086996 0.182000 0.189237
v 0.066461 0.182000 0.184590
v 0.049267 0.182000 0.172438
v 0.038033 0.182000 0.154632
v 0.034468 0.182000 0.133881
v 0.039115 0.182000 0.113346
v 0.051267 0.182000 0.096152
v 0.069074 0.182000 0.084918
v 0.089824 0.182000 0.081353
v 0.110359 0.182000 0.086000
v 0.127553 0.182000 0.098152
v 0.138787 0.182000 0.115959
v 0.142352 0.182000 0.136709
v 0.137705 0.182000 0.157244
v 0.125553 0.182000 0.174438
v 0.107747 0.182000 0.185672
v 0.065632 0.182000 0.186453
v 0.086943 0.182000 0.191276
v 0.047788 0.182000 0.173842
v 0.036129 0.182000 0.155362
v 0.032429 0.182000 0.133828
v 0.037252 0.182000 0.112517
v 0.049863 0.182000 0.094673
v 0.068343 0.182000 0.083014
v 0.089877 0.182000 0.079314
v 0.111189 0.182000 0.084137
v 0.129032 0.182000 0.096748
v 0.140691 0.182000 0.115228
v 0.144391 0.182000 0.136762
v 0.139568 0.182000 0.158074
v 0.126957 0.182000 0.175917
v 0.108477 0.182000 0.187576
v 0.066900 0.178800 0.183604
v 0.087024 0.178800 0.188159
v 0.050050 0.178800 0.171695
v 0.039040 0.178800 0.154245
v 0.035547 0.178800 0.133910
v 0.040101 0.178800 0.113785
v 0.052010 0.178800 0.096935
v 0.069460 0.178800 0.085925
v 0.089796 0.178800 0.082432
v 0.109920 0.178800 0.086986
v 0.126770 0.178800 0.098895
v 0.137780 0.178800 0.116345
v 0.141274 0.178800 0.136681
v 0.136719 0.178800 0.156805
v 0.124810 0.178800 0.173655
v 0.107360 0.178800 0.184665
v 0.086943 0.020000 0.191276
v 0.065632 0.020000 0.186453
v 0.047788 0.020000 0.173842
v 0.036129 0.020000 0.155362
v 0.032429 0.020000 0.133828
v 0.037252 0.020000 0.112517
v 0.049863 0.020000 0.094673
v 0.068343 0.020000 0.083014
v 0.089877 0.020000 0.079314
v 0.111189 0.020000 0.084137
v 0.129032 0.020000 0.096748
v 0.140691 0.020000 0.115228
v 0.144391 0.020000 0.136762
v 0.139568 0.020000 0.158074
v 0.126957 0.020000 0.175917
v 0.108477 0.020000 0.187576
v 0.087050 0.016000 0.187199
v 0.067290 0.016000 0.182727
v 0.050747 0.016000 0.171035
v 0.039937 0.016000 0.153901
v 0.036506 0.016000 0.133935
v 0.040978 0.016000 0.114176
v 0.052671 0.016000 0.097632
v 0.069804 0.016000 0.086822
v 0.089771 0.016000 0.083391
v 0.109530 0.016000 0.087863
v 0.126074 0.016000 0.099556
v 0.136884 0.016000 0.116689
v 0.140314 0.016000 0.136656
v 0.135842 0.016000 0.156415
v 0.124150 0.016000 0.172959
v 0.107016 0.016000 0.183769
v 0.086943 0.178000 0.191276
v 0.065632 0.178000 0.186453
v 0.047788 0.178000 0.173842
v 0.036129 0.178000 0.155362
v 0.032429 0.178000 0.133828
v 0.037252 0.178000 0.112517
v 0.049863 0.178000 0.094673
v 0.068343 0.178000 0.083014
v 0.089877 0.178000 0.079314
v 0.111189 0.178000 0.084137
v 0.129032 0.178000 0.096748
v 0.140691 0.178000 0.115228
v 0.144391 0.178000 0.136762
v 0.139568 0.178000 0.158074
v 0.126957 0.178000 0.175917
v 0.108477 0.178000 0.187576
v 0.065632 0.024000 0.186453
v 0.047788 0.024000 0.173842
v 0.036129 0.024000 0.155362
v 0.032429 0.024000 0.133828
v 0.037252 0.024000 0.112517
v 0.049863 0.024000 0.094673
v 0.068343 0.024000 0.083014
v 0.089877 0.024000 0.079314
v 0.111189 0.024000 0.084137
v 0.129032 0.024000 0.096748
v 0.140691 0.024000 0.115228
v 0.144391 0.024000 0.136762
v 0.139568 0.024000 0.158074
v 0.126957 0.024000 0.175917
v 0.108477 0.024000 0.187576
v 0.086943 0.024000 0.191276
v 0.093440 0.178800 0.133261
v 0.083220 0.178800 0.132993
v 0.077845 0.178800 0.130195
v 0.070288 0.178800 0.119769
v 0.070497 0.178800 0.111804
v 0.073087 0.178800 0.109082
v 0.076418 0.178800 0.093495
v 0.079079 0.178800 0.088384
v 0.081672 0.178800 0.085795
v 0.089804 0.178800 0.084148
v 0.097470 0.178800 0.086076
v 0.100054 0.178800 0.088801
v 0.102699 0.178800 0.094184
v 0.104799 0.178800 0.110179
v 0.107394 0.178800 0.112771
v 0.107189 0.178800 0.120603
v 0.098952 0.178800 0.130881
v 0.093846 0.178800 0.125342
v 0.083444 0.178800 0.125069
v 0.078272 0.178800 0.119731
v 0.078478 0.178800 0.111877
v 0.083919 0.178800 0.106927
v 0.094322 0.178800 0.107200
v 0.099382 0.178800 0.112425
v 0.099176 0.178800 0.120279
v 0.093440 0.181800 0.133261
v 0.083220 0.181800 0.132993
v 0.077845 0.181800 0.130195
v 0.070288 0.181800 0.119769
v 0.070497 0.181800 0.111804
v 0.073087 0.181800 0.109082
v 0.076418 0.181800 0.093495
v 0.079079 0.181800 0.088384
v 0.081672 0.181800 0.085795
v 0.089804 0.181800 0.084148
v 0.097470 0.181800 0.086076
v 0.100054 0.181800 0.088801
v 0.102699 0.181800 0.094184
v 0.104799 0.181800 0.110179
v 0.107394 0.181800 0.112771
v 0.107189 0.181800 0.120603
v 0.098952 0.181800 0.130881
v 0.089624 0.182000 0.088892
v 0.093846 0.181800 0.125342
v 0.083444 0.181800 0.125069
v 0.078272 0.181800 0.119731
v 0.078478 0.181800 0.111877
v 0.083919 0.181800 0.106927
v 0.094322 0.181800 0.107200
v 0.099382 0.181800 0.112425
v 0.099176 0.181800 0.120279
v 0.089288 0.182000 0.101726
v 0.089342 0.184000 0.099682
v 0.085086 0.184000 0.095194
v 0.083042 0.182000 0.095141
v 0.089571 0.184000 0.090936
v 0.093834 0.184000 0.095424
v 0.095879 0.182000 0.095477
v -0.012673 0.182000 -0.097086
v -0.029631 0.182000 -0.084607
v -0.050073 0.182000 -0.079567
v -0.070888 0.182000 -0.082734
v -0.088907 0.182000 -0.093626
v -0.101386 0.182000 -0.110584
v -0.106425 0.182000 -0.131026
v -0.103258 0.182000 -0.151841
v -0.092367 0.182000 -0.169859
v -0.075409 0.182000 -0.182338
v -0.054966 0.182000 -0.187378
v -0.034152 0.182000 -0.184211
v -0.016133 0.182000 -0.173319
v -0.003654 0.182000 -0.156361
v 0.001385 0.182000 -0.135919
v -0.001782 0.182000 -0.115104
v -0.028766 0.182000 -0.082760
v -0.011167 0.182000 -0.095711
v -0.049981 0.182000 -0.077530
v -0.071583 0.182000 -0.080817
v -0.090282 0.182000 -0.092120
v -0.103232 0.182000 -0.109719
v -0.108462 0.182000 -0.130934
v -0.105176 0.182000 -0.152535
v -0.093873 0.182000 -0.171235
v -0.076274 0.182000 -0.184185
v -0.055059 0.182000 -0.189415
v -0.033457 0.182000 -0.186128
v -0.014758 0.182000 -0.174825
v -0.001807 0.182000 -0.157226
v 0.003422 0.182000 -0.136011
v 0.000136 0.182000 -0.114410
v -0.030089 0.178800 -0.085584
v -0.013470 0.178800 -0.097813
v -0.050122 0.178800 -0.080645
v -0.070521 0.178800 -0.083749
v -0.088179 0.178800 -0.094423
v -0.100408 0.178800 -0.111041
v -0.105347 0.178800 -0.131075
v -0.102243 0.178800 -0.151474
v -0.091570 0.178800 -0.169132
v -0.074951 0.178800 -0.181361
v -0.054918 0.178800 -0.186300
v -0.034519 0.178800 -0.183196
v -0.016861 0.178800 -0.172522
v -0.004631 0.178800 -0.155904
v 0.000307 0.178800 -0.135870
v -0.002796 0.178800 -0.115471
v -0.011167 0.020000 -0.095711
v -0.028766 0.020000 -0.082760
v -0.049981 0.020000 -0.077530
v -0.071583 0.020000 -0.080817
v -0.090282 0.020000 -0.092120
v -0.103232 0.020000 -0.109719
v -0.108462 0.020000 -0.130934
v -0.105176 0.020000 -0.152535
v -0.093873 0.020000 -0.171235
v -0.076274 0.020000 -0.184185
v -0.055059 0.020000 -0.189415
v -0.033457 0.020000 -0.186128
v -0.014758 0.020000 -0.174825
v -0.001808 0.020000 -0.157226
v 0.003422 0.020000 -0.136011
v 0.000136 0.020000 -0.114410
v -0.014179 0.016000 -0.098461
v -0.030496 0.016000 -0.086453
v -0.050166 0.016000 -0.081604
v -0.070194 0.016000 -0.084652
v -0.087532 0.016000 -0.095132
v -0.099539 0.016000 -0.111449
v -0.104388 0.016000 -0.131119
v -0.101341 0.016000 -0.151147
v -0.090861 0.016000 -0.168484
v -0.074544 0.016000 -0.180492
v -0.054874 0.016000 -0.185341
v -0.034846 0.016000 -0.182293
v -0.017508 0.016000 -0.171814
v -0.005501 0.016000 -0.155497
v -0.000652 0.016000 -0.135827
v -0.003699 0.016000 -0.115798
v -0.011167 0.178000 -0.095711
v -0.028766 0.178000 -0.082760
v -0.049981 0.178000 -0.077530
v -0.071583 0.178000 -0.080817
v -0.090282 0.178000 -0.092120
v -0.103232 0.178000 -0.109719
v -0.108462 0.178000 -0.130934
v -0.105176 0.178000 -0.152535
v -0.093873 0.178000 -0.171235
v -0.076274 0.178000 -0.184185
v -0.055059 0.178000 -0.189415
v -0.033457 0.178000 -0.186128
v -0.014758 0.178000 -0.174825
v -0.001807 0.178000 -0.157226
v 0.003422 0.178000 -0.136011
v 0.000136 0.178000 -0.114410
v -0.028766 0.024000 -0.082760
v -0.049981 0.024000 -0.077530
v -0.071583 0.024000 -0.080817
v -0.090282 0.024000 -0.092120
v -0.103232 0.024000 -0.109719
v -0.108462 0.024000 -0.130934
v -0.105176 0.024000 -0.152535
v -0.093873 0.024000 -0.171235
v -0.076274 0.024000 -0.184185
v -0.055059 0.024000 -0.189415
v -0.033457 0.024000 -0.186128
v -0.014758 0.024000 -0.174825
v -0.001808 0.024000 -0.157226
v 0.003422 0.024000 -0.136011
v 0.000136 0.024000 -0.114410
v -0.011167 0.024000 -0.095711
v -0.050765 0.178800 -0.138606
v -0.057658 0.178800 -0.131057
v -0.063292 0.178800 -0.128826
v -0.076121 0.178800 -0.129941
v -0.082004 0.178800 -0.135314
v -0.082366 0.178800 -0.139053
v -0.091966 0.178800 -0.151777
v -0.094088 0.178800 -0.157134
v -0.094346 0.178800 -0.160790
v -0.090267 0.178800 -0.168014
v -0.083790 0.178800 -0.172546
v -0.080039 0.178800 -0.172716
v -0.074239 0.178800 -0.171190
v -0.060774 0.178800 -0.162304
v -0.057115 0.178800 -0.162569
v -0.051330 0.178800 -0.157286
v -0.048954 0.178800 -0.144330
v -0.056484 0.178800 -0.144098
v -0.063501 0.178800 -0.136414
v -0.070922 0.178800 -0.136000
v -0.076724 0.178800 -0.141298
v -0.076902 0.178800 -0.148652
v -0.069885 0.178800 -0.156336
v -0.062623 0.178800 -0.156740
v -0.056821 0.178800 -0.151442
v -0.050765 0.181800 -0.138606
v -0.057658 0.181800 -0.131057
v -0.063292 0.181800 -0.128826
v -0.076121 0.181800 -0.129941
v -0.082004 0.181800 -0.135314
v -0.082366 0.181800 -0.139053
v -0.091966 0.181800 -0.151777
v -0.094088 0.181800 -0.157134
v -0.094346 0.181800 -0.160790
v -0.090267 0.181800 -0.168014
v -0.083790 0.181800 -0.172546
v -0.080039 0.181800 -0.172716
v -0.074239 0.181800 -0.171190
v -0.060774 0.181800 -0.162304
v -0.057115 0.181800 -0.162569
v -0.051330 0.181800 -0.157286
v -0.048954 0.181800 -0.144330
v -0.086799 0.182000 -0.164773
v -0.056484 0.181800 -0.144098
v -0.063501 0.181800 -0.136414
v -0.070922 0.181800 -0.136000
v -0.076724 0.181800 -0.141298
v -0.076902 0.181800 -0.148652
v -0.069885 0.181800 -0.156336
v -0.062623 0.181800 -0.156740
v -0.056821 0.181800 -0.151442
v -0.077319 0.182000 -0.156115
v -0.078828 0.184000 -0.157495
v -0.085006 0.184000 -0.157216
v -0.086385 0.182000 -0.155706
v -0.085289 0.184000 -0.163394
v -0.079106 0.184000 -0.163678
v -0.077726 0.182000 -0.165189
v 0.093899 0.182000 -0.009272
v 0.110072 0.182000 -0.022753
v 0.130172 0.182000 -0.029019
v 0.151140 0.182000 -0.027116
v 0.169784 0.182000 -0.017333
v 0.183265 0.182000 -0.001161
v 0.189531 0.182000 0.018940
v 0.187628 0.182000 0.039908
v 0.177845 0.182000 0.058552
v 0.161672 0.182000 0.072033
v 0.141572 0.182000 0.078299
v 0.120604 0.182000 0.076395
v 0.101960 0.182000 0.066613
v 0.088479 0.182000 0.050440
v 0.082213 0.182000 0.030340
v 0.084116 0.182000 0.009371
v 0.109097 0.182000 -0.024544
v 0.092313 0.182000 -0.010554
v 0.129957 0.182000 -0.031047
v 0.151717 0.182000 -0.029072
v 0.171066 0.182000 -0.018919
v 0.185056 0.182000 -0.002136
v 0.191559 0.182000 0.018724
v 0.189583 0.182000 0.040485
v 0.179431 0.182000 0.059833
v 0.162647 0.182000 0.073824
v 0.141787 0.182000 0.080326
v 0.120027 0.182000 0.078351
v 0.100678 0.182000 0.068199
v 0.086688 0.182000 0.051415
v 0.080185 0.182000 0.030555
v 0.082161 0.182000 0.008794
v 0.110588 0.178800 -0.021806
v 0.094738 0.178800 -0.008594
v 0.130286 0.178800 -0.027946
v 0.150835 0.178800 -0.026081
v 0.169106 0.178800 -0.016494
v 0.182317 0.178800 -0.000645
v 0.188458 0.178800 0.019054
v 0.186593 0.178800 0.039603
v 0.177006 0.178800 0.057874
v 0.161156 0.178800 0.071085
v 0.141458 0.178800 0.077226
v 0.120909 0.178800 0.075360
v 0.102638 0.178800 0.065773
v 0.089427 0.178800 0.049924
v 0.083286 0.178800 0.030226
v 0.085151 0.178800 0.009677
v 0.092313 0.020000 -0.010554
v 0.109097 0.020000 -0.024544
v 0.129957 0.020000 -0.031047
v 0.151717 0.020000 -0.029072
v 0.171066 0.020000 -0.018919
v 0.185056 0.020000 -0.002136
v 0.191559 0.020000 0.018724
v 0.189583 0.020000 0.040485
v 0.179431 0.020000 0.059833
v 0.162647 0.020000 0.073824
v 0.141787 0.020000 0.080326
v 0.120027 0.020000 0.078351
v 0.100678 0.020000 0.068199
v 0.086688 0.020000 0.051415
v 0.080185 0.020000 0.030555
v 0.082160 0.020000 0.008794
v 0.095485 0.016000 -0.007991
v 0.111047 0.016000 -0.020962
v 0.130387 0.016000 -0.026991
v 0.150563 0.016000 -0.025160
v 0.168503 0.016000 -0.015747
v 0.181474 0.016000 -0.000186
v 0.187503 0.016000 0.019155
v 0.185672 0.016000 0.039331
v 0.176259 0.016000 0.057270
v 0.160697 0.016000 0.070242
v 0.141356 0.016000 0.076271
v 0.121181 0.016000 0.074440
v 0.103241 0.016000 0.065027
v 0.090270 0.016000 0.049465
v 0.084241 0.016000 0.030124
v 0.086072 0.016000 0.009948
v 0.092313 0.178000 -0.010554
v 0.109097 0.178000 -0.024544
v 0.129957 0.178000 -0.031047
v 0.151717 0.178000 -0.029072
v 0.171066 0.178000 -0.018919
v 0.185056 0.178000 -0.002136
v 0.191559 0.178000 0.018724
v 0.189583 0.178000 0.040485
v 0.179431 0.178000 0.059833
v 0.162647 0.178000 0.073824
v 0.141787 0.178000 0.080326
v 0.120027 0.178000 0.078351
v 0.100678 0.178000 0.068199
v 0.086688 0.178000 0.051415
v 0.080185 0.178000 0.030555
v 0.082161 0.178000 0.008794
v 0.109097 0.024000 -0.024544
v 0.129957 0.024000 -0.031047
v 0.151717 0.024000 -0.029072
v 0.171066 0.024000 -0.018919
v 0.185056 0.024000 -0.002136
v 0.191559 0.024000 0.018724
v 0.189583 0.024000 0.040485
v 0.179431 0.024000 0.059833
v 0.162647 0.024000 0.073824
v 0.141787 0.024000 0.080326
v 0.120027 0.024000 0.078351
v 0.100678 0.024000 0.068199
v 0.086688 0.024000 0.051415
v 0.080185 0.024000 0.030555
v 0.082160 0.024000 0.008794
v 0.092313 0.024000 -0.010554
v 0.134430 0.178800 0.029870
v 0.140855 0.178800 0.021918
v 0.146344 0.178800 0.019350
v 0.159216 0.178800 0.019688
v 0.165414 0.178800 0.024696
v 0.166001 0.178800 0.028406
v 0.176353 0.178800 0.040527
v 0.178794 0.178800 0.045746
v 0.179273 0.178800 0.049379
v 0.175637 0.178800 0.056837
v 0.169447 0.178800 0.061752
v 0.165712 0.178800 0.062148
v 0.159830 0.178800 0.060976
v 0.145853 0.178800 0.052920
v 0.142217 0.178800 0.053406
v 0.136123 0.178800 0.048482
v 0.132969 0.178800 0.035693
v 0.140471 0.178800 0.035007
v 0.147011 0.178800 0.026912
v 0.154393 0.178800 0.026051
v 0.160505 0.178800 0.030988
v 0.161127 0.178800 0.038318
v 0.154587 0.178800 0.046412
v 0.147362 0.178800 0.047254
v 0.141251 0.178800 0.042317
v 0.134430 0.181800 0.029870
v 0.140855 0.181800 0.021918
v 0.146344 0.181800 0.019350
v 0.159216 0.181800 0.019688
v 0.165414 0.181800 0.024696
v 0.166001 0.181800 0.028406
v 0.176353 0.181800 0.040527
v 0.178794 0.181800 0.045746
v 0.179273 0.181800 0.049379
v 0.175637 0.181800 0.056837
v 0.169447 0.181800 0.061752
v 0.165712 0.181800 0.062148
v 0.159830 0.181800 0.060976
v 0.145853 0.181800 0.052920
v 0.142217 0.181800 0.053406
v 0.136123 0.181800 0.048482
v 0.132969 0.181800 0.035693
v 0.171980 0.182000 0.053811
v 0.140471 0.181800 0.035007
v 0.147011 0.181800 0.026912
v 0.154393 0.181800 0.026051
v 0.160505 0.181800 0.030988
v 0.161127 0.181800 0.038318
v 0.154587 0.181800 0.046412
v 0.147362 0.181800 0.047254
v 0.141251 0.181800 0.042317
v 0.161994 0.182000 0.045742
v 0.163584 0.184000 0.047028
v 0.169734 0.184000 0.046376
v 0.171019 0.182000 0.044786
v 0.170389 0.184000 0.052526
v 0.164235 0.184000 0.053183
v 0.162949 0.182000 0.054775
v -0.132174 0.112520 0.154299
v -0.126722 0.095799 0.165873
v -0.124412 0.075454 0.170777
v -0.125595 0.054584 0.168265
v -0.130092 0.036365 0.158718
v -0.137218 0.023571 0.143592
v -0.145889 0.018150 0.125187
v -0.154783 0.020927 0.106306
v -0.162547 0.031479 0.089825
v -0.167999 0.048201 0.078251
v -0.170310 0.068545 0.073347
v -0.169126 0.089416 0.075859
v -0.164629 0.107635 0.085405
v -0.157503 0.120429 0.100532
v -0.148833 0.125850 0.118937
v -0.139939 0.123073 0.137817
v -0.125942 0.096698 0.167529
v -0.131600 0.114052 0.155517
v -0.123544 0.075585 0.172618
v -0.124773 0.053926 0.170011
v -0.129440 0.035018 0.160104
v -0.136835 0.021741 0.144405
v -0.145833 0.016115 0.125305
v -0.155063 0.018997 0.105711
v -0.163121 0.029948 0.088606
v -0.168779 0.047302 0.076595
v -0.171177 0.068415 0.071506
v -0.169949 0.090074 0.074113
v -0.165282 0.108982 0.084020
v -0.157886 0.122259 0.099719
v -0.148889 0.127885 0.118819
v -0.139658 0.125003 0.138413
v -0.124240 0.095323 0.163633
v -0.129583 0.111710 0.152291
v -0.121976 0.075385 0.168439
v -0.123136 0.054932 0.165977
v -0.127543 0.037077 0.156622
v -0.134526 0.024539 0.141797
v -0.143023 0.019227 0.123761
v -0.151739 0.021948 0.105258
v -0.159349 0.032290 0.089106
v -0.164692 0.048677 0.077763
v -0.166956 0.068615 0.072957
v -0.165796 0.089068 0.075419
v -0.161389 0.106922 0.084775
v -0.154405 0.119460 0.099599
v -0.145909 0.124773 0.117636
v -0.137192 0.122051 0.136138
v 0.014952 0.114052 0.086479
v 0.020611 0.096698 0.098490
v 0.023008 0.075585 0.103579
v 0.021780 0.053926 0.100972
v 0.017113 0.035018 0.091065
v 0.009717 0.021741 0.075366
v 0.000720 0.016115 0.056266
v -0.008511 0.018997 0.036672
v -0.016568 0.029948 0.019568
v -0.022227 0.047302 0.007556
v -0.024624 0.068415 0.002467
v -0.023396 0.090074 0.005074
v -0.018729 0.108982 0.014981
v -0.011334 0.122259 0.030680
v -0.002336 0.127885 0.049780
v 0.006894 0.125003 0.069374
v 0.017423 0.110989 0.082337
v 0.022669 0.094900 0.093474
v 0.024892 0.075324 0.098193
v 0.023753 0.055242 0.095775
v 0.019426 0.037711 0.086590
v 0.012570 0.025401 0.072035
v 0.004227 0.020185 0.054325
v -0.004331 0.022857 0.036159
v -0.011802 0.033011 0.020300
v -0.017048 0.049100 0.009163
v -0.019271 0.068676 0.004444
v -0.018133 0.088758 0.006862
v -0.013805 0.106288 0.016047
v -0.006949 0.118599 0.030602
v 0.001394 0.123815 0.048312
v 0.009952 0.121143 0.066479
v -0.127982 0.114052 0.153813
v -0.122323 0.096698 0.165824
v -0.119926 0.075585 0.170913
v -0.121154 0.053926 0.168306
v -0.125821 0.035018 0.158399
v -0.133217 0.021741 0.142700
v -0.142214 0.016115 0.123600
v -0.151445 0.018997 0.104006
v -0.159502 0.029948 0.086902
v -0.165161 0.047302 0.074890
v -0.167558 0.068415 0.069801
v -0.166330 0.090074 0.072408
v -0.161663 0.108982 0.082315
v -0.154268 0.122259 0.098014
v -0.145270 0.127885 0.117114
v -0.136040 0.125003 0.136708
v 0.016992 0.096698 0.100195
v 0.019390 0.075585 0.105284
v 0.018161 0.053926 0.102677
v 0.013494 0.035018 0.092770
v 0.006099 0.021741 0.077071
v -0.002899 0.016115 0.057971
v -0.012129 0.018997 0.038377
v -0.020187 0.029948 0.021272
v -0.025845 0.047302 0.009261
v -0.028243 0.068415 0.004172
v -0.027015 0.090074 0.006779
v -0.022348 0.108982 0.016686
v -0.014952 0.122259 0.032385
v -0.005954 0.127885 0.051485
v 0.003276 0.125003 0.071079
v 0.011334 0.114052 0.088183
v -0.146667 0.073659 0.116025
v -0.143396 0.066908 0.122970
v -0.142400 0.061316 0.125083
v -0.142773 0.048469 0.124292
v -0.145015 0.042486 0.119532
v -0.146606 0.042055 0.116156
v -0.151951 0.032218 0.104810
v -0.154216 0.029997 0.100000
v -0.155772 0.029670 0.096698
v -0.158883 0.033614 0.090095
v -0.160865 0.040004 0.085886
v -0.160968 0.043752 0.085669
v -0.160364 0.049580 0.086950
v -0.156685 0.063208 0.094760
v -0.156827 0.066861 0.094458
v -0.154622 0.072745 0.099139
v -0.149121 0.075362 0.110817
v -0.148962 0.067838 0.111154
v -0.145632 0.060966 0.118224
v -0.145396 0.053554 0.118723
v -0.147607 0.047654 0.114030
v -0.150739 0.047338 0.107381
v -0.154069 0.054210 0.100312
v -0.154299 0.061464 0.099824
v -0.152088 0.067364 0.104518
v -0.149381 0.073659 0.117304
v -0.146110 0.066908 0.124248
v -0.145114 0.061316 0.126362
v -0.145487 0.048469 0.125570
v -0.147729 0.042486 0.120810
v -0.149320 0.042055 0.117434
v -0.154665 0.032218 0.106088
v -0.156930 0.029997 0.101279
v -0.158486 0.029670 0.097977
v -0.161597 0.033614 0.091373
v -0.163579 0.040004 0.087164
v -0.163682 0.043752 0.086947
v -0.163078 0.049580 0.088229
v -0.159399 0.063208 0.096038
v -0.159541 0.066861 0.095737
v -0.157336 0.072745 0.100417
v -0.151835 0.075362 0.112096
v -0.160424 0.037141 0.094332
v -0.151676 0.067838 0.112433
v -0.148346 0.060966 0.119502
v -0.148110 0.053554 0.120002
v -0.150321 0.047654 0.115308
v -0.153453 0.047338 0.108660
v -0.156783 0.054210 0.101591
v -0.157013 0.061464 0.101102
v -0.154802 0.067364 0.105796
v -0.156811 0.046782 0.102002
v -0.159196 0.045247 0.101632
v -0.159028 0.039075 0.101988
v -0.156564 0.037725 0.102525
v -0.161658 0.038677 0.096405
v -0.161828 0.044854 0.096044
v -0.160674 0.046205 0.093802
v 0.140545 0.182000 -0.163182
v 0.155930 0.182000 -0.177555
v 0.175645 0.182000 -0.184946
v 0.196687 0.182000 -0.184229
v 0.215854 0.182000 -0.175515
v 0.230226 0.182000 -0.160129
v 0.237617 0.182000 -0.140414
v 0.236900 0.182000 -0.119372
v 0.228186 0.182000 -0.100206
v 0.212800 0.182000 -0.085833
v 0.193086 0.182000 -0.078443
v 0.172043 0.182000 -0.079159
v 0.152877 0.182000 -0.087873
v 0.138504 0.182000 -0.103259
v 0.131114 0.182000 -0.122974
v 0.131830 0.182000 -0.144016
v 0.154856 0.182000 -0.179288
v 0.138889 0.182000 -0.164372
v 0.175316 0.182000 -0.186958
v 0.197153 0.182000 -0.186214
v 0.217044 0.182000 -0.177171
v 0.231959 0.182000 -0.161204
v 0.239629 0.182000 -0.140744
v 0.238886 0.182000 -0.118906
v 0.229842 0.182000 -0.099016
v 0.213875 0.182000 -0.084100
v 0.193415 0.182000 -0.076430
v 0.171578 0.182000 -0.077174
v 0.151687 0.182000 -0.086217
v 0.136771 0.182000 -0.102185
v 0.129101 0.182000 -0.122644
v 0.129845 0.182000 -0.144482
v 0.156499 0.178800 -0.176638
v 0.141421 0.178800 -0.162553
v 0.175819 0.178800 -0.183881
v 0.196441 0.178800 -0.183178
v 0.215224 0.178800 -0.174638
v 0.229309 0.178800 -0.159560
v 0.236552 0.178800 -0.140240
v 0.235850 0.178800 -0.119618
v 0.227310 0.178800 -0.100835
v 0.212232 0.178800 -0.086750
v 0.192911 0.178800 -0.079508
v 0.172290 0.178800 -0.080210
v 0.153507 0.178800 -0.088750
v 0.139422 0.178800 -0.103828
v 0.132179 0.178800 -0.123148
v 0.132881 0.178800 -0.143770
v 0.138889 0.020000 -0.164372
v 0.154856 0.020000 -0.179288
v 0.175315 0.020000 -0.186958
v 0.197153 0.020000 -0.186215
v 0.217044 0.020000 -0.177171
v 0.231959 0.020000 -0.161204
v 0.239629 0.020000 -0.140744
v 0.238886 0.020000 -0.118906
v 0.229842 0.020000 -0.099016
v 0.213875 0.020000 -0.084100
v 0.193415 0.020000 -0.076430
v 0.171578 0.020000 -0.077174
v 0.151687 0.020000 -0.086217
v 0.136771 0.020000 -0.102185
v 0.129101 0.020000 -0.122644
v 0.129845 0.020000 -0.144482
v 0.142201 0.016000 -0.161993
v 0.157005 0.016000 -0.175822
v 0.175975 0.016000 -0.182933
v 0.196222 0.016000 -0.182244
v 0.214664 0.016000 -0.173859
v 0.228493 0.016000 -0.159054
v 0.235604 0.016000 -0.140085
v 0.234915 0.016000 -0.119838
v 0.226530 0.016000 -0.101396
v 0.211726 0.016000 -0.087566
v 0.192756 0.016000 -0.080455
v 0.172509 0.016000 -0.081144
v 0.154067 0.016000 -0.089529
v 0.140237 0.016000 -0.104334
v 0.133126 0.016000 -0.123303
v 0.133815 0.016000 -0.143550
v 0.138889 0.178000 -0.164372
v 0.154856 0.178000 -0.179288
v 0.175316 0.178000 -0.186958
v 0.197153 0.178000 -0.186214
v 0.217044 0.178000 -0.177171
v 0.231959 0.178000 -0.161204
v 0.239629 0.178000 -0.140744
v 0.238886 0.178000 -0.118906
v 0.229842 0.178000 -0.099016
v 0.213875 0.178000 -0.084100
v 0.193415 0.178000 -0.076430
v 0.171578 0.178000 -0.077174
v 0.151687 0.178000 -0.086217
v 0.136771 0.178000 -0.102185
v 0.129101 0.178000 -0.122644
v 0.129845 0.178000 -0.144482
v 0.154856 0.024000 -0.179288
v 0.175315 0.024000 -0.186958
v 0.197153 0.024000 -0.186215
v 0.217044 0.024000 -0.177171
v 0.231959 0.024000 -0.161204
v 0.239629 0.024000 -0.140744
v 0.238886 0.024000 -0.118906
v 0.229842 0.024000 -0.099016
v 0.213875 0.024000 -0.084100
v 0.193415 0.024000 -0.076430
v 0.171578 0.024000 -0.077174
v 0.151687 0.024000 -0.086217
v 0.136771 0.024000 -0.102185
v 0.129101 0.024000 -0.122644
v 0.129845 0.024000 -0.144482
v 0.138889 0.024000 -0.164372
v 0.183221 0.178800 -0.126391
v 0.189187 0.178800 -0.134693
v 0.194522 0.178800 -0.137566
v 0.207393 0.178800 -0.137956
v 0.213863 0.178800 -0.133306
v 0.214659 0.178800 -0.129635
v 0.225678 0.178800 -0.118118
v 0.228410 0.178800 -0.113045
v 0.229094 0.178800 -0.109445
v 0.225885 0.178800 -0.101793
v 0.219982 0.178800 -0.096537
v 0.216276 0.178800 -0.095930
v 0.210337 0.178800 -0.096768
v 0.195927 0.178800 -0.104022
v 0.192325 0.178800 -0.103332
v 0.185962 0.178800 -0.107904
v 0.182091 0.178800 -0.120494
v 0.189542 0.178800 -0.121603
v 0.195615 0.178800 -0.130054
v 0.202937 0.178800 -0.131331
v 0.209317 0.178800 -0.126746
v 0.210352 0.178800 -0.119464
v 0.204280 0.178800 -0.111013
v 0.197114 0.178800 -0.109764
v 0.190734 0.178800 -0.114349
v 0.183221 0.181800 -0.126391
v 0.189187 0.181800 -0.134693
v 0.194522 0.181800 -0.137566
v 0.207393 0.181800 -0.137956
v 0.213863 0.181800 -0.133306
v 0.214659 0.181800 -0.129635
v 0.225678 0.181800 -0.118118
v 0.228410 0.181800 -0.113045
v 0.229094 0.181800 -0.109445
v 0.225885 0.181800 -0.101793
v 0.219982 0.181800 -0.096537
v 0.216276 0.181800 -0.095930
v 0.210337 0.181800 -0.096768
v 0.195927 0.181800 -0.104022
v 0.192325 0.181800 -0.103332
v 0.185962 0.181800 -0.107904
v 0.182091 0.181800 -0.120494
v 0.222063 0.182000 -0.104608
v 0.189542 0.181800 -0.121603
v 0.195615 0.181800 -0.130054
v 0.202937 0.181800 -0.131331
v 0.209317 0.181800 -0.126746
v 0.210352 0.181800 -0.119464
v 0.204280 0.181800 -0.111013
v 0.197114 0.181800 -0.109764
v 0.190734 0.181800 -0.114349
v 0.211637 0.182000 -0.112100
v 0.213297 0.184000 -0.110906
v 0.219401 0.184000 -0.111904
v 0.220594 0.182000 -0.113564
v 0.220402 0.184000 -0.105801
v 0.214294 0.184000 -0.104798
v 0.213100 0.182000 -0.103136
vn -0.0000 1.0000 -0.0000
vn 1.0000 -0.0000 -0.0000
vn -0.0000 -1.0000 -0.0000
vn -0.0000 -0.0000 -1.0000
vn -0.0000 -0.6339 0.7734
vn -0.0000 -0.0000 1.0000
vn -0.0000 -0.6339 -0.7734
vn -1.0000 -0.0000 -0.0000
vn -0.7071 -0.0000 -0.7071
vn -0.7071 -0.0000 0.7071
vn 0.7071 -0.0000 -0.7071
vn 0.7071 -0.0000 0.7071
vn 0.9821 0.0723 -0.1740
vn 0.5714 0.0723 -0.8174
vn 0.5417 0.3255 -0.7749
vn 0.9310 0.3255 -0.1649
vn 0.5729 0.0128 -0.8195
vn -0.1744 0.0128 -0.9846
vn -0.1744 -0.0107 -0.9846
vn 0.5729 -0.0107 -0.8195
vn -0.5616 -0.1978 0.8034
vn -0.5015 -0.4837 0.7173
vn 0.1526 -0.4837 0.8618
vn 0.1710 -0.1978 0.9652
vn -0.0867 -0.9885 0.1240
vn 0.0264 -0.9885 0.1489
vn 0.0421 -0.9704 0.2376
vn -0.1383 -0.9704 0.1978
vn 0.8034 -0.1978 0.5616
vn 0.7173 -0.4837 0.5015
vn 0.8618 -0.4837 -0.1526
vn 0.9652 -0.1978 -0.1710
vn -0.9652 -0.1978 0.1710
vn -0.8618 -0.4837 0.1526
vn 0.5616 -0.1978 -0.8034
vn 0.5015 -0.4837 -0.7173
vn -0.1526 -0.4837 -0.8618
vn -0.1710 -0.1978 -0.9652
vn -0.8034 -0.1978 -0.5616
vn -0.7173 -0.4837 -0.5015
vn 0.7119 -0.6909 -0.1261
vn 0.4142 -0.6909 -0.5925
vn 0.1744 0.0128 0.9846
vn 0.8195 0.0128 0.5729
vn 0.8195 -0.0107 0.5729
vn 0.1744 -0.0107 0.9846
vn 0.5696 -0.1071 -0.8149
vn 0.9790 -0.1071 -0.1734
vn 0.7749 0.3255 0.5417
vn 0.7414 0.4264 0.5182
vn 0.1578 0.4264 0.8907
vn 0.1649 0.3255 0.9310
vn 0.8152 0.1038 0.5699
vn 0.1735 0.1038 0.9794
vn -0.5699 0.1038 0.8152
vn -0.5729 -0.0107 0.8195
vn 0.9846 -0.0107 -0.1744
vn 0.9794 0.1038 -0.1735
vn 0.8907 0.4264 -0.1578
vn 0.8131 0.1253 0.5684
vn 0.9769 0.1253 -0.1730
vn 0.9814 0.0810 -0.1738
vn 0.8169 0.0810 0.5711
vn -0.9769 0.1253 0.1730
vn -0.5684 0.1253 0.8131
vn -0.5711 0.0810 0.8169
vn -0.9814 0.0810 0.1738
vn 0.1730 0.1253 0.9769
vn 0.1738 0.0810 0.9814
vn 0.5684 0.1253 -0.8131
vn -0.1730 0.1253 -0.9769
vn -0.1738 0.0810 -0.9814
vn 0.5711 0.0810 -0.8169
vn -0.9310 0.3255 0.1649
vn -0.8907 0.4264 0.1578
vn -0.7413 0.4264 -0.5183
vn -0.7749 0.3255 -0.5417
vn -0.8131 0.1253 -0.5684
vn -0.8169 0.0810 -0.5711
vn 0.1240 -0.9885 0.0867
vn 0.1978 -0.9704 0.1383
vn -0.1489 -0.9885 0.0264
vn -0.2376 -0.9704 0.0421
vn -0.1240 -0.9885 -0.0867
vn -0.1978 -0.9704 -0.1383
vn -0.0264 -0.9885 -0.1489
vn -0.0421 -0.9704 -0.2376
vn 0.0867 -0.9885 -0.1240
vn 0.1383 -0.9704 -0.1978
vn 0.1489 -0.9885 -0.0264
vn 0.2376 -0.9704 -0.0421
vn 0.9846 0.0128 -0.1744
vn 0.5729 -0.0123 -0.8195
vn 0.9846 -0.0123 -0.1744
vn -0.1744 -0.0123 -0.9846
vn -0.5729 0.0128 0.8195
vn -0.9794 0.1038 0.1735
vn -0.9846 -0.0107 0.1744
vn -0.1734 -0.1071 -0.9790
vn -0.5182 0.4264 0.7414
vn -0.5417 0.3255 0.7749
vn 0.5182 0.4264 -0.7414
vn -0.1578 0.4264 -0.8907
vn -0.1649 0.3255 -0.9310
vn -0.1735 0.1038 -0.9794
vn 0.5699 0.1038 -0.8152
vn -0.1261 -0.6909 -0.7119
vn -0.5925 -0.6909 -0.4142
vn -0.9846 0.0128 0.1744
vn -0.7119 -0.6909 0.1261
vn 0.1261 -0.6909 0.7119
vn 0.5925 -0.6909 0.4142
vn -0.4142 -0.6909 0.5925
vn -0.1740 0.0723 -0.9821
vn 0.5562 0.2399 -0.7957
vn 0.9559 0.2399 -0.1693
vn -0.9821 0.0723 0.1739
vn -0.8174 0.0723 -0.5714
vn -0.8195 -0.0123 -0.5729
vn -0.9846 -0.0123 0.1744
vn -0.5714 0.0723 0.8174
vn -0.5729 -0.0123 0.8195
vn -0.7957 0.2399 -0.5562
vn -0.1693 0.2399 -0.9559
vn 0.1739 0.0723 0.9821
vn 0.1744 -0.0123 0.9846
vn -0.9790 -0.1071 0.1734
vn -0.8149 -0.1071 -0.5696
vn 0.8174 0.0723 0.5714
vn 0.8195 -0.0123 0.5729
vn -0.5696 -0.1071 0.8149
vn 0.1734 -0.1071 0.9790
vn 0.8149 -0.1071 0.5696
vn -0.8195 0.0128 -0.5729
vn -0.8195 -0.0107 -0.5729
vn 0.7957 0.2399 0.5562
vn 0.1693 0.2399 0.9559
vn -0.5562 0.2399 0.7957
vn -0.9559 0.2399 0.1693
vn -0.8152 0.1038 -0.5699
vn -0.5703 0.0952 0.8159
vn -0.9802 0.0952 0.1736
vn -0.6973 0.7061 0.1235
vn -0.4057 0.7061 0.5804
vn -0.1838 -0.9745 -0.1285
vn -0.0391 -0.9745 -0.2208
vn 0.1285 -0.9745 -0.1838
vn 0.2208 -0.9745 -0.0391
vn 0.1838 -0.9745 0.1285
vn 0.0391 -0.9745 0.2208
vn -0.1285 -0.9745 0.1838
vn -0.2208 -0.9745 0.0391
vn 0.8159 0.0952 0.5703
vn 0.1736 0.0952 0.9802
vn 0.5703 0.0952 -0.8159
vn 0.9802 0.0952 -0.1736
vn -0.8159 0.0952 -0.5703
vn -0.1736 0.0952 -0.9802
vn 0.4057 0.7061 -0.5804
vn -0.1235 0.7061 -0.6973
vn 0.5804 0.7061 0.4057
vn 0.6973 0.7061 -0.1235
vn -0.5804 0.7061 -0.4057
vn 0.1235 0.7061 0.6973
vn 0.7042 0.2399 0.6682
vn 0.5840 0.5931 0.5542
vn 0.7172 -0.1499 0.6806
vn -0.0928 -0.7950 -0.5995
vn 0.1544 -0.9181 -0.3649
vn -0.1087 -0.9887 -0.1032
vn -0.3749 -0.8561 -0.3558
vn 0.4169 -0.9015 -0.1158
vn 0.6549 -0.7477 0.1100
vn 0.4303 -0.8051 0.4083
vn 0.1740 -0.9708 0.1651
vn -0.5840 -0.5931 -0.5542
vn -0.7042 -0.2399 -0.6682
vn -0.6210 0.5168 -0.5893
vn -0.7172 0.1499 -0.6806
vn 0.9214 -0.1392 0.3629
vn 0.9936 -0.1050 -0.0413
vn 0.9845 0.1680 -0.0500
vn 0.9093 0.2228 0.3514
vn -0.6883 -0.0000 0.7254
vn 0.3334 0.5620 0.7569
vn 0.4473 0.2273 0.8650
vn -0.8873 -0.2273 -0.4014
vn -0.7734 -0.5620 -0.2933
vn -0.3230 -0.9369 0.1340
vn -0.5752 -0.8112 -0.1053
vn 0.4596 -0.1420 0.8767
vn -0.1169 0.9369 0.3296
vn 0.1353 0.8112 0.5689
vn -0.3848 0.9199 0.0754
vn -0.0551 -0.9199 0.3883
vn 0.1877 -0.7629 0.6187
vn -0.6277 0.7629 -0.1550
vn 0.3685 -0.4897 0.7902
vn -0.8084 0.4897 -0.3266
vn -0.8996 0.1420 -0.4131
vn 0.6883 -0.0000 -0.7254
vn 0.8320 -0.4800 0.2781
vn 0.9263 -0.3619 -0.1053
vn -0.3986 -0.2228 -0.8897
vn -0.0017 -0.1680 -0.9858
vn 0.0825 -0.4153 -0.9059
vn -0.2870 -0.5508 -0.7837
vn 0.0938 0.9015 -0.4224
vn 0.3696 0.6798 -0.6335
vn 0.1902 0.5638 -0.8038
vn -0.1442 0.7477 -0.6482
vn 0.6035 0.7950 0.0613
vn 0.7539 0.5994 -0.2688
vn 0.5676 0.6923 -0.4456
vn 0.3563 0.9181 -0.1733
vn 0.0566 0.3619 -0.9305
vn -0.3213 0.4800 -0.8163
vn -0.4107 0.1392 -0.9011
vn -0.0108 0.1050 -0.9944
vn 0.2289 -0.5994 -0.7670
vn 0.4153 -0.6923 -0.5901
vn 0.7927 -0.5637 -0.2320
vn 0.7977 0.5508 0.2455
vn 0.9004 0.4153 -0.1298
vn 0.6133 -0.6798 -0.4023
vn 0.6210 -0.5168 0.5893
vn 0.1087 0.9887 0.1032
vn -0.1740 0.9708 -0.1651
vn 0.3749 0.8561 0.3558
vn -0.4303 0.8051 -0.4083
vn -0.7044 -0.0353 0.7090
vn -0.6867 -0.0287 0.7264
vn -0.6994 -0.0262 0.7142
vn -0.7072 -0.0120 0.7069
vn -0.6854 -0.0000 0.7282
vn -0.6771 0.0079 0.7359
vn -0.6777 -0.0118 0.7353
vn -0.6784 -0.0106 0.7346
vn -0.6996 0.0069 0.7145
vn -0.6788 0.0214 0.7340
vn -0.6883 0.0174 0.7252
vn -0.7077 -0.0034 0.7065
vn -0.6808 -0.0253 0.7320
vn -0.7006 0.0070 0.7136
vn -0.6897 0.0035 0.7241
vn -0.0180 -0.9997 -0.0171
vn 0.2962 -0.9128 0.2811
vn -0.3731 -0.8576 -0.3540
vn -0.6278 -0.5010 -0.5957
vn -0.1085 -0.9887 -0.1030
vn -0.5818 -0.5973 -0.5521
vn -0.7224 -0.0908 -0.6855
vn -0.7186 0.1366 -0.6819
vn -0.7242 0.0586 -0.6871
vn 0.4304 -0.8050 0.4084
vn -0.7178 0.1448 -0.6811
vn -0.7074 0.2215 -0.6712
vn 0.4721 -0.7593 0.4479
vn 0.4721 -0.7593 0.4480
vn 0.3904 -0.8428 0.3705
vn -0.4241 0.8113 -0.4024
vn 0.1163 0.9871 0.1104
vn 0.5050 0.7179 0.4792
vn 0.2325 0.9472 0.2206
vn 0.6834 0.3354 0.6485
vn 0.7177 -0.1448 0.6811
vn 0.5818 0.5972 0.5521
vn 0.7085 -0.2148 0.6723
vn -0.0972 0.9910 -0.0922
vn -0.4689 0.7630 -0.4450
vn 0.4450 -0.7897 0.4223
vn -0.2298 0.5984 0.7675
vn -0.0579 -0.3614 0.9306
vn -0.7541 -0.5987 0.2700
vn -0.9263 0.3613 0.1069
vn 0.9730 -0.0000 -0.2308
vn 0.8106 -0.0000 -0.5856
vn 0.9873 -0.0000 0.1591
vn -0.4874 -0.3710 0.7905
vn -0.1478 -0.3710 0.9168
vn -0.1591 -0.0000 0.9873
vn -0.5248 -0.0000 0.8512
vn 0.2143 -0.3710 0.9036
vn 0.5438 -0.3710 0.7528
vn 0.5856 -0.0000 0.8106
vn 0.2308 -0.0000 0.9730
vn -0.8106 -0.0000 0.5856
vn -0.9730 -0.0000 0.2308
vn -0.8512 -0.0000 -0.5248
vn -0.9873 -0.0000 -0.1591
vn 0.9168 -0.3710 0.1478
vn 0.6913 -0.7139 0.1114
vn 0.6813 -0.7139 -0.1616
vn 0.9036 -0.3710 -0.2143
vn 0.7681 0.3196 -0.5549
vn 0.9220 0.3196 -0.2187
vn -0.9220 0.3196 0.2187
vn -0.7681 0.3196 0.5549
vn -0.1508 0.3196 0.9355
vn -0.4973 0.3196 0.8066
vn 0.9355 0.3196 0.1508
vn 0.1508 0.3196 -0.9355
vn 0.4973 0.3196 -0.8066
vn -0.2187 0.3196 -0.9220
vn 0.2187 0.3196 0.9220
vn 0.5549 0.3196 0.7681
vn -0.5549 0.3196 -0.7681
vn 0.8066 0.3196 0.4973
vn -0.8066 0.3196 -0.4973
vn -0.9355 0.3196 -0.1508
vn 0.7905 -0.3710 0.4874
vn 0.5960 -0.7139 0.3675
vn -0.9036 -0.3710 0.2143
vn -0.6813 -0.7139 0.1616
vn -0.5676 -0.7139 0.4100
vn -0.7528 -0.3710 0.5438
vn -0.2143 -0.3710 -0.9036
vn -0.1616 -0.7139 -0.6813
vn -0.4100 -0.7139 -0.5676
vn -0.5438 -0.3710 -0.7528
vn 0.4874 -0.3710 -0.7905
vn 0.3675 -0.7139 -0.5960
vn 0.1114 -0.7139 -0.6913
vn 0.1478 -0.3710 -0.9168
vn -0.5960 -0.7139 -0.3675
vn -0.7905 -0.3710 -0.4874
vn -0.9168 -0.3710 -0.1478
vn -0.6913 -0.7139 -0.1114
vn -0.3675 -0.7139 0.5960
vn -0.1114 -0.7139 0.6913
vn 0.4100 -0.7139 0.5676
vn 0.7528 -0.3710 -0.5438
vn 0.5676 -0.7139 -0.4100
vn 0.1616 -0.7139 0.6813
vn 0.8512 -0.0000 0.5248
vn 0.1591 -0.0000 -0.9873
vn -0.2308 -0.0000 -0.9730
vn 0.5248 -0.0000 -0.8512
vn -0.5856 -0.0000 -0.8106
vn -0.0232 0.9991 0.0351
vn 0.0016 0.9996 0.0287
vn -0.0160 0.9995 0.0261
vn -0.0266 0.9996 0.0117
vn 0.0041 1.0000 0.0001
vn 0.0154 0.9999 -0.0078
vn 0.0144 0.9998 0.0119
vn 0.0134 0.9999 0.0107
vn -0.0156 0.9999 -0.0071
vn 0.0131 0.9997 -0.0213
vn 0.0001 0.9998 -0.0174
vn -0.0270 0.9996 0.0031
vn 0.0097 0.9996 0.0253
vn -0.0169 0.9998 -0.0072
vn -0.0018 1.0000 -0.0035
vn -0.0342 -0.0000 0.9994
vn 0.3998 -0.0000 0.9166
vn -0.5224 -0.0000 0.8527
vn -0.8701 -0.0000 0.4929
vn -0.1589 -0.0000 0.9873
vn -0.8076 -0.0000 0.5898
vn -0.9967 -0.0000 0.0815
vn -0.9893 -0.0000 -0.1458
vn -0.9977 -0.0000 -0.0679
vn 0.5858 -0.0000 0.8105
vn -0.9881 -0.0000 -0.1540
vn -0.9730 -0.0000 -0.2306
vn 0.6436 -0.0000 0.7653
vn 0.5303 -0.0000 0.8478
vn -0.5770 -0.0000 -0.8168
vn 0.1696 -0.0000 -0.9855
vn 0.7028 -0.0000 -0.7114
vn 0.3294 -0.0000 -0.9442
vn 0.9452 -0.0000 -0.3266
vn 0.9881 -0.0000 0.1541
vn 0.8076 -0.0000 -0.5897
vn 0.9746 -0.0000 0.2239
vn -0.1247 -0.0000 -0.9922
vn -0.6393 -0.0000 -0.7690
vn 0.6061 -0.0000 0.7954
vn 0.3672 0.7150 -0.5950
vn 0.5952 0.7149 0.3670
vn -0.3667 0.7150 0.5953
vn -0.5950 0.7152 -0.3668
vn -0.9915 -0.0000 -0.1303
vn -0.9659 -0.0000 0.2590
vn -0.8661 -0.0000 -0.4998
vn 0.7366 -0.3710 -0.5655
vn 0.4642 -0.3710 -0.8043
vn 0.4998 -0.0000 -0.8661
vn 0.7932 -0.0000 -0.6089
vn 0.1210 -0.3710 -0.9207
vn -0.2405 -0.3710 -0.8969
vn -0.2590 -0.0000 -0.9659
vn 0.1303 -0.0000 -0.9915
vn 0.9659 -0.0000 -0.2590
vn 0.9915 -0.0000 0.1303
vn 0.6089 -0.0000 0.7932
vn 0.8661 -0.0000 0.4998
vn -0.8043 -0.3710 -0.4641
vn -0.6065 -0.7139 -0.3500
vn -0.6942 -0.7139 -0.0912
vn -0.9207 -0.3710 -0.1210
vn -0.9152 0.3196 0.2454
vn -0.9395 0.3196 -0.1235
vn 0.9395 0.3196 0.1235
vn 0.9152 0.3196 -0.2454
vn 0.4736 0.3196 -0.8207
vn 0.7516 0.3196 -0.5770
vn -0.8207 0.3196 -0.4736
vn -0.4736 0.3196 0.8207
vn -0.7516 0.3196 0.5770
vn -0.1235 0.3196 0.9395
vn 0.1235 0.3196 -0.9395
vn -0.2454 0.3196 -0.9152
vn 0.2454 0.3196 0.9152
vn -0.5770 0.3196 -0.7516
vn 0.5770 0.3196 0.7516
vn 0.8207 0.3196 0.4736
vn -0.5655 -0.3710 -0.7366
vn -0.4264 -0.7139 -0.5554
vn 0.9207 -0.3710 0.1210
vn 0.6942 -0.7139 0.0912
vn 0.6763 -0.7139 -0.1814
vn 0.8969 -0.3710 -0.2405
vn -0.1210 -0.3710 0.9207
vn -0.0912 -0.7139 0.6942
vn 0.1814 -0.7139 0.6763
vn 0.2405 -0.3710 0.8969
vn -0.7366 -0.3710 0.5655
vn -0.5554 -0.7139 0.4264
vn -0.3500 -0.7139 0.6065
vn -0.4641 -0.3710 0.8043
vn 0.4264 -0.7139 0.5554
vn 0.5655 -0.3710 0.7366
vn 0.8043 -0.3710 0.4642
vn 0.6065 -0.7139 0.3500
vn 0.5554 -0.7139 -0.4264
vn 0.3500 -0.7139 -0.6065
vn -0.1814 -0.7139 -0.6763
vn -0.8969 -0.3710 0.2405
vn -0.6763 -0.7139 0.1814
vn 0.0912 -0.7139 -0.6942
vn -0.6089 -0.0000 -0.7932
vn -0.4998 -0.0000 0.8661
vn -0.1303 -0.0000 0.9915
vn -0.7932 -0.0000 0.6089
vn 0.2590 -0.0000 0.9659
vn 0.0342 0.9991 -0.0246
vn 0.0087 0.9996 -0.0274
vn 0.0242 0.9995 -0.0187
vn 0.0290 0.9996 -0.0015
vn -0.0038 1.0000 -0.0015
vn -0.0172 0.9999 0.0018
vn -0.0092 0.9998 -0.0163
vn -0.0088 0.9999 -0.0148
vn 0.0121 0.9999 0.0122
vn -0.0198 0.9997 0.0153
vn -0.0062 0.9998 0.0163
vn 0.0264 0.9996 0.0067
vn -0.0001 0.9996 -0.0271
vn 0.0133 0.9998 0.0127
vn 0.0004 1.0000 0.0039
vn 0.3874 -0.0000 -0.9219
vn -0.0478 -0.0000 -0.9989
vn 0.7914 -0.0000 -0.6112
vn 0.9885 -0.0000 -0.1513
vn 0.4996 -0.0000 -0.8663
vn 0.9645 -0.0000 -0.2640
vn 0.9605 -0.0000 0.2783
vn 0.8728 -0.0000 0.4881
vn 0.9083 -0.0000 0.4183
vn -0.2593 -0.0000 -0.9658
vn 0.8687 -0.0000 0.4953
vn 0.8274 -0.0000 0.5616
vn -0.3294 -0.0000 -0.9442
vn -0.1941 -0.0000 -0.9810
vn 0.2488 -0.0000 0.9686
vn -0.5089 -0.0000 0.8608
vn -0.9098 -0.0000 0.4149
vn -0.6436 -0.0000 0.7653
vn -0.9995 -0.0000 -0.0309
vn -0.8687 -0.0000 -0.4954
vn -0.9645 -0.0000 0.2640
vn -0.8313 -0.0000 -0.5559
vn -0.2363 -0.0000 0.9717
vn 0.3240 -0.0000 0.9460
vn -0.2836 -0.0000 -0.9589
vn -0.5548 0.7150 0.4255
vn -0.4258 0.7149 -0.5546
vn 0.5544 0.7150 -0.4260
vn 0.4256 0.7152 0.5544
vn -0.7254 -0.0000 0.6883
vn -0.4068 -0.0000 0.9135
vn -0.9336 -0.0000 0.3583
vn 0.0243 -0.3710 -0.9283
vn -0.3328 -0.3710 -0.8670
vn -0.3583 -0.0000 -0.9336
vn 0.0262 -0.0000 -0.9997
vn -0.6392 -0.3710 -0.6736
vn -0.8483 -0.3710 -0.3777
vn -0.9135 -0.0000 -0.4068
vn -0.6883 -0.0000 -0.7254
vn 0.4068 -0.0000 -0.9135
vn 0.7254 -0.0000 -0.6883
vn 0.9997 -0.0000 0.0262
vn 0.9336 -0.0000 -0.3583
vn -0.8670 -0.3710 0.3328
vn -0.6537 -0.7139 0.2509
vn -0.5079 -0.7139 0.4820
vn -0.6736 -0.3710 0.6392
vn -0.3854 0.3196 0.8656
vn -0.6874 0.3196 0.6522
vn 0.6874 0.3196 -0.6522
vn 0.3854 0.3196 -0.8656
vn -0.3396 0.3196 -0.8846
vn 0.0248 0.3196 -0.9472
vn -0.8846 0.3196 0.3396
vn 0.3396 0.3196 0.8846
vn -0.0248 0.3196 0.9472
vn 0.6522 0.3196 0.6874
vn -0.6522 0.3196 -0.6874
vn -0.8656 0.3196 -0.3854
vn 0.8656 0.3196 0.3854
vn -0.9472 0.3196 -0.0248
vn 0.9472 0.3196 0.0248
vn 0.8846 0.3196 -0.3396
vn -0.9283 -0.3710 -0.0243
vn -0.7000 -0.7139 -0.0183
vn 0.6736 -0.3710 -0.6392
vn 0.5079 -0.7139 -0.4820
vn 0.2848 -0.7139 -0.6397
vn 0.3777 -0.3710 -0.8483
vn 0.6392 -0.3710 0.6736
vn 0.4820 -0.7139 0.5079
vn 0.6397 -0.7139 0.2848
vn 0.8483 -0.3710 0.3777
vn -0.0243 -0.3710 0.9283
vn -0.0183 -0.7139 0.7000
vn 0.2509 -0.7139 0.6537
vn 0.3328 -0.3710 0.8670
vn 0.7000 -0.7139 0.0183
vn 0.9283 -0.3710 0.0243
vn 0.8670 -0.3710 -0.3328
vn 0.6537 -0.7139 -0.2509
vn 0.0183 -0.7139 -0.7000
vn -0.2509 -0.7139 -0.6537
vn -0.6397 -0.7139 -0.2848
vn -0.3777 -0.3710 0.8483
vn -0.2848 -0.7139 0.6397
vn -0.4820 -0.7139 -0.5079
vn -0.9997 -0.0000 -0.0262
vn 0.3583 -0.0000 0.9336
vn 0.6883 -0.0000 0.7254
vn -0.0262 -0.0000 0.9997
vn 0.9135 -0.0000 0.4068
vn 0.0024 0.9991 -0.0420
vn -0.0158 0.9996 -0.0240
vn 0.0007 0.9995 -0.0306
vn 0.0171 0.9996 -0.0235
vn -0.0036 1.0000 0.0020
vn -0.0094 0.9999 0.0145
vn -0.0185 0.9998 -0.0031
vn -0.0170 0.9999 -0.0025
vn 0.0170 0.9999 -0.0017
vn -0.0006 0.9997 0.0250
vn 0.0087 0.9998 0.0151
vn 0.0218 0.9996 -0.0163
vn -0.0211 0.9996 -0.0170
vn 0.0182 0.9998 -0.0023
vn 0.0033 1.0000 0.0021
vn -0.4725 -0.0000 -0.8813
vn -0.8062 -0.0000 -0.5917
vn 0.0233 -0.0000 -0.9997
vn 0.5047 -0.0000 -0.8633
vn -0.3586 -0.0000 -0.9335
vn 0.4020 -0.0000 -0.9156
vn 0.8209 -0.0000 -0.5711
vn 0.9287 -0.0000 -0.3709
vn 0.8968 -0.0000 -0.4424
vn -0.9136 -0.0000 -0.4065
vn 0.9317 -0.0000 -0.3632
vn 0.9572 -0.0000 -0.2894
vn -0.9410 -0.0000 -0.3384
vn -0.8844 -0.0000 -0.4667
vn 0.9092 -0.0000 0.4164
vn 0.3485 -0.0000 0.9373
vn -0.2504 -0.0000 0.9682
vn 0.1895 -0.0000 0.9819
vn -0.6532 -0.0000 0.7572
vn -0.9317 -0.0000 0.3631
vn -0.4021 -0.0000 0.9156
vn -0.9552 -0.0000 0.2960
vn 0.6063 -0.0000 0.7953
vn 0.9391 -0.0000 0.3438
vn -0.9236 -0.0000 -0.3833
vn -0.0186 0.7150 0.6989
vn -0.6990 0.7149 -0.0183
vn 0.0181 0.7150 -0.6989
vn 0.6987 0.7152 0.0183
vn 0.0453 -0.0000 0.9990
vn 0.4242 -0.0000 0.9056
vn -0.3404 -0.0000 0.9403
vn -0.6857 -0.3710 -0.6262
vn -0.8732 -0.3710 -0.3161
vn -0.9403 -0.0000 -0.3404
vn -0.7384 -0.0000 -0.6743
vn -0.9277 -0.3710 0.0421
vn -0.8410 -0.3710 0.3939
vn -0.9056 -0.0000 0.4242
vn -0.9990 -0.0000 0.0453
vn -0.4242 -0.0000 -0.9056
vn -0.0453 -0.0000 -0.9990
vn 0.6743 -0.0000 -0.7384
vn 0.3404 -0.0000 -0.9403
vn -0.3161 -0.3710 0.8732
vn -0.2384 -0.7139 0.6584
vn 0.0317 -0.7139 0.6995
vn 0.0421 -0.3710 0.9277
vn 0.4019 0.3196 0.8581
vn 0.0430 0.3196 0.9466
vn -0.0430 0.3196 -0.9466
vn -0.4019 0.3196 -0.8581
vn -0.8910 0.3196 -0.3226
vn -0.6997 0.3196 -0.6390
vn -0.3226 0.3196 0.8910
vn 0.8910 0.3196 0.3226
vn 0.6997 0.3196 0.6390
vn 0.9466 0.3196 -0.0430
vn -0.9466 0.3196 0.0430
vn -0.8581 0.3196 0.4019
vn 0.8581 0.3196 -0.4019
vn -0.6390 0.3196 0.6997
vn 0.6390 0.3196 -0.6997
vn 0.3226 0.3196 -0.8910
vn -0.6262 -0.3710 0.6857
vn -0.4722 -0.7139 0.5171
vn -0.0421 -0.3710 -0.9277
vn -0.0317 -0.7139 -0.6995
vn -0.2970 -0.7139 -0.6341
vn -0.3939 -0.3710 -0.8410
vn 0.9277 -0.3710 -0.0421
vn 0.6995 -0.7139 -0.0317
vn 0.6341 -0.7139 -0.2970
vn 0.8410 -0.3710 -0.3939
vn 0.6857 -0.3710 0.6262
vn 0.5171 -0.7139 0.4722
vn 0.6584 -0.7139 0.2384
vn 0.8732 -0.3710 0.3161
vn 0.4722 -0.7139 -0.5171
vn 0.6262 -0.3710 -0.6857
vn 0.3161 -0.3710 -0.8732
vn 0.2384 -0.7139 -0.6584
vn -0.5171 -0.7139 -0.4722
vn -0.6584 -0.7139 -0.2384
vn -0.6341 -0.7139 0.2970
vn 0.3939 -0.3710 0.8410
vn 0.2970 -0.7139 0.6341
vn -0.6995 -0.7139 0.0317
vn -0.6743 -0.0000 0.7384
vn 0.9403 -0.0000 0.3404
vn 0.9990 -0.0000 -0.0453
vn 0.7384 -0.0000 0.6743
vn 0.9056 -0.0000 -0.4242
vn -0.0302 0.9991 -0.0294
vn -0.0285 0.9996 -0.0038
vn -0.0227 0.9995 -0.0206
vn -0.0066 0.9996 -0.0283
vn -0.0008 1.0000 0.0040
vn 0.0048 0.9999 0.0166
vn -0.0144 0.9998 0.0119
vn -0.0130 0.9999 0.0112
vn 0.0099 0.9999 -0.0140
vn 0.0185 0.9997 0.0168
vn 0.0171 0.9998 0.0033
vn 0.0019 0.9996 -0.0272
vn -0.0267 0.9996 0.0048
vn 0.0102 0.9998 -0.0153
vn 0.0038 1.0000 -0.0011
vn -0.9755 -0.0000 -0.2199
vn -0.9751 -0.0000 0.2220
vn -0.7404 -0.0000 -0.6722
vn -0.3221 -0.0000 -0.9467
vn -0.9404 -0.0000 -0.3402
vn -0.4289 -0.0000 -0.9034
vn 0.1058 -0.0000 -0.9944
vn 0.3277 -0.0000 -0.9448
vn 0.2527 -0.0000 -0.9675
vn -0.9055 -0.0000 0.4244
vn 0.3355 -0.0000 -0.9420
vn 0.4080 -0.0000 -0.9130
vn -0.8719 -0.0000 0.4897
vn -0.9318 -0.0000 0.3629
vn 0.9100 -0.0000 -0.4146
vn 0.9366 -0.0000 0.3503
vn 0.5679 -0.0000 0.8231
vn 0.8662 -0.0000 0.4996
vn 0.1447 -0.0000 0.9895
vn -0.3356 -0.0000 0.9420
vn 0.4288 -0.0000 0.9034
vn -0.4017 -0.0000 0.9158
vn 0.9980 -0.0000 0.0624
vn 0.8747 -0.0000 -0.4847
vn -0.8945 -0.0000 0.4472
vn 0.5161 0.7150 0.4717
vn -0.4715 0.7149 0.5163
vn -0.5165 0.7150 -0.4713
vn 0.4713 0.7152 -0.5161
vn -0.1056 -0.0000 -0.9944
vn -0.4781 -0.0000 -0.8783
vn 0.2830 -0.0000 -0.9591
vn 0.7223 -0.3710 0.5836
vn 0.8907 -0.3710 0.2628
vn 0.9591 -0.0000 0.2830
vn 0.7778 -0.0000 0.6285
vn 0.9234 -0.3710 -0.0981
vn 0.8156 -0.3710 -0.4440
vn 0.8783 -0.0000 -0.4781
vn 0.9944 -0.0000 -0.1056
vn 0.4781 -0.0000 0.8783
vn 0.1056 -0.0000 0.9944
vn -0.6285 -0.0000 0.7778
vn -0.2830 -0.0000 0.9591
vn 0.2628 -0.3710 -0.8907
vn 0.1981 -0.7139 -0.6716
vn -0.0740 -0.7139 -0.6963
vn -0.0981 -0.3710 -0.9234
vn -0.4531 0.3196 -0.8322
vn -0.1001 0.3196 -0.9423
vn 0.1001 0.3196 0.9423
vn 0.4531 0.3196 0.8322
vn 0.9088 0.3196 0.2681
vn 0.7371 0.3196 0.5955
vn 0.2681 0.3196 -0.9088
vn -0.9088 0.3196 -0.2681
vn -0.7371 0.3196 -0.5955
vn -0.9423 0.3196 0.1001
vn 0.9423 0.3196 -0.1001
vn 0.8322 0.3196 -0.4531
vn -0.8322 0.3196 0.4531
vn 0.5955 0.3196 -0.7371
vn -0.5955 0.3196 0.7371
vn -0.2681 0.3196 0.9088
vn 0.5836 -0.3710 -0.7223
vn 0.4401 -0.7139 -0.5447
vn 0.0981 -0.3710 0.9234
vn 0.0740 -0.7139 0.6963
vn 0.3348 -0.7139 0.6150
vn 0.4440 -0.3710 0.8156
vn -0.9234 -0.3710 0.0981
vn -0.6963 -0.7139 0.0740
vn -0.6150 -0.7139 0.3348
vn -0.8156 -0.3710 0.4440
vn -0.7223 -0.3710 -0.5836
vn -0.5447 -0.7139 -0.4401
vn -0.6716 -0.7139 -0.1981
vn -0.8907 -0.3710 -0.2628
vn -0.4401 -0.7139 0.5447
vn -0.5836 -0.3710 0.7223
vn -0.2628 -0.3710 0.8907
vn -0.1981 -0.7139 0.6716
vn 0.5447 -0.7139 0.4401
vn 0.6716 -0.7139 0.1981
vn 0.6150 -0.7139 -0.3348
vn -0.4440 -0.3710 -0.8156
vn -0.3348 -0.7139 -0.6150
vn 0.6963 -0.7139 -0.0740
vn 0.6285 -0.0000 -0.7778
vn -0.9591 -0.0000 -0.2830
vn -0.9944 -0.0000 0.1056
vn -0.7778 -0.0000 -0.6285
vn -0.8783 -0.0000 0.4781
vn 0.0319 0.9991 0.0275
vn 0.0287 0.9996 0.0020
vn 0.0239 0.9995 0.0192
vn 0.0083 0.9996 0.0278
vn 0.0006 1.0000 -0.0040
vn -0.0058 0.9999 -0.0163
vn 0.0137 0.9998 -0.0128
vn 0.0123 0.9999 -0.0120
vn -0.0090 0.9999 0.0146
vn -0.0195 0.9997 -0.0157
vn -0.0173 0.9998 -0.0023
vn -0.0003 0.9996 0.0272
vn 0.0264 0.9996 -0.0064
vn -0.0092 0.9998 0.0159
vn -0.0037 1.0000 0.0013
vn 0.9870 -0.0000 0.1606
vn 0.9599 -0.0000 -0.2805
vn 0.7797 -0.0000 0.6262
vn 0.3787 -0.0000 0.9255
vn 0.9592 -0.0000 0.2827
vn 0.4827 -0.0000 0.8758
vn -0.0455 -0.0000 0.9990
vn -0.2700 -0.0000 0.9629
vn -0.1938 -0.0000 0.9810
vn 0.8782 -0.0000 -0.4784
vn -0.2780 -0.0000 0.9606
vn -0.3521 -0.0000 0.9360
vn 0.8407 -0.0000 -0.5415
vn 0.9082 -0.0000 -0.4186
vn -0.8833 -0.0000 0.4688
vn -0.9561 -0.0000 -0.2931
vn -0.6166 -0.0000 -0.7873
vn -0.8948 -0.0000 -0.4464
vn -0.2042 -0.0000 -0.9789
vn 0.2781 -0.0000 -0.9606
vn -0.4826 -0.0000 -0.8758
vn 0.3456 -0.0000 -0.9384
vn -1.0000 -0.0000 -0.0020
vn -0.8438 -0.0000 0.5367
vn 0.8658 -0.0000 -0.5004
vn -0.5437 0.7150 -0.4396
vn 0.4394 0.7149 -0.5439
vn 0.5440 0.7150 0.4392
vn -0.4393 0.7152 0.5437
vn 0.4253 0.0640 0.9028
vn 0.3825 0.4410 0.8119
vn 0.4034 -0.3228 0.8562
vn 0.0743 -0.6973 -0.7129
vn 0.2079 -0.8789 -0.4292
vn -0.1375 -0.9465 -0.2920
vn -0.2814 -0.7509 -0.5974
vn 0.3609 -0.9267 -0.1043
vn 0.5101 -0.8334 0.2124
vn 0.1880 -0.8975 0.3990
vn 0.0273 -0.9979 0.0579
vn -0.3825 -0.4410 -0.8119
vn -0.4253 -0.0640 -0.9028
vn -0.3200 0.6604 -0.6793
vn -0.4034 0.3228 -0.8562
vn 0.7102 -0.2997 0.6370
vn 0.9283 -0.2260 0.2953
vn 0.9437 0.0448 0.3279
vn 0.7305 0.0594 0.6803
vn -0.9046 -0.0000 0.4262
vn -0.9047 -0.0000 0.4262
vn 0.0733 0.4179 0.9055
vn 0.1139 0.0607 0.9916
vn -0.6921 -0.0607 -0.7193
vn -0.6515 -0.4179 -0.6331
vn -0.4194 -0.8969 -0.1405
vn -0.5558 -0.7115 -0.4299
vn 0.0931 -0.3058 0.9475
vn -0.1588 0.8969 0.4129
vn -0.0224 0.7115 0.7023
vn -0.3150 0.9456 0.0813
vn -0.2632 -0.9456 0.1911
vn -0.1110 -0.8504 0.5143
vn -0.4672 0.8504 -0.2419
vn 0.0141 -0.6258 0.7799
vn -0.5923 0.6258 -0.5075
vn -0.6713 0.3058 -0.6751
vn 0.9046 -0.0000 -0.4262
vn 0.6328 -0.6133 0.4727
vn 0.8699 -0.4624 0.1714
vn -0.0593 -0.0594 -0.9965
vn 0.3481 -0.0448 -0.9364
vn 0.3780 -0.3088 -0.8728
vn -0.0196 -0.4096 -0.9121
vn 0.3103 0.9267 -0.2119
vn 0.6268 0.6988 -0.3448
vn 0.5142 0.6284 -0.5836
vn 0.1611 0.8334 -0.5286
vn 0.5970 0.6973 0.3967
vn 0.8429 0.5258 0.1141
vn 0.7422 0.6627 -0.0998
vn 0.4633 0.8789 0.1130
vn 0.4218 0.4624 -0.7799
vn 0.0384 0.6133 -0.7889
vn -0.0390 0.2997 -0.9532
vn 0.3634 0.2260 -0.9038
vn 0.4488 -0.5258 -0.7226
vn 0.5495 -0.6627 -0.5087
vn 0.7775 -0.6284 -0.0249
vn 0.6908 0.4096 0.5959
vn 0.9137 0.3088 0.2643
vn 0.6650 -0.6988 -0.2637
vn 0.3200 -0.6604 0.6793
vn 0.1375 0.9465 0.2920
vn -0.0273 0.9979 -0.0579
vn 0.2814 0.7509 0.5974
vn -0.1880 0.8975 -0.3990
vn -0.9161 -0.0308 0.3998
vn -0.9056 -0.0286 0.4231
vn -0.9128 -0.0230 0.4077
vn -0.9163 -0.0071 0.4005
vn -0.9029 -0.0008 0.4298
vn -0.8975 0.0051 0.4410
vn -0.8993 -0.0142 0.4371
vn -0.8996 -0.0128 0.4365
vn -0.9106 0.0096 0.4133
vn -0.8973 0.0188 0.4410
vn -0.9032 0.0172 0.4288
vn -0.9159 0.0014 0.4014
vn -0.9020 -0.0266 0.4308
vn -0.9111 0.0099 0.4121
vn -0.9051 0.0038 0.4251
vn -0.0859 -0.9795 -0.1824
vn 0.1023 -0.9707 0.2173
vn -0.2805 -0.7528 -0.5954
vn -0.4008 -0.3397 -0.8508
vn -0.1374 -0.9466 -0.2918
vn -0.3815 -0.4457 -0.8098
vn -0.4245 0.0871 -0.9012
vn -0.4052 0.3100 -0.8601
vn -0.4143 0.2346 -0.8794
vn 0.1881 -0.8974 0.3992
vn -0.4041 0.3179 -0.8577
vn -0.3923 0.3908 -0.8327
vn 0.2156 -0.8626 0.4577
vn 0.1621 -0.9249 0.3440
vn -0.1839 0.9021 -0.3904
vn 0.1418 0.9430 0.3010
vn 0.3462 0.5832 0.7349
vn 0.2060 0.8754 0.4373
vn 0.4205 0.1632 0.8925
vn 0.4041 -0.3179 0.8577
vn 0.3815 0.4456 0.8099
vn 0.3934 -0.3845 0.8351
vn 0.0187 0.9990 0.0396
vn -0.2135 0.8655 -0.4532
vn 0.1977 -0.8859 0.4196
vn -0.4499 0.5248 0.7226
vn -0.4230 -0.4618 0.7797
vn -0.8435 -0.5252 -0.1128
vn -0.8707 0.4616 -0.1700
vn -0.1616 -0.0000 -0.9869
vn -0.5270 -0.0000 -0.8499
vn 0.2284 -0.0000 -0.9736
vn 0.7541 -0.3710 0.5419
vn 0.9041 -0.3710 0.2121
vn 0.9736 -0.0000 0.2284
vn 0.8121 -0.0000 0.5835
vn 0.9164 -0.3710 -0.1501
vn 0.7892 -0.3710 -0.4894
vn 0.8499 -0.0000 -0.5270
vn 0.9869 -0.0000 -0.1616
vn 0.5270 -0.0000 0.8499
vn 0.1616 -0.0000 0.9869
vn -0.5835 -0.0000 0.8121
vn -0.2284 -0.0000 0.9736
vn 0.2121 -0.3710 -0.9041
vn 0.1599 -0.7139 -0.6817
vn -0.1132 -0.7139 -0.6910
vn -0.1501 -0.3710 -0.9164
vn -0.4993 0.3196 -0.8053
vn -0.1531 0.3196 -0.9351
vn 0.1531 0.3196 0.9351
vn 0.4993 0.3196 0.8053
vn 0.9225 0.3196 0.2164
vn 0.7695 0.3196 0.5529
vn 0.2164 0.3196 -0.9225
vn -0.9225 0.3196 -0.2164
vn -0.7695 0.3196 -0.5529
vn -0.9351 0.3196 0.1531
vn 0.9351 0.3196 -0.1531
vn 0.8053 0.3196 -0.4993
vn -0.8053 0.3196 0.4993
vn 0.5529 0.3196 -0.7695
vn -0.5529 0.3196 0.7695
vn -0.2164 0.3196 0.9225
vn 0.5419 -0.3710 -0.7541
vn 0.4086 -0.7139 -0.5686
vn 0.1501 -0.3710 0.9164
vn 0.1132 -0.7139 0.6910
vn 0.3690 -0.7139 0.5951
vn 0.4894 -0.3710 0.7892
vn -0.9164 -0.3710 0.1501
vn -0.6910 -0.7139 0.1132
vn -0.5951 -0.7139 0.3690
vn -0.7892 -0.3710 0.4894
vn -0.7541 -0.3710 -0.5419
vn -0.5686 -0.7139 -0.4086
vn -0.6817 -0.7139 -0.1599
vn -0.9041 -0.3710 -0.2121
vn -0.4086 -0.7139 0.5686
vn -0.5419 -0.3710 0.7541
vn -0.2121 -0.3710 0.9041
vn -0.1599 -0.7139 0.6817
vn 0.5686 -0.7139 0.4086
vn 0.6817 -0.7139 0.1599
vn 0.5951 -0.7139 -0.3690
vn -0.4894 -0.3710 -0.7892
vn -0.3690 -0.7139 -0.5951
vn 0.6910 -0.7139 -0.1132
vn 0.5835 -0.0000 -0.8121
vn -0.9736 -0.0000 -0.2284
vn -0.9869 -0.0000 0.1616
vn -0.8121 -0.0000 -0.5835
vn -0.8499 -0.0000 0.5270
vn 0.0334 0.9991 0.0256
vn 0.0288 0.9996 0.0004
vn 0.0249 0.9995 0.0178
vn 0.0099 0.9996 0.0273
vn 0.0004 1.0000 -0.0041
vn -0.0067 0.9999 -0.0159
vn 0.0129 0.9998 -0.0135
vn 0.0116 0.9999 -0.0127
vn -0.0081 0.9999 0.0151
vn -0.0203 0.9997 -0.0146
vn -0.0174 0.9998 -0.0013
vn 0.0012 0.9996 0.0272
vn 0.0260 0.9996 -0.0079
vn -0.0083 0.9998 0.0164
vn -0.0036 1.0000 0.0016
vn 0.9945 -0.0000 0.1046
vn 0.9425 -0.0000 -0.3342
vn 0.8138 -0.0000 0.5812
vn 0.4303 -0.0000 0.9027
vn 0.9736 -0.0000 0.2281
vn 0.5313 -0.0000 0.8472
vn 0.0110 -0.0000 0.9999
vn -0.2152 -0.0000 0.9766
vn -0.1381 -0.0000 0.9904
vn 0.8498 -0.0000 -0.5272
vn -0.2233 -0.0000 0.9747
vn -0.2987 -0.0000 0.9544
vn 0.8088 -0.0000 -0.5881
vn 0.8831 -0.0000 -0.4692
vn -0.8554 -0.0000 0.5180
vn -0.9711 -0.0000 -0.2386
vn -0.6600 -0.0000 -0.7512
vn -0.9186 -0.0000 -0.3951
vn -0.2592 -0.0000 -0.9658
vn 0.2234 -0.0000 -0.9747
vn -0.5313 -0.0000 -0.8472
vn 0.2921 -0.0000 -0.9564
vn -0.9985 -0.0000 0.0544
vn -0.8121 -0.0000 0.5835
vn 0.8362 -0.0000 -0.5485
vn -0.5676 0.7150 -0.4082
vn 0.4080 0.7149 -0.5678
vn 0.5679 0.7150 0.4078
vn -0.4079 0.7152 0.5676
vt -0.000586 0.925034
vt 0.499414 0.925034
vt 0.499414 0.987438
vt -0.000586 0.987438
vt 0.561817 0.306530
vt 0.561817 0.318506
vt 0.499414 0.318506
vt 0.499414 0.306530
vt 0.499414 0.913058
vt -0.000586 0.913058
vt -0.000586 0.850655
vt 0.499414 0.850655
vt 0.717302 0.115191
vt 0.693688 0.115191
vt 0.693688 0.103215
vt 0.717302 0.103215
vt -0.000586 0.999414
vt 0.499414 0.999414
vt 0.913273 0.147847
vt 0.870672 0.147847
vt 0.870672 0.135871
vt 0.913273 0.135871
vt 0.499414 0.240101
vt 0.499414 0.282702
vt -0.000586 0.282702
vt -0.000586 0.240101
vt 0.615843 0.115191
vt 0.592228 0.115191
vt 0.592228 0.103215
vt 0.615843 0.103215
vt 0.792827 0.651215
vt 0.792827 0.663191
vt 0.499414 0.663191
vt 0.499414 0.651215
vt 0.787732 0.306376
vt 0.787732 0.318506
vt 0.745131 0.318506
vt 0.745131 0.306376
vt 0.499414 0.728637
vt 0.499414 0.717768
vt 0.542014 0.717768
vt 0.542014 0.728637
vt 0.499414 0.174501
vt 0.499414 0.185370
vt -0.000586 0.185370
vt -0.000586 0.174501
vt 0.913273 0.135871
vt 0.870672 0.135871
vt 0.870672 0.123895
vt 0.913273 0.123895
vt 0.499414 0.554037
vt 0.607198 0.529700
vt 0.685043 0.529700
vt 0.792827 0.554037
vt 0.792827 0.566013
vt 0.792827 0.608614
vt 0.700013 0.608614
vt 0.685043 0.590350
vt 0.499414 0.566013
vt 0.607198 0.590350
vt 0.592228 0.608614
vt 0.499414 0.608614
vt -0.000586 0.078431
vt 0.499414 0.078431
vt 0.499414 0.121032
vt -0.000586 0.121032
vt 0.792827 0.705791
vt 0.700013 0.705791
vt 0.685043 0.687528
vt 0.607198 0.687528
vt 0.592228 0.705791
vt 0.499414 0.705791
vt 0.685043 0.626878
vt 0.607198 0.626878
vt 0.499414 0.294832
vt -0.000586 0.294832
vt 0.700013 0.608614
vt 0.792827 0.608614
vt 0.592228 0.608614
vt 0.700013 0.511437
vt 0.792827 0.511437
vt 0.499414 0.511437
vt 0.592228 0.511437
vt 0.913273 0.162817
vt 0.870672 0.162817
vt 0.870672 0.150841
vt 0.913273 0.150841
vt 0.693687 0.705791
vt 0.693687 0.717768
vt 0.615843 0.717768
vt 0.615843 0.705792
vt -0.000586 0.185370
vt 0.499414 0.185370
vt 0.499414 0.227971
vt -0.000586 0.227971
vt 0.624220 0.306530
vt 0.624220 0.318506
vt 0.561817 0.306530
vt 0.717302 0.705791
vt 0.717302 0.717768
vt 0.910691 0.717768
vt 0.868090 0.717768
vt 0.868090 0.705792
vt 0.910691 0.705792
vt 0.592228 0.705792
vt 0.592228 0.717768
vt 0.584615 0.717768
vt 0.584615 0.728637
vt 0.542014 0.728637
vt 0.542014 0.717768
vt 0.780198 0.091084
vt 0.822799 0.091084
vt 0.822799 0.103215
vt 0.780198 0.103215
vt -0.000586 0.131900
vt 0.499414 0.131901
vt 0.792827 0.402995
vt 0.792827 0.414971
vt 0.499414 0.414971
vt 0.499414 0.402995
vt 0.777390 0.091239
vt 0.741133 0.091239
vt 0.741133 0.079262
vt 0.777390 0.079262
vt 0.590715 0.077786
vt 0.626971 0.077786
vt 0.626971 0.091239
vt 0.590715 0.091239
vt 0.620871 0.727898
vt 0.584615 0.727898
vt 0.584615 0.717768
vt 0.620871 0.717768
vt 0.499414 0.807221
vt 0.999414 0.807222
vt 0.999414 0.843478
vt 0.499414 0.843478
vt 0.590714 0.091238
vt 0.554458 0.091239
vt 0.554458 0.077786
vt 0.590714 0.077786
vt 0.999414 0.889865
vt 0.999414 0.899995
vt 0.499414 0.899995
vt 0.499414 0.889865
vt 0.792827 0.499460
vt 0.499414 0.499460
vt 0.499414 0.463204
vt 0.792827 0.463204
vt 0.999414 0.985961
vt 0.999414 0.999414
vt 0.499414 0.999414
vt 0.499414 0.985961
vt 0.704877 0.091239
vt 0.704877 0.079262
vt 0.499414 0.853608
vt 0.999414 0.853608
vt 0.620871 0.727898
vt 0.620871 0.717768
vt 0.657128 0.717768
vt 0.657128 0.727898
vt 0.499414 0.366739
vt 0.499414 0.354763
vt 0.792827 0.354763
vt 0.792827 0.366739
vt 0.499414 0.949704
vt 0.999414 0.949704
vt 0.499414 0.414971
vt 0.792827 0.451228
vt 0.499414 0.451228
vt 0.626971 0.091238
vt 0.626971 0.079262
vt 0.663228 0.079262
vt 0.663228 0.091239
vt 0.499414 0.511436
vt 0.499414 0.936251
vt 0.999414 0.936251
vt 0.499414 0.318506
vt 0.792827 0.318506
vt 0.499414 0.899995
vt 0.999414 0.899995
vt 0.668620 0.091239
vt 0.668620 0.079262
vt 0.704877 0.079263
vt 0.704877 0.091239
vt 0.499414 0.497728
vt -0.000586 0.497728
vt -0.000586 0.441539
vt 0.499414 0.441539
vt 0.668620 0.103215
vt 0.724809 0.091239
vt 0.724809 0.103215
vt -0.000586 0.509704
vt 0.499414 0.509704
vt 0.499414 0.565893
vt -0.000586 0.565892
vt 0.499414 0.429563
vt -0.000586 0.429563
vt 0.612431 0.103215
vt 0.612431 0.091239
vt 0.499414 0.635842
vt -0.000586 0.635842
vt -0.000586 0.577869
vt 0.499414 0.577869
vt 0.810117 0.717768
vt 0.810117 0.705792
vt 0.868090 0.705792
vt 0.868090 0.717768
vt -0.000586 0.647818
vt 0.499414 0.647818
vt 0.499414 0.705791
vt -0.000586 0.705791
vt -0.000586 0.565892
vt 0.612431 0.091239
vt 0.554458 0.103215
vt 0.554458 0.091239
vt -0.000586 0.778223
vt 0.499414 0.778223
vt 0.499414 0.838679
vt -0.000586 0.838679
vt 0.684676 0.318506
vt 0.684676 0.306530
vt 0.745131 0.306530
vt 0.745131 0.318506
vt 0.499414 0.766247
vt -0.000586 0.766247
vt 0.499414 0.705791
vt -0.000586 0.850655
vt 0.499414 0.850655
vt 0.684676 0.318506
vt 0.624220 0.318506
vt 0.499414 0.362197
vt -0.000586 0.362197
vt -0.000586 0.306808
vt 0.499414 0.306808
vt 0.831750 0.096373
vt 0.831750 0.084397
vt 0.887139 0.084397
vt 0.887139 0.096373
vt -0.000586 0.374173
vt 0.499414 0.374173
vt 0.499414 0.429563
vt -0.000586 0.429563
vt 0.499414 0.294832
vt 0.780198 0.091239
vt 0.859272 0.123895
vt 0.886794 0.096373
vt 0.526936 0.103215
vt 0.499414 0.075692
vt 0.554458 0.075692
vt 0.792827 0.123895
vt 0.831750 0.123895
vt 0.792827 0.162817
vt 0.831750 0.123895
vt 0.870672 0.123895
vt 0.831750 0.162817
vt 0.499414 0.127167
vt 0.499414 0.115191
vt 0.792827 0.115191
vt 0.792827 0.127167
vt 0.792827 0.279584
vt 0.792827 0.240662
vt 0.918576 0.240662
vt 0.918576 0.279584
vt 0.919728 0.111919
vt 0.886794 0.111919
vt 0.886794 0.099943
vt 0.919728 0.099943
vt 0.918576 0.368847
vt 0.918576 0.423892
vt 0.792827 0.423892
vt 0.792827 0.368847
vt 0.792827 0.517858
vt 0.792827 0.478936
vt 0.918576 0.478936
vt 0.918576 0.517858
vt 0.792827 0.611825
vt 0.792827 0.556780
vt 0.918576 0.556781
vt 0.918576 0.611825
vt 0.792827 0.329925
vt 0.918576 0.329925
vt 0.792827 0.282856
vt 0.499414 0.282856
vt 0.499414 0.249922
vt 0.792827 0.249922
vt 0.887139 0.096373
vt 0.887139 0.084397
vt 0.920073 0.084397
vt 0.920073 0.096373
vt 0.792827 0.517858
vt 0.792827 0.160101
vt 0.792827 0.172077
vt 0.499414 0.172077
vt 0.499414 0.160101
vt 0.918576 0.201739
vt 0.792827 0.201739
vt 0.918576 0.318506
vt 0.499414 0.205011
vt 0.792827 0.205011
vt 0.792827 0.237946
vt 0.499414 0.237946
vt 0.918576 0.666869
vt 0.918576 0.705791
vt 0.792827 0.705791
vt 0.792827 0.666869
vt 0.887139 0.072421
vt 0.920073 0.072421
vt 0.920073 0.084397
vt 0.918576 0.611825
vt 0.792827 0.294832
vt 0.499414 0.294832
vt 0.918576 0.162817
vt 0.918576 0.201739
vt 0.792827 0.201739
vt 0.792827 0.423892
vt 0.918576 0.423892
vt 0.792827 0.205011
vt 0.499414 0.205011
vt 0.919728 0.111919
vt 0.919728 0.123895
vt 0.886794 0.123895
vt 0.696162 0.067286
vt 0.729096 0.067286
vt 0.729096 0.079262
vt 0.696162 0.079262
vt 0.831750 0.072421
vt 0.864684 0.072421
vt 0.864684 0.084397
vt -0.000586 0.000586
vt 0.499414 0.000586
vt 0.499414 0.033521
vt -0.000586 0.033521
vt 0.822799 0.091084
vt 0.789865 0.091084
vt 0.789865 0.079108
vt 0.822799 0.079108
vt -0.000586 0.078431
vt -0.000586 0.045497
vt 0.499414 0.045497
vt 0.696162 0.067286
vt 0.696162 0.079262
vt 0.663228 0.067286
vt 0.499414 0.729377
vt 0.999414 0.729377
vt 0.999414 0.762311
vt 0.499414 0.762311
vt 0.999414 0.774287
vt 0.499414 0.774287
vt 0.999414 0.807221
vt 0.810117 0.103215
vt 0.810117 0.115191
vt 0.499414 0.115191
vt 0.499414 0.103215
vt 0.810117 0.705792
vt 0.810117 0.717768
vt 0.499414 0.705792
vt 0.499414 0.717768
vt 0.023136 0.833984
vt 0.074177 0.833984
vt 0.074177 0.861328
vt 0.023136 0.861328
vt 0.074177 0.922332
vt 0.094594 0.922332
vt 0.094594 0.935450
vt 0.074177 0.935450
vt 0.224226 0.708574
vt 0.230935 0.708574
vt 0.244688 0.684552
vt 0.239945 0.681121
vt 0.300716 0.708574
vt 0.294032 0.720250
vt 0.306354 0.729165
vt 0.318143 0.708574
vt 0.277893 0.669749
vt 0.277893 0.674602
vt 0.311097 0.684552
vt 0.315841 0.681121
vt 0.239945 0.736028
vt 0.244688 0.732597
vt 0.331560 0.708574
vt 0.324851 0.708574
vt 0.311097 0.732597
vt 0.315841 0.736028
vt 0.277893 0.747400
vt 0.277893 0.742547
vt 0.306354 0.687984
vt 0.053761 0.922332
vt 0.053761 0.935450
vt 0.074177 0.687893
vt 0.023136 0.687893
vt 0.023136 0.667318
vt 0.074177 0.667318
vt 0.074177 0.890007
vt 0.023136 0.890007
vt 0.074177 0.948568
vt 0.053761 0.948568
vt 0.094594 0.948568
vt 0.125219 0.890007
vt 0.125219 0.861328
vt 0.074177 0.969401
vt 0.094594 0.969401
vt 0.094594 0.990234
vt 0.074177 0.990234
vt 0.053761 0.969401
vt 0.053761 0.990234
vt 0.277893 0.725086
vt 0.277893 0.737694
vt 0.294032 0.696899
vt 0.277893 0.692063
vt 0.277893 0.679455
vt 0.261754 0.696899
vt 0.249432 0.687984
vt 0.255069 0.708574
vt 0.237643 0.708574
vt 0.261754 0.720250
vt 0.249432 0.729165
vt 0.000000 0.817708
vt 0.055556 0.817708
vt 0.055556 0.692708
vt 0.000000 0.692708
vt 0.094594 0.922332
vt 0.166667 0.817708
vt 0.222222 0.817708
vt 0.222222 0.692708
vt 0.166667 0.692708
vt 0.125219 0.667318
vt 0.125219 0.687893
vt 0.125219 0.833984
vt 0.074177 0.906901
vt 0.023136 0.906901
vt 0.074177 0.825179
vt 0.023136 0.825179
vt 0.125219 0.825179
vt 0.125219 0.906901
vt 0.125219 0.687893
vt 0.125219 0.825179
vt 0.094594 0.906901
vt 0.053761 0.906901
vt 0.111111 0.692708
vt 0.111111 0.817708
vt 0.074177 0.825179
vt 0.229167 0.911458
vt 0.229167 0.927083
vt 0.253672 0.927083
vt 0.253672 0.911458
vt 0.256807 0.978813
vt 0.248029 0.963677
vt 0.252063 0.963677
vt 0.259659 0.976776
vt 0.277986 0.985137
vt 0.299151 0.978875
vt 0.307918 0.963757
vt 0.299151 0.948639
vt 0.277986 0.942377
vt 0.256821 0.948639
vt 0.248054 0.963757
vt 0.256821 0.978875
vt 0.277778 0.911458
vt 0.277778 0.927083
vt 0.302400 0.927083
vt 0.302400 0.911458
vt 0.326389 0.927083
vt 0.326389 0.911458
vt 0.307964 0.963677
vt 0.299187 0.978813
vt 0.296335 0.976776
vt 0.303931 0.963677
vt 0.277997 0.942272
vt 0.299187 0.948541
vt 0.296335 0.950578
vt 0.277997 0.945153
vt 0.277997 0.985082
vt 0.277997 0.982202
vt 0.256807 0.948541
vt 0.259659 0.950578
vt 0.187500 0.363281
vt 0.156250 0.363281
vt 0.156250 0.355469
vt 0.187500 0.355469
vt 0.218750 0.363281
vt 0.218750 0.355469
vt 0.125000 0.355469
vt 0.125000 0.363281
vt 0.281250 0.804688
vt 0.308594 0.804688
vt 0.308594 1.000000
vt 0.281250 1.000000
vt 0.093750 0.363281
vt 0.062500 0.363281
vt 0.062500 0.355469
vt 0.093750 0.355469
vt 0.250000 0.363281
vt 0.250000 0.355469
vt 0.085938 0.804688
vt 0.113281 0.804688
vt 0.113281 1.000000
vt 0.085938 1.000000
vt 0.173511 0.267319
vt 0.181721 0.265704
vt 0.192967 0.292167
vt 0.186011 0.296838
vt 0.140625 0.804688
vt 0.140625 1.000000
vt 0.148655 0.295953
vt 0.126611 0.317997
vt 0.124994 0.315578
vt 0.146236 0.294336
vt 0.003857 0.267151
vt 0.006710 0.266583
vt 0.018206 0.294337
vt 0.015787 0.295953
vt 0.037831 0.317997
vt 0.039448 0.315578
vt 0.160585 0.235975
vt 0.157732 0.236543
vt 0.146236 0.208790
vt 0.148655 0.207173
vt 0.097809 0.329927
vt 0.097241 0.327073
vt 0.157732 0.266583
vt 0.160585 0.267151
vt 0.015787 0.207173
vt 0.037831 0.185129
vt 0.039448 0.187548
vt 0.018206 0.208790
vt 0.066633 0.173199
vt 0.097809 0.173199
vt 0.097241 0.176052
vt 0.067201 0.176052
vt 0.006710 0.236543
vt 0.003857 0.235976
vt 0.000000 0.804688
vt 0.027344 0.804688
vt 0.027344 1.000000
vt 0.000000 1.000000
vt 0.145555 0.293108
vt 0.157363 0.266288
vt 0.162305 0.267279
vt 0.149835 0.296154
vt 0.007345 0.236446
vt 0.002187 0.235332
vt 0.015168 0.206548
vt 0.019273 0.209542
vt 0.067843 0.179297
vt 0.040429 0.189655
vt 0.037828 0.185488
vt 0.066862 0.174254
vt 0.157564 0.237666
vt 0.162305 0.236730
vt 0.096307 0.323823
vt 0.124058 0.313080
vt 0.126702 0.317311
vt 0.097269 0.329063
vt 0.065164 0.328699
vt 0.066252 0.323643
vt 0.097946 0.179325
vt 0.098973 0.174063
vt 0.128590 0.186341
vt 0.125700 0.190603
vt 0.036118 0.316483
vt 0.038940 0.312293
vt 0.150699 0.208496
vt 0.146498 0.211254
vt 0.014235 0.294997
vt 0.018236 0.292256
vt 0.007081 0.265816
vt 0.002137 0.266861
vt 0.126611 0.185129
vt 0.124994 0.187548
vt 0.037832 0.317997
vt 0.039448 0.315578
vt 0.067201 0.327073
vt 0.066634 0.329927
vt 0.112125 0.324105
vt 0.082088 0.330027
vt 0.052071 0.324003
vt 0.294446 0.189072
vt 0.238828 0.178504
vt 0.267528 0.178464
vt 0.173425 0.235303
vt 0.181637 0.236924
vt 0.322219 0.204641
vt 0.315209 0.209344
vt 0.299088 0.181893
vt 0.300618 0.318576
vt 0.295982 0.311760
vt 0.315988 0.291389
vt 0.322913 0.295986
vt 0.238845 0.331161
vt 0.240480 0.322893
vt 0.269461 0.322902
vt 0.271150 0.331251
vt 0.326566 0.264728
vt 0.334767 0.266348
vt 0.334723 0.234299
vt 0.326491 0.235912
vt 0.269057 0.170325
vt 0.237236 0.170325
vt 0.185287 0.205542
vt 0.192257 0.210166
vt 0.208944 0.319303
vt 0.213566 0.312298
vt 0.212395 0.189677
vt 0.207753 0.182726
vt 0.031250 0.355469
vt 0.031250 0.363281
vt 0.000000 0.363281
vt 0.000000 0.355469
vt 0.195312 0.804688
vt 0.226562 0.804688
vt 0.226562 1.000000
vt 0.195312 1.000000
vt 0.367188 0.804688
vt 0.394531 0.804688
vt 0.394531 1.000000
vt 0.367188 1.000000
vt 0.335938 0.804688
vt 0.335938 1.000000
vt 0.421875 0.804688
vt 0.421875 1.000000
vt 0.449219 0.804688
vt 0.449219 1.000000
vt 0.167969 0.804688
vt 0.167969 1.000000
vt 0.054688 0.804688
vt 0.054688 1.000000
vt 0.253906 0.804688
vt 0.253906 1.000000
vt 0.082171 0.327481
vt 0.070178 0.324702
vt 0.082168 0.320717
vt 0.093621 0.324939
vt 0.058408 0.289807
vt 0.054680 0.285663
vt 0.066520 0.285886
vt 0.074386 0.293452
vt 0.062704 0.313065
vt 0.073184 0.310729
vt 0.090855 0.311263
vt 0.082318 0.301341
vt 0.089827 0.293478
vt 0.082149 0.301401
vt 0.073404 0.310662
vt 0.097567 0.321005
vt 0.082365 0.320811
vt 0.090972 0.311166
vt 0.082215 0.301380
vt 0.066438 0.320755
vt 0.073202 0.310723
vt 0.073311 0.310640
vt 0.082030 0.320936
vt 0.091094 0.311168
vt 0.101713 0.313131
vt 0.091110 0.311162
vt 0.105489 0.289493
vt 0.097568 0.274281
vt 0.089872 0.266550
vt 0.089597 0.254788
vt 0.097673 0.258546
vt 0.066540 0.274228
vt 0.054700 0.273841
vt 0.066339 0.258690
vt 0.109446 0.285756
vt 0.097548 0.285938
vt 0.109466 0.274132
vt 0.074431 0.266524
vt 0.074428 0.254763
vt 0.082215 0.304394
vt 0.088058 0.311224
vt 0.082192 0.317801
vt 0.076283 0.310773
vt 0.082680 0.304951
vt 0.076586 0.311130
vt 0.072986 0.310046
vt 0.082394 0.301512
vt 0.076567 0.310449
vt 0.082833 0.317084
vt 0.083441 0.319421
vt 0.073180 0.310982
vt 0.081580 0.317042
vt 0.087752 0.310868
vt 0.091066 0.311615
vt 0.081030 0.319346
vt 0.087750 0.311547
vt 0.081767 0.304914
vt 0.082128 0.301477
vt 0.091375 0.310687
vt 0.082354 0.173099
vt 0.112371 0.179122
vt 0.052317 0.179020
vt 0.137798 0.196175
vt 0.026833 0.195986
vt 0.154764 0.221659
vt 0.009781 0.221413
vt 0.160685 0.251696
vt 0.003757 0.251430
vt 0.154662 0.281713
vt 0.009679 0.281467
vt 0.137609 0.307140
vt 0.026644 0.306951
vt 0.281250 0.609375
vt 0.308594 0.609375
vt 0.085938 0.609375
vt 0.113281 0.609375
vt 0.140625 0.609375
vt 0.000000 0.609375
vt 0.027344 0.609375
vt 0.195312 0.609375
vt 0.226562 0.609375
vt 0.367188 0.609375
vt 0.394531 0.609375
vt 0.335938 0.609375
vt 0.421875 0.609375
vt 0.449219 0.609375
vt 0.167969 0.609375
vt 0.054688 0.609375
vt 0.253906 0.609375
vt 0.187500 0.347656
vt 0.156250 0.347656
vt 0.156250 0.339844
vt 0.187500 0.339844
vt 0.218750 0.347656
vt 0.218750 0.339844
vt 0.125000 0.339844
vt 0.125000 0.347656
vt 0.281250 0.414062
vt 0.308594 0.414062
vt 0.093750 0.347656
vt 0.062500 0.347656
vt 0.062500 0.339844
vt 0.093750 0.339844
vt 0.250000 0.347656
vt 0.250000 0.339844
vt 0.085938 0.414062
vt 0.113281 0.414062
vt 0.173511 0.098932
vt 0.181721 0.097317
vt 0.192967 0.123780
vt 0.186011 0.128451
vt 0.140625 0.414062
vt 0.148655 0.127566
vt 0.126611 0.149610
vt 0.124994 0.147191
vt 0.146236 0.125949
vt 0.003857 0.098764
vt 0.006710 0.098196
vt 0.018206 0.125950
vt 0.015787 0.127566
vt 0.037831 0.149610
vt 0.039448 0.147191
vt 0.160585 0.067588
vt 0.157732 0.068156
vt 0.146236 0.040403
vt 0.148655 0.038786
vt 0.097809 0.161540
vt 0.097241 0.158686
vt 0.157732 0.098196
vt 0.160585 0.098763
vt 0.015787 0.038786
vt 0.037831 0.016742
vt 0.039448 0.019161
vt 0.018206 0.040403
vt 0.066633 0.004812
vt 0.097809 0.004812
vt 0.097241 0.007665
vt 0.067201 0.007665
vt 0.006710 0.068156
vt 0.003857 0.067589
vt 0.000000 0.414062
vt 0.027344 0.414062
vt 0.145555 0.124721
vt 0.157363 0.097901
vt 0.162305 0.098891
vt 0.149835 0.127766
vt 0.007345 0.068059
vt 0.002187 0.066945
vt 0.015168 0.038161
vt 0.019273 0.041154
vt 0.067843 0.010910
vt 0.040429 0.021268
vt 0.037828 0.017101
vt 0.066862 0.005867
vt 0.157564 0.069279
vt 0.162305 0.068343
vt 0.096307 0.155436
vt 0.124058 0.144693
vt 0.126702 0.148924
vt 0.097269 0.160676
vt 0.065164 0.160312
vt 0.066252 0.155256
vt 0.097946 0.010938
vt 0.098973 0.005676
vt 0.128590 0.017954
vt 0.125700 0.022216
vt 0.036118 0.148096
vt 0.038940 0.143905
vt 0.150699 0.040109
vt 0.146498 0.042867
vt 0.014235 0.126610
vt 0.018236 0.123869
vt 0.007081 0.097429
vt 0.002137 0.098474
vt 0.126611 0.016742
vt 0.124994 0.019161
vt 0.037832 0.149610
vt 0.039448 0.147191
vt 0.067201 0.158686
vt 0.066634 0.161540
vt 0.112125 0.155718
vt 0.082088 0.161640
vt 0.052071 0.155616
vt 0.294446 0.020685
vt 0.238828 0.010117
vt 0.267528 0.010077
vt 0.173425 0.066916
vt 0.181637 0.068537
vt 0.322219 0.036254
vt 0.315209 0.040957
vt 0.299088 0.013506
vt 0.300618 0.150189
vt 0.295982 0.143373
vt 0.315988 0.123002
vt 0.322913 0.127599
vt 0.238845 0.162774
vt 0.240480 0.154506
vt 0.269461 0.154515
vt 0.271150 0.162864
vt 0.326566 0.096341
vt 0.334767 0.097961
vt 0.334723 0.065912
vt 0.326491 0.067525
vt 0.269057 0.001938
vt 0.237236 0.001938
vt 0.185287 0.037155
vt 0.192257 0.041779
vt 0.208944 0.150916
vt 0.213566 0.143911
vt 0.212395 0.021290
vt 0.207753 0.014339
vt 0.031250 0.339844
vt 0.031250 0.347656
vt 0.000000 0.347656
vt 0.000000 0.339844
vt 0.195312 0.414062
vt 0.226562 0.414062
vt 0.367188 0.414062
vt 0.394531 0.414062
vt 0.335938 0.414062
vt 0.421875 0.414062
vt 0.449219 0.414062
vt 0.167969 0.414062
vt 0.054688 0.414062
vt 0.253906 0.414062
vt 0.082171 0.159094
vt 0.070178 0.156315
vt 0.082168 0.152330
vt 0.093621 0.156552
vt 0.058408 0.121420
vt 0.054680 0.117276
vt 0.066520 0.117499
vt 0.074386 0.125065
vt 0.062704 0.144678
vt 0.073184 0.142342
vt 0.090855 0.142876
vt 0.082318 0.132954
vt 0.089827 0.125091
vt 0.082149 0.133014
vt 0.073404 0.142275
vt 0.097567 0.152618
vt 0.082365 0.152424
vt 0.090972 0.142779
vt 0.082215 0.132993
vt 0.066438 0.152368
vt 0.073202 0.142336
vt 0.073311 0.142253
vt 0.082030 0.152548
vt 0.091094 0.142781
vt 0.101713 0.144744
vt 0.091110 0.142775
vt 0.105489 0.121106
vt 0.097568 0.105894
vt 0.089872 0.098163
vt 0.089597 0.086401
vt 0.097673 0.090159
vt 0.066540 0.105841
vt 0.054700 0.105454
vt 0.066339 0.090303
vt 0.109446 0.117369
vt 0.097548 0.117551
vt 0.109466 0.105744
vt 0.074431 0.098137
vt 0.074428 0.086376
vt 0.082215 0.136007
vt 0.088058 0.142837
vt 0.082192 0.149413
vt 0.076283 0.142386
vt 0.082680 0.136564
vt 0.076586 0.142742
vt 0.072986 0.141659
vt 0.082394 0.133125
vt 0.076567 0.142062
vt 0.082833 0.148697
vt 0.083441 0.151034
vt 0.073180 0.142595
vt 0.081580 0.148655
vt 0.087752 0.142481
vt 0.091066 0.143228
vt 0.081030 0.150959
vt 0.087750 0.143160
vt 0.081767 0.136527
vt 0.082128 0.133090
vt 0.091375 0.142300
vt 0.082354 0.004712
vt 0.112371 0.010735
vt 0.052317 0.010633
vt 0.137798 0.027788
vt 0.026833 0.027599
vt 0.154764 0.053272
vt 0.009781 0.053026
vt 0.160685 0.083309
vt 0.003757 0.083043
vt 0.154662 0.113326
vt 0.009679 0.113080
vt 0.137609 0.138753
vt 0.026644 0.138564
vt 0.832031 0.804688
vt 0.859375 0.804688
vt 0.859375 1.000000
vt 0.832031 1.000000
vt 0.636719 0.804688
vt 0.664062 0.804688
vt 0.664062 1.000000
vt 0.636719 1.000000
vt 0.691406 0.804688
vt 0.691406 1.000000
vt 0.550781 0.804688
vt 0.578125 0.804688
vt 0.578125 1.000000
vt 0.550781 1.000000
vt 0.746094 0.804688
vt 0.777344 0.804688
vt 0.777344 1.000000
vt 0.746094 1.000000
vt 0.917969 0.804688
vt 0.945312 0.804688
vt 0.945312 1.000000
vt 0.917969 1.000000
vt 0.886719 0.804688
vt 0.886719 1.000000
vt 0.972656 0.804688
vt 0.972656 1.000000
vt 1.000000 0.804688
vt 1.000000 1.000000
vt 0.718750 0.804688
vt 0.718750 1.000000
vt 0.605469 0.804688
vt 0.605469 1.000000
vt 0.804688 0.804688
vt 0.804688 1.000000
vt 0.832031 0.609375
vt 0.859375 0.609375
vt 0.636719 0.609375
vt 0.664062 0.609375
vt 0.691406 0.609375
vt 0.550781 0.609375
vt 0.578125 0.609375
vt 0.746094 0.609375
vt 0.777344 0.609375
vt 0.917969 0.609375
vt 0.945312 0.609375
vt 0.886719 0.609375
vt 0.972656 0.609375
vt 1.000000 0.609375
vt 0.718750 0.609375
vt 0.605469 0.609375
vt 0.804688 0.609375
s 1
usemtl wooden_crate_7_2
f 7/1/1 3/2/1 4/3/1 8/4/1
f 5/5/2 7/6/2 8/7/2 6/8/2
f 1/9/3 5/10/3 6/11/3 2/12/3
f 1/9/4 3/2/4 7/1/4 5/10/4
f 53/13/5 54/14/5 49/15/5 52/16/5
f 6/17/6 8/4/6 4/3/6 2/18/6
f 36/19/6 35/20/6 33/21/6 34/22/6
f 10/23/6 9/24/6 13/25/6 14/26/6
f 55/27/7 56/28/7 50/29/7 51/30/7
f 38/31/1 40/32/1 36/33/1 34/34/1
f 55/27/3 51/30/3 49/15/3 54/14/3
f 11/35/8 9/36/8 10/37/8 12/38/8
f 19/39/2 17/40/2 18/41/2 20/42/2
f 17/43/3 19/44/3 23/45/3 21/46/3
f 38/47/4 37/48/4 39/49/4 40/50/4
f 41/51/8 32/52/8 30/53/8 45/54/8
f 47/55/2 48/56/2 25/57/2 26/58/2
f 43/59/2 27/60/2 28/61/2 44/62/2
f 23/63/6 19/64/6 20/65/6 24/66/6
f 40/32/8 39/67/8 52/68/8 49/69/8
f 36/33/8 51/70/8 50/71/8 35/72/8
f 27/60/2 43/59/2 47/55/2 26/58/2
f 54/73/2 38/31/2 34/34/2 55/74/2
f 9/24/3 11/75/3 15/76/3 13/25/3
f 38/31/2 54/73/2 53/77/2 37/78/2
f 34/34/2 33/62/2 56/79/2 55/74/2
f 45/54/8 30/53/8 31/80/8 46/81/8
f 41/51/8 42/82/8 29/83/8 32/52/8
f 43/84/4 44/85/4 42/86/4 41/87/4
f 40/32/8 49/69/8 51/70/8 36/33/8
f 26/88/3 30/89/3 32/90/3 27/91/3
f 15/92/4 11/93/4 12/94/4 16/95/4
f 43/59/1 41/51/1 45/54/1 47/55/1
f 3/96/8 1/97/8 2/6/8 4/98/8
f 26/88/7 25/99/7 31/100/7 30/89/7
f 45/101/6 46/102/6 48/103/6 47/104/6
f 28/105/5 27/91/5 32/90/5 29/106/5
f 21/107/8 23/108/8 24/109/8 22/110/8
f 14/111/2 13/112/2 15/113/2 16/114/2
f 14/26/1 16/95/1 12/94/1 10/23/1
f 22/115/1 24/66/1 20/65/1 18/116/1
f 17/43/4 21/46/4 22/115/4 18/116/4
f 80/117/3 88/118/3 85/119/3 83/120/3
f 84/121/4 83/122/4 85/123/4 86/124/4
f 69/125/2 68/126/2 66/127/2 67/128/2
f 63/129/2 62/130/2 64/131/2 65/132/2
f 64/133/4 60/134/4 61/135/4 65/136/4
f 70/137/8 57/138/8 71/139/8 72/140/8
f 58/141/3 60/142/3 64/143/3 62/144/3
f 73/145/8 77/146/8 78/147/8 74/148/8
f 66/149/3 68/150/3 71/151/3 57/152/3
f 77/153/6 87/154/6 79/123/6 78/122/6
f 58/141/6 62/144/6 63/155/6 59/156/6
f 60/157/8 58/158/8 59/159/8 61/160/8
f 84/161/1 86/162/1 82/163/1 81/164/1
f 66/149/4 57/152/4 70/165/4 67/166/4
f 87/167/2 75/118/2 76/168/2 79/169/2
f 88/170/6 80/171/6 81/172/6 82/173/6
f 78/147/1 79/169/1 76/168/1 74/148/1
f 77/146/3 73/145/3 75/81/3 87/174/3
f 70/165/1 72/175/1 69/176/1 67/166/1
f 86/162/8 85/177/8 88/178/8 82/163/8
f 71/179/6 68/180/6 69/176/6 72/175/6
f 80/117/2 83/120/2 84/161/2 81/164/2
f 63/155/1 65/136/1 61/135/1 59/156/1
f 75/181/4 73/182/4 74/183/4 76/184/4
f 95/185/1 91/186/1 92/187/1 96/188/1
f 93/189/2 95/181/2 96/190/2 94/191/2
f 89/192/3 93/193/3 94/194/3 90/195/3
f 89/192/4 91/186/4 95/185/4 93/193/4
f 94/196/6 96/188/6 92/187/6 90/197/6
f 91/181/8 89/189/8 90/198/8 92/199/8
f 103/200/1 99/201/1 100/202/1 104/203/1
f 101/204/2 103/205/2 104/206/2 102/207/2
f 97/208/3 101/209/3 102/210/3 98/211/3
f 97/208/4 99/201/4 103/200/4 101/209/4
f 102/194/6 104/203/6 100/202/6 98/212/6
f 99/213/8 97/198/8 98/214/8 100/215/8
f 111/216/1 107/217/1 108/218/1 112/219/1
f 109/220/2 111/221/2 112/222/2 110/223/2
f 105/224/3 109/225/3 110/211/3 106/226/3
f 105/224/4 107/217/4 111/216/4 109/225/4
f 110/227/6 112/219/6 108/218/6 106/228/6
f 107/221/8 105/229/8 106/230/8 108/96/8
f 119/231/1 115/232/1 116/233/1 120/234/1
f 117/235/2 119/236/2 120/237/2 118/238/2
f 113/239/3 117/240/3 118/241/3 114/242/3
f 113/239/4 115/232/4 119/231/4 117/240/4
f 118/243/6 120/234/6 116/233/6 114/76/6
f 115/244/8 113/114/8 114/191/8 116/190/8
f 140/245/1 136/235/1 138/246/1
f 146/247/1 142/248/1 144/249/1
f 151/250/1 148/251/1 150/252/1
f 156/253/1 153/254/1 155/255/1
f 128/256/3 145/257/3 133/258/3 131/259/3
f 154/260/4 123/261/4 156/262/4 155/263/4
f 132/264/4 131/265/4 133/266/4 134/267/4
f 141/268/9 143/269/9 144/270/9 142/271/9
f 123/272/8 152/273/8 153/274/8 156/275/8
f 147/276/10 149/277/10 150/278/10 148/279/10
f 146/280/2 145/281/2 141/268/2 142/271/2
f 121/282/8 125/283/8 126/284/8 122/285/8
f 125/286/6 139/287/6 127/288/6 126/289/6
f 149/277/2 133/290/2 151/275/2 150/278/2
f 132/291/1 134/292/1 130/293/1 129/294/1
f 133/295/4 147/262/4 148/261/4 151/296/4
f 143/263/6 145/297/6 146/178/6 144/260/6
f 139/298/2 123/299/2 124/300/2 127/301/2
f 137/302/8 139/303/8 140/304/8 138/305/8
f 145/237/6 128/306/6 129/307/6 130/308/6
f 135/309/11 137/302/11 138/305/11 136/276/11
f 126/284/1 127/301/1 124/300/1 122/285/1
f 125/283/3 121/282/3 123/310/3 139/311/3
f 139/312/6 135/313/6 136/314/6 140/252/6
f 152/273/12 154/315/12 155/316/12 153/274/12
f 134/292/8 133/317/8 145/318/8 130/293/8
f 128/256/2 131/259/2 132/291/2 129/294/2
f 123/319/4 121/320/4 122/321/4 124/265/4
f 169/322/2 168/323/2 166/324/2 167/325/2
f 163/326/2 162/327/2 164/328/2 165/236/2
f 164/329/4 160/330/4 161/331/4 165/332/4
f 170/333/8 157/334/8 171/335/8 172/336/8
f 158/64/6 162/337/6 163/338/6 159/339/6
f 160/340/8 158/341/8 159/172/8 161/342/8
f 166/343/4 157/344/4 170/345/4 167/346/4
f 170/345/1 172/347/1 169/348/1 167/346/1
f 171/349/6 168/133/6 169/348/6 172/347/6
f 163/338/1 165/332/1 161/331/1 159/339/1
f 52/16/3 39/350/3 37/351/3 53/13/3
f 33/352/3 35/353/3 50/29/3 56/28/3
f 25/99/3 48/354/3 46/355/3 31/100/3
f 44/356/3 28/105/3 29/106/3 42/357/3
usemtl glass_bottles_1
f 180/358/13 178/359/14 312/360/15 315/361/16
f 236/362/17 233/363/18 270/364/19 271/365/20
f 185/366/21 213/367/22 214/368/23 183/369/24
f 191/370/25 190/371/26 206/372/27 207/373/28
f 181/374/29 215/375/30 216/376/31 179/377/32
f 187/378/33 217/379/34 213/367/22 185/366/21
f 177/380/35 218/381/36 219/382/37 175/383/38
f 183/369/24 214/368/23 215/375/30 181/374/29
f 173/384/39 220/385/40 217/379/34 187/378/33
f 175/383/38 219/382/37 220/385/40 173/384/39
f 179/377/32 216/376/31 218/381/36 177/380/35
f 218/381/36 216/376/31 208/386/41 207/373/42
f 245/387/43 242/362/44 273/365/45 274/388/46
f 254/389/47 255/390/48 179/391/32 177/392/35
f 310/360/49 241/393/50 244/394/51 313/361/52
f 273/365/45 224/395/53 221/396/54 274/388/46
f 274/388/46 221/396/54 222/395/55 275/365/56
f 273/365/45 272/364/57 223/397/58 224/395/53
f 238/398/59 241/393/50 310/360/49 315/399/16
f 266/400/60 262/401/61 200/402/62 201/403/63
f 268/401/64 265/400/65 203/403/66 204/402/67
f 261/404/68 266/400/60 201/403/63 202/405/69
f 267/400/70 263/401/71 198/402/72 199/403/73
f 262/404/61 267/400/70 199/403/73 200/405/62
f 311/361/74 250/394/75 229/393/76 314/360/77
f 263/401/71 264/400/78 197/403/79 198/402/72
f 190/371/26 189/406/80 205/407/81 206/372/27
f 192/408/82 191/370/25 207/373/28 208/386/83
f 193/409/84 192/408/82 208/386/83 209/410/85
f 194/411/86 193/409/84 209/410/85 210/412/87
f 195/413/88 194/411/86 210/412/87 211/414/89
f 196/415/90 195/413/88 211/414/89 212/416/91
f 264/400/78 268/404/64 204/405/67 197/403/79
f 239/387/92 236/362/17 271/365/20 272/388/57
f 278/417/93 279/418/94 255/419/94 254/420/93
f 239/421/92 272/364/57 273/365/45 242/362/44
f 277/422/95 278/423/93 254/424/93 253/425/95
f 248/362/96 245/387/43 274/388/46 275/365/56
f 275/365/56 222/395/55 227/397/97 276/364/98
f 175/426/38 253/427/99 254/389/47 177/392/35
f 244/394/51 247/393/100 316/360/101 313/361/52
f 235/393/102 238/394/59 315/361/16 312/360/15
f 229/393/76 232/398/103 309/399/104 314/360/77
f 270/364/19 225/397/105 226/395/106 271/365/20
f 220/385/40 219/382/37 206/372/107 205/407/108
f 309/399/104 232/398/103 235/393/102 312/360/15
f 265/400/65 261/404/68 202/405/69 203/403/66
f 251/363/109 248/362/96 275/365/56 276/364/98
f 217/379/34 220/385/40 205/407/108 212/416/110
f 219/382/37 218/381/36 207/373/42 206/372/107
f 215/375/30 214/368/23 210/412/111 209/410/112
f 213/367/22 217/379/34 212/416/110 211/414/113
f 178/359/14 176/428/114 309/399/104 312/360/15
f 216/376/31 215/375/30 209/410/112 208/386/41
f 214/368/23 213/367/22 211/414/113 210/412/111
f 238/394/59 235/393/102 237/429/115 240/430/116
f 188/358/117 174/359/118 284/431/119 283/432/120
f 186/359/121 188/428/117 283/433/120 282/431/122
f 232/398/103 229/393/76 231/429/123 234/434/124
f 192/408/82 193/409/84 190/371/26 191/370/25
f 184/358/125 186/359/121 282/431/122 281/432/126
f 259/390/127 260/389/128 173/392/39 187/391/33
f 182/359/129 184/358/125 281/432/126 280/431/130
f 258/389/131 259/435/127 187/426/33 185/392/21
f 180/428/13 182/359/129 280/431/130 279/436/94
f 257/390/132 258/389/131 185/392/21 183/391/24
f 189/406/80 196/415/90 212/416/91 205/407/81
f 256/389/133 257/390/132 183/391/24 181/392/29
f 255/427/48 256/389/133 181/392/29 179/426/32
f 194/411/86 195/413/88 196/415/90 189/406/80
f 234/437/124 231/429/123 230/362/134 233/363/18
f 235/393/102 232/398/103 234/434/124 237/429/115
f 237/429/115 234/437/124 233/363/18 236/362/17
f 233/363/18 230/362/134 269/365/135 270/364/19
f 240/438/116 237/429/115 236/362/17 239/387/92
f 241/393/50 238/398/59 240/434/116 243/429/136
f 243/429/136 240/437/116 239/421/92 242/362/44
f 244/394/51 241/393/50 243/429/136 246/430/137
f 246/438/137 243/429/136 242/362/44 245/387/43
f 247/393/100 244/394/51 246/430/137 249/429/138
f 249/429/138 246/438/137 245/387/43 248/362/96
f 250/398/75 247/393/100 249/429/138 252/434/139
f 252/437/139 249/429/138 248/362/96 251/363/109
f 229/393/76 250/394/75 252/430/139 231/429/123
f 231/429/123 252/438/139 251/387/109 230/362/134
f 276/388/98 227/396/97 228/395/140 269/365/135
f 277/436/95 284/431/119 174/359/118 176/428/114
f 173/392/39 260/389/128 253/427/99 175/426/38
f 225/397/105 228/395/140 264/400/78 263/401/71
f 228/395/140 227/396/97 268/404/64 264/400/78
f 230/362/134 251/387/109 276/388/98 269/365/135
f 222/395/55 221/396/54 261/404/68 265/400/65
f 269/365/135 228/395/140 225/397/105 270/364/19
f 224/395/53 223/397/58 262/401/61 266/400/60
f 227/397/97 222/395/55 265/400/65 268/401/64
f 221/396/54 224/395/53 266/400/60 261/404/68
f 226/395/106 225/397/105 263/401/71 267/400/70
f 223/396/58 226/395/106 267/400/70 262/404/61
f 271/365/20 226/395/106 223/396/58 272/388/57
f 260/439/119 284/440/119 277/422/95 253/425/95
f 279/418/94 280/440/130 256/439/130 255/419/94
f 280/440/130 281/422/126 257/425/126 256/439/130
f 281/422/126 282/423/122 258/424/122 257/425/126
f 282/417/122 283/418/120 259/419/120 258/420/122
f 283/418/120 284/440/119 260/439/119 259/419/120
f 176/428/114 178/359/14 278/441/93 277/436/95
f 178/359/14 180/358/13 279/432/94 278/441/93
f 291/442/141 301/443/141 302/444/142 292/445/142
f 302/446/143 301/447/144 299/448/144 300/449/143
f 285/450/145 286/451/146 287/452/147 288/453/148 289/454/149 290/455/150 291/456/151 292/457/152
f 289/458/153 303/459/153 304/460/154 290/461/154
f 287/442/155 305/443/155 306/444/156 288/445/156
f 285/458/157 307/459/157 308/460/158 286/461/158
f 292/445/142 302/444/142 307/459/157 285/458/157
f 290/461/154 304/460/154 301/462/141 291/463/141
f 288/445/156 306/444/156 303/459/153 289/458/153
f 286/461/158 308/460/158 305/462/155 287/463/155
f 305/464/159 308/465/160 294/466/160 295/467/159
f 303/468/161 306/469/162 296/470/162 297/471/161
f 308/465/160 307/472/163 293/473/163 294/466/160
f 301/447/144 304/474/164 298/475/164 299/448/144
f 307/472/163 302/446/143 300/449/143 293/473/163
f 306/469/162 305/464/159 295/467/159 296/470/162
f 304/474/164 303/468/161 297/471/161 298/475/164
f 293/473/1 300/449/1 299/448/1 298/475/1 297/471/1 296/470/1 295/467/1 294/466/1
f 184/358/125 182/359/129 310/360/49 313/361/52
f 174/359/118 188/358/117 311/361/74 314/360/77
f 174/359/118 314/360/77 309/399/104 176/428/114
f 186/359/121 184/358/125 313/361/52 316/360/101
f 182/359/129 180/428/13 315/399/16 310/360/49
f 188/428/117 186/359/121 316/360/101 311/399/74
f 193/409/84 194/411/86 189/406/80 190/371/26
f 247/393/100 250/398/75 311/399/74 316/360/101
f 390/577/201 388/578/201 389/579/201
f 391/583/201 387/603/201 388/578/201 390/577/201
f 392/596/201 386/600/201 387/603/201 391/583/201
f 393/593/201 385/581/201 386/600/201 392/596/201
f 394/587/201 384/499/201 385/581/201 393/593/201
f 383/500/201 384/499/201 394/587/201 395/586/201
f 382/602/201 383/500/201 395/586/201 396/591/201
f 381/590/201 382/602/201 396/591/201
f 560/577/3 558/578/3 559/579/3
f 561/583/3 557/603/3 558/578/3 560/577/3
f 562/596/3 556/600/3 557/603/3 561/583/3
f 563/593/3 555/581/3 556/600/3 562/596/3
f 564/587/3 554/499/3 555/581/3 563/593/3
f 553/500/3 554/499/3 564/587/3 565/586/3
f 552/602/3 553/500/3 565/586/3 566/591/3
f 551/590/3 552/602/3 566/591/3
f 730/812/3 728/813/3 729/814/3
f 731/818/3 727/838/3 728/813/3 730/812/3
f 732/831/3 726/835/3 727/838/3 731/818/3
f 733/828/3 725/816/3 726/835/3 732/831/3
f 734/822/3 724/737/3 725/816/3 733/828/3
f 723/738/3 724/737/3 734/822/3 735/821/3
f 722/837/3 723/738/3 735/821/3 736/826/3
f 721/825/3 722/837/3 736/826/3
f 900/577/3 898/578/3 899/579/3
f 901/583/3 897/603/3 898/578/3 900/577/3
f 902/596/3 896/600/3 897/603/3 901/583/3
f 903/593/3 895/581/3 896/600/3 902/596/3
f 904/587/3 894/499/3 895/581/3 903/593/3
f 893/500/3 894/499/3 904/587/3 905/586/3
f 892/602/3 893/500/3 905/586/3 906/591/3
f 891/590/3 892/602/3 906/591/3
f 1070/577/3 1068/578/3 1069/579/3
f 1071/583/3 1067/603/3 1068/578/3 1070/577/3
f 1072/596/3 1066/600/3 1067/603/3 1071/583/3
f 1073/593/3 1065/581/3 1066/600/3 1072/596/3
f 1074/587/3 1064/499/3 1065/581/3 1073/593/3
f 1063/500/3 1064/499/3 1074/587/3 1075/586/3
f 1062/602/3 1063/500/3 1075/586/3 1076/591/3
f 1061/590/3 1062/602/3 1076/591/3
f 1240/812/3 1238/813/3 1239/814/3
f 1241/818/3 1237/838/3 1238/813/3 1240/812/3
f 1242/831/3 1236/835/3 1237/838/3 1241/818/3
f 1243/828/3 1235/816/3 1236/835/3 1242/831/3
f 1244/822/3 1234/737/3 1235/816/3 1243/828/3
f 1233/738/3 1234/737/3 1244/822/3 1245/821/3
f 1232/837/3 1233/738/3 1245/821/3 1246/826/3
f 1231/825/3 1232/837/3 1246/826/3
f 1410/812/853 1408/813/853 1409/814/853
f 1411/818/853 1407/838/853 1408/813/853 1410/812/853
f 1412/831/853 1406/835/853 1407/838/853 1411/818/853
f 1413/828/853 1405/816/853 1406/835/853 1412/831/853
f 1414/822/853 1404/737/853 1405/816/853 1413/828/853
f 1403/738/853 1404/737/853 1414/822/853 1415/821/853
f 1402/837/853 1403/738/853 1415/821/853 1416/826/853
f 1401/825/853 1402/837/853 1416/826/853
f 1580/577/3 1578/578/3 1579/579/3
f 1581/583/3 1577/603/3 1578/578/3 1580/577/3
f 1582/596/3 1576/600/3 1577/603/3 1581/583/3
f 1583/593/3 1575/581/3 1576/600/3 1582/596/3
f 1584/587/3 1574/499/3 1575/581/3 1583/593/3
f 1573/500/3 1574/499/3 1584/587/3 1585/586/3
f 1572/602/3 1573/500/3 1585/586/3 1586/591/3
f 1571/590/3 1572/602/3 1586/591/3
usemtl canned_foods_mp_1
f 399/476/165 398/477/166 333/478/166 335/479/165
f 400/480/167 399/476/165 335/479/165 336/481/167
f 373/482/168 372/478/169 419/477/170 420/483/171
f 414/484/165 413/485/166 398/486/166 399/487/165
f 371/479/172 370/481/173 417/480/174 418/476/175
f 404/488/170 403/489/175 339/490/175 340/491/170
f 405/483/171 404/488/170 340/491/170 341/482/171
f 406/477/176 405/483/171 341/482/171 342/478/176
f 407/476/177 406/477/176 342/478/176 343/479/177
f 409/492/178 408/480/179 344/481/179 345/493/178
f 421/494/176 420/495/171 405/496/171 406/497/176
f 368/498/180 384/499/181 383/500/182 367/501/183
f 420/495/171 419/502/170 404/503/170 405/496/171
f 334/504/184 348/505/184 332/506/184 317/507/184
f 343/508/184 327/509/184 328/510/184 344/511/184
f 345/512/184 344/511/184 328/510/184 329/513/184
f 335/514/184 319/515/184 320/516/184 336/517/184
f 347/518/184 331/519/184 332/506/184 348/505/184
f 334/504/184 317/507/184 318/520/184 333/521/184
f 341/522/184 340/523/184 324/524/184 325/525/184
f 333/521/184 318/520/184 319/515/184 335/514/184
f 339/526/184 338/527/184 322/528/184 323/529/184
f 341/522/184 325/525/184 326/530/184 342/531/184
f 424/532/178 423/533/179 408/534/179 409/535/178
f 358/536/185 359/537/186 327/538/186 326/539/185
f 351/540/187 319/541/187 318/542/188 349/543/188
f 364/544/189 350/545/190 317/546/190 332/547/189
f 359/537/186 360/548/191 328/549/191 327/538/186
f 349/543/188 318/542/188 317/546/190 350/545/190
f 356/550/192 357/551/193 325/552/193 324/553/192
f 356/550/192 324/553/192 323/554/194 355/555/194
f 358/536/185 326/539/185 325/552/193 357/551/193
f 363/556/195 331/557/195 330/558/196 362/559/196
f 355/555/194 323/554/194 322/560/197 354/561/197
f 362/559/196 330/558/196 329/562/198 361/563/198
f 363/556/195 364/544/189 332/547/189 331/557/195
f 361/563/198 329/562/198 328/549/191 360/548/191
f 354/561/197 322/560/197 321/564/199 353/565/199
f 351/540/187 352/566/200 320/567/200 319/541/187
f 337/568/184 321/569/184 322/528/184 338/527/184
f 345/570/184 329/571/184 330/572/184 346/573/184
f 337/568/184 336/517/184 320/516/184 321/569/184
f 347/518/184 346/573/184 330/572/184 331/519/184
f 358/574/184 357/575/184 356/576/184
f 369/580/202 385/581/203 384/499/181 368/498/180
f 375/582/204 391/583/205 390/577/206 374/584/207
f 379/585/208 395/586/209 394/587/210 378/588/211
f 365/589/212 381/590/213 396/591/214 380/592/215
f 378/588/211 394/587/210 393/593/216 377/594/217
f 376/595/218 392/596/219 391/583/205 375/582/204
f 373/597/168 389/579/220 388/578/221 372/598/169
f 370/599/173 386/600/222 385/581/203 369/580/202
f 366/601/223 382/602/224 381/590/213 365/589/212
f 372/598/169 388/578/221 387/603/225 371/604/172
f 379/585/208 380/592/215 396/591/214 395/586/209
f 373/597/168 374/584/207 390/577/206 389/579/220
f 377/594/217 393/593/216 392/596/219 376/595/218
f 371/604/172 387/603/225 386/600/222 370/599/173
f 367/501/183 383/500/182 382/602/224 366/601/223
f 339/526/184 323/529/184 324/524/184 340/523/184
f 342/531/184 326/530/184 327/509/184 343/508/184
f 374/491/207 373/482/168 420/483/171 421/488/176
f 338/605/174 402/606/174 401/607/226 337/608/226
f 417/609/174 416/610/226 401/611/226 402/612/174
f 427/613/227 426/614/228 411/615/228 412/616/227
f 412/488/227 411/489/228 347/490/228 348/491/227
f 413/485/166 428/617/229 397/618/229 398/486/166
f 410/606/230 409/607/178 345/608/178 346/605/230
f 428/617/229 427/613/227 412/616/227 397/618/229
f 426/614/228 425/619/230 410/620/230 411/615/228
f 425/619/230 424/621/178 409/622/178 410/620/230
f 419/502/170 418/623/175 403/624/175 404/503/170
f 375/490/204 374/491/207 421/488/176 422/489/177
f 418/623/175 417/609/174 402/612/174 403/624/175
f 378/481/211 377/493/217 424/492/178 425/480/230
f 426/476/228 379/479/208 378/481/211 425/480/230
f 424/607/178 377/608/217 376/605/218 423/606/179
f 372/478/169 371/479/172 418/476/175 419/477/170
f 401/492/226 400/480/167 336/481/167 337/493/226
f 365/482/212 380/478/215 427/477/227 428/483/229
f 370/481/173 369/493/202 416/492/226 417/480/174
f 368/605/180 367/490/183 414/489/165 415/606/167
f 369/608/202 368/605/180 415/606/167 416/607/226
f 380/478/215 379/479/208 426/476/228 427/477/227
f 367/490/183 366/491/223 413/488/166 414/489/165
f 403/489/175 402/606/174 338/605/174 339/490/175
f 423/533/179 422/625/177 407/626/177 408/534/179
f 366/491/223 365/482/212 428/483/229 413/488/166
f 415/627/167 414/484/165 399/487/165 400/628/167
f 411/489/228 410/606/230 346/605/230 347/490/228
f 416/610/226 415/627/167 400/628/167 401/611/226
f 398/477/166 397/483/229 334/482/229 333/478/166
f 397/483/229 412/488/227 348/491/227 334/482/229
f 408/480/179 407/476/177 343/479/177 344/481/179
f 376/605/218 375/490/204 422/489/177 423/606/179
f 422/625/177 421/494/176 406/497/176 407/626/177
f 352/566/200 353/565/199 321/564/199 320/567/200
f 463/629/231 462/630/232 471/631/233 464/632/234
f 459/633/235 458/634/184 475/635/184 476/636/236
f 460/637/237 459/633/235 476/636/236 483/638/238
f 486/639/239 480/640/240 477/641/241
f 480/642/240 483/643/238 476/636/236
f 465/644/242 464/632/234 471/645/233 486/646/239
f 476/636/236 477/641/241 480/647/240
f 461/648/243 460/637/237 483/649/238
f 483/650/238 471/651/233 462/630/232 461/648/243
f 486/652/239 466/653/244 465/644/242
f 466/653/244 486/654/239 477/641/241 467/655/245
f 479/656/184 472/657/184 454/658/184 470/659/184
f 474/660/184 457/661/184 456/662/184
f 468/663/184 478/664/184 479/656/184 469/665/184
f 468/663/184 467/655/245 477/641/241 478/664/184
f 470/659/184 469/665/184 479/656/184
f 475/635/184 458/634/184 457/661/184 474/660/184
f 462/630/246 437/630/246 436/648/247 461/648/247
f 463/629/248 438/629/248 437/630/246 462/630/246
f 464/632/249 439/632/249 438/629/248 463/629/248
f 472/657/250 446/657/250 447/666/251 473/666/251
f 465/644/252 440/644/252 439/632/249 464/632/249
f 468/663/253 443/663/253 442/655/254 467/655/254
f 479/656/255 453/656/255 446/657/250 472/657/250
f 473/666/251 447/666/251 448/660/256 474/660/256
f 466/653/257 441/653/257 440/644/252 465/644/252
f 460/637/258 435/637/259 434/633/260 459/633/260
f 475/635/261 449/635/261 450/636/262 476/636/262
f 461/648/247 436/648/247 435/637/259 460/637/258
f 455/667/263 430/667/263 429/658/264 454/658/264
f 455/667/263 456/662/265 431/662/265 430/667/263
f 478/664/266 452/664/266 453/656/255 479/656/255
f 476/636/262 450/636/262 451/641/267 477/641/267
f 457/661/268 432/661/268 431/662/265 456/662/265
f 472/657/184 473/666/184 455/667/184 454/658/184
f 470/659/269 445/659/269 444/665/270 469/665/270
f 477/641/267 451/641/267 452/664/266 478/664/266
f 468/663/253 469/665/270 444/665/270 443/663/253
f 458/634/271 433/634/271 432/661/268 457/661/268
f 454/658/264 429/658/264 445/659/269 470/659/269
f 459/633/260 434/633/260 433/634/271 458/634/271
f 475/635/261 474/660/256 448/660/256 449/635/261
f 467/655/254 442/655/254 441/653/257 466/653/257
f 481/668/184 485/669/184 484/670/184 482/671/184
f 481/672/272 482/673/273 483/674/273 480/675/272
f 482/676/273 484/677/274 471/678/274 483/679/273
f 484/680/274 485/681/275 486/682/275 471/683/274
f 485/684/275 481/685/272 480/686/272 486/687/275
f 456/662/184 455/667/184 473/666/184 474/660/184
f 350/688/184 364/689/184 349/690/184
f 364/689/184 363/691/184 351/692/184 349/690/184
f 363/691/184 362/693/184 352/694/184 351/692/184
f 362/693/184 361/695/184 353/696/184 352/694/184
f 361/695/184 360/697/184 354/698/184 353/696/184
f 360/697/184 359/699/184 355/700/184 354/698/184
f 359/699/184 358/574/184 356/576/184 355/700/184
f 569/476/276 568/477/277 503/478/277 505/479/276
f 570/480/278 569/476/276 505/479/276 506/481/278
f 543/482/279 542/478/280 589/477/281 590/483/282
f 584/701/276 583/702/277 568/485/277 569/484/276
f 541/479/283 540/481/284 587/480/285 588/476/286
f 574/488/281 573/489/286 509/490/286 510/491/281
f 575/483/282 574/488/281 510/491/281 511/482/282
f 576/477/287 575/483/282 511/482/282 512/478/287
f 577/476/288 576/477/287 512/478/287 513/479/288
f 579/492/289 578/480/290 514/481/290 515/493/289
f 591/703/287 590/704/282 575/495/282 576/494/287
f 538/498/291 554/499/292 553/500/293 537/501/294
f 590/704/282 589/705/281 574/502/281 575/495/282
f 504/504/1 518/505/1 502/506/1 487/507/1
f 513/508/1 497/509/1 498/510/1 514/511/1
f 515/512/1 514/511/1 498/510/1 499/513/1
f 505/514/1 489/515/1 490/516/1 506/517/1
f 517/518/1 501/519/1 502/506/1 518/505/1
f 504/504/1 487/507/1 488/520/1 503/521/1
f 511/522/1 510/523/1 494/524/1 495/525/1
f 503/521/1 488/520/1 489/515/1 505/514/1
f 509/526/1 508/527/1 492/528/1 493/529/1
f 511/522/1 495/525/1 496/530/1 512/531/1
f 594/706/289 593/707/290 578/533/290 579/532/289
f 528/536/295 529/537/296 497/538/296 496/539/295
f 521/540/297 489/541/297 488/542/298 519/543/298
f 534/544/299 520/545/300 487/546/300 502/547/299
f 529/537/296 530/548/301 498/549/301 497/538/296
f 519/543/298 488/542/298 487/546/300 520/545/300
f 526/550/302 527/551/303 495/552/303 494/553/302
f 526/550/302 494/553/302 493/554/304 525/555/304
f 528/536/295 496/539/295 495/552/303 527/551/303
f 533/556/305 501/557/305 500/558/306 532/559/306
f 525/555/304 493/554/304 492/560/307 524/561/307
f 532/559/306 500/558/306 499/562/308 531/563/308
f 533/556/305 534/544/299 502/547/299 501/557/305
f 531/563/308 499/562/308 498/549/301 530/548/301
f 524/561/307 492/560/307 491/564/309 523/565/309
f 521/540/297 522/566/310 490/567/310 489/541/297
f 507/568/1 491/569/1 492/528/1 508/527/1
f 515/570/1 499/571/1 500/572/1 516/573/1
f 507/568/1 506/517/1 490/516/1 491/569/1
f 517/518/1 516/573/1 500/572/1 501/519/1
f 528/574/1 527/575/1 526/576/1
f 539/580/311 555/581/312 554/499/292 538/498/291
f 545/582/313 561/583/314 560/577/315 544/584/316
f 549/585/317 565/586/318 564/587/319 548/588/320
f 535/589/321 551/590/322 566/591/323 550/592/324
f 548/588/320 564/587/319 563/593/325 547/594/326
f 546/595/327 562/596/328 561/583/314 545/582/313
f 543/597/279 559/579/329 558/578/330 542/598/280
f 540/599/284 556/600/331 555/581/312 539/580/311
f 536/601/332 552/602/333 551/590/322 535/589/321
f 542/598/280 558/578/330 557/603/334 541/604/283
f 549/585/317 550/592/324 566/591/323 565/586/318
f 543/597/279 544/584/316 560/577/315 559/579/329
f 547/594/326 563/593/325 562/596/328 546/595/327
f 541/604/283 557/603/334 556/600/331 540/599/284
f 537/501/294 553/500/293 552/602/333 536/601/332
f 509/526/1 493/529/1 494/524/1 510/523/1
f 512/531/1 496/530/1 497/509/1 513/508/1
f 544/491/316 543/482/279 590/483/282 591/488/287
f 508/605/285 572/606/285 571/607/335 507/608/335
f 587/708/285 586/709/335 571/610/335 572/609/285
f 597/710/336 596/711/337 581/614/337 582/613/336
f 582/488/336 581/489/337 517/490/337 518/491/336
f 583/702/277 598/712/338 567/617/338 568/485/277
f 580/606/339 579/607/289 515/608/289 516/605/339
f 598/712/338 597/710/336 582/613/336 567/617/338
f 596/711/337 595/713/339 580/619/339 581/614/337
f 595/713/339 594/714/289 579/621/289 580/619/339
f 589/705/281 588/715/286 573/623/286 574/502/281
f 545/490/313 544/491/316 591/488/287 592/489/288
f 588/715/286 587/708/285 572/609/285 573/623/286
f 548/481/320 547/493/326 594/492/289 595/480/339
f 596/476/337 549/479/317 548/481/320 595/480/339
f 594/607/289 547/608/326 546/605/327 593/606/290
f 542/478/280 541/479/283 588/476/286 589/477/281
f 571/492/335 570/480/278 506/481/278 507/493/335
f 535/482/321 550/478/324 597/477/336 598/483/338
f 540/481/284 539/493/311 586/492/335 587/480/285
f 538/605/291 537/490/294 584/489/276 585/606/278
f 539/608/311 538/605/291 585/606/278 586/607/335
f 550/478/324 549/479/317 596/476/337 597/477/336
f 537/490/294 536/491/332 583/488/277 584/489/276
f 573/489/286 572/606/285 508/605/285 509/490/286
f 593/707/290 592/716/288 577/625/288 578/533/290
f 536/491/332 535/482/321 598/483/338 583/488/277
f 585/717/278 584/701/276 569/484/276 570/627/278
f 581/489/337 580/606/339 516/605/339 517/490/337
f 586/709/335 585/717/278 570/627/278 571/610/335
f 568/477/277 567/483/338 504/482/338 503/478/277
f 567/483/338 582/488/336 518/491/336 504/482/338
f 578/480/290 577/476/288 513/479/288 514/481/290
f 546/605/327 545/490/313 592/489/288 593/606/290
f 592/716/288 591/703/287 576/494/287 577/625/288
f 522/566/310 523/565/309 491/564/309 490/567/310
f 633/629/340 632/630/341 641/631/342 634/632/343
f 629/633/344 628/634/1 645/635/1 646/636/345
f 630/637/346 629/633/344 646/636/345 653/638/347
f 656/639/348 650/640/349 647/641/350
f 650/642/349 653/643/347 646/636/345
f 635/644/351 634/632/343 641/645/342 656/646/348
f 646/636/345 647/641/350 650/647/349
f 631/648/352 630/637/346 653/649/347
f 653/650/347 641/651/342 632/630/341 631/648/352
f 656/652/348 636/653/353 635/644/351
f 636/653/353 656/654/348 647/641/350 637/655/354
f 649/656/1 642/657/1 624/658/1 640/659/1
f 644/660/1 627/661/1 626/662/1
f 638/663/1 648/664/1 649/656/1 639/665/1
f 638/663/1 637/655/354 647/641/350 648/664/1
f 640/659/1 639/665/1 649/656/1
f 645/635/1 628/634/1 627/661/1 644/660/1
f 632/630/355 607/630/355 606/648/356 631/648/356
f 633/629/357 608/629/357 607/630/355 632/630/355
f 634/632/358 609/632/358 608/629/357 633/629/357
f 642/657/359 616/657/359 617/666/360 643/666/360
f 635/644/361 610/644/361 609/632/358 634/632/358
f 638/663/362 613/663/362 612/655/363 637/655/363
f 649/656/364 623/656/364 616/657/359 642/657/359
f 643/666/360 617/666/360 618/660/365 644/660/365
f 636/653/366 611/653/366 610/644/361 635/644/361
f 630/637/367 605/637/367 604/633/368 629/633/368
f 645/635/369 619/635/369 620/636/370 646/636/370
f 631/648/356 606/648/356 605/637/367 630/637/367
f 625/667/371 600/667/371 599/658/372 624/658/372
f 625/667/371 626/662/373 601/662/373 600/667/371
f 648/664/374 622/664/374 623/656/364 649/656/364
f 646/636/370 620/636/370 621/641/375 647/641/375
f 627/661/376 602/661/376 601/662/373 626/662/373
f 642/657/1 643/666/1 625/667/1 624/658/1
f 640/659/377 615/659/377 614/665/378 639/665/378
f 647/641/375 621/641/375 622/664/374 648/664/374
f 638/663/362 639/665/378 614/665/378 613/663/362
f 628/634/379 603/634/379 602/661/376 627/661/376
f 624/658/372 599/658/372 615/659/377 640/659/377
f 629/633/368 604/633/368 603/634/379 628/634/379
f 645/635/369 644/660/365 618/660/365 619/635/369
f 637/655/363 612/655/363 611/653/366 636/653/366
f 651/668/1 655/669/1 654/670/1 652/671/1
f 651/672/380 652/673/381 653/674/381 650/675/380
f 652/676/381 654/677/382 641/678/382 653/679/381
f 654/680/382 655/681/383 656/682/383 641/683/382
f 655/684/383 651/685/380 650/686/380 656/687/383
f 626/662/1 625/667/1 643/666/1 644/660/1
f 520/688/1 534/689/1 519/690/1
f 534/689/1 533/691/1 521/692/1 519/690/1
f 533/691/1 532/693/1 522/694/1 521/692/1
f 532/693/1 531/695/1 523/696/1 522/694/1
f 531/695/1 530/697/1 524/698/1 523/696/1
f 530/697/1 529/699/1 525/700/1 524/698/1
f 529/699/1 528/574/1 526/576/1 525/700/1
f 739/718/384 738/719/385 673/720/385 675/721/384
f 740/722/386 739/718/384 675/721/384 676/723/386
f 713/724/387 712/720/388 759/719/389 760/725/390
f 754/726/384 753/727/385 738/702/385 739/701/384
f 711/721/391 710/723/392 757/722/393 758/718/394
f 744/728/389 743/729/394 679/730/394 680/731/389
f 745/725/390 744/728/389 680/731/389 681/724/390
f 746/719/395 745/725/390 681/724/390 682/720/395
f 747/718/396 746/719/395 682/720/395 683/721/396
f 749/732/397 748/722/398 684/723/398 685/733/397
f 761/734/395 760/735/390 745/704/390 746/703/395
f 708/736/399 724/737/400 723/738/401 707/739/402
f 760/735/390 759/740/389 744/705/389 745/704/390
f 674/741/1 688/742/1 672/743/1 657/744/1
f 683/745/1 667/746/1 668/747/1 684/748/1
f 685/749/1 684/748/1 668/747/1 669/750/1
f 675/751/1 659/752/1 660/753/1 676/754/1
f 687/755/1 671/756/1 672/743/1 688/742/1
f 674/741/1 657/744/1 658/757/1 673/758/1
f 681/759/1 680/760/1 664/761/1 665/762/1
f 673/758/1 658/757/1 659/752/1 675/751/1
f 679/763/1 678/764/1 662/765/1 663/766/1
f 681/759/1 665/762/1 666/767/1 682/768/1
f 764/769/397 763/770/398 748/707/398 749/706/397
f 698/771/403 699/772/404 667/773/404 666/774/403
f 691/775/405 659/776/405 658/777/406 689/778/406
f 704/779/407 690/780/408 657/781/408 672/782/407
f 699/772/404 700/783/409 668/784/409 667/773/404
f 689/778/406 658/777/406 657/781/408 690/780/408
f 696/785/410 697/786/411 665/787/411 664/788/410
f 696/785/410 664/788/410 663/789/412 695/790/412
f 698/771/403 666/774/403 665/787/411 697/786/411
f 703/791/413 671/792/413 670/793/414 702/794/414
f 695/790/412 663/789/412 662/795/415 694/796/415
f 702/794/414 670/793/414 669/797/416 701/798/416
f 703/791/413 704/779/407 672/782/407 671/792/413
f 701/798/416 669/797/416 668/784/409 700/783/409
f 694/796/415 662/795/415 661/799/417 693/800/417
f 691/775/405 692/801/418 660/802/418 659/776/405
f 677/803/1 661/804/1 662/765/1 678/764/1
f 685/805/1 669/806/1 670/807/1 686/808/1
f 677/803/1 676/754/1 660/753/1 661/804/1
f 687/755/1 686/808/1 670/807/1 671/756/1
f 698/809/1 697/810/1 696/811/1
f 709/815/419 725/816/420 724/737/400 708/736/399
f 715/817/421 731/818/422 730/812/423 714/819/424
f 719/820/425 735/821/426 734/822/427 718/823/428
f 705/824/429 721/825/430 736/826/431 720/827/432
f 718/823/428 734/822/427 733/828/433 717/829/434
f 716/830/435 732/831/436 731/818/422 715/817/421
f 713/832/387 729/814/437 728/813/438 712/833/388
f 710/834/392 726/835/439 725/816/420 709/815/419
f 706/836/440 722/837/441 721/825/430 705/824/429
f 712/833/388 728/813/438 727/838/442 711/839/391
f 719/820/425 720/827/432 736/826/431 735/821/426
f 713/832/387 714/819/424 730/812/423 729/814/437
f 717/829/434 733/828/433 732/831/436 716/830/435
f 711/839/391 727/838/442 726/835/439 710/834/392
f 707/739/402 723/738/401 722/837/441 706/836/440
f 679/763/1 663/766/1 664/761/1 680/760/1
f 682/768/1 666/767/1 667/746/1 683/745/1
f 714/731/424 713/724/387 760/725/390 761/728/395
f 678/840/393 742/841/393 741/842/443 677/843/443
f 757/844/393 756/845/443 741/709/443 742/708/393
f 767/846/444 766/847/445 751/711/445 752/710/444
f 752/728/444 751/729/445 687/730/445 688/731/444
f 753/727/385 768/848/446 737/712/446 738/702/385
f 750/841/447 749/842/397 685/843/397 686/840/447
f 768/848/446 767/846/444 752/710/444 737/712/446
f 766/847/445 765/849/447 750/713/447 751/711/445
f 765/849/447 764/850/397 749/714/397 750/713/447
f 759/740/389 758/851/394 743/715/394 744/705/389
f 715/730/421 714/731/424 761/728/395 762/729/396
f 758/851/394 757/844/393 742/708/393 743/715/394
f 718/723/428 717/733/434 764/732/397 765/722/447
f 766/718/445 719/721/425 718/723/428 765/722/447
f 764/842/397 717/843/434 716/840/435 763/841/398
f 712/720/388 711/721/391 758/718/394 759/719/389
f 741/732/443 740/722/386 676/723/386 677/733/443
f 705/724/429 720/720/432 767/719/444 768/725/446
f 710/723/392 709/733/419 756/732/443 757/722/393
f 708/840/399 707/730/402 754/729/384 755/841/386
f 709/843/419 708/840/399 755/841/386 756/842/443
f 720/720/432 719/721/425 766/718/445 767/719/444
f 707/730/402 706/731/440 753/728/385 754/729/384
f 743/729/394 742/841/393 678/840/393 679/730/394
f 763/770/398 762/852/396 747/716/396 748/707/398
f 706/731/440 705/724/429 768/725/446 753/728/385
f 755/853/386 754/726/384 739/701/384 740/717/386
f 751/729/445 750/841/447 686/840/447 687/730/445
f 756/845/443 755/853/386 740/717/386 741/709/443
f 738/719/385 737/725/446 674/724/446 673/720/385
f 737/725/446 752/728/444 688/731/444 674/724/446
f 748/722/398 747/718/396 683/721/396 684/723/398
f 716/840/435 715/730/421 762/729/396 763/841/398
f 762/852/396 761/734/395 746/703/395 747/716/396
f 692/801/418 693/800/417 661/799/417 660/802/418
f 803/854/448 802/855/449 811/856/450 804/857/451
f 799/858/452 798/859/1 815/860/1 816/861/453
f 800/862/454 799/858/452 816/861/453 823/863/455
f 826/864/456 820/865/457 817/866/458
f 820/867/457 823/868/455 816/861/453
f 805/869/459 804/857/451 811/870/450 826/871/456
f 816/861/453 817/866/458 820/872/457
f 801/873/460 800/862/454 823/874/455
f 823/875/455 811/876/450 802/855/449 801/873/460
f 826/877/456 806/878/461 805/869/459
f 806/878/461 826/879/456 817/866/458 807/880/462
f 819/881/1 812/882/1 794/883/1 810/884/1
f 814/885/1 797/886/1 796/887/1
f 808/888/1 818/889/1 819/881/1 809/890/1
f 808/888/1 807/880/462 817/866/458 818/889/1
f 810/884/1 809/890/1 819/881/1
f 815/860/1 798/859/1 797/886/1 814/885/1
f 802/855/463 777/855/463 776/873/464 801/873/464
f 803/854/465 778/854/465 777/855/463 802/855/463
f 804/857/466 779/857/466 778/854/465 803/854/465
f 812/882/467 786/882/467 787/891/468 813/891/468
f 805/869/469 780/869/469 779/857/466 804/857/466
f 808/888/470 783/888/470 782/880/471 807/880/471
f 819/881/472 793/881/472 786/882/467 812/882/467
f 813/891/468 787/891/468 788/885/473 814/885/473
f 806/878/474 781/878/474 780/869/469 805/869/469
f 800/862/475 775/862/475 774/858/476 799/858/476
f 815/860/477 789/860/477 790/861/478 816/861/478
f 801/873/464 776/873/464 775/862/475 800/862/475
f 795/892/479 770/892/479 769/883/480 794/883/480
f 795/892/479 796/887/481 771/887/481 770/892/479
f 818/889/482 792/889/482 793/881/472 819/881/472
f 816/861/478 790/861/478 791/866/483 817/866/483
f 797/886/484 772/886/484 771/887/481 796/887/481
f 812/882/1 813/891/1 795/892/1 794/883/1
f 810/884/485 785/884/485 784/890/486 809/890/486
f 817/866/483 791/866/483 792/889/482 818/889/482
f 808/888/470 809/890/486 784/890/486 783/888/470
f 798/859/487 773/859/487 772/886/484 797/886/484
f 794/883/480 769/883/480 785/884/485 810/884/485
f 799/858/476 774/858/476 773/859/487 798/859/487
f 815/860/477 814/885/473 788/885/473 789/860/477
f 807/880/471 782/880/471 781/878/474 806/878/474
f 821/893/1 825/894/1 824/895/1 822/896/1
f 821/897/488 822/898/489 823/899/489 820/900/488
f 822/901/489 824/902/490 811/903/490 823/904/489
f 824/905/490 825/906/491 826/907/491 811/908/490
f 825/909/491 821/910/488 820/911/488 826/912/491
f 796/887/1 795/892/1 813/891/1 814/885/1
f 690/913/1 704/914/1 689/915/1
f 704/914/1 703/916/1 691/917/1 689/915/1
f 703/916/1 702/918/1 692/919/1 691/917/1
f 702/918/1 701/920/1 693/921/1 692/919/1
f 701/920/1 700/922/1 694/923/1 693/921/1
f 700/922/1 699/924/1 695/925/1 694/923/1
f 699/924/1 698/809/1 696/811/1 695/925/1
f 909/476/492 908/477/493 843/478/493 845/479/492
f 910/480/494 909/476/492 845/479/492 846/481/494
f 883/482/495 882/478/496 929/477/497 930/483/498
f 924/926/492 923/927/493 908/928/493 909/929/492
f 881/479/499 880/481/500 927/480/501 928/476/502
f 914/488/497 913/489/502 849/490/502 850/491/497
f 915/483/498 914/488/497 850/491/497 851/482/498
f 916/477/503 915/483/498 851/482/498 852/478/503
f 917/476/504 916/477/503 852/478/503 853/479/504
f 919/492/505 918/480/506 854/481/506 855/493/505
f 931/930/503 930/931/498 915/932/498 916/933/503
f 878/498/507 894/499/508 893/500/509 877/501/510
f 930/931/498 929/934/497 914/935/497 915/932/498
f 844/504/1 858/505/1 842/506/1 827/507/1
f 853/508/1 837/509/1 838/510/1 854/511/1
f 855/512/1 854/511/1 838/510/1 839/513/1
f 845/514/1 829/515/1 830/516/1 846/517/1
f 857/518/1 841/519/1 842/506/1 858/505/1
f 844/504/1 827/507/1 828/520/1 843/521/1
f 851/522/1 850/523/1 834/524/1 835/525/1
f 843/521/1 828/520/1 829/515/1 845/514/1
f 849/526/1 848/527/1 832/528/1 833/529/1
f 851/522/1 835/525/1 836/530/1 852/531/1
f 934/936/505 933/937/506 918/938/506 919/939/505
f 868/536/511 869/537/512 837/538/512 836/539/511
f 861/540/513 829/541/513 828/542/514 859/543/514
f 874/544/515 860/545/516 827/546/516 842/547/515
f 869/537/512 870/548/517 838/549/517 837/538/512
f 859/543/514 828/542/514 827/546/516 860/545/516
f 866/550/518 867/551/519 835/552/519 834/553/518
f 866/550/518 834/553/518 833/554/520 865/555/520
f 868/536/511 836/539/511 835/552/519 867/551/519
f 873/556/521 841/557/521 840/558/522 872/559/522
f 865/555/520 833/554/520 832/560/523 864/561/523
f 872/559/522 840/558/522 839/562/524 871/563/524
f 873/556/521 874/544/515 842/547/515 841/557/521
f 871/563/524 839/562/524 838/549/517 870/548/517
f 864/561/523 832/560/523 831/564/525 863/565/525
f 861/540/513 862/566/526 830/567/526 829/541/513
f 847/568/1 831/569/1 832/528/1 848/527/1
f 855/570/1 839/571/1 840/572/1 856/573/1
f 847/568/1 846/517/1 830/516/1 831/569/1
f 857/518/1 856/573/1 840/572/1 841/519/1
f 868/574/1 867/575/1 866/576/1
f 879/580/527 895/581/528 894/499/508 878/498/507
f 885/582/529 901/583/530 900/577/531 884/584/532
f 889/585/533 905/586/534 904/587/535 888/588/536
f 875/589/537 891/590/538 906/591/539 890/592/540
f 888/588/536 904/587/535 903/593/541 887/594/542
f 886/595/543 902/596/544 901/583/530 885/582/529
f 883/597/495 899/579/545 898/578/546 882/598/496
f 880/599/500 896/600/547 895/581/528 879/580/527
f 876/601/548 892/602/549 891/590/538 875/589/537
f 882/598/496 898/578/546 897/603/550 881/604/499
f 889/585/533 890/592/540 906/591/539 905/586/534
f 883/597/495 884/584/532 900/577/531 899/579/545
f 887/594/542 903/593/541 902/596/544 886/595/543
f 881/604/499 897/603/550 896/600/547 880/599/500
f 877/501/510 893/500/509 892/602/549 876/601/548
f 849/526/1 833/529/1 834/524/1 850/523/1
f 852/531/1 836/530/1 837/509/1 853/508/1
f 884/491/532 883/482/495 930/483/498 931/488/503
f 848/605/501 912/606/501 911/607/551 847/608/551
f 927/940/501 926/941/551 911/942/551 912/943/501
f 937/944/552 936/945/553 921/946/553 922/947/552
f 922/488/552 921/489/553 857/490/553 858/491/552
f 923/927/493 938/948/554 907/949/554 908/928/493
f 920/606/555 919/607/505 855/608/505 856/605/555
f 938/948/554 937/944/552 922/947/552 907/949/554
f 936/945/553 935/950/555 920/951/555 921/946/553
f 935/950/555 934/952/505 919/953/505 920/951/555
f 929/934/497 928/954/502 913/955/502 914/935/497
f 885/490/529 884/491/532 931/488/503 932/489/504
f 928/954/502 927/940/501 912/943/501 913/955/502
f 888/481/536 887/493/542 934/492/505 935/480/555
f 936/476/553 889/479/533 888/481/536 935/480/555
f 934/607/505 887/608/542 886/605/543 933/606/506
f 882/478/496 881/479/499 928/476/502 929/477/497
f 911/492/551 910/480/494 846/481/494 847/493/551
f 875/482/537 890/478/540 937/477/552 938/483/554
f 880/481/500 879/493/527 926/492/551 927/480/501
f 878/605/507 877/490/510 924/489/492 925/606/494
f 879/608/527 878/605/507 925/606/494 926/607/551
f 890/478/540 889/479/533 936/476/553 937/477/552
f 877/490/510 876/491/548 923/488/493 924/489/492
f 913/489/502 912/606/501 848/605/501 849/490/502
f 933/937/506 932/956/504 917/957/504 918/938/506
f 876/491/548 875/482/537 938/483/554 923/488/493
f 925/958/494 924/926/492 909/929/492 910/959/494
f 921/489/553 920/606/555 856/605/555 857/490/553
f 926/941/551 925/958/494 910/959/494 911/942/551
f 908/477/493 907/483/554 844/482/554 843/478/493
f 907/483/554 922/488/552 858/491/552 844/482/554
f 918/480/506 917/476/504 853/479/504 854/481/506
f 886/605/543 885/490/529 932/489/504 933/606/506
f 932/956/504 931/930/503 916/933/503 917/957/504
f 862/566/526 863/565/525 831/564/525 830/567/526
f 973/629/556 972/630/557 981/631/558 974/632/559
f 969/633/560 968/634/1 985/635/1 986/636/561
f 970/637/562 969/633/560 986/636/561 993/638/563
f 996/639/564 990/640/565 987/641/566
f 990/642/565 993/643/563 986/636/561
f 975/644/567 974/632/559 981/645/558 996/646/564
f 986/636/561 987/641/566 990/647/565
f 971/648/568 970/637/562 993/649/563
f 993/650/563 981/651/558 972/630/557 971/648/568
f 996/652/564 976/653/569 975/644/567
f 976/653/569 996/654/564 987/641/566 977/655/570
f 989/656/1 982/657/1 964/658/1 980/659/1
f 984/660/1 967/661/1 966/662/1
f 978/663/1 988/664/1 989/656/1 979/665/1
f 978/663/1 977/655/570 987/641/566 988/664/1
f 980/659/1 979/665/1 989/656/1
f 985/635/1 968/634/1 967/661/1 984/660/1
f 972/630/571 947/630/571 946/648/572 971/648/572
f 973/629/573 948/629/573 947/630/571 972/630/571
f 974/632/574 949/632/574 948/629/573 973/629/573
f 982/657/575 956/657/575 957/666/576 983/666/576
f 975/644/577 950/644/577 949/632/574 974/632/574
f 978/663/578 953/663/578 952/655/579 977/655/579
f 989/656/580 963/656/580 956/657/575 982/657/575
f 983/666/576 957/666/576 958/660/581 984/660/581
f 976/653/582 951/653/582 950/644/577 975/644/577
f 970/637/583 945/637/583 944/633/584 969/633/584
f 985/635/585 959/635/585 960/636/586 986/636/586
f 971/648/572 946/648/572 945/637/583 970/637/583
f 965/667/587 940/667/587 939/658/588 964/658/588
f 965/667/587 966/662/589 941/662/589 940/667/587
f 988/664/590 962/664/590 963/656/580 989/656/580
f 986/636/586 960/636/586 961/641/591 987/641/591
f 967/661/592 942/661/592 941/662/589 966/662/589
f 982/657/1 983/666/1 965/667/1 964/658/1
f 980/659/593 955/659/593 954/665/594 979/665/594
f 987/641/591 961/641/591 962/664/590 988/664/590
f 978/663/578 979/665/594 954/665/594 953/663/578
f 968/634/595 943/634/595 942/661/592 967/661/592
f 964/658/588 939/658/588 955/659/593 980/659/593
f 969/633/584 944/633/584 943/634/595 968/634/595
f 985/635/585 984/660/581 958/660/581 959/635/585
f 977/655/579 952/655/579 951/653/582 976/653/582
f 991/668/1 995/669/1 994/670/1 992/671/1
f 991/672/596 992/673/597 993/674/597 990/675/596
f 992/676/597 994/677/598 981/678/598 993/679/597
f 994/680/598 995/681/599 996/682/599 981/683/598
f 995/684/599 991/685/596 990/686/596 996/687/599
f 966/662/1 965/667/1 983/666/1 984/660/1
f 860/688/1 874/689/1 859/690/1
f 874/689/1 873/691/1 861/692/1 859/690/1
f 873/691/1 872/693/1 862/694/1 861/692/1
f 872/693/1 871/695/1 863/696/1 862/694/1
f 871/695/1 870/697/1 864/698/1 863/696/1
f 870/697/1 869/699/1 865/700/1 864/698/1
f 869/699/1 868/574/1 866/576/1 865/700/1
f 1079/476/600 1078/477/601 1013/478/601 1015/479/600
f 1080/480/602 1079/476/600 1015/479/600 1016/481/602
f 1053/482/603 1052/478/604 1099/477/605 1100/483/606
f 1094/960/600 1093/961/601 1078/927/601 1079/926/600
f 1051/479/607 1050/481/608 1097/480/609 1098/476/610
f 1084/488/605 1083/489/610 1019/490/610 1020/491/605
f 1085/483/606 1084/488/605 1020/491/605 1021/482/606
f 1086/477/611 1085/483/606 1021/482/606 1022/478/611
f 1087/476/612 1086/477/611 1022/478/611 1023/479/612
f 1089/492/613 1088/480/614 1024/481/614 1025/493/613
f 1101/962/611 1100/963/606 1085/931/606 1086/930/611
f 1048/498/615 1064/499/616 1063/500/617 1047/501/618
f 1100/963/606 1099/964/605 1084/934/605 1085/931/606
f 1014/504/1 1028/505/1 1012/506/1 997/507/1
f 1023/508/1 1007/509/1 1008/510/1 1024/511/1
f 1025/512/1 1024/511/1 1008/510/1 1009/513/1
f 1015/514/1 999/515/1 1000/516/1 1016/517/1
f 1027/518/1 1011/519/1 1012/506/1 1028/505/1
f 1014/504/1 997/507/1 998/520/1 1013/521/1
f 1021/522/1 1020/523/1 1004/524/1 1005/525/1
f 1013/521/1 998/520/1 999/515/1 1015/514/1
f 1019/526/1 1018/527/1 1002/528/1 1003/529/1
f 1021/522/1 1005/525/1 1006/530/1 1022/531/1
f 1104/965/613 1103/966/614 1088/937/614 1089/936/613
f 1038/536/619 1039/537/620 1007/538/620 1006/539/619
f 1031/540/621 999/541/621 998/542/622 1029/543/622
f 1044/544/623 1030/545/624 997/546/624 1012/547/623
f 1039/537/620 1040/548/625 1008/549/625 1007/538/620
f 1029/543/622 998/542/622 997/546/624 1030/545/624
f 1036/550/626 1037/551/627 1005/552/627 1004/553/626
f 1036/550/626 1004/553/626 1003/554/628 1035/555/628
f 1038/536/619 1006/539/619 1005/552/627 1037/551/627
f 1043/556/629 1011/557/629 1010/558/630 1042/559/630
f 1035/555/628 1003/554/628 1002/560/631 1034/561/631
f 1042/559/630 1010/558/630 1009/562/632 1041/563/632
f 1043/556/629 1044/544/623 1012/547/623 1011/557/629
f 1041/563/632 1009/562/632 1008/549/625 1040/548/625
f 1034/561/631 1002/560/631 1001/564/633 1033/565/633
f 1031/540/621 1032/566/634 1000/567/634 999/541/621
f 1017/568/1 1001/569/1 1002/528/1 1018/527/1
f 1025/570/1 1009/571/1 1010/572/1 1026/573/1
f 1017/568/1 1016/517/1 1000/516/1 1001/569/1
f 1027/518/1 1026/573/1 1010/572/1 1011/519/1
f 1038/574/1 1037/575/1 1036/576/1
f 1049/580/635 1065/581/636 1064/499/616 1048/498/615
f 1055/582/637 1071/583/638 1070/577/639 1054/584/640
f 1059/585/641 1075/586/642 1074/587/643 1058/588/644
f 1045/589/645 1061/590/646 1076/591/647 1060/592/648
f 1058/588/644 1074/587/643 1073/593/649 1057/594/650
f 1056/595/651 1072/596/652 1071/583/638 1055/582/637
f 1053/597/603 1069/579/653 1068/578/654 1052/598/604
f 1050/599/608 1066/600/655 1065/581/636 1049/580/635
f 1046/601/656 1062/602/657 1061/590/646 1045/589/645
f 1052/598/604 1068/578/654 1067/603/658 1051/604/607
f 1059/585/641 1060/592/648 1076/591/647 1075/586/642
f 1053/597/603 1054/584/640 1070/577/639 1069/579/653
f 1057/594/650 1073/593/649 1072/596/652 1056/595/651
f 1051/604/607 1067/603/658 1066/600/655 1050/599/608
f 1047/501/618 1063/500/617 1062/602/657 1046/601/656
f 1019/526/1 1003/529/1 1004/524/1 1020/523/1
f 1022/531/1 1006/530/1 1007/509/1 1023/508/1
f 1054/491/640 1053/482/603 1100/483/606 1101/488/611
f 1018/605/609 1082/606/609 1081/607/659 1017/608/659
f 1097/967/609 1096/968/659 1081/941/659 1082/940/609
f 1107/969/660 1106/970/661 1091/945/661 1092/944/660
f 1092/488/660 1091/489/661 1027/490/661 1028/491/660
f 1093/961/601 1108/971/662 1077/948/662 1078/927/601
f 1090/606/663 1089/607/613 1025/608/613 1026/605/663
f 1108/971/662 1107/969/660 1092/944/660 1077/948/662
f 1106/970/661 1105/972/663 1090/950/663 1091/945/661
f 1105/972/663 1104/973/613 1089/952/613 1090/950/663
f 1099/964/605 1098/974/610 1083/954/610 1084/934/605
f 1055/490/637 1054/491/640 1101/488/611 1102/489/612
f 1098/974/610 1097/967/609 1082/940/609 1083/954/610
f 1058/481/644 1057/493/650 1104/492/613 1105/480/663
f 1106/476/661 1059/479/641 1058/481/644 1105/480/663
f 1104/607/613 1057/608/650 1056/605/651 1103/606/614
f 1052/478/604 1051/479/607 1098/476/610 1099/477/605
f 1081/492/659 1080/480/602 1016/481/602 1017/493/659
f 1045/482/645 1060/478/648 1107/477/660 1108/483/662
f 1050/481/608 1049/493/635 1096/492/659 1097/480/609
f 1048/605/615 1047/490/618 1094/489/600 1095/606/602
f 1049/608/635 1048/605/615 1095/606/602 1096/607/659
f 1060/478/648 1059/479/641 1106/476/661 1107/477/660
f 1047/490/618 1046/491/656 1093/488/601 1094/489/600
f 1083/489/610 1082/606/609 1018/605/609 1019/490/610
f 1103/966/614 1102/975/612 1087/956/612 1088/937/614
f 1046/491/656 1045/482/645 1108/483/662 1093/488/601
f 1095/976/602 1094/960/600 1079/926/600 1080/958/602
f 1091/489/661 1090/606/663 1026/605/663 1027/490/661
f 1096/968/659 1095/976/602 1080/958/602 1081/941/659
f 1078/477/601 1077/483/662 1014/482/662 1013/478/601
f 1077/483/662 1092/488/660 1028/491/660 1014/482/662
f 1088/480/614 1087/476/612 1023/479/612 1024/481/614
f 1056/605/651 1055/490/637 1102/489/612 1103/606/614
f 1102/975/612 1101/962/611 1086/930/611 1087/956/612
f 1032/566/634 1033/565/633 1001/564/633 1000/567/634
f 1143/629/664 1142/630/665 1151/631/666 1144/632/667
f 1139/633/668 1138/634/1 1155/635/1 1156/636/669
f 1140/637/670 1139/633/668 1156/636/669 1163/638/671
f 1166/639/672 1160/640/673 1157/641/674
f 1160/642/673 1163/643/671 1156/636/669
f 1145/644/675 1144/632/667 1151/645/666 1166/646/672
f 1156/636/669 1157/641/674 1160/647/673
f 1141/648/676 1140/637/670 1163/649/671
f 1163/650/671 1151/651/666 1142/630/665 1141/648/676
f 1166/652/672 1146/653/677 1145/644/675
f 1146/653/677 1166/654/672 1157/641/674 1147/655/678
f 1159/656/1 1152/657/1 1134/658/1 1150/659/1
f 1154/660/1 1137/661/1 1136/662/1
f 1148/663/1 1158/664/1 1159/656/1 1149/665/1
f 1148/663/1 1147/655/678 1157/641/674 1158/664/1
f 1150/659/1 1149/665/1 1159/656/1
f 1155/635/1 1138/634/1 1137/661/1 1154/660/1
f 1142/630/679 1117/630/679 1116/648/680 1141/648/680
f 1143/629/681 1118/629/681 1117/630/679 1142/630/679
f 1144/632/682 1119/632/682 1118/629/681 1143/629/681
f 1152/657/683 1126/657/683 1127/666/684 1153/666/684
f 1145/644/685 1120/644/685 1119/632/682 1144/632/682
f 1148/663/686 1123/663/686 1122/655/687 1147/655/687
f 1159/656/688 1133/656/688 1126/657/683 1152/657/683
f 1153/666/684 1127/666/684 1128/660/689 1154/660/689
f 1146/653/690 1121/653/690 1120/644/685 1145/644/685
f 1140/637/691 1115/637/691 1114/633/692 1139/633/692
f 1155/635/693 1129/635/693 1130/636/694 1156/636/694
f 1141/648/680 1116/648/680 1115/637/691 1140/637/691
f 1135/667/695 1110/667/695 1109/658/696 1134/658/696
f 1135/667/695 1136/662/697 1111/662/697 1110/667/695
f 1158/664/698 1132/664/698 1133/656/688 1159/656/688
f 1156/636/694 1130/636/694 1131/641/699 1157/641/699
f 1137/661/700 1112/661/700 1111/662/697 1136/662/697
f 1152/657/1 1153/666/1 1135/667/1 1134/658/1
f 1150/659/701 1125/659/701 1124/665/702 1149/665/702
f 1157/641/699 1131/641/699 1132/664/698 1158/664/698
f 1148/663/686 1149/665/702 1124/665/702 1123/663/686
f 1138/634/703 1113/634/703 1112/661/700 1137/661/700
f 1134/658/696 1109/658/696 1125/659/701 1150/659/701
f 1139/633/692 1114/633/692 1113/634/703 1138/634/703
f 1155/635/693 1154/660/689 1128/660/689 1129/635/693
f 1147/655/687 1122/655/687 1121/653/690 1146/653/690
f 1161/668/1 1165/669/1 1164/670/1 1162/671/1
f 1161/672/704 1162/673/705 1163/674/705 1160/675/704
f 1162/676/705 1164/677/706 1151/678/706 1163/679/705
f 1164/680/706 1165/681/707 1166/682/707 1151/683/706
f 1165/684/707 1161/685/704 1160/686/704 1166/687/707
f 1136/662/1 1135/667/1 1153/666/1 1154/660/1
f 1030/688/1 1044/689/1 1029/690/1
f 1044/689/1 1043/691/1 1031/692/1 1029/690/1
f 1043/691/1 1042/693/1 1032/694/1 1031/692/1
f 1042/693/1 1041/695/1 1033/696/1 1032/694/1
f 1041/695/1 1040/697/1 1034/698/1 1033/696/1
f 1040/697/1 1039/699/1 1035/700/1 1034/698/1
f 1039/699/1 1038/574/1 1036/576/1 1035/700/1
f 1249/718/708 1248/719/709 1183/720/709 1185/721/708
f 1250/722/710 1249/718/708 1185/721/708 1186/723/710
f 1223/724/711 1222/720/712 1269/719/713 1270/725/714
f 1264/726/708 1263/727/709 1248/702/709 1249/701/708
f 1221/721/715 1220/723/716 1267/722/717 1268/718/718
f 1254/728/713 1253/729/718 1189/730/718 1190/731/713
f 1255/725/714 1254/728/713 1190/731/713 1191/724/714
f 1256/719/719 1255/725/714 1191/724/714 1192/720/719
f 1257/718/720 1256/719/719 1192/720/719 1193/721/720
f 1259/732/721 1258/722/722 1194/723/722 1195/733/721
f 1271/734/719 1270/735/714 1255/704/714 1256/703/719
f 1218/736/723 1234/737/724 1233/738/725 1217/739/726
f 1270/735/714 1269/740/713 1254/705/713 1255/704/714
f 1184/741/1 1198/742/1 1182/743/1 1167/744/1
f 1193/745/1 1177/746/1 1178/747/1 1194/748/1
f 1195/749/1 1194/748/1 1178/747/1 1179/750/1
f 1185/751/1 1169/752/1 1170/753/1 1186/754/1
f 1197/755/1 1181/756/1 1182/743/1 1198/742/1
f 1184/741/1 1167/744/1 1168/757/1 1183/758/1
f 1191/759/1 1190/760/1 1174/761/1 1175/762/1
f 1183/758/1 1168/757/1 1169/752/1 1185/751/1
f 1189/763/1 1188/764/1 1172/765/1 1173/766/1
f 1191/759/1 1175/762/1 1176/767/1 1192/768/1
f 1274/769/721 1273/770/722 1258/707/722 1259/706/721
f 1208/771/727 1209/772/728 1177/773/728 1176/774/727
f 1201/775/729 1169/776/729 1168/777/730 1199/778/730
f 1214/779/731 1200/780/732 1167/781/732 1182/782/731
f 1209/772/728 1210/783/733 1178/784/733 1177/773/728
f 1199/778/730 1168/777/730 1167/781/732 1200/780/732
f 1206/785/734 1207/786/735 1175/787/735 1174/788/734
f 1206/785/734 1174/788/734 1173/789/736 1205/790/736
f 1208/771/727 1176/774/727 1175/787/735 1207/786/735
f 1213/791/737 1181/792/737 1180/793/738 1212/794/738
f 1205/790/736 1173/789/736 1172/795/739 1204/796/739
f 1212/794/738 1180/793/738 1179/797/740 1211/798/740
f 1213/791/737 1214/779/731 1182/782/731 1181/792/737
f 1211/798/740 1179/797/740 1178/784/733 1210/783/733
f 1204/796/739 1172/795/739 1171/799/741 1203/800/741
f 1201/775/729 1202/801/742 1170/802/742 1169/776/729
f 1187/803/1 1171/804/1 1172/765/1 1188/764/1
f 1195/805/1 1179/806/1 1180/807/1 1196/808/1
f 1187/803/1 1186/754/1 1170/753/1 1171/804/1
f 1197/755/1 1196/808/1 1180/807/1 1181/756/1
f 1208/809/1 1207/810/1 1206/811/1
f 1219/815/743 1235/816/744 1234/737/724 1218/736/723
f 1225/817/745 1241/818/746 1240/812/747 1224/819/748
f 1229/820/749 1245/821/750 1244/822/751 1228/823/752
f 1215/824/753 1231/825/754 1246/826/755 1230/827/756
f 1228/823/752 1244/822/751 1243/828/757 1227/829/758
f 1226/830/759 1242/831/760 1241/818/746 1225/817/745
f 1223/832/711 1239/814/761 1238/813/762 1222/833/712
f 1220/834/716 1236/835/763 1235/816/744 1219/815/743
f 1216/836/764 1232/837/765 1231/825/754 1215/824/753
f 1222/833/712 1238/813/762 1237/838/766 1221/839/715
f 1229/820/749 1230/827/756 1246/826/755 1245/821/750
f 1223/832/711 1224/819/748 1240/812/747 1239/814/761
f 1227/829/758 1243/828/757 1242/831/760 1226/830/759
f 1221/839/715 1237/838/766 1236/835/763 1220/834/716
f 1217/739/726 1233/738/725 1232/837/765 1216/836/764
f 1189/763/1 1173/766/1 1174/761/1 1190/760/1
f 1192/768/1 1176/767/1 1177/746/1 1193/745/1
f 1224/731/748 1223/724/711 1270/725/714 1271/728/719
f 1188/840/717 1252/841/717 1251/842/767 1187/843/767
f 1267/844/717 1266/845/767 1251/709/767 1252/708/717
f 1277/846/768 1276/847/769 1261/711/769 1262/710/768
f 1262/728/768 1261/729/769 1197/730/769 1198/731/768
f 1263/727/709 1278/848/770 1247/712/770 1248/702/709
f 1260/841/771 1259/842/721 1195/843/721 1196/840/771
f 1278/848/770 1277/846/768 1262/710/768 1247/712/770
f 1276/847/769 1275/849/771 1260/713/771 1261/711/769
f 1275/849/771 1274/850/721 1259/714/721 1260/713/771
f 1269/740/713 1268/851/718 1253/715/718 1254/705/713
f 1225/730/745 1224/731/748 1271/728/719 1272/729/720
f 1268/851/718 1267/844/717 1252/708/717 1253/715/718
f 1228/723/752 1227/733/758 1274/732/721 1275/722/771
f 1276/718/769 1229/721/749 1228/723/752 1275/722/771
f 1274/842/721 1227/843/758 1226/840/759 1273/841/722
f 1222/720/712 1221/721/715 1268/718/718 1269/719/713
f 1251/732/767 1250/722/710 1186/723/710 1187/733/767
f 1215/724/753 1230/720/756 1277/719/768 1278/725/770
f 1220/723/716 1219/733/743 1266/732/767 1267/722/717
f 1218/840/723 1217/730/726 1264/729/708 1265/841/710
f 1219/843/743 1218/840/723 1265/841/710 1266/842/767
f 1230/720/756 1229/721/749 1276/718/769 1277/719/768
f 1217/730/726 1216/731/764 1263/728/709 1264/729/708
f 1253/729/718 1252/841/717 1188/840/717 1189/730/718
f 1273/770/722 1272/852/720 1257/716/720 1258/707/722
f 1216/731/764 1215/724/753 1278/725/770 1263/728/709
f 1265/853/710 1264/726/708 1249/701/708 1250/717/710
f 1261/729/769 1260/841/771 1196/840/771 1197/730/769
f 1266/845/767 1265/853/710 1250/717/710 1251/709/767
f 1248/719/709 1247/725/770 1184/724/770 1183/720/709
f 1247/725/770 1262/728/768 1198/731/768 1184/724/770
f 1258/722/722 1257/718/720 1193/721/720 1194/723/722
f 1226/840/759 1225/730/745 1272/729/720 1273/841/722
f 1272/852/720 1271/734/719 1256/703/719 1257/716/720
f 1202/801/742 1203/800/741 1171/799/741 1170/802/742
f 1313/854/772 1312/855/773 1321/856/774 1314/857/775
f 1309/858/776 1308/859/1 1325/860/1 1326/861/777
f 1310/862/778 1309/858/776 1326/861/777 1333/863/779
f 1336/864/780 1330/865/781 1327/866/782
f 1330/867/781 1333/868/779 1326/861/777
f 1315/869/783 1314/857/775 1321/870/774 1336/871/780
f 1326/861/777 1327/866/782 1330/872/781
f 1311/873/784 1310/862/778 1333/874/779
f 1333/875/779 1321/876/774 1312/855/773 1311/873/784
f 1336/877/780 1316/878/785 1315/869/783
f 1316/878/785 1336/879/780 1327/866/782 1317/880/786
f 1329/881/1 1322/882/1 1304/883/1 1320/884/1
f 1324/885/1 1307/886/1 1306/887/1
f 1318/888/1 1328/889/1 1329/881/1 1319/890/1
f 1318/888/1 1317/880/786 1327/866/782 1328/889/1
f 1320/884/1 1319/890/1 1329/881/1
f 1325/860/1 1308/859/1 1307/886/1 1324/885/1
f 1312/855/787 1287/855/787 1286/873/788 1311/873/788
f 1313/854/789 1288/854/789 1287/855/787 1312/855/787
f 1314/857/790 1289/857/790 1288/854/789 1313/854/789
f 1322/882/791 1296/882/791 1297/891/792 1323/891/792
f 1315/869/793 1290/869/793 1289/857/790 1314/857/790
f 1318/888/794 1293/888/794 1292/880/795 1317/880/795
f 1329/881/796 1303/881/796 1296/882/791 1322/882/791
f 1323/891/792 1297/891/792 1298/885/797 1324/885/797
f 1316/878/798 1291/878/798 1290/869/793 1315/869/793
f 1310/862/799 1285/862/799 1284/858/800 1309/858/800
f 1325/860/801 1299/860/801 1300/861/802 1326/861/802
f 1311/873/788 1286/873/788 1285/862/799 1310/862/799
f 1305/892/803 1280/892/803 1279/883/804 1304/883/804
f 1305/892/803 1306/887/805 1281/887/805 1280/892/803
f 1328/889/806 1302/889/806 1303/881/796 1329/881/796
f 1326/861/802 1300/861/802 1301/866/807 1327/866/807
f 1307/886/808 1282/886/808 1281/887/805 1306/887/805
f 1322/882/1 1323/891/1 1305/892/1 1304/883/1
f 1320/884/809 1295/884/809 1294/890/810 1319/890/810
f 1327/866/807 1301/866/807 1302/889/806 1328/889/806
f 1318/888/794 1319/890/810 1294/890/810 1293/888/794
f 1308/859/811 1283/859/811 1282/886/808 1307/886/808
f 1304/883/804 1279/883/804 1295/884/809 1320/884/809
f 1309/858/800 1284/858/800 1283/859/811 1308/859/811
f 1325/860/801 1324/885/797 1298/885/797 1299/860/801
f 1317/880/795 1292/880/795 1291/878/798 1316/878/798
f 1331/893/1 1335/894/1 1334/895/1 1332/896/1
f 1331/897/812 1332/898/813 1333/899/813 1330/900/812
f 1332/901/813 1334/902/814 1321/903/814 1333/904/813
f 1334/905/814 1335/906/815 1336/907/815 1321/908/814
f 1335/909/815 1331/910/812 1330/911/812 1336/912/815
f 1306/887/1 1305/892/1 1323/891/1 1324/885/1
f 1200/913/1 1214/914/1 1199/915/1
f 1214/914/1 1213/916/1 1201/917/1 1199/915/1
f 1213/916/1 1212/918/1 1202/919/1 1201/917/1
f 1212/918/1 1211/920/1 1203/921/1 1202/919/1
f 1211/920/1 1210/922/1 1204/923/1 1203/921/1
f 1210/922/1 1209/924/1 1205/925/1 1204/923/1
f 1209/924/1 1208/809/1 1206/811/1 1205/925/1
f 1419/718/816 1418/719/817 1353/720/817 1355/721/816
f 1420/722/818 1419/718/816 1355/721/816 1356/723/818
f 1393/724/819 1392/720/820 1439/719/821 1440/725/822
f 1434/726/816 1433/727/817 1418/702/817 1419/701/816
f 1391/721/823 1390/723/824 1437/722/825 1438/718/826
f 1424/728/821 1423/729/826 1359/730/826 1360/731/821
f 1425/725/822 1424/728/821 1360/731/821 1361/724/822
f 1426/719/827 1425/725/822 1361/724/822 1362/720/827
f 1427/718/828 1426/719/827 1362/720/827 1363/721/828
f 1429/732/829 1428/722/830 1364/723/830 1365/733/829
f 1441/734/827 1440/735/822 1425/704/822 1426/703/827
f 1388/736/831 1404/737/832 1403/738/833 1387/739/834
f 1440/735/822 1439/740/821 1424/705/821 1425/704/822
f 1354/741/835 1368/742/835 1352/743/835 1337/744/835
f 1363/745/835 1347/746/835 1348/747/835 1364/748/835
f 1365/749/835 1364/748/835 1348/747/835 1349/750/835
f 1355/751/836 1339/752/836 1340/753/835 1356/754/835
f 1367/755/835 1351/756/835 1352/743/835 1368/742/835
f 1354/741/835 1337/744/835 1338/757/835 1353/758/835
f 1361/759/835 1360/760/835 1344/761/835 1345/762/835
f 1353/758/835 1338/757/835 1339/752/836 1355/751/836
f 1359/763/835 1358/764/835 1342/765/835 1343/766/835
f 1361/759/835 1345/762/835 1346/767/835 1362/768/835
f 1444/769/829 1443/770/830 1428/707/830 1429/706/829
f 1378/771/837 1379/772/838 1347/773/838 1346/774/837
f 1371/775/839 1339/776/839 1338/777/840 1369/778/840
f 1384/779/841 1370/780/842 1337/781/842 1352/782/841
f 1379/772/838 1380/783/843 1348/784/843 1347/773/838
f 1369/778/840 1338/777/840 1337/781/842 1370/780/842
f 1376/785/844 1377/786/845 1345/787/845 1344/788/844
f 1376/785/844 1344/788/844 1343/789/846 1375/790/846
f 1378/771/837 1346/774/837 1345/787/845 1377/786/845
f 1383/791/847 1351/792/847 1350/793/848 1382/794/848
f 1375/790/846 1343/789/846 1342/795/849 1374/796/849
f 1382/794/848 1350/793/848 1349/797/850 1381/798/850
f 1383/791/847 1384/779/841 1352/782/841 1351/792/847
f 1381/798/850 1349/797/850 1348/784/843 1380/783/843
f 1374/796/849 1342/795/849 1341/799/851 1373/800/851
f 1371/775/839 1372/801/852 1340/802/852 1339/776/839
f 1357/803/835 1341/804/835 1342/765/835 1358/764/835
f 1365/805/835 1349/806/835 1350/807/835 1366/808/835
f 1357/803/835 1356/754/835 1340/753/835 1341/804/835
f 1367/755/835 1366/808/835 1350/807/835 1351/756/835
f 1378/809/835 1377/810/835 1376/811/835
f 1389/815/854 1405/816/855 1404/737/832 1388/736/831
f 1395/817/856 1411/818/857 1410/812/858 1394/819/859
f 1399/820/860 1415/821/861 1414/822/862 1398/823/863
f 1385/824/864 1401/825/865 1416/826/866 1400/827/867
f 1398/823/863 1414/822/862 1413/828/868 1397/829/869
f 1396/830/870 1412/831/871 1411/818/857 1395/817/856
f 1393/832/819 1409/814/872 1408/813/873 1392/833/820
f 1390/834/824 1406/835/874 1405/816/855 1389/815/854
f 1386/836/875 1402/837/876 1401/825/865 1385/824/864
f 1392/833/820 1408/813/873 1407/838/877 1391/839/823
f 1399/820/860 1400/827/867 1416/826/866 1415/821/861
f 1393/832/819 1394/819/859 1410/812/858 1409/814/872
f 1397/829/869 1413/828/868 1412/831/871 1396/830/870
f 1391/839/823 1407/838/877 1406/835/874 1390/834/824
f 1387/739/834 1403/738/833 1402/837/876 1386/836/875
f 1359/763/835 1343/766/835 1344/761/835 1360/760/835
f 1362/768/835 1346/767/835 1347/746/835 1363/745/835
f 1394/731/859 1393/724/819 1440/725/822 1441/728/827
f 1358/840/825 1422/841/825 1421/842/878 1357/843/878
f 1437/844/825 1436/845/878 1421/709/878 1422/708/825
f 1447/846/879 1446/847/880 1431/711/880 1432/710/879
f 1432/728/879 1431/729/880 1367/730/880 1368/731/879
f 1433/727/817 1448/848/881 1417/712/881 1418/702/817
f 1430/841/882 1429/842/829 1365/843/829 1366/840/882
f 1448/848/881 1447/846/879 1432/710/879 1417/712/881
f 1446/847/880 1445/849/882 1430/713/882 1431/711/880
f 1445/849/882 1444/850/829 1429/714/829 1430/713/882
f 1439/740/821 1438/851/826 1423/715/826 1424/705/821
f 1395/730/856 1394/731/859 1441/728/827 1442/729/828
f 1438/851/826 1437/844/825 1422/708/825 1423/715/826
f 1398/723/863 1397/733/869 1444/732/829 1445/722/882
f 1446/718/880 1399/721/860 1398/723/863 1445/722/882
f 1444/842/829 1397/843/869 1396/840/870 1443/841/830
f 1392/720/820 1391/721/823 1438/718/826 1439/719/821
f 1421/732/878 1420/722/818 1356/723/818 1357/733/878
f 1385/724/864 1400/720/867 1447/719/879 1448/725/881
f 1390/723/824 1389/733/854 1436/732/878 1437/722/825
f 1388/840/831 1387/730/834 1434/729/816 1435/841/818
f 1389/843/854 1388/840/831 1435/841/818 1436/842/878
f 1400/720/867 1399/721/860 1446/718/880 1447/719/879
f 1387/730/834 1386/731/875 1433/728/817 1434/729/816
f 1423/729/826 1422/841/825 1358/840/825 1359/730/826
f 1443/770/830 1442/852/828 1427/716/828 1428/707/830
f 1386/731/875 1385/724/864 1448/725/881 1433/728/817
f 1435/853/818 1434/726/816 1419/701/816 1420/717/818
f 1431/729/880 1430/841/882 1366/840/882 1367/730/880
f 1436/845/878 1435/853/818 1420/717/818 1421/709/878
f 1418/719/817 1417/725/881 1354/724/881 1353/720/817
f 1417/725/881 1432/728/879 1368/731/879 1354/724/881
f 1428/722/830 1427/718/828 1363/721/828 1364/723/830
f 1396/840/870 1395/730/856 1442/729/828 1443/841/830
f 1442/852/828 1441/734/827 1426/703/827 1427/716/828
f 1372/801/852 1373/800/851 1341/799/851 1340/802/852
f 1483/854/883 1482/855/884 1491/856/885 1484/857/886
f 1479/858/887 1478/859/835 1495/860/835 1496/861/888
f 1480/862/889 1479/858/887 1496/861/888 1503/863/890
f 1506/864/891 1500/865/892 1497/866/893
f 1500/867/892 1503/868/890 1496/861/888
f 1485/869/894 1484/857/886 1491/870/885 1506/871/891
f 1496/861/888 1497/866/893 1500/872/892
f 1481/873/895 1480/862/889 1503/874/890
f 1503/875/890 1491/876/885 1482/855/884 1481/873/895
f 1506/877/891 1486/878/896 1485/869/894
f 1486/878/896 1506/879/891 1497/866/893 1487/880/897
f 1499/881/835 1492/882/835 1474/883/835 1490/884/835
f 1494/885/835 1477/886/835 1476/887/835
f 1488/888/835 1498/889/835 1499/881/835 1489/890/835
f 1488/888/835 1487/880/897 1497/866/893 1498/889/835
f 1490/884/835 1489/890/835 1499/881/835
f 1495/860/835 1478/859/835 1477/886/835 1494/885/835
f 1482/855/898 1457/855/898 1456/873/899 1481/873/899
f 1483/854/900 1458/854/900 1457/855/898 1482/855/898
f 1484/857/901 1459/857/901 1458/854/900 1483/854/900
f 1492/882/902 1466/882/902 1467/891/903 1493/891/903
f 1485/869/904 1460/869/904 1459/857/901 1484/857/901
f 1488/888/905 1463/888/905 1462/880/906 1487/880/906
f 1499/881/907 1473/881/907 1466/882/902 1492/882/902
f 1493/891/903 1467/891/903 1468/885/908 1494/885/908
f 1486/878/909 1461/878/909 1460/869/904 1485/869/904
f 1480/862/910 1455/862/910 1454/858/911 1479/858/911
f 1495/860/912 1469/860/912 1470/861/913 1496/861/913
f 1481/873/899 1456/873/899 1455/862/910 1480/862/910
f 1475/892/914 1450/892/914 1449/883/915 1474/883/915
f 1475/892/914 1476/887/916 1451/887/916 1450/892/914
f 1498/889/917 1472/889/917 1473/881/907 1499/881/907
f 1496/861/913 1470/861/913 1471/866/918 1497/866/918
f 1477/886/919 1452/886/919 1451/887/916 1476/887/916
f 1492/882/835 1493/891/835 1475/892/835 1474/883/835
f 1490/884/920 1465/884/920 1464/890/921 1489/890/921
f 1497/866/918 1471/866/918 1472/889/917 1498/889/917
f 1488/888/905 1489/890/921 1464/890/921 1463/888/905
f 1478/859/922 1453/859/922 1452/886/919 1477/886/919
f 1474/883/915 1449/883/915 1465/884/920 1490/884/920
f 1479/858/911 1454/858/911 1453/859/922 1478/859/922
f 1495/860/912 1494/885/908 1468/885/908 1469/860/912
f 1487/880/906 1462/880/906 1461/878/909 1486/878/909
f 1501/893/835 1505/894/835 1504/895/835 1502/896/835
f 1501/897/923 1502/898/924 1503/899/924 1500/900/923
f 1502/901/924 1504/902/925 1491/903/925 1503/904/924
f 1504/905/925 1505/906/926 1506/907/926 1491/908/925
f 1505/909/926 1501/910/923 1500/911/923 1506/912/926
f 1476/887/835 1475/892/835 1493/891/835 1494/885/835
f 1370/913/835 1384/914/835 1369/915/835
f 1384/914/835 1383/916/835 1371/917/835 1369/915/835
f 1383/916/835 1382/918/835 1372/919/835 1371/917/835
f 1382/918/835 1381/920/835 1373/921/835 1372/919/835
f 1381/920/835 1380/922/835 1374/923/835 1373/921/835
f 1380/922/835 1379/924/835 1375/925/835 1374/923/835
f 1379/924/835 1378/809/835 1376/811/835 1375/925/835
f 1589/476/927 1588/477/928 1523/478/928 1525/479/927
f 1590/480/929 1589/476/927 1525/479/927 1526/481/929
f 1563/482/930 1562/478/931 1609/477/932 1610/483/933
f 1604/701/927 1603/702/928 1588/485/928 1589/484/927
f 1561/479/934 1560/481/935 1607/480/936 1608/476/937
f 1594/488/932 1593/489/937 1529/490/937 1530/491/932
f 1595/483/933 1594/488/932 1530/491/932 1531/482/933
f 1596/477/938 1595/483/933 1531/482/933 1532/478/938
f 1597/476/939 1596/477/938 1532/478/938 1533/479/939
f 1599/492/940 1598/480/941 1534/481/941 1535/493/940
f 1611/703/938 1610/704/933 1595/495/933 1596/494/938
f 1558/498/942 1574/499/943 1573/500/944 1557/501/945
f 1610/704/933 1609/705/932 1594/502/932 1595/495/933
f 1524/504/1 1538/505/1 1522/506/1 1507/507/1
f 1533/508/1 1517/509/1 1518/510/1 1534/511/1
f 1535/512/1 1534/511/1 1518/510/1 1519/513/1
f 1525/514/1 1509/515/1 1510/516/1 1526/517/1
f 1537/518/1 1521/519/1 1522/506/1 1538/505/1
f 1524/504/1 1507/507/1 1508/520/1 1523/521/1
f 1531/522/1 1530/523/1 1514/524/1 1515/525/1
f 1523/521/1 1508/520/1 1509/515/1 1525/514/1
f 1529/526/1 1528/527/1 1512/528/1 1513/529/1
f 1531/522/1 1515/525/1 1516/530/1 1532/531/1
f 1614/706/940 1613/707/941 1598/533/941 1599/532/940
f 1548/536/946 1549/537/947 1517/538/947 1516/539/946
f 1541/540/948 1509/541/948 1508/542/949 1539/543/949
f 1554/544/950 1540/545/951 1507/546/951 1522/547/950
f 1549/537/947 1550/548/952 1518/549/952 1517/538/947
f 1539/543/949 1508/542/949 1507/546/951 1540/545/951
f 1546/550/953 1547/551/954 1515/552/954 1514/553/953
f 1546/550/953 1514/553/953 1513/554/955 1545/555/955
f 1548/536/946 1516/539/946 1515/552/954 1547/551/954
f 1553/556/956 1521/557/956 1520/558/957 1552/559/957
f 1545/555/955 1513/554/955 1512/560/958 1544/561/958
f 1552/559/957 1520/558/957 1519/562/959 1551/563/959
f 1553/556/956 1554/544/950 1522/547/950 1521/557/956
f 1551/563/959 1519/562/959 1518/549/952 1550/548/952
f 1544/561/958 1512/560/958 1511/564/960 1543/565/960
f 1541/540/948 1542/566/961 1510/567/961 1509/541/948
f 1527/568/1 1511/569/1 1512/528/1 1528/527/1
f 1535/570/1 1519/571/1 1520/572/1 1536/573/1
f 1527/568/1 1526/517/1 1510/516/1 1511/569/1
f 1537/518/1 1536/573/1 1520/572/1 1521/519/1
f 1548/574/1 1547/575/1 1546/576/1
f 1559/580/962 1575/581/963 1574/499/943 1558/498/942
f 1565/582/964 1581/583/965 1580/577/966 1564/584/967
f 1569/585/968 1585/586/969 1584/587/970 1568/588/971
f 1555/589/972 1571/590/973 1586/591/974 1570/592/975
f 1568/588/971 1584/587/970 1583/593/976 1567/594/977
f 1566/595/978 1582/596/979 1581/583/965 1565/582/964
f 1563/597/930 1579/579/980 1578/578/981 1562/598/931
f 1560/599/935 1576/600/982 1575/581/963 1559/580/962
f 1556/601/983 1572/602/984 1571/590/973 1555/589/972
f 1562/598/931 1578/578/981 1577/603/985 1561/604/934
f 1569/585/968 1570/592/975 1586/591/974 1585/586/969
f 1563/597/930 1564/584/967 1580/577/966 1579/579/980
f 1567/594/977 1583/593/976 1582/596/979 1566/595/978
f 1561/604/934 1577/603/985 1576/600/982 1560/599/935
f 1557/501/945 1573/500/944 1572/602/984 1556/601/983
f 1529/526/1 1513/529/1 1514/524/1 1530/523/1
f 1532/531/1 1516/530/1 1517/509/1 1533/508/1
f 1564/491/967 1563/482/930 1610/483/933 1611/488/938
f 1528/605/936 1592/606/936 1591/607/986 1527/608/986
f 1607/708/936 1606/709/986 1591/610/986 1592/609/936
f 1617/710/987 1616/711/988 1601/614/988 1602/613/987
f 1602/488/987 1601/489/988 1537/490/988 1538/491/987
f 1603/702/928 1618/712/989 1587/617/989 1588/485/928
f 1600/606/990 1599/607/940 1535/608/940 1536/605/990
f 1618/712/989 1617/710/987 1602/613/987 1587/617/989
f 1616/711/988 1615/713/990 1600/619/990 1601/614/988
f 1615/713/990 1614/714/940 1599/621/940 1600/619/990
f 1609/705/932 1608/715/937 1593/623/937 1594/502/932
f 1565/490/964 1564/491/967 1611/488/938 1612/489/939
f 1608/715/937 1607/708/936 1592/609/936 1593/623/937
f 1568/481/971 1567/493/977 1614/492/940 1615/480/990
f 1616/476/988 1569/479/968 1568/481/971 1615/480/990
f 1614/607/940 1567/608/977 1566/605/978 1613/606/941
f 1562/478/931 1561/479/934 1608/476/937 1609/477/932
f 1591/492/986 1590/480/929 1526/481/929 1527/493/986
f 1555/482/972 1570/478/975 1617/477/987 1618/483/989
f 1560/481/935 1559/493/962 1606/492/986 1607/480/936
f 1558/605/942 1557/490/945 1604/489/927 1605/606/929
f 1559/608/962 1558/605/942 1605/606/929 1606/607/986
f 1570/478/975 1569/479/968 1616/476/988 1617/477/987
f 1557/490/945 1556/491/983 1603/488/928 1604/489/927
f 1593/489/937 1592/606/936 1528/605/936 1529/490/937
f 1613/707/941 1612/716/939 1597/625/939 1598/533/941
f 1556/491/983 1555/482/972 1618/483/989 1603/488/928
f 1605/717/929 1604/701/927 1589/484/927 1590/627/929
f 1601/489/988 1600/606/990 1536/605/990 1537/490/988
f 1606/709/986 1605/717/929 1590/627/929 1591/610/986
f 1588/477/928 1587/483/989 1524/482/989 1523/478/928
f 1587/483/989 1602/488/987 1538/491/987 1524/482/989
f 1598/480/941 1597/476/939 1533/479/939 1534/481/941
f 1566/605/978 1565/490/964 1612/489/939 1613/606/941
f 1612/716/939 1611/703/938 1596/494/938 1597/625/939
f 1542/566/961 1543/565/960 1511/564/960 1510/567/961
f 1653/629/991 1652/630/992 1661/631/993 1654/632/994
f 1649/633/995 1648/634/1 1665/635/1 1666/636/996
f 1650/637/997 1649/633/995 1666/636/996 1673/638/998
f 1676/639/999 1670/640/1000 1667/641/1001
f 1670/642/1000 1673/643/998 1666/636/996
f 1655/644/1002 1654/632/994 1661/645/993 1676/646/999
f 1666/636/996 1667/641/1001 1670/647/1000
f 1651/648/1003 1650/637/997 1673/649/998
f 1673/650/998 1661/651/993 1652/630/992 1651/648/1003
f 1676/652/999 1656/653/1004 1655/644/1002
f 1656/653/1004 1676/654/999 1667/641/1001 1657/655/1005
f 1669/656/1 1662/657/1 1644/658/1 1660/659/1
f 1664/660/1 1647/661/1 1646/662/1
f 1658/663/1 1668/664/1 1669/656/1 1659/665/1
f 1658/663/1 1657/655/1005 1667/641/1001 1668/664/1
f 1660/659/1 1659/665/1 1669/656/1
f 1665/635/1 1648/634/1 1647/661/1 1664/660/1
f 1652/630/1006 1627/630/1006 1626/648/1007 1651/648/1007
f 1653/629/1008 1628/629/1008 1627/630/1006 1652/630/1006
f 1654/632/1009 1629/632/1009 1628/629/1008 1653/629/1008
f 1662/657/1010 1636/657/1010 1637/666/1011 1663/666/1011
f 1655/644/1012 1630/644/1012 1629/632/1009 1654/632/1009
f 1658/663/1013 1633/663/1013 1632/655/1014 1657/655/1014
f 1669/656/1015 1643/656/1015 1636/657/1010 1662/657/1010
f 1663/666/1011 1637/666/1011 1638/660/1016 1664/660/1016
f 1656/653/1017 1631/653/1017 1630/644/1012 1655/644/1012
f 1650/637/1018 1625/637/1018 1624/633/1019 1649/633/1019
f 1665/635/1020 1639/635/1020 1640/636/1021 1666/636/1021
f 1651/648/1007 1626/648/1007 1625/637/1018 1650/637/1018
f 1645/667/1022 1620/667/1022 1619/658/1023 1644/658/1023
f 1645/667/1022 1646/662/1024 1621/662/1024 1620/667/1022
f 1668/664/1025 1642/664/1025 1643/656/1015 1669/656/1015
f 1666/636/1021 1640/636/1021 1641/641/1026 1667/641/1026
f 1647/661/1027 1622/661/1027 1621/662/1024 1646/662/1024
f 1662/657/1 1663/666/1 1645/667/1 1644/658/1
f 1660/659/1028 1635/659/1028 1634/665/1029 1659/665/1029
f 1667/641/1026 1641/641/1026 1642/664/1025 1668/664/1025
f 1658/663/1013 1659/665/1029 1634/665/1029 1633/663/1013
f 1648/634/1030 1623/634/1030 1622/661/1027 1647/661/1027
f 1644/658/1023 1619/658/1023 1635/659/1028 1660/659/1028
f 1649/633/1019 1624/633/1019 1623/634/1030 1648/634/1030
f 1665/635/1020 1664/660/1016 1638/660/1016 1639/635/1020
f 1657/655/1014 1632/655/1014 1631/653/1017 1656/653/1017
f 1671/668/1 1675/669/1 1674/670/1 1672/671/1
f 1671/672/1031 1672/673/1032 1673/674/1032 1670/675/1031
f 1672/676/1032 1674/677/1033 1661/678/1033 1673/679/1032
f 1674/680/1033 1675/681/1034 1676/682/1034 1661/683/1033
f 1675/684/1034 1671/685/1031 1670/686/1031 1676/687/1034
f 1646/662/1 1645/667/1 1663/666/1 1664/660/1
f 1540/688/1 1554/689/1 1539/690/1
f 1554/689/1 1553/691/1 1541/692/1 1539/690/1
f 1553/691/1 1552/693/1 1542/694/1 1541/692/1
f 1552/693/1 1551/695/1 1543/696/1 1542/694/1
f 1551/695/1 1550/697/1 1544/698/1 1543/696/1
f 1550/697/1 1549/699/1 1545/700/1 1544/698/1
f 1549/699/1 1548/574/1 1546/576/1 1545/700/1
