# Blender 5.0.1
# www.blender.org
mtllib window_metal_bars_double.mtl
o window_metal_bars_double
v -0.580000 0.950000 0.150000
v -0.580000 2.450000 0.150000
v -0.580000 0.950000 0.160000
v -0.580000 2.450000 0.160000
v -0.620000 0.950000 0.150000
v -0.620000 2.450000 0.150000
v -0.620000 0.950000 0.160000
v -0.620000 2.450000 0.160000
v -0.580000 2.470000 0.144641
v -0.580000 2.475000 0.153301
v -0.620000 2.470000 0.144641
v -0.620000 2.475000 0.153301
v -0.580000 2.484641 0.130000
v -0.580000 2.493301 0.135000
v -0.620000 2.484641 0.130000
v -0.620000 2.493301 0.135000
v -0.580000 2.490000 0.110000
v -0.580000 2.500000 0.110000
v -0.620000 2.490000 0.110000
v -0.620000 2.500000 0.110000
v -0.580000 0.939647 0.148637
v -0.580000 0.937059 0.158296
v -0.620000 0.939647 0.148637
v -0.620000 0.937059 0.158296
v -0.580000 0.930000 0.144641
v -0.580000 0.925000 0.153301
v -0.620000 0.930000 0.144641
v -0.620000 0.925000 0.153301
v -0.580000 0.921716 0.138284
v -0.580000 0.914645 0.145355
v -0.620000 0.921716 0.138284
v -0.620000 0.914645 0.145355
v -0.580000 0.915359 0.130000
v -0.580000 0.906699 0.135000
v -0.620000 0.915359 0.130000
v -0.620000 0.906699 0.135000
v -0.580000 0.911363 0.120352
v -0.580000 0.901704 0.122940
v -0.620000 0.911363 0.120352
v -0.620000 0.901704 0.122940
v -0.580000 0.910000 0.109999
v -0.580000 0.900000 0.109999
v -0.620000 0.910000 0.109999
v -0.620000 0.900000 0.109999
v -0.580000 0.910000 0.039999
v -0.580000 0.900000 0.039999
v -0.620000 0.910000 0.039999
v -0.620000 0.900000 0.039999
v -0.580000 2.490000 0.040000
v -0.580000 2.500000 0.040000
v -0.620000 2.490000 0.040000
v -0.620000 2.500000 0.040000
v -0.820000 0.900000 0.109999
v -0.820000 0.910000 0.109999
v -0.780000 0.900000 0.109999
v -0.780000 0.910000 0.109999
v -0.820000 0.906699 0.135000
v -0.820000 0.915359 0.130000
v -0.780000 0.906699 0.135000
v -0.780000 0.915359 0.130000
v -0.820000 0.925000 0.153301
v -0.820000 0.930000 0.144641
v -0.780000 0.925000 0.153301
v -0.780000 0.930000 0.144641
v -0.820000 2.500000 0.110000
v -0.820000 2.490000 0.110000
v -0.780000 2.500000 0.110000
v -0.780000 2.490000 0.110000
v -0.820000 2.493301 0.135000
v -0.820000 2.484641 0.130000
v -0.780000 2.493301 0.135000
v -0.780000 2.484641 0.130000
v -0.820000 2.475000 0.153301
v -0.820000 2.470000 0.144641
v -0.780000 2.475000 0.153301
v -0.780000 2.470000 0.144641
v -0.820000 2.450000 0.160000
v -0.820000 0.950000 0.160000
v -0.820000 2.450000 0.150000
v -0.820000 0.950000 0.150000
v -0.780000 2.450000 0.160000
v -0.780000 0.950000 0.160000
v -0.780000 2.450000 0.150000
v -0.780000 0.950000 0.150000
v -0.180000 0.950000 0.150000
v -0.180000 2.450000 0.150000
v -0.180000 0.950000 0.160000
v -0.180000 2.450000 0.160000
v -0.220000 0.950000 0.150000
v -0.220000 2.450000 0.150000
v -0.220000 0.950000 0.160000
v -0.220000 2.450000 0.160000
v -0.180000 2.470000 0.144641
v -0.180000 2.475000 0.153301
v -0.220000 2.470000 0.144641
v -0.220000 2.475000 0.153301
v -0.180000 2.484641 0.130000
v -0.180000 2.493301 0.135000
v -0.220000 2.484641 0.130000
v -0.220000 2.493301 0.135000
v -0.180000 2.490000 0.110000
v -0.180000 2.500000 0.110000
v -0.220000 2.490000 0.110000
v -0.220000 2.500000 0.110000
v -0.180000 0.930000 0.144641
v -0.180000 0.925000 0.153301
v -0.220000 0.930000 0.144641
v -0.220000 0.925000 0.153301
v -0.180000 0.915359 0.130000
v -0.180000 0.906699 0.135000
v -0.220000 0.915359 0.130000
v -0.220000 0.906699 0.135000
v -0.180000 0.910000 0.109999
v -0.180000 0.900000 0.109999
v -0.220000 0.910000 0.109999
v -0.220000 0.900000 0.109999
v -0.180000 0.910000 0.039999
v -0.180000 0.900000 0.039999
v -0.220000 0.910000 0.039999
v -0.220000 0.900000 0.039999
v -0.180000 2.490000 0.040000
v -0.180000 2.500000 0.040000
v -0.220000 2.490000 0.040000
v -0.220000 2.500000 0.040000
v -0.180001 1.470000 0.150000
v -0.180001 1.530000 0.150000
v -0.180001 1.530000 0.160000
v -0.180001 1.470000 0.160000
v -0.220000 1.530000 0.160000
v -0.220000 1.470000 0.160000
v -0.220000 1.530000 0.150000
v -0.220000 1.470000 0.150000
v -0.180001 1.480000 0.150000
v -0.180001 1.520000 0.150000
v -0.180001 1.480000 0.160000
v -0.220000 1.520000 0.160000
v -0.220000 1.480000 0.160000
v -0.220000 1.520000 0.150000
v -0.220000 1.480000 0.150000
v -0.180001 1.520000 0.170000
v -0.220000 1.520000 0.170000
v -0.220000 1.480000 0.170000
v -0.180001 1.521199 0.165201
v -0.180001 1.478800 0.165201
v -0.220000 1.521199 0.165201
v -0.220000 1.478800 0.165201
v -0.420000 1.478800 0.165201
v -0.420000 1.521199 0.165201
v -0.380001 1.478800 0.165201
v -0.380001 1.521199 0.165201
v -0.420000 1.480000 0.170000
v -0.420000 1.520000 0.170000
v -0.380001 1.480000 0.170000
v -0.380001 1.520000 0.170000
v -0.420000 1.480000 0.150000
v -0.420000 1.520000 0.150000
v -0.420000 1.480000 0.160000
v -0.420000 1.520000 0.160000
v -0.380001 1.480000 0.160000
v -0.380001 1.520000 0.160000
v -0.380001 1.520000 0.150000
v -0.380001 1.480000 0.150000
v -0.420000 1.470000 0.150000
v -0.420000 1.530000 0.150000
v -0.420000 1.470000 0.160000
v -0.420000 1.530000 0.160000
v -0.380001 1.470000 0.160000
v -0.380001 1.530000 0.160000
v -0.380001 1.530000 0.150000
v -0.380001 1.470000 0.150000
v -0.420000 2.500000 0.040000
v -0.420000 2.490000 0.040000
v -0.380000 2.500000 0.040000
v -0.380000 2.490000 0.040000
v -0.420000 0.900000 0.039999
v -0.420000 0.910000 0.039999
v -0.380000 0.900000 0.039999
v -0.380000 0.910000 0.039999
v -0.420000 0.900000 0.109999
v -0.420000 0.910000 0.109999
v -0.380000 0.900000 0.109999
v -0.380000 0.910000 0.109999
v -0.420000 0.906699 0.135000
v -0.420000 0.915359 0.130000
v -0.380000 0.906699 0.135000
v -0.380000 0.915359 0.130000
v -0.420000 0.925000 0.153301
v -0.420000 0.930000 0.144641
v -0.380000 0.925000 0.153301
v -0.380000 0.930000 0.144641
v -0.420000 2.500000 0.110000
v -0.420000 2.490000 0.110000
v -0.380000 2.500000 0.110000
v -0.380000 2.490000 0.110000
v -0.420000 2.493301 0.135000
v -0.420000 2.484641 0.130000
v -0.380000 2.493301 0.135000
v -0.380000 2.484641 0.130000
v -0.420000 2.475000 0.153301
v -0.420000 2.470000 0.144641
v -0.380000 2.475000 0.153301
v -0.380000 2.470000 0.144641
v -0.420000 2.450000 0.160000
v -0.420000 0.950000 0.160000
v -0.420000 2.450000 0.150000
v -0.420000 0.950000 0.150000
v -0.380000 2.450000 0.160000
v -0.380000 0.950000 0.160000
v -0.380000 2.450000 0.150000
v -0.380000 0.950000 0.150000
v -0.580001 1.470000 0.150000
v -0.580001 1.530000 0.150000
v -0.580001 1.530000 0.160000
v -0.580001 1.470000 0.160000
v -0.620000 1.530000 0.160000
v -0.620000 1.470000 0.160000
v -0.620000 1.530000 0.150000
v -0.620000 1.470000 0.150000
v -0.580001 1.480000 0.150000
v -0.580001 1.520000 0.150000
v -0.580001 1.520000 0.160000
v -0.580001 1.480000 0.160000
v -0.620000 1.520000 0.160000
v -0.620000 1.480000 0.160000
v -0.620000 1.520000 0.150000
v -0.620000 1.480000 0.150000
v -0.580001 1.520000 0.170000
v -0.580001 1.480000 0.170000
v -0.620000 1.520000 0.170000
v -0.620000 1.480000 0.170000
v -0.580001 1.521199 0.165201
v -0.580001 1.478800 0.165201
v -0.620000 1.521199 0.165201
v -0.620000 1.478800 0.165201
v -0.780000 0.910000 0.039999
v -0.780000 0.900000 0.039999
v -0.820000 0.910000 0.039999
v -0.820000 0.900000 0.039999
v -0.780000 2.490000 0.040000
v -0.780000 2.500000 0.040000
v -0.820000 2.490000 0.040000
v -0.820000 2.500000 0.040000
v -0.780001 1.470000 0.150000
v -0.780001 1.530000 0.150000
v -0.780001 1.530000 0.160000
v -0.780001 1.470000 0.160000
v -0.820000 1.530000 0.160000
v -0.820000 1.470000 0.160000
v -0.820000 1.530000 0.150000
v -0.820000 1.470000 0.150000
v -0.780001 1.480000 0.150000
v -0.780001 1.520000 0.150000
v -0.780001 1.520000 0.160000
v -0.780001 1.480000 0.160000
v -0.820000 1.520000 0.160000
v -0.820000 1.480000 0.160000
v -0.820000 1.520000 0.150000
v -0.820000 1.480000 0.150000
v -0.780001 1.520000 0.170000
v -0.780001 1.480000 0.170000
v -0.820000 1.520000 0.170000
v -0.820000 1.480000 0.170000
v -0.780001 1.521199 0.165201
v -0.780001 1.478800 0.165201
v -0.820000 1.521199 0.165201
v -0.820000 1.478800 0.165201
v -1.020000 0.900000 0.109999
v -1.020000 0.910000 0.109999
v -0.980000 0.900000 0.109999
v -0.980000 0.910000 0.109999
v -1.020000 0.906699 0.135000
v -1.020000 0.915359 0.130000
v -0.980000 0.906699 0.135000
v -0.980000 0.915359 0.130000
v -1.020000 0.925000 0.153301
v -1.020000 0.930000 0.144641
v -0.980000 0.925000 0.153301
v -0.980000 0.930000 0.144641
v -1.020000 2.500000 0.110000
v -1.020000 2.490000 0.110000
v -0.980000 2.500000 0.110000
v -0.980000 2.490000 0.110000
v -1.020000 2.493301 0.135000
v -1.020000 2.484641 0.130000
v -0.980000 2.493301 0.135000
v -0.980000 2.484641 0.130000
v -1.020000 2.475000 0.153301
v -1.020000 2.470000 0.144641
v -0.980000 2.475000 0.153301
v -0.980000 2.470000 0.144641
v -1.020000 2.450000 0.160000
v -1.020000 0.950000 0.160000
v -1.020000 2.450000 0.150000
v -1.020000 0.950000 0.150000
v -0.980000 2.450000 0.160000
v -0.980000 0.950000 0.160000
v -0.980000 2.450000 0.150000
v -0.980000 0.950000 0.150000
v -0.980000 0.910000 0.039999
v -0.980000 0.900000 0.039999
v -1.020000 0.910000 0.039999
v -1.020000 0.900000 0.039999
v -0.980000 2.490000 0.040000
v -0.980000 2.500000 0.040000
v -1.020000 2.490000 0.040000
v -1.020000 2.500000 0.040000
v -0.980001 1.470000 0.150000
v -0.980001 1.530000 0.150000
v -0.980001 1.530000 0.160000
v -0.980001 1.470000 0.160000
v -1.020000 1.530000 0.160000
v -1.020000 1.470000 0.160000
v -1.020000 1.530000 0.150000
v -1.020000 1.470000 0.150000
v -0.980001 1.480000 0.150000
v -0.980001 1.520000 0.150000
v -0.980001 1.520000 0.160000
v -0.980001 1.480000 0.160000
v -1.020000 1.520000 0.160000
v -1.020000 1.480000 0.160000
v -1.020000 1.520000 0.150000
v -1.020000 1.480000 0.150000
v -0.980001 1.520000 0.170000
v -0.980001 1.480000 0.170000
v -1.020000 1.520000 0.170000
v -0.980001 1.521199 0.165201
v -0.980001 1.478800 0.165201
v -1.020000 1.521199 0.165201
v -1.020000 1.478800 0.165201
v -1.120000 1.519999 0.040000
v -1.110000 1.519999 0.040000
v -1.120000 1.479999 0.040000
v -1.110000 1.479999 0.040000
v -1.120000 1.519999 0.120000
v -1.110000 1.519999 0.120000
v -1.120000 1.479999 0.120000
v -1.110000 1.479999 0.120000
v -1.113301 1.519999 0.145000
v -1.104641 1.519999 0.140000
v -1.113301 1.479999 0.145000
v -1.104641 1.479999 0.140000
v -1.095000 1.519999 0.163301
v -1.090000 1.519999 0.154641
v -1.095000 1.479999 0.163301
v -1.090000 1.479999 0.154641
v -1.070000 1.519999 0.170000
v -1.070000 1.519999 0.160000
v -1.070000 1.479999 0.170000
v -1.070000 1.479999 0.160000
v -1.020000 1.479999 0.170000
v -0.200000 1.512001 0.169000
v -0.200000 1.512001 0.181000
v -0.189608 1.506001 0.169000
v -0.189608 1.506001 0.181000
v -0.189608 1.494001 0.169000
v -0.189608 1.494001 0.181000
v -0.200000 1.488001 0.169000
v -0.200000 1.488001 0.181000
v -0.210392 1.494001 0.169000
v -0.210392 1.494001 0.181000
v -0.210392 1.506001 0.169000
v -0.210392 1.506001 0.181000
v -1.000000 1.512001 0.169000
v -1.000000 1.512001 0.181000
v -0.989608 1.506001 0.169000
v -0.989608 1.506001 0.181000
v -0.989608 1.494001 0.169000
v -0.989608 1.494001 0.181000
v -1.000000 1.488001 0.169000
v -1.000000 1.488001 0.181000
v -1.010392 1.494001 0.169000
v -1.010392 1.494001 0.181000
v -1.010392 1.506001 0.169000
v -1.010392 1.506001 0.181000
v -0.800000 1.512001 0.169000
v -0.800000 1.512001 0.181000
v -0.789608 1.506001 0.169000
v -0.789608 1.506001 0.181000
v -0.789608 1.494001 0.169000
v -0.789608 1.494001 0.181000
v -0.800000 1.488001 0.169000
v -0.800000 1.488001 0.181000
v -0.810392 1.494001 0.169000
v -0.810392 1.494001 0.181000
v -0.810392 1.506001 0.169000
v -0.810392 1.506001 0.181000
v -0.600000 1.512001 0.169000
v -0.600000 1.512001 0.181000
v -0.589608 1.506001 0.169000
v -0.589608 1.506001 0.181000
v -0.589608 1.494001 0.169000
v -0.589608 1.494001 0.181000
v -0.600000 1.488001 0.169000
v -0.600000 1.488001 0.181000
v -0.610393 1.494001 0.169000
v -0.610393 1.494001 0.181000
v -0.610393 1.506001 0.169000
v -0.610393 1.506001 0.181000
v -0.400000 1.512001 0.169000
v -0.400000 1.512001 0.181000
v -0.389608 1.506001 0.169000
v -0.389608 1.506001 0.181000
v -0.389608 1.494001 0.169000
v -0.389608 1.494001 0.181000
v -0.400000 1.488001 0.169000
v -0.400000 1.488001 0.181000
v -0.410392 1.494001 0.169000
v -0.410392 1.494001 0.181000
v -0.410392 1.506001 0.169000
v -0.410392 1.506001 0.181000
v -1.111000 1.489608 0.054000
v -1.099000 1.489608 0.054000
v -1.111000 1.489608 0.066000
v -1.099000 1.489608 0.066000
v -1.111000 1.500000 0.072000
v -1.099000 1.500000 0.072000
v -1.111000 1.510392 0.066000
v -1.099000 1.510392 0.066000
v -1.111000 1.510392 0.054000
v -1.099000 1.510392 0.054000
v -1.111000 1.500000 0.048000
v -1.099000 1.500000 0.048000
v -0.600000 0.909000 0.048000
v -0.600000 0.921000 0.048000
v -0.589608 0.909000 0.054000
v -0.589608 0.921000 0.054000
v -0.589608 0.909000 0.066000
v -0.589608 0.921000 0.066000
v -0.600000 0.909000 0.072000
v -0.600000 0.921000 0.072000
v -0.610393 0.909000 0.066000
v -0.610393 0.921000 0.066000
v -0.610393 0.909000 0.054000
v -0.610393 0.921000 0.054000
v -0.400000 0.909000 0.047999
v -0.400000 0.921000 0.047999
v -0.389608 0.909000 0.053999
v -0.389608 0.921000 0.053999
v -0.389608 0.909000 0.065999
v -0.389608 0.921000 0.065999
v -0.400000 0.909000 0.071999
v -0.400000 0.921000 0.071999
v -0.410392 0.909000 0.065999
v -0.410392 0.921000 0.065999
v -0.410392 0.909000 0.053999
v -0.410392 0.921000 0.053999
v -0.199999 0.909000 0.047999
v -0.199999 0.921000 0.047999
v -0.189607 0.909000 0.053999
v -0.189607 0.921000 0.053999
v -0.189607 0.909000 0.065999
v -0.189607 0.921000 0.065999
v -0.199999 0.909000 0.071999
v -0.199999 0.921000 0.071999
v -0.210392 0.909000 0.065999
v -0.210392 0.921000 0.065999
v -0.210392 0.909000 0.053999
v -0.210392 0.921000 0.053999
v -0.800000 0.909000 0.047999
v -0.800000 0.921000 0.047999
v -0.789608 0.909000 0.053999
v -0.789608 0.921000 0.053999
v -0.789608 0.909000 0.065999
v -0.789608 0.921000 0.065999
v -0.800000 0.909000 0.071999
v -0.800000 0.921000 0.071999
v -0.810392 0.909000 0.065999
v -0.810392 0.921000 0.065999
v -0.810392 0.909000 0.053999
v -0.810392 0.921000 0.053999
v -1.000000 0.909000 0.047999
v -1.000000 0.921000 0.047999
v -0.989608 0.909000 0.053999
v -0.989608 0.921000 0.053999
v -0.989608 0.909000 0.065999
v -0.989608 0.921000 0.065999
v -1.000000 0.909000 0.071999
v -1.000000 0.921000 0.071999
v -1.010392 0.909000 0.065999
v -1.010392 0.921000 0.065999
v -1.010392 0.909000 0.053999
v -1.010392 0.921000 0.053999
v -0.600000 2.491000 0.048000
v -0.600000 2.479000 0.048000
v -0.610393 2.491000 0.054000
v -0.610393 2.479000 0.054000
v -0.610393 2.491000 0.066000
v -0.610393 2.479000 0.066000
v -0.600000 2.491000 0.072000
v -0.600000 2.479000 0.072000
v -0.589608 2.491000 0.066000
v -0.589608 2.479000 0.066000
v -0.589608 2.491000 0.054000
v -0.589608 2.479000 0.054000
v -0.800001 2.491000 0.047999
v -0.800001 2.479000 0.047999
v -0.810393 2.491000 0.053999
v -0.810393 2.479000 0.053999
v -0.810393 2.491000 0.065999
v -0.810393 2.479000 0.065999
v -0.800001 2.491000 0.071999
v -0.800001 2.479000 0.071999
v -0.789609 2.491000 0.065999
v -0.789609 2.479000 0.065999
v -0.789609 2.491000 0.053999
v -0.789609 2.479000 0.053999
v -1.000001 2.491000 0.047999
v -1.000001 2.479000 0.047999
v -1.010394 2.491000 0.053999
v -1.010394 2.479000 0.053999
v -1.010394 2.491000 0.065999
v -1.010394 2.479000 0.065999
v -1.000001 2.491000 0.071999
v -1.000001 2.479000 0.071999
v -0.989609 2.491000 0.065999
v -0.989609 2.479000 0.065999
v -0.989609 2.491000 0.053999
v -0.989609 2.479000 0.053999
v -0.400001 2.491000 0.047999
v -0.400001 2.479000 0.047999
v -0.410393 2.491000 0.053999
v -0.410393 2.479000 0.053999
v -0.410393 2.491000 0.065999
v -0.410393 2.479000 0.065999
v -0.400001 2.491000 0.071999
v -0.400001 2.479000 0.071999
v -0.389608 2.491000 0.065999
v -0.389608 2.479000 0.065999
v -0.389608 2.491000 0.053999
v -0.389608 2.479000 0.053999
v -0.200001 2.491000 0.047999
v -0.200001 2.479000 0.047999
v -0.210393 2.491000 0.053999
v -0.210393 2.479000 0.053999
v -0.210393 2.491000 0.065999
v -0.210393 2.479000 0.065999
v -0.200001 2.491000 0.071999
v -0.200001 2.479000 0.071999
v -0.189609 2.491000 0.065999
v -0.189609 2.479000 0.065999
v -0.189609 2.491000 0.053999
v -0.189609 2.479000 0.053999
v 0.579999 0.950000 0.150000
v 0.579999 2.450000 0.150000
v 0.579999 0.950000 0.160000
v 0.579999 2.450000 0.160000
v 0.619999 0.950000 0.150000
v 0.619999 2.450000 0.150000
v 0.619999 0.950000 0.160000
v 0.619999 2.450000 0.160000
v 0.579999 2.470000 0.144641
v 0.579999 2.475000 0.153301
v 0.619999 2.470000 0.144641
v 0.619999 2.475000 0.153301
v 0.579999 2.484641 0.130000
v 0.579999 2.493301 0.135000
v 0.619999 2.484641 0.130000
v 0.619999 2.493301 0.135000
v 0.579999 2.490000 0.110000
v 0.579999 2.500000 0.110000
v 0.619999 2.490000 0.110000
v 0.619999 2.500000 0.110000
v 0.579999 0.930000 0.144641
v 0.579999 0.925000 0.153301
v 0.619999 0.930000 0.144641
v 0.619999 0.925000 0.153301
v 0.579999 0.915359 0.130000
v 0.579999 0.906699 0.135000
v 0.619999 0.915359 0.130000
v 0.619999 0.906699 0.135000
v 0.579999 0.910000 0.109999
v 0.579999 0.900000 0.109999
v 0.619999 0.910000 0.109999
v 0.619999 0.900000 0.109999
v 0.579999 0.910000 0.039999
v 0.579999 0.900000 0.039999
v 0.619999 0.910000 0.039999
v 0.619999 0.900000 0.039999
v 0.579999 2.490000 0.040000
v 0.579999 2.500000 0.040000
v 0.619999 2.490000 0.040000
v 0.619999 2.500000 0.040000
v 0.819999 0.900000 0.109999
v 0.819999 0.910000 0.109999
v 0.779999 0.900000 0.109999
v 0.779999 0.910000 0.109999
v 0.819999 0.906699 0.135000
v 0.819999 0.915359 0.130000
v 0.779999 0.906699 0.135000
v 0.779999 0.915359 0.130000
v 0.819999 0.925000 0.153301
v 0.819999 0.930000 0.144641
v 0.779999 0.925000 0.153301
v 0.779999 0.930000 0.144641
v 0.819999 2.500000 0.110000
v 0.819999 2.490000 0.110000
v 0.779999 2.500000 0.110000
v 0.779999 2.490000 0.110000
v 0.819999 2.493301 0.135000
v 0.819999 2.484641 0.130000
v 0.779999 2.493301 0.135000
v 0.779999 2.484641 0.130000
v 0.819999 2.475000 0.153301
v 0.819999 2.470000 0.144641
v 0.779999 2.475000 0.153301
v 0.779999 2.470000 0.144641
v 0.819999 2.450000 0.160000
v 0.819999 0.950000 0.160000
v 0.819999 2.450000 0.150000
v 0.819999 0.950000 0.150000
v 0.779999 2.450000 0.160000
v 0.779999 0.950000 0.160000
v 0.779999 2.450000 0.150000
v 0.779999 0.950000 0.150000
v 0.179999 0.950000 0.150000
v 0.179999 2.450000 0.150000
v 0.179999 0.950000 0.160000
v 0.179999 2.450000 0.160000
v 0.219999 0.950000 0.150000
v 0.219999 2.450000 0.150000
v 0.219999 0.950000 0.160000
v 0.219999 2.450000 0.160000
v 0.179999 2.470000 0.144641
v 0.179999 2.475000 0.153301
v 0.219999 2.470000 0.144641
v 0.219999 2.475000 0.153301
v 0.179999 2.484641 0.130000
v 0.179999 2.493301 0.135000
v 0.219999 2.484641 0.130000
v 0.219999 2.493301 0.135000
v 0.179999 2.490000 0.110000
v 0.179999 2.500000 0.110000
v 0.219999 2.490000 0.110000
v 0.219999 2.500000 0.110000
v 0.179999 0.930000 0.144641
v 0.179999 0.925000 0.153301
v 0.219999 0.930000 0.144641
v 0.219999 0.925000 0.153301
v 0.179999 0.915359 0.130000
v 0.179999 0.906699 0.135000
v 0.219999 0.915359 0.130000
v 0.219999 0.906699 0.135000
v 0.179999 0.910000 0.109999
v 0.179999 0.900000 0.109999
v 0.219999 0.910000 0.109999
v 0.219999 0.900000 0.109999
v 0.179999 0.910000 0.039999
v 0.179999 0.900000 0.039999
v 0.219999 0.910000 0.039999
v 0.219999 0.900000 0.039999
v 0.179999 2.490000 0.040000
v 0.179999 2.500000 0.040000
v 0.219999 2.490000 0.040000
v 0.219999 2.500000 0.040000
v 0.180000 1.470000 0.150000
v 0.180000 1.530000 0.150000
v 0.180000 1.530000 0.160000
v 0.180000 1.470000 0.160000
v 0.219999 1.530000 0.160000
v 0.219999 1.470000 0.160000
v 0.219999 1.530000 0.150000
v 0.219999 1.470000 0.150000
v 0.180000 1.480000 0.150000
v 0.180000 1.520000 0.150000
v 0.180000 1.520000 0.160000
v 0.180000 1.480000 0.160000
v 0.219999 1.520000 0.160000
v 0.219999 1.480000 0.160000
v 0.219999 1.520000 0.150000
v 0.219999 1.480000 0.150000
v 0.180000 1.520000 0.170000
v 0.219999 1.520000 0.170000
v 0.219999 1.480000 0.170000
v 0.180000 1.521199 0.165201
v 0.180000 1.478800 0.165201
v 0.219999 1.521199 0.165201
v 0.219999 1.478800 0.165201
v 0.419999 1.478800 0.165201
v 0.419999 1.521199 0.165201
v 0.380000 1.478800 0.165201
v 0.380000 1.521199 0.165201
v 0.419999 1.480000 0.170000
v 0.419999 1.520000 0.170000
v 0.380000 1.480000 0.170000
v 0.380000 1.520000 0.170000
v 0.419999 1.480000 0.150000
v 0.419999 1.520000 0.150000
v 0.419999 1.480000 0.160000
v 0.419999 1.520000 0.160000
v 0.380000 1.480000 0.160000
v 0.380000 1.520000 0.160000
v 0.380000 1.520000 0.150000
v 0.380000 1.480000 0.150000
v 0.419999 1.470000 0.150000
v 0.419999 1.530000 0.150000
v 0.419999 1.470000 0.160000
v 0.419999 1.530000 0.160000
v 0.380000 1.470000 0.160000
v 0.380000 1.530000 0.160000
v 0.380000 1.530000 0.150000
v 0.380000 1.470000 0.150000
v 0.419999 2.500000 0.040000
v 0.419999 2.490000 0.040000
v 0.379999 2.500000 0.040000
v 0.379999 2.490000 0.040000
v 0.419999 0.900000 0.039999
v 0.419999 0.910000 0.039999
v 0.379999 0.900000 0.039999
v 0.379999 0.910000 0.039999
v 0.419999 0.900000 0.109999
v 0.419999 0.910000 0.109999
v 0.379999 0.900000 0.109999
v 0.379999 0.910000 0.109999
v 0.419999 0.906699 0.135000
v 0.419999 0.915359 0.130000
v 0.379999 0.906699 0.135000
v 0.379999 0.915359 0.130000
v 0.419999 0.925000 0.153301
v 0.419999 0.930000 0.144641
v 0.379999 0.925000 0.153301
v 0.379999 0.930000 0.144641
v 0.419999 2.500000 0.110000
v 0.419999 2.490000 0.110000
v 0.379999 2.500000 0.110000
v 0.379999 2.490000 0.110000
v 0.419999 2.493301 0.135000
v 0.419999 2.484641 0.130000
v 0.379999 2.493301 0.135000
v 0.379999 2.484641 0.130000
v 0.419999 2.475000 0.153301
v 0.419999 2.470000 0.144641
v 0.379999 2.475000 0.153301
v 0.379999 2.470000 0.144641
v 0.419999 2.450000 0.160000
v 0.419999 0.950000 0.160000
v 0.419999 2.450000 0.150000
v 0.419999 0.950000 0.150000
v 0.379999 2.450000 0.160000
v 0.379999 0.950000 0.160000
v 0.379999 2.450000 0.150000
v 0.379999 0.950000 0.150000
v 0.580000 1.470000 0.150000
v 0.580000 1.530000 0.150000
v 0.580000 1.530000 0.160000
v 0.580000 1.470000 0.160000
v 0.619999 1.530000 0.160000
v 0.619999 1.470000 0.160000
v 0.619999 1.530000 0.150000
v 0.619999 1.470000 0.150000
v 0.580000 1.480000 0.150000
v 0.580000 1.520000 0.150000
v 0.580000 1.520000 0.160000
v 0.580000 1.480000 0.160000
v 0.619999 1.520000 0.160000
v 0.619999 1.480000 0.160000
v 0.619999 1.520000 0.150000
v 0.619999 1.480000 0.150000
v 0.580000 1.520000 0.170000
v 0.580000 1.480000 0.170000
v 0.619999 1.520000 0.170000
v 0.619999 1.480000 0.170000
v 0.580000 1.521199 0.165201
v 0.580000 1.478800 0.165201
v 0.619999 1.521199 0.165201
v 0.619999 1.478800 0.165201
v 0.779999 0.910000 0.039999
v 0.779999 0.900000 0.039999
v 0.819999 0.910000 0.039999
v 0.819999 0.900000 0.039999
v 0.779999 2.490000 0.040000
v 0.779999 2.500000 0.040000
v 0.819999 2.490000 0.040000
v 0.819999 2.500000 0.040000
v 0.780000 1.470000 0.150000
v 0.780000 1.530000 0.150000
v 0.780000 1.530000 0.160000
v 0.780000 1.470000 0.160000
v 0.819999 1.530000 0.160000
v 0.819999 1.470000 0.160000
v 0.819999 1.530000 0.150000
v 0.819999 1.470000 0.150000
v 0.780000 1.480000 0.150000
v 0.780000 1.520000 0.150000
v 0.780000 1.520000 0.160000
v 0.780000 1.480000 0.160000
v 0.819999 1.520000 0.160000
v 0.819999 1.480000 0.160000
v 0.819999 1.520000 0.150000
v 0.819999 1.480000 0.150000
v 0.780000 1.520000 0.170000
v 0.780000 1.480000 0.170000
v 0.819999 1.520000 0.170000
v 0.819999 1.480000 0.170000
v 0.780000 1.521199 0.165201
v 0.780000 1.478800 0.165201
v 0.819999 1.521199 0.165201
v 0.819999 1.478800 0.165201
v 1.019999 0.900000 0.109999
v 1.019999 0.910000 0.109999
v 0.979999 0.900000 0.109999
v 0.979999 0.910000 0.109999
v 1.019999 0.906699 0.135000
v 1.019999 0.915359 0.130000
v 0.979999 0.906699 0.135000
v 0.979999 0.915359 0.130000
v 1.019999 0.925000 0.153301
v 1.019999 0.930000 0.144641
v 0.979999 0.925000 0.153301
v 0.979999 0.930000 0.144641
v 1.019999 2.500000 0.110000
v 1.019999 2.490000 0.110000
v 0.979999 2.500000 0.110000
v 0.979999 2.490000 0.110000
v 1.019999 2.493301 0.135000
v 1.019999 2.484641 0.130000
v 0.979999 2.493301 0.135000
v 0.979999 2.484641 0.130000
v 1.019999 2.475000 0.153301
v 1.019999 2.470000 0.144641
v 0.979999 2.475000 0.153301
v 0.979999 2.470000 0.144641
v 1.019999 2.450000 0.160000
v 1.019999 0.950000 0.160000
v 1.019999 2.450000 0.150000
v 1.019999 0.950000 0.150000
v 0.979999 2.450000 0.160000
v 0.979999 0.950000 0.160000
v 0.979999 2.450000 0.150000
v 0.979999 0.950000 0.150000
v 0.979999 0.910000 0.039999
v 0.979999 0.900000 0.039999
v 1.019999 0.910000 0.039999
v 1.019999 0.900000 0.039999
v 0.979999 2.490000 0.040000
v 0.979999 2.500000 0.040000
v 1.019999 2.490000 0.040000
v 1.019999 2.500000 0.040000
v 0.980000 1.470000 0.150000
v 0.980000 1.530000 0.150000
v 0.980000 1.530000 0.160000
v 0.980000 1.470000 0.160000
v 1.019999 1.530000 0.160000
v 1.019999 1.470000 0.160000
v 1.019999 1.530000 0.150000
v 1.019999 1.470000 0.150000
v 0.980000 1.480000 0.150000
v 0.980000 1.520000 0.150000
v 0.980000 1.520000 0.160000
v 0.980000 1.480000 0.160000
v 1.019999 1.520000 0.160000
v 1.019999 1.480000 0.160000
v 1.019999 1.520000 0.150000
v 1.019999 1.480000 0.150000
v 0.980000 1.520000 0.170000
v 0.980000 1.480000 0.170000
v 1.019999 1.520000 0.170000
v 0.980000 1.521199 0.165201
v 0.980000 1.478800 0.165201
v 1.019999 1.521199 0.165201
v 1.019999 1.478800 0.165201
v 1.119999 1.519999 0.040000
v 1.109999 1.519999 0.040000
v 1.119999 1.479999 0.040000
v 1.109999 1.479999 0.040000
v 1.119999 1.519999 0.120000
v 1.109999 1.519999 0.120000
v 1.119999 1.479999 0.120000
v 1.109999 1.479999 0.120000
v 1.113300 1.519999 0.145000
v 1.104640 1.519999 0.140000
v 1.113300 1.479999 0.145000
v 1.104640 1.479999 0.140000
v 1.094999 1.519999 0.163301
v 1.089999 1.519999 0.154641
v 1.094999 1.479999 0.163301
v 1.089999 1.479999 0.154641
v 1.069999 1.519999 0.170000
v 1.069999 1.519999 0.160000
v 1.069999 1.479999 0.170000
v 1.069999 1.479999 0.160000
v 0.179999 1.479999 0.170000
v 1.019999 1.479999 0.170000
v 0.199999 1.512001 0.169000
v 0.199999 1.512001 0.181000
v 0.189607 1.506001 0.169000
v 0.189607 1.506001 0.181000
v 0.189607 1.494001 0.169000
v 0.189607 1.494001 0.181000
v 0.199999 1.488001 0.169000
v 0.199999 1.488001 0.181000
v 0.210391 1.494001 0.169000
v 0.210391 1.494001 0.181000
v 0.210391 1.506001 0.169000
v 0.210391 1.506001 0.181000
v 0.999999 1.512001 0.169000
v 0.999999 1.512001 0.181000
v 0.989607 1.506001 0.169000
v 0.989607 1.506001 0.181000
v 0.989607 1.494001 0.169000
v 0.989607 1.494001 0.181000
v 0.999999 1.488001 0.169000
v 0.999999 1.488001 0.181000
v 1.010391 1.494001 0.169000
v 1.010391 1.494001 0.181000
v 1.010391 1.506001 0.169000
v 1.010391 1.506001 0.181000
v 0.799999 1.512001 0.169000
v 0.799999 1.512001 0.181000
v 0.789607 1.506001 0.169000
v 0.789607 1.506001 0.181000
v 0.789607 1.494001 0.169000
v 0.789607 1.494001 0.181000
v 0.799999 1.488001 0.169000
v 0.799999 1.488001 0.181000
v 0.810391 1.494001 0.169000
v 0.810391 1.494001 0.181000
v 0.810391 1.506001 0.169000
v 0.810391 1.506001 0.181000
v 0.599999 1.512001 0.169000
v 0.599999 1.512001 0.181000
v 0.589607 1.506001 0.169000
v 0.589607 1.506001 0.181000
v 0.589607 1.494001 0.169000
v 0.589607 1.494001 0.181000
v 0.599999 1.488001 0.169000
v 0.599999 1.488001 0.181000
v 0.610392 1.494001 0.169000
v 0.610392 1.494001 0.181000
v 0.610392 1.506001 0.169000
v 0.610392 1.506001 0.181000
v 0.399999 1.512001 0.169000
v 0.399999 1.512001 0.181000
v 0.389607 1.506001 0.169000
v 0.389607 1.506001 0.181000
v 0.389607 1.494001 0.169000
v 0.389607 1.494001 0.181000
v 0.399999 1.488001 0.169000
v 0.399999 1.488001 0.181000
v 0.410391 1.494001 0.169000
v 0.410391 1.494001 0.181000
v 0.410391 1.506001 0.169000
v 0.410391 1.506001 0.181000
v 1.110999 1.489608 0.054000
v 1.098999 1.489608 0.054000
v 1.110999 1.489608 0.066000
v 1.098999 1.489608 0.066000
v 1.110999 1.500000 0.072000
v 1.098999 1.500000 0.072000
v 1.110999 1.510392 0.066000
v 1.098999 1.510392 0.066000
v 1.110999 1.510392 0.054000
v 1.098999 1.510392 0.054000
v 1.110999 1.500000 0.048000
v 1.098999 1.500000 0.048000
v 0.599999 0.909000 0.048000
v 0.599999 0.921000 0.048000
v 0.589607 0.909000 0.054000
v 0.589607 0.921000 0.054000
v 0.589607 0.909000 0.066000
v 0.589607 0.921000 0.066000
v 0.599999 0.909000 0.072000
v 0.599999 0.921000 0.072000
v 0.610392 0.909000 0.066000
v 0.610392 0.921000 0.066000
v 0.610392 0.909000 0.054000
v 0.610392 0.921000 0.054000
v 0.399999 0.909000 0.047999
v 0.399999 0.921000 0.047999
v 0.389607 0.909000 0.053999
v 0.389607 0.921000 0.053999
v 0.389607 0.909000 0.065999
v 0.389607 0.921000 0.065999
v 0.399999 0.909000 0.071999
v 0.399999 0.921000 0.071999
v 0.410391 0.909000 0.065999
v 0.410391 0.921000 0.065999
v 0.410391 0.909000 0.053999
v 0.410391 0.921000 0.053999
v 0.199998 0.909000 0.047999
v 0.199998 0.921000 0.047999
v 0.189606 0.909000 0.053999
v 0.189606 0.921000 0.053999
v 0.189606 0.909000 0.065999
v 0.189606 0.921000 0.065999
v 0.199998 0.909000 0.071999
v 0.199998 0.921000 0.071999
v 0.210391 0.909000 0.065999
v 0.210391 0.921000 0.065999
v 0.210391 0.909000 0.053999
v 0.210391 0.921000 0.053999
v 0.799999 0.909000 0.047999
v 0.799999 0.921000 0.047999
v 0.789607 0.909000 0.053999
v 0.789607 0.921000 0.053999
v 0.789607 0.909000 0.065999
v 0.789607 0.921000 0.065999
v 0.799999 0.909000 0.071999
v 0.799999 0.921000 0.071999
v 0.810392 0.909000 0.065999
v 0.810391 0.921000 0.065999
v 0.810392 0.909000 0.053999
v 0.810391 0.921000 0.053999
v 0.999999 0.909000 0.047999
v 0.999999 0.921000 0.047999
v 0.989607 0.909000 0.053999
v 0.989607 0.921000 0.053999
v 0.989607 0.909000 0.065999
v 0.989607 0.921000 0.065999
v 0.999999 0.909000 0.071999
v 0.999999 0.921000 0.071999
v 1.010391 0.909000 0.065999
v 1.010391 0.921000 0.065999
v 1.010391 0.909000 0.053999
v 1.010391 0.921000 0.053999
v 0.599999 2.491000 0.048000
v 0.599999 2.479000 0.048000
v 0.610392 2.491000 0.054000
v 0.610392 2.479000 0.054000
v 0.610392 2.491000 0.066000
v 0.610392 2.479000 0.066000
v 0.599999 2.491000 0.072000
v 0.599999 2.479000 0.072000
v 0.589607 2.491000 0.066000
v 0.589607 2.479000 0.066000
v 0.589607 2.491000 0.054000
v 0.589607 2.479000 0.054000
v 0.800000 2.491000 0.047999
v 0.800000 2.479000 0.047999
v 0.810392 2.491000 0.053999
v 0.810392 2.479000 0.053999
v 0.810392 2.491000 0.065999
v 0.810392 2.479000 0.065999
v 0.800000 2.491000 0.071999
v 0.800000 2.479000 0.071999
v 0.789608 2.491000 0.065999
v 0.789608 2.479000 0.065999
v 0.789608 2.491000 0.053999
v 0.789608 2.479000 0.053999
v 1.000000 2.491000 0.047999
v 1.000000 2.479000 0.047999
v 1.010393 2.491000 0.053999
v 1.010393 2.479000 0.053999
v 1.010393 2.491000 0.065999
v 1.010393 2.479000 0.065999
v 1.000000 2.491000 0.071999
v 1.000000 2.479000 0.071999
v 0.989608 2.491000 0.065999
v 0.989608 2.479000 0.065999
v 0.989608 2.491000 0.053999
v 0.989608 2.479000 0.053999
v 0.400000 2.491000 0.047999
v 0.400000 2.479000 0.047999
v 0.410392 2.491000 0.053999
v 0.410392 2.479000 0.053999
v 0.410392 2.491000 0.065999
v 0.410392 2.479000 0.065999
v 0.400000 2.491000 0.071999
v 0.400000 2.479000 0.071999
v 0.389607 2.491000 0.065999
v 0.389607 2.479000 0.065999
v 0.389607 2.491000 0.053999
v 0.389607 2.479000 0.053999
v 0.200000 2.491000 0.047999
v 0.200000 2.479000 0.047999
v 0.210392 2.491000 0.053999
v 0.210392 2.479000 0.053999
v 0.210392 2.491000 0.065999
v 0.210392 2.479000 0.065999
v 0.200000 2.491000 0.071999
v 0.200000 2.479000 0.071999
v 0.189608 2.491000 0.065999
v 0.189608 2.479000 0.065999
v 0.189608 2.491000 0.053999
v 0.189608 2.479000 0.053999
v -0.021563 0.950000 0.150000
v -0.021563 2.450000 0.150000
v -0.021563 0.950000 0.160000
v -0.021563 2.450000 0.160000
v 0.018437 0.950000 0.150000
v 0.018437 2.450000 0.150000
v 0.018437 0.950000 0.160000
v 0.018437 2.450000 0.160000
v -0.021563 2.470000 0.144641
v -0.021563 2.475000 0.153301
v 0.018437 2.470000 0.144641
v 0.018437 2.475000 0.153301
v -0.021563 2.484641 0.130000
v -0.021563 2.493301 0.135000
v 0.018437 2.484641 0.130000
v 0.018437 2.493301 0.135000
v -0.021563 2.490000 0.110000
v -0.021563 2.500000 0.110000
v 0.018437 2.490000 0.110000
v 0.018437 2.500000 0.110000
v -0.021563 0.930000 0.144641
v -0.021563 0.925000 0.153301
v 0.018437 0.930000 0.144641
v 0.018437 0.925000 0.153301
v -0.021563 0.915359 0.130000
v -0.021563 0.906699 0.135000
v 0.018437 0.915359 0.130000
v 0.018437 0.906699 0.135000
v -0.021563 0.910000 0.109999
v -0.021563 0.900000 0.109999
v 0.018437 0.910000 0.109999
v 0.018437 0.900000 0.109999
v -0.021563 0.910000 0.039999
v -0.021563 0.900000 0.039999
v 0.018437 0.910000 0.039999
v 0.018437 0.900000 0.039999
v -0.021563 2.490000 0.040000
v -0.021563 2.500000 0.040000
v 0.018437 2.490000 0.040000
v 0.018437 2.500000 0.040000
v -0.021562 1.470000 0.150000
v -0.021562 1.530000 0.150000
v -0.021562 1.530000 0.160000
v -0.021562 1.470000 0.160000
v 0.018437 1.530000 0.160000
v 0.018437 1.470000 0.160000
v 0.018437 1.530000 0.150000
v 0.018437 1.470000 0.150000
v -0.021562 1.480000 0.150000
v -0.021562 1.520000 0.150000
v -0.021562 1.520000 0.160000
v -0.021562 1.480000 0.160000
v 0.018437 1.480000 0.160000
v 0.018437 1.520000 0.150000
v 0.018437 1.480000 0.150000
v 0.018437 1.520000 0.170000
v 0.018437 1.480000 0.170000
v -0.021562 1.521199 0.165201
v -0.021562 1.478800 0.165201
v 0.018437 1.521199 0.165201
v 0.018437 1.478800 0.165201
v -0.001563 1.512001 0.169000
v -0.001563 1.512001 0.181000
v -0.011955 1.506001 0.169000
v -0.011955 1.506001 0.181000
v -0.011955 1.494001 0.169000
v -0.011955 1.494001 0.181000
v -0.001563 1.488001 0.169000
v -0.001563 1.488001 0.181000
v 0.008829 1.494001 0.169000
v 0.008829 1.494001 0.181000
v 0.008829 1.506001 0.169000
v 0.008829 1.506001 0.181000
v -0.001564 0.909000 0.047999
v -0.001564 0.921000 0.047999
v -0.011956 0.909000 0.053999
v -0.011956 0.921000 0.053999
v -0.011956 0.909000 0.065999
v -0.011956 0.921000 0.065999
v -0.001564 0.909000 0.071999
v -0.001564 0.921000 0.071999
v 0.008828 0.909000 0.065999
v 0.008828 0.921000 0.065999
v 0.008828 0.909000 0.053999
v 0.008828 0.921000 0.053999
v -0.001562 2.491000 0.047999
v -0.001562 2.479000 0.047999
v 0.008830 2.491000 0.053999
v 0.008830 2.479000 0.053999
v 0.008830 2.491000 0.065999
v 0.008830 2.479000 0.065999
v -0.001562 2.491000 0.071999
v -0.001562 2.479000 0.071999
v -0.011955 2.491000 0.065999
v -0.011955 2.479000 0.065999
v -0.011955 2.491000 0.053999
v -0.011955 2.479000 0.053999
v -0.180001 1.520000 0.160000
v -0.180000 1.479999 0.170000
v -0.021562 1.479999 0.170000
v -0.021563 1.520000 0.170000
v 0.018437 1.520000 0.160000
vn 1.0000 -0.0000 -0.0000
vn -0.0000 -0.0000 1.0000
vn -0.0000 0.1305 0.9914
vn -1.0000 -0.0000 -0.0000
vn -0.0000 -0.0000 -1.0000
vn -0.0000 -0.1305 -0.9914
vn -0.0000 -0.2588 -0.9659
vn -0.0000 0.5000 0.8660
vn -0.0000 -0.7071 -0.7071
vn -0.0000 -0.8660 -0.5000
vn -0.0000 0.7071 0.7071
vn -0.0000 -0.9914 -0.1305
vn -0.0000 0.9659 0.2588
vn -0.0000 0.9914 0.1305
vn -0.0000 0.0654 -0.9979
vn -0.0000 0.2588 -0.9659
vn -0.0000 -0.0654 0.9979
vn -0.0000 -0.2588 0.9659
vn -0.0000 0.5000 -0.8660
vn -0.0000 -0.5000 0.8660
vn -0.0000 0.7071 -0.7071
vn -0.0000 -0.7071 0.7071
vn -0.0000 0.8660 -0.5000
vn -0.0000 -0.8660 0.5000
vn -0.0000 0.9659 -0.2588
vn -0.0000 -0.9659 0.2588
vn -0.0000 -0.9979 0.0654
vn -0.0000 0.9979 -0.0654
vn -0.0000 1.0000 -0.0000
vn -0.0000 -1.0000 -0.0000
vn -0.0000 -0.9914 0.1305
vn -0.0000 -0.1305 0.9914
vn -0.0000 0.1305 -0.9914
vn -0.0000 0.9914 -0.1305
vn -0.0000 0.9701 0.2425
vn 1.0000 -0.0004 -0.0001
vn 1.0000 -0.0002 -0.0001
vn -0.0000 -0.9702 0.2425
vn -0.0000 -0.5088 0.8609
vn -0.0000 0.5088 0.8609
vn -0.0000 -0.9701 0.2425
vn -1.0000 0.0001 -0.0000
vn -1.0000 -0.0002 -0.0001
vn -1.0000 0.0002 -0.0000
vn 0.1305 -0.0000 -0.9914
vn 0.5000 -0.0000 -0.8660
vn 0.9914 -0.0000 -0.1305
vn -0.9914 -0.0000 0.1305
vn -0.9659 -0.0000 0.2588
vn 0.7071 -0.0000 -0.7071
vn 0.9659 -0.0000 -0.2588
vn -0.7071 -0.0000 0.7071
vn -0.1305 -0.0000 0.9914
vn 0.5000 0.8660 -0.0000
vn 0.5000 -0.8660 -0.0000
vn -0.5000 -0.8660 -0.0000
vn -0.5000 0.8660 -0.0000
vn -0.0000 -0.5000 -0.8660
vn 0.5000 -0.0000 0.8660
vn -0.5000 -0.0000 0.8660
vn -0.5000 -0.0000 -0.8660
vn -1.0000 -0.0004 -0.0001
vn 1.0000 0.0001 -0.0000
vn 1.0000 0.0002 -0.0000
vn -0.1305 -0.0000 -0.9914
vn -0.9914 -0.0000 -0.1305
vn 0.9914 -0.0000 0.1305
vn 0.9659 -0.0000 0.2588
vn 0.1305 -0.0000 0.9914
vn 0.2588 -0.0000 0.9659
vn -0.7071 -0.0000 -0.7071
vn -0.9659 -0.0000 -0.2588
vn 0.7071 -0.0000 0.7071
vn -0.2588 -0.0000 0.9659
vt 0.369231 0.530385
vt 1.076923 0.530385
vt 1.076923 0.538077
vt 0.369231 0.538077
vt 0.053846 0.369231
vt 0.053846 1.076923
vt 0.023077 1.076923
vt 0.023077 0.369231
vt 0.023077 1.092308
vt 0.053846 1.092308
vt 0.053846 1.096154
vt 0.023077 1.096154
vt 1.092308 0.526262
vt 1.103570 0.515000
vt 1.110232 0.518846
vt 1.096154 0.532924
vt 0.023077 1.103570
vt 0.053846 1.103570
vt 0.053846 1.110232
vt 0.023077 1.110232
vt 1.107692 0.499615
vt 1.115385 0.499615
vt 0.361538 1.076923
vt 0.361538 1.096154
vt 0.330769 1.096154
vt 0.330769 1.076923
vt 0.023077 0.515000
vt 0.023077 0.499615
vt 0.053846 0.499615
vt 0.053846 0.515000
vt 0.053846 0.518846
vt 0.053846 0.499615
vt 0.023077 0.499615
vt 0.023077 0.518846
vt 0.023077 -0.076923
vt 0.053846 -0.076923
vt 0.053846 -0.084887
vt 0.023077 -0.084887
vt 0.023077 -0.086878
vt 0.053846 -0.086878
vt -0.076923 0.530385
vt -0.076923 0.538077
vt -0.086878 0.536766
vt -0.084887 0.529336
vt -0.076923 0.530385
vt -0.096154 0.532924
vt -0.092308 0.526262
vt 0.053846 -0.092308
vt 0.023077 -0.092308
vt 0.023077 -0.096154
vt 0.053846 -0.096154
vt 0.053846 -0.098680
vt 0.023077 -0.098680
vt 0.023077 -0.104120
vt 0.053846 -0.104120
vt -0.098680 0.521372
vt -0.104120 0.526812
vt -0.103570 0.515000
vt -0.110232 0.518846
vt 0.023077 0.521372
vt 0.053846 0.521372
vt 0.053846 0.515000
vt 0.023077 0.515000
vt 0.053846 0.526812
vt 0.023077 0.526812
vt 0.023077 0.518846
vt 0.053846 0.518846
vt 0.053846 0.507579
vt 0.023077 0.507579
vt 0.023077 0.509570
vt 0.053846 0.509570
vt -0.106644 0.507579
vt -0.114074 0.509570
vt 0.023077 0.499615
vt 0.053846 0.499615
vt -0.107692 0.499615
vt -0.115385 0.499615
vt -0.107692 0.445769
vt -0.115385 0.445769
vt 0.053846 0.445769
vt 0.023077 0.445769
vt 1.115385 0.445769
vt 1.107692 0.445769
vt 1.115385 0.445769
vt 0.023077 0.445769
vt 0.053846 0.445769
vt 0.053846 0.445769
vt 0.023077 0.445769
vt -0.100000 0.518846
vt -0.130769 0.518846
vt -0.130769 0.499615
vt -0.100000 0.499615
vt 0.330769 -0.076923
vt 0.330769 -0.096154
vt 0.361538 -0.096154
vt 0.361538 -0.076923
vt -0.130769 -0.076923
vt -0.100000 -0.076923
vt -0.100000 -0.092308
vt -0.130769 -0.092308
vt -0.100000 0.499615
vt -0.130769 0.499615
vt -0.130769 0.445769
vt -0.100000 0.445769
vt -0.100000 0.445769
vt -0.130769 0.445769
vt -0.130769 -0.096154
vt -0.100000 -0.096154
vt -0.100000 0.515000
vt -0.130769 0.515000
vt -0.100000 -0.115385
vt -0.130769 -0.115385
vt -0.130769 -0.107692
vt -0.100000 -0.107692
vt -0.130769 1.092308
vt -0.130769 1.103570
vt -0.100000 1.103570
vt -0.100000 1.092308
vt -0.100000 0.518846
vt -0.100000 0.499615
vt -0.130769 0.499615
vt -0.130769 0.518846
vt -0.130769 1.096154
vt -0.100000 1.096154
vt -0.100000 1.110232
vt -0.130769 1.110232
vt -0.130769 1.076923
vt -0.100000 1.076923
vt -0.130769 0.361538
vt -0.130769 0.369231
vt -0.100000 0.369231
vt -0.100000 0.361538
vt -0.130769 0.323077
vt -0.100000 0.323077
vt 0.330769 0.323077
vt 0.361538 0.323077
vt 0.361538 0.369231
vt 0.330769 0.369231
vt 0.330769 0.361538
vt 0.361538 0.361538
vt 0.330769 0.518846
vt 0.361538 0.518846
vt 0.361538 0.532924
vt 0.330769 0.532924
vt 0.361538 -0.092308
vt 0.330769 -0.092308
vt 0.361538 0.515000
vt 0.330769 0.515000
vt 0.330769 0.499615
vt 0.361538 0.499615
vt 0.330769 1.092308
vt 0.361538 1.092308
vt 0.361538 1.110232
vt 0.330769 1.110232
vt 0.330769 1.103570
vt 0.361538 1.103570
vt 0.330769 0.518846
vt 0.361538 0.518846
vt 0.361538 0.499615
vt 0.330769 0.499615
vt 0.176923 0.515000
vt 0.176923 0.499615
vt 0.207692 0.499615
vt 0.207692 0.515000
vt 0.361538 -0.115385
vt 0.330769 -0.115385
vt 0.330769 -0.107692
vt 0.361538 -0.107692
vt 0.361538 0.526262
vt 0.361538 0.515000
vt 0.330769 0.515000
vt 0.330769 0.526262
vt 0.330769 0.499615
vt 0.361538 0.499615
vt 0.361538 0.445769
vt 0.330769 0.445769
vt 0.330769 0.445769
vt 0.361538 0.445769
vt 0.361538 0.445769
vt 0.330769 0.445769
vt 0.323077 0.538077
vt 0.329846 0.542078
vt 0.330769 0.538077
vt 0.361538 1.107692
vt 0.330769 1.107692
vt 0.330769 1.115385
vt 0.361538 1.115385
vt 0.361538 0.545769
vt 0.361538 0.538077
vt 0.362461 0.542078
vt 0.330769 0.330769
vt 0.361538 0.330769
vt 0.361538 0.530385
vt 0.361538 0.545769
vt 0.361538 0.542078
vt 0.330769 0.542078
vt 0.330769 0.545769
vt 0.330769 0.545769
vt 0.323077 0.530385
vt 0.361539 0.545769
vt 0.176923 0.323077
vt 0.207692 0.323077
vt 0.207692 0.329846
vt 0.176923 0.329846
vt 0.176923 0.515000
vt 0.207692 0.515000
vt 0.207692 0.499615
vt 0.176923 0.499615
vt 0.330769 0.530385
vt 0.207692 0.361538
vt 0.207692 0.330769
vt 0.361538 0.329846
vt 0.330769 0.329846
vt 0.330769 0.362461
vt 0.361538 0.362461
vt 0.207692 0.538077
vt 0.207692 0.545769
vt 0.330769 0.538077
vt 0.176923 0.330769
vt 0.176923 0.361538
vt 0.053846 0.361538
vt 0.053846 0.330769
vt 0.023077 0.361538
vt 0.023077 0.330769
vt -0.100000 0.330769
vt 0.361539 0.330769
vt 0.330769 0.545769
vt 0.207692 0.542078
vt 0.176923 0.545769
vt 0.176923 0.542078
vt 0.207692 -0.076923
vt 0.176923 -0.076923
vt 0.207692 1.107692
vt 0.176923 1.107692
vt 0.176923 1.115385
vt 0.207692 1.115385
vt 0.176923 0.445769
vt 0.207692 0.445769
vt 0.176923 0.499615
vt 0.207692 0.499615
vt 0.207692 0.445769
vt 0.176923 0.445769
vt 0.176923 0.526262
vt 0.207692 0.526262
vt 0.207692 0.518846
vt 0.176923 0.518846
vt 0.207692 -0.092308
vt 0.176923 -0.092308
vt 0.207692 0.532924
vt 0.176923 0.532924
vt 0.176923 -0.096154
vt 0.207692 -0.096154
vt -0.130769 0.515000
vt -0.100000 0.515000
vt 0.176923 0.445769
vt 0.207692 0.445769
vt 0.207692 -0.115385
vt 0.176923 -0.115385
vt 0.176923 -0.107692
vt 0.207692 -0.107692
vt 0.207692 0.518846
vt 0.176923 0.518846
vt 0.176923 1.092308
vt 0.207692 1.092308
vt 0.207692 1.076923
vt 0.176923 1.076923
vt 0.176923 1.103570
vt 0.207692 1.103570
vt 0.176923 1.096154
vt 0.207692 1.096154
vt 0.207692 1.110232
vt 0.176923 1.110232
vt 0.669231 1.076923
vt 0.669231 1.096154
vt 0.638461 1.096154
vt 0.638461 1.076923
vt 0.176923 0.369231
vt 0.207692 0.369231
vt 0.053846 1.107692
vt 0.023077 1.107692
vt 0.023077 1.115385
vt 0.053846 1.115385
vt 0.053846 -0.115385
vt 0.023077 -0.115385
vt 0.023077 -0.107692
vt 0.053846 -0.107692
vt 0.023077 0.323077
vt 0.053846 0.323077
vt 0.053846 0.542078
vt 0.053846 0.545769
vt 0.023077 0.545769
vt 0.023077 0.542078
vt 0.023077 0.362461
vt 0.053846 0.362461
vt 0.053846 0.329846
vt 0.023077 0.329846
vt 0.053846 0.538077
vt 0.176923 0.538077
vt -0.130769 0.532924
vt -0.100000 0.532924
vt -0.100000 0.445769
vt -0.130769 0.445769
vt -0.100000 1.107692
vt -0.130769 1.107692
vt -0.130769 1.115385
vt -0.100000 1.115385
vt -0.130769 0.330769
vt -0.100000 0.545769
vt -0.100000 0.542078
vt -0.130769 0.542078
vt -0.130769 0.545769
vt -0.253846 0.515000
vt -0.284615 0.515000
vt -0.284615 0.526262
vt -0.253846 0.526262
vt -0.100000 0.329846
vt -0.130769 0.329846
vt -0.130769 0.362461
vt -0.100000 0.362461
vt -0.253846 0.330769
vt -0.253846 0.361538
vt 0.023077 0.538077
vt -0.100000 0.538077
vt -0.253846 0.545769
vt -0.253846 0.538077
vt -0.130769 0.538077
vt -0.253846 0.518846
vt -0.284615 0.518846
vt -0.284615 0.499615
vt -0.253846 0.499615
vt -0.284615 -0.076923
vt -0.253846 -0.076923
vt -0.253846 -0.092308
vt -0.284615 -0.092308
vt -0.253846 0.499615
vt -0.284615 0.499615
vt -0.284615 0.445769
vt -0.253846 0.445769
vt -0.253846 0.445769
vt -0.284615 0.445769
vt -0.284615 -0.096154
vt -0.253846 -0.096154
vt -0.253846 0.515000
vt -0.284615 0.515000
vt -0.253846 -0.115385
vt -0.284615 -0.115385
vt -0.284615 -0.107692
vt -0.253846 -0.107692
vt -0.284615 1.092308
vt -0.284615 1.103570
vt -0.253846 1.103570
vt -0.253846 1.092308
vt -0.253846 0.518846
vt -0.253846 0.499615
vt -0.284615 0.499615
vt -0.284615 0.518846
vt -0.284615 1.096154
vt -0.253846 1.096154
vt -0.253846 1.110232
vt -0.284615 1.110232
vt -0.284615 1.076923
vt -0.253846 1.076923
vt -0.284615 0.361538
vt -0.284615 0.369231
vt -0.253846 0.369231
vt -0.284615 0.323077
vt -0.253846 0.323077
vt -0.284615 0.532924
vt -0.253846 0.532924
vt -0.253846 0.445769
vt -0.284615 0.445769
vt -0.253846 1.107692
vt -0.284615 1.107692
vt -0.284615 1.115385
vt -0.253846 1.115385
vt -0.284615 0.330769
vt -0.253846 0.542078
vt -0.284615 0.542078
vt -0.284615 0.545769
vt -0.284615 0.545769
vt 0.483414 -0.076923
vt 0.483414 -0.096154
vt 0.514183 -0.096154
vt 0.514183 -0.076923
vt -0.253846 0.329846
vt -0.284615 0.329846
vt -0.284615 0.362461
vt -0.253846 0.362461
vt -0.284615 0.330769
vt -0.323077 0.538077
vt -0.323077 0.545769
vt -0.342307 0.540616
vt -0.338461 0.533955
vt -0.338461 0.533955
vt -0.349723 0.522692
vt -0.356385 0.526538
vt -0.342307 0.540616
vt -0.323077 0.545769
vt -0.323077 0.538077
vt -0.323076 0.330769
vt -0.338977 0.330769
vt -0.338977 0.361538
vt -0.323077 0.361538
vt -0.349724 0.522692
vt -0.361538 0.507308
vt -0.353846 0.507308
vt -0.361538 0.330769
vt -0.361538 0.361538
vt -0.353846 0.361538
vt -0.353846 0.330769
vt 0.361538 0.509231
vt 0.330769 0.509231
vt 0.330769 0.445769
vt 0.361538 0.445769
vt 0.330769 0.508269
vt 0.361538 0.508269
vt -0.353846 0.507307
vt -0.353846 0.445769
vt -0.361538 0.445769
vt 0.330769 0.529423
vt 0.361538 0.529423
vt 0.330769 0.537801
vt 0.330769 0.526538
vt 0.361538 0.526538
vt 0.361538 0.537801
vt 0.330769 0.544463
vt 0.361538 0.544463
vt -0.284615 0.538077
vt -0.323077 0.330769
vt 0.346154 0.545000
vt 0.346154 0.554231
vt 0.354148 0.554231
vt 0.354148 0.545000
vt 0.350770 0.545000
vt 0.350770 0.554231
vt 0.341539 0.554231
vt 0.341539 0.545000
vt 0.338160 0.554231
vt 0.338160 0.545000
vt 0.354148 0.350770
vt 0.346154 0.355385
vt 0.338160 0.350770
vt 0.338160 0.341539
vt 0.346154 0.336924
vt 0.354148 0.341539
vt -0.269230 0.545000
vt -0.269230 0.554231
vt -0.261236 0.554231
vt -0.261236 0.545000
vt 0.341539 0.554231
vt 0.341539 0.545000
vt -0.277224 0.554231
vt -0.277224 0.545000
vt -0.261236 0.350770
vt -0.269230 0.355385
vt -0.277224 0.350770
vt -0.277224 0.341539
vt -0.269230 0.336924
vt -0.261236 0.341539
vt -0.115384 0.545000
vt -0.115384 0.554231
vt -0.107390 0.554231
vt -0.107390 0.545000
vt -0.123378 0.554231
vt -0.123378 0.545000
vt -0.107390 0.350770
vt -0.115384 0.355385
vt -0.123378 0.350770
vt -0.123378 0.341539
vt -0.115384 0.336924
vt -0.107390 0.341539
vt 0.038462 0.545000
vt 0.038462 0.554231
vt 0.046456 0.554231
vt 0.046456 0.545000
vt 0.030468 0.554231
vt 0.030468 0.545000
vt 0.046456 0.350770
vt 0.038462 0.355385
vt 0.030468 0.350770
vt 0.030468 0.341539
vt 0.038462 0.336924
vt 0.046456 0.341539
vt 0.192308 0.545000
vt 0.192308 0.554231
vt 0.200302 0.554231
vt 0.200302 0.545000
vt 0.184314 0.554231
vt 0.184314 0.545000
vt 0.200302 0.350770
vt 0.192308 0.355385
vt 0.184314 0.350770
vt 0.184314 0.341539
vt 0.192308 0.336924
vt 0.200302 0.341539
vt -0.345384 0.338160
vt -0.354615 0.338160
vt -0.354615 0.346154
vt -0.345384 0.346154
vt -0.345384 0.465769
vt -0.354615 0.465769
vt -0.354615 0.456538
vt -0.345384 0.456538
vt -0.354615 0.456538
vt -0.354615 0.465769
vt 0.354148 0.456538
vt 0.346154 0.451923
vt 0.338160 0.456538
vt 0.338160 0.465769
vt 0.346154 0.470385
vt 0.354148 0.465769
vt -0.354615 0.338160
vt -0.345384 0.338160
vt -0.345384 0.354148
vt -0.354615 0.354148
vt -0.354615 0.354148
vt -0.345384 0.354148
vt 0.038462 -0.108462
vt 0.038462 -0.099231
vt 0.046456 -0.099231
vt 0.046456 -0.108462
vt -0.108462 0.456538
vt -0.099231 0.456538
vt -0.099231 0.465769
vt -0.108462 0.465769
vt 0.030467 -0.099231
vt 0.030467 -0.108462
vt 0.046456 0.456538
vt 0.038462 0.451923
vt 0.030467 0.456538
vt 0.030467 0.465769
vt 0.038462 0.470385
vt 0.046456 0.465769
vt 0.192308 -0.108461
vt 0.192308 -0.099231
vt 0.200302 -0.099231
vt 0.200302 -0.108461
vt -0.108461 0.456538
vt -0.099231 0.456538
vt -0.099231 0.465769
vt -0.108461 0.465769
vt 0.184314 -0.099231
vt 0.184314 -0.108461
vt 0.200302 0.456538
vt 0.192308 0.451923
vt 0.184314 0.456538
vt 0.184314 0.465769
vt 0.192308 0.470384
vt 0.200302 0.465769
vt 0.346155 -0.108461
vt 0.346155 -0.099231
vt 0.354149 -0.099231
vt 0.354149 -0.108461
vt 0.338161 -0.099231
vt 0.338161 -0.108461
vt 0.354149 0.456538
vt 0.346155 0.451923
vt 0.338161 0.456538
vt 0.338161 0.465769
vt 0.346155 0.470384
vt 0.354149 0.465769
vt -0.099231 0.456538
vt -0.115384 -0.108461
vt -0.115384 -0.099231
vt -0.107390 -0.099231
vt -0.107390 -0.108461
vt -0.123378 -0.099231
vt -0.123379 -0.108461
vt -0.107390 0.456538
vt -0.115384 0.451923
vt -0.123378 0.456538
vt -0.123378 0.465769
vt -0.115384 0.470384
vt -0.107390 0.465769
vt -0.269230 -0.108461
vt -0.269230 -0.099231
vt -0.261236 -0.099231
vt -0.261236 -0.108461
vt -0.277224 -0.099231
vt -0.277224 -0.108461
vt -0.261236 0.456538
vt -0.269230 0.451923
vt -0.277224 0.456538
vt -0.277224 0.465769
vt -0.269230 0.470384
vt -0.261236 0.465769
vt 0.038462 1.108462
vt 0.038462 1.099231
vt 0.030468 1.099231
vt 0.030468 1.108462
vt 1.108462 0.456538
vt 1.099231 0.456538
vt 1.099231 0.465769
vt 1.108462 0.465769
vt 0.046456 1.099231
vt 0.046456 1.108462
vt 0.030468 0.456538
vt 0.038462 0.451923
vt 0.046456 0.456538
vt 0.046456 0.465769
vt 0.038462 0.470385
vt 0.030468 0.465769
vt -0.115385 1.108462
vt -0.115385 1.099231
vt -0.123379 1.099231
vt -0.123379 1.108462
vt 1.108462 0.456538
vt 1.099231 0.456538
vt 1.099231 0.465769
vt 1.108462 0.465769
vt -0.107391 1.099231
vt -0.107391 1.108462
vt -0.123379 0.456538
vt -0.115385 0.451923
vt -0.107391 0.456538
vt -0.107391 0.465769
vt -0.115385 0.470384
vt -0.123379 0.465769
vt -0.269232 1.108462
vt -0.269232 1.099231
vt -0.277226 1.099231
vt -0.277226 1.108462
vt -0.261238 1.099231
vt -0.261238 1.108462
vt -0.277226 0.456538
vt -0.269232 0.451923
vt -0.261238 0.456538
vt -0.261238 0.465769
vt -0.269232 0.470384
vt -0.277226 0.465769
vt 0.192308 1.108462
vt 0.192308 1.099231
vt 0.184314 1.099231
vt 0.184314 1.108462
vt 0.184313 1.099231
vt 0.192308 1.099231
vt 0.200302 1.099231
vt 0.200302 1.108462
vt 0.184314 0.456538
vt 0.192308 0.451923
vt 0.200302 0.456538
vt 0.200302 0.465769
vt 0.192308 0.470384
vt 0.184313 0.465769
vt 0.200302 1.099231
vt 0.346153 1.108461
vt 0.346153 1.099231
vt 0.338159 1.099231
vt 0.338159 1.108461
vt 1.108461 0.456538
vt 1.108461 0.465769
vt 0.354148 1.099231
vt 0.354148 1.108461
vt 0.338159 0.456538
vt 0.346153 0.451923
vt 0.354148 0.456538
vt 0.354148 0.465769
vt 0.346153 0.470384
vt 0.338159 0.465769
vt 0.946154 0.369231
vt 0.976923 0.369231
vt 0.976923 1.076923
vt 0.946154 1.076923
vt 0.946154 1.092308
vt 0.976923 1.092308
vt 0.976923 1.096154
vt 0.946154 1.096154
vt 0.946154 1.103570
vt 0.976923 1.103570
vt 0.976923 1.110232
vt 0.946154 1.110232
vt 0.946154 0.515000
vt 0.946154 0.499615
vt 0.976923 0.499615
vt 0.976923 0.515000
vt 0.976923 0.518846
vt 0.976923 0.499615
vt 0.946154 0.499615
vt 0.946154 0.518846
vt 0.946154 -0.076923
vt 0.946154 -0.096154
vt 0.976923 -0.096154
vt 0.976923 -0.076923
vt 0.976923 -0.092308
vt 0.946154 -0.092308
vt 0.976923 0.526262
vt 0.976923 0.515000
vt 0.946154 0.515000
vt 0.946154 0.526262
vt 0.946154 0.532924
vt 0.946154 0.518846
vt 0.976923 0.518846
vt 0.976923 0.532924
vt 1.130769 0.526262
vt 1.130769 0.515000
vt 1.100000 0.515000
vt 1.100000 0.526262
vt 0.976923 0.499615
vt 0.946154 0.499615
vt 0.976923 0.445769
vt 0.946154 0.445769
vt 0.946154 0.445769
vt 0.976923 0.445769
vt 0.976923 0.445769
vt 0.946154 0.445769
vt 1.100000 0.518846
vt 1.100000 0.499615
vt 1.130769 0.499615
vt 1.130769 0.518846
vt 1.130769 -0.076923
vt 1.130769 -0.092308
vt 1.100000 -0.092308
vt 1.100000 -0.076923
vt 1.100000 0.499615
vt 1.100000 0.445769
vt 1.130769 0.445769
vt 1.130769 0.499615
vt 1.130769 0.445769
vt 1.100000 0.445769
vt 1.100000 -0.096154
vt 1.130769 -0.096154
vt 1.100000 0.515000
vt 1.130769 0.515000
vt 1.100000 -0.115385
vt 1.100000 -0.107692
vt 1.130769 -0.107692
vt 1.130769 -0.115385
vt 1.100000 1.092308
vt 1.100000 1.103570
vt 1.130769 1.103570
vt 1.130769 1.092308
vt 1.130769 0.518846
vt 1.130769 0.499615
vt 1.100000 0.499615
vt 1.100000 0.518846
vt 1.130769 1.096154
vt 1.130769 1.110232
vt 1.100000 1.110232
vt 1.100000 1.096154
vt 1.130769 1.076923
vt 1.100000 1.076923
vt 1.130769 0.361538
vt 1.100000 0.361538
vt 1.100000 0.369231
vt 1.130769 0.369231
vt 1.100000 0.323077
vt 1.130769 0.323077
vt 0.669231 -0.076923
vt 0.638461 -0.076923
vt 0.638462 0.323077
vt 0.669231 0.323077
vt 0.638462 0.369231
vt 0.669231 0.369231
vt 0.669231 0.361538
vt 0.638462 0.361538
vt 0.638461 0.532924
vt 0.638461 0.518846
vt 0.669231 0.518846
vt 0.669231 0.532924
vt 0.669231 -0.092308
vt 0.638461 -0.092308
vt 0.638461 0.515000
vt 0.638461 0.499615
vt 0.669231 0.499615
vt 0.669231 0.515000
vt 0.638461 1.092308
vt 0.669231 1.092308
vt 0.669231 1.110232
vt 0.638461 1.110232
vt 0.638461 1.103570
vt 0.669231 1.103570
vt 0.669231 0.518846
vt 0.669231 0.499615
vt 0.638461 0.499615
vt 0.638461 0.518846
vt 0.792308 0.499615
vt 0.823077 0.499615
vt 0.823077 0.515000
vt 0.792308 0.515000
vt 0.638461 -0.115385
vt 0.638461 -0.107692
vt 0.669231 -0.107692
vt 0.669231 -0.115385
vt 0.669231 0.526262
vt 0.669231 0.515000
vt 0.638461 0.515000
vt 0.638461 0.526262
vt 0.669231 0.499615
vt 0.669231 0.445769
vt 0.638461 0.445769
vt 0.638461 0.499615
vt 0.638461 0.445769
vt 0.669231 0.445769
vt 0.669231 0.445769
vt 0.638461 0.445769
vt 0.638461 1.107692
vt 0.638461 1.115385
vt 0.669231 1.115385
vt 0.669231 1.107692
vt 0.638462 0.330769
vt 0.669231 0.330769
vt 0.638462 0.545769
vt 0.669231 0.545769
vt 0.669231 0.542078
vt 0.638462 0.542078
vt 0.638461 0.545769
vt 0.823077 0.323077
vt 0.823077 0.329846
vt 0.792308 0.329846
vt 0.792308 0.323077
vt 0.823077 0.515000
vt 0.823077 0.499615
vt 0.792308 0.499615
vt 0.792308 0.515000
vt 0.792308 0.361538
vt 0.792308 0.330769
vt 0.638462 0.329846
vt 0.669231 0.329846
vt 0.638462 0.362461
vt 0.669231 0.362461
vt 0.792308 0.369231
vt 0.792308 0.362461
vt 0.823077 0.362461
vt 0.823077 0.369231
vt 0.792308 0.538077
vt 0.669231 0.538077
vt 0.792308 0.545769
vt 0.823077 0.330769
vt 0.946154 0.330769
vt 0.946154 0.361538
vt 0.823077 0.361538
vt 0.976923 0.361538
vt 1.100000 0.330769
vt 0.976923 0.330769
vt 0.638461 0.330769
vt 0.792308 0.542078
vt 0.823077 0.542078
vt 0.823077 0.545769
vt 0.792308 -0.076923
vt 0.823077 -0.076923
vt 0.792308 1.107692
vt 0.792308 1.115385
vt 0.823077 1.115385
vt 0.823077 1.107692
vt 0.792308 0.445769
vt 0.823077 0.445769
vt 0.823077 0.499615
vt 0.823077 0.445769
vt 0.792308 0.445769
vt 0.792308 0.499615
vt 0.823077 0.526262
vt 0.792308 0.526262
vt 0.792308 0.518846
vt 0.823077 0.518846
vt 0.823077 -0.092308
vt 0.792308 -0.092308
vt 0.792308 0.532924
vt 0.823077 0.532924
vt 0.792308 -0.096154
vt 0.823077 -0.096154
vt 0.792308 0.445769
vt 0.823077 0.445769
vt 0.792308 -0.115385
vt 0.792308 -0.107692
vt 0.823077 -0.107692
vt 0.823077 -0.115385
vt 0.823077 0.518846
vt 0.792308 0.518846
vt 0.792308 1.076923
vt 0.792308 1.092308
vt 0.823077 1.092308
vt 0.823077 1.076923
vt 0.792308 1.103570
vt 0.823077 1.103570
vt 0.823077 1.096154
vt 0.823077 1.110232
vt 0.792308 1.110232
vt 0.792308 1.096154
vt 0.514183 1.076923
vt 0.514183 1.096154
vt 0.483414 1.096154
vt 0.483414 1.076923
vt 0.946154 1.107692
vt 0.946154 1.115385
vt 0.976923 1.115385
vt 0.976923 1.107692
vt 0.946154 -0.115385
vt 0.946154 -0.107692
vt 0.976923 -0.107692
vt 0.976923 -0.115385
vt 0.946154 0.323077
vt 0.976923 0.323077
vt 0.946154 0.542078
vt 0.976923 0.542078
vt 0.976923 0.545769
vt 0.946154 0.545769
vt 0.946154 0.362461
vt 0.976923 0.362461
vt 0.946154 0.329846
vt 0.976923 0.329846
vt 0.823077 0.538077
vt 0.946154 0.538077
vt 1.130769 0.532924
vt 1.100000 0.532924
vt 1.130769 0.445769
vt 1.100000 0.445769
vt 1.100000 1.107692
vt 1.100000 1.115385
vt 1.130769 1.115385
vt 1.130769 1.107692
vt 1.130769 0.330769
vt 1.100000 0.545769
vt 1.130769 0.545769
vt 1.130769 0.542078
vt 1.100000 0.542078
vt 0.483414 0.369231
vt 0.483414 0.362461
vt 0.514183 0.362461
vt 0.514183 0.369231
vt 1.100000 0.329846
vt 1.130769 0.329846
vt 1.100000 0.362461
vt 1.130769 0.362461
vt 1.253846 0.361538
vt 1.253846 0.330769
vt 0.976923 0.538077
vt 1.100000 0.538077
vt 1.253846 0.545769
vt 1.130769 0.538077
vt 1.253846 0.538077
vt 1.253846 0.518846
vt 1.253846 0.499615
vt 1.284615 0.499615
vt 1.284615 0.518846
vt 1.284615 0.515000
vt 1.253846 0.515000
vt 1.284615 -0.076923
vt 1.284615 -0.092308
vt 1.253846 -0.092308
vt 1.253846 -0.076923
vt 1.253846 0.499615
vt 1.253846 0.445769
vt 1.284615 0.445769
vt 1.284615 0.499615
vt 1.284615 0.445769
vt 1.253846 0.445769
vt 1.253846 -0.096154
vt 1.284615 -0.096154
vt 1.253846 0.515000
vt 1.284615 0.515000
vt 1.253846 -0.115385
vt 1.253846 -0.107692
vt 1.284615 -0.107692
vt 1.284615 -0.115385
vt 1.253846 1.092308
vt 1.253846 1.103570
vt 1.284615 1.103570
vt 1.284615 1.092308
vt 1.284615 0.518846
vt 1.284615 0.499615
vt 1.253846 0.499615
vt 1.253846 0.518846
vt 1.284615 1.096154
vt 1.284615 1.110232
vt 1.253846 1.110232
vt 1.253846 1.096154
vt 1.284615 1.076923
vt 1.253846 1.076923
vt 1.284615 0.361538
vt 1.253846 0.369231
vt 1.284615 0.369231
vt 1.253846 0.323077
vt 1.284615 0.323077
vt 1.284615 0.532924
vt 1.253846 0.532924
vt 1.284615 0.445769
vt 1.253846 0.445769
vt 1.253846 1.107692
vt 1.253846 1.115385
vt 1.284615 1.115385
vt 1.284615 1.107692
vt 1.284615 0.330769
vt 1.284615 0.545769
vt 1.284615 0.542078
vt 1.253846 0.542078
vt 1.284615 0.545769
vt 1.253846 0.362461
vt 1.284615 0.362461
vt 1.253846 0.329846
vt 1.284615 0.329846
vt 1.284615 0.330769
vt 1.323076 0.538077
vt 1.338461 0.533955
vt 1.342308 0.540616
vt 1.323076 0.545769
vt 1.356385 0.526538
vt 1.349724 0.522692
vt 1.338461 0.533955
vt 1.342307 0.540616
vt 1.323076 0.538077
vt 1.338977 0.361538
vt 1.338977 0.330769
vt 1.323076 0.330769
vt 1.323076 0.361538
vt 1.353846 0.507308
vt 1.361538 0.507308
vt 1.361538 0.330769
vt 1.353846 0.330769
vt 1.353846 0.361538
vt 1.361538 0.361538
vt 1.361538 0.445769
vt 1.353846 0.445769
vt 1.342823 0.330769
vt 1.342823 0.361538
vt 1.323076 0.361538
vt 1.353846 0.445769
vt 0.361538 0.537801
vt 0.330769 0.544463
vt 1.284615 0.538077
vt 0.653846 0.545000
vt 0.645852 0.545000
vt 0.645852 0.554231
vt 0.653846 0.554231
vt 0.661840 0.545000
vt 0.661840 0.554231
vt 0.645852 0.350770
vt 0.645852 0.341539
vt 0.653846 0.336924
vt 0.661840 0.341539
vt 0.661840 0.350770
vt 0.653846 0.355385
vt 1.269230 0.545000
vt 1.261236 0.545000
vt 1.261236 0.554231
vt 1.269230 0.554231
vt 1.277224 0.545000
vt 1.277224 0.554231
vt 1.261236 0.350770
vt 1.261236 0.341539
vt 1.269230 0.336924
vt 1.277224 0.341539
vt 1.277224 0.350770
vt 1.269230 0.355385
vt 1.115384 0.545000
vt 1.107390 0.545000
vt 1.107390 0.554231
vt 1.115384 0.554231
vt 1.123378 0.545000
vt 1.123378 0.554231
vt 1.107390 0.350770
vt 1.107390 0.341539
vt 1.115384 0.336924
vt 1.123378 0.341539
vt 1.123378 0.350770
vt 1.115384 0.355385
vt 0.961538 0.545000
vt 0.953544 0.545000
vt 0.953544 0.554231
vt 0.961538 0.554231
vt 0.969532 0.545000
vt 0.969532 0.554231
vt 0.953544 0.350770
vt 0.953544 0.341539
vt 0.961538 0.336924
vt 0.969532 0.341539
vt 0.969532 0.350770
vt 0.961538 0.355385
vt 0.807692 0.545000
vt 0.799698 0.545000
vt 0.799698 0.554231
vt 0.807692 0.554231
vt 0.815686 0.545000
vt 0.815686 0.554231
vt 0.799698 0.350770
vt 0.799698 0.341539
vt 0.807692 0.336924
vt 0.815686 0.341539
vt 0.815686 0.350770
vt 0.807692 0.355385
vt 1.345385 0.338160
vt 1.345384 0.346154
vt 1.354615 0.346154
vt 1.354615 0.338160
vt 1.345384 0.465769
vt 1.345384 0.456538
vt 1.354615 0.456538
vt 1.354615 0.465769
vt 1.345384 0.456538
vt 1.345384 0.465769
vt 1.345384 0.346154
vt 1.345384 0.338160
vt 1.345384 0.354148
vt 1.354615 0.354148
vt 1.345384 0.354148
vt 0.961538 -0.108462
vt 0.953544 -0.108462
vt 0.953544 -0.099231
vt 0.961538 -0.099231
vt 0.969533 -0.108462
vt 0.969533 -0.099231
vt 0.953544 0.456538
vt 0.953544 0.465769
vt 0.961538 0.470385
vt 0.969533 0.465769
vt 0.969533 0.456538
vt 0.961538 0.451923
vt 0.807692 -0.108461
vt 0.799698 -0.108461
vt 0.799698 -0.099231
vt 0.807692 -0.099231
vt 0.815686 -0.108461
vt 0.815686 -0.099231
vt 0.799698 0.456538
vt 0.799698 0.465769
vt 0.807692 0.470384
vt 0.815686 0.465769
vt 0.815686 0.456538
vt 0.807692 0.451923
vt 0.653845 -0.108461
vt 0.645851 -0.108461
vt 0.645851 -0.099231
vt 0.653845 -0.099231
vt 0.661839 -0.108461
vt 0.661839 -0.099231
vt 0.645851 0.456538
vt 0.645851 0.465769
vt 0.653845 0.470384
vt 0.661839 0.465769
vt 0.661839 0.456538
vt 0.653845 0.451923
vt 1.115384 -0.108461
vt 1.107390 -0.108461
vt 1.107390 -0.099231
vt 1.115384 -0.099231
vt 1.123379 -0.108461
vt 1.123378 -0.099231
vt 1.107390 0.456538
vt 1.107390 0.465769
vt 1.115384 0.470384
vt 1.123378 0.465769
vt 1.123378 0.456538
vt 1.115384 0.451923
vt 1.269230 -0.108461
vt 1.261236 -0.108461
vt 1.261236 -0.099231
vt 1.269230 -0.099231
vt 1.277224 -0.108461
vt 1.277224 -0.099231
vt 1.261236 0.456538
vt 1.261236 0.465769
vt 1.269230 0.470384
vt 1.277224 0.465769
vt 1.277224 0.456538
vt 1.269230 0.451923
vt 0.961538 1.108462
vt 0.969532 1.108462
vt 0.969532 1.099231
vt 0.961538 1.099231
vt 0.953544 1.108462
vt 0.953544 1.099231
vt 0.969532 0.456538
vt 0.969532 0.465769
vt 0.961538 0.470385
vt 0.953544 0.465769
vt 0.953544 0.456538
vt 0.961538 0.451923
vt 1.115385 1.108462
vt 1.123379 1.108462
vt 1.123379 1.099231
vt 1.115385 1.099231
vt 1.107391 1.108462
vt 1.107391 1.099231
vt 1.123379 0.456538
vt 1.123379 0.465769
vt 1.115385 0.470384
vt 1.107391 0.465769
vt 1.107391 0.456538
vt 1.115385 0.451923
vt 1.269232 1.108462
vt 1.277226 1.108462
vt 1.277226 1.099231
vt 1.269232 1.099231
vt 1.261238 1.108462
vt 1.261238 1.099231
vt 1.277226 0.456538
vt 1.277226 0.465769
vt 1.269232 0.470384
vt 1.261238 0.465769
vt 1.261238 0.456538
vt 1.269232 0.451923
vt 0.807692 1.108462
vt 0.815686 1.108462
vt 0.815686 1.099231
vt 0.807692 1.099231
vt 0.815687 1.099231
vt 0.799698 1.108462
vt 0.799698 1.099231
vt 0.815686 0.456538
vt 0.815687 0.465769
vt 0.807692 0.470384
vt 0.799698 0.465769
vt 0.799698 0.456538
vt 0.807692 0.451923
vt 0.653847 1.108461
vt 0.661841 1.108461
vt 0.661841 1.099231
vt 0.653847 1.099231
vt 0.645852 1.108461
vt 0.645852 1.099231
vt 0.661841 0.456538
vt 0.661841 0.465769
vt 0.653847 0.470384
vt 0.645852 0.465769
vt 0.645852 0.456538
vt 0.653847 0.451923
vt 0.483414 0.323077
vt 0.514183 0.323077
vt 0.514183 0.361538
vt 0.483414 0.361538
vt 0.483414 0.532924
vt 0.483414 0.518846
vt 0.514183 0.518846
vt 0.514183 0.532924
vt 0.514183 -0.092308
vt 0.483414 -0.092308
vt 0.483414 0.515000
vt 0.483414 0.499615
vt 0.514183 0.499615
vt 0.514183 0.515000
vt 0.483414 1.092308
vt 0.514183 1.092308
vt 0.514183 1.110232
vt 0.483414 1.110232
vt 0.483414 1.103570
vt 0.514183 1.103570
vt 0.514183 0.518846
vt 0.514183 0.499615
vt 0.483414 0.499615
vt 0.483414 0.518846
vt 0.483414 -0.115385
vt 0.483414 -0.107692
vt 0.514183 -0.107692
vt 0.514183 -0.115385
vt 0.514183 0.526262
vt 0.514183 0.515000
vt 0.483414 0.515000
vt 0.483414 0.526262
vt 0.514183 0.499615
vt 0.514183 0.445769
vt 0.483414 0.445769
vt 0.483414 0.499615
vt 0.483414 0.445769
vt 0.514183 0.445769
vt 0.514183 0.445769
vt 0.483414 0.445769
vt 0.483414 1.107692
vt 0.483414 1.115385
vt 0.514183 1.115385
vt 0.514183 1.107692
vt 0.483414 0.330769
vt 0.514183 0.330769
vt 0.483414 0.545769
vt 0.514183 0.545769
vt 0.514183 0.542078
vt 0.483414 0.542078
vt 0.483414 0.545769
vt 0.638461 -0.096154
vt 0.669231 -0.096154
vt 0.483414 0.329846
vt 0.514183 0.329846
vt 0.483414 0.361538
vt 0.483414 0.330769
vt 0.498798 0.545000
vt 0.490804 0.545000
vt 0.490804 0.554231
vt 0.498798 0.554231
vt 0.506792 0.545000
vt 0.506792 0.554231
vt 0.490804 0.350770
vt 0.490804 0.341539
vt 0.498798 0.336924
vt 0.506792 0.341539
vt 0.506792 0.350770
vt 0.498798 0.355385
vt 0.498797 -0.108461
vt 0.490803 -0.108461
vt 0.490803 -0.099231
vt 0.498797 -0.099231
vt 0.506791 -0.108461
vt 0.506791 -0.099231
vt 0.490803 0.456538
vt 0.490803 0.465769
vt 0.498797 0.470384
vt 0.506791 0.465769
vt 0.506791 0.456538
vt 0.498797 0.451923
vt 0.498799 1.108461
vt 0.506793 1.108461
vt 0.506793 1.099231
vt 0.498799 1.099231
vt 0.490805 1.108461
vt 0.490805 1.099231
vt 0.506793 0.456538
vt 0.506793 0.465769
vt 0.498799 0.470384
vt 0.490805 0.465769
vt 0.490805 0.456538
vt 0.498799 0.451923
vt 0.638462 0.538077
vt 0.514183 0.538077
vt 0.514183 0.538077
vt 0.514183 0.361538
vt 0.483414 0.538077
vt 0.361538 0.538077
vt 0.176923 0.362461
vt 0.207692 0.362461
vt -0.342823 0.361538
vt -0.342823 0.330769
vt -0.130769 0.526262
vt -0.100000 0.526262
vt 1.284615 0.526262
vt 1.253846 0.526262
s 1
usemtl metal_6
f 212/1/1 2/2/1 4/3/1 213/4/1
f 213/5/2 4/6/3 8/7/3 215/8/2
f 215/4/4 8/3/4 6/2/4 217/1/4
f 217/8/5 6/7/6 2/6/6 212/5/5
f 6/7/6 11/9/7 9/10/7 2/6/6
f 4/6/3 10/11/8 12/12/8 8/7/3
f 9/13/1 13/14/1 14/15/1 10/16/1
f 8/3/4 12/16/4 11/13/4 6/2/4
f 11/9/9 15/17/10 13/18/10 9/10/9
f 10/11/8 14/19/11 16/20/11 12/12/8
f 13/14/1 17/21/1 18/22/1 14/15/1
f 12/16/4 16/15/4 15/14/4 11/13/4
f 88/23/3 94/24/8 96/25/8 92/26/3
f 16/15/4 20/22/4 19/21/4 15/14/4
f 15/27/10 19/28/12 17/29/12 13/30/10
f 14/31/13 18/32/14 20/33/14 16/34/13
f 5/35/15 1/36/15 21/37/16 23/38/16
f 3/36/17 7/35/17 24/39/18 22/40/18
f 1/41/1 3/42/1 22/43/1 21/44/1
f 7/42/4 5/45/4 23/44/4 24/43/4
f 21/44/1 22/43/1 26/46/1 25/47/1
f 23/38/16 21/37/16 25/48/19 27/49/19
f 22/40/18 24/39/18 28/50/20 26/51/20
f 24/43/4 23/44/4 27/47/4 28/46/4
f 27/49/19 25/48/19 29/52/21 31/53/21
f 26/51/20 28/50/20 32/54/22 30/55/22
f 28/46/4 27/47/4 31/56/4 32/57/4
f 25/47/1 26/46/1 30/57/1 29/56/1
f 32/57/4 31/56/4 35/58/4 36/59/4
f 29/56/1 30/57/1 34/59/1 33/58/1
f 31/60/21 29/61/21 33/62/23 35/63/23
f 30/64/22 32/65/22 36/66/24 34/67/24
f 35/63/23 33/62/23 37/68/25 39/69/25
f 34/67/24 36/66/24 40/70/26 38/71/26
f 36/59/4 35/58/4 39/72/4 40/73/4
f 33/58/1 34/59/1 38/73/1 37/72/1
f 38/71/26 40/70/26 44/74/27 42/75/27
f 40/73/4 39/72/4 43/76/4 44/77/4
f 37/72/1 38/73/1 42/77/1 41/76/1
f 39/69/25 37/68/25 41/75/28 43/74/28
f 44/77/4 43/76/4 47/78/4 48/79/4
f 41/76/1 42/77/1 46/79/1 45/78/1
f 43/74/28 41/75/28 45/80/29 47/81/29
f 42/75/27 44/74/27 48/81/30 46/80/30
f 19/21/4 20/22/4 52/82/4 51/83/4
f 18/22/1 17/21/1 49/83/1 50/84/1
f 17/29/12 19/28/12 51/85/30 49/86/30
f 20/33/14 18/32/14 50/87/29 52/88/29
f 84/41/1 82/42/1 63/46/1 64/47/1
f 59/89/26 57/90/26 53/91/31 55/92/31
f 62/47/4 58/58/4 57/59/4 61/46/4
f 91/93/32 108/94/18 106/95/18 87/96/32
f 80/97/33 84/98/33 64/99/19 62/100/19
f 78/42/4 80/45/4 62/47/4 61/46/4
f 68/101/12 66/102/12 241/103/30 239/104/30
f 54/91/34 56/92/34 235/105/29 237/106/29
f 82/98/32 78/97/32 61/107/18 63/108/18
f 72/109/10 70/110/10 66/102/12 68/101/12
f 71/15/1 72/14/1 68/21/1 67/22/1
f 236/111/5 238/112/5 237/113/5 235/114/5
f 53/77/4 54/76/4 237/78/4 238/79/4
f 74/115/9 70/116/10 72/117/10 76/118/9
f 2/2/1 9/13/1 10/16/1 4/3/1
f 83/2/1 76/13/1 75/16/1 81/3/1
f 75/16/1 76/13/1 72/14/1 71/15/1
f 71/119/13 67/120/14 65/121/14 69/122/13
f 73/123/8 75/124/8 71/125/11 69/126/11
f 75/124/8 73/123/8 77/127/3 81/128/3
f 55/77/1 56/76/1 60/58/1 59/59/1
f 59/59/1 60/58/1 64/47/1 63/46/1
f 69/15/4 70/14/4 74/13/4 73/16/4
f 257/129/5 249/130/5 244/131/5 252/132/5
f 245/131/2 81/128/3 77/127/3 247/130/2
f 80/97/33 250/133/5 243/134/5 84/98/33
f 244/1/1 83/2/1 81/3/1 245/4/1
f 89/93/33 132/135/5 125/136/5 85/96/33
f 127/137/2 88/23/3 92/26/3 129/138/2
f 138/139/5 131/138/5 126/137/5 134/140/5
f 126/1/1 86/2/1 88/3/1 127/4/1
f 112/141/22 110/142/22 106/143/22 108/144/22
f 85/96/33 105/145/19 107/146/19 89/93/33
f 96/16/4 100/15/4 99/14/4 95/13/4
f 97/147/10 99/148/10 103/149/12 101/150/12
f 86/23/6 90/26/6 95/151/7 93/152/7
f 129/4/4 92/3/4 90/2/4 131/1/4
f 131/138/5 90/26/6 86/23/6 126/137/5
f 98/153/11 100/154/11 96/25/8 94/24/8
f 93/13/1 94/16/1 88/3/1 86/2/1
f 92/3/4 96/16/4 95/13/4 90/2/4
f 77/3/4 73/16/4 74/13/4 79/2/4
f 74/115/7 76/118/7 83/128/6 79/127/6
f 249/130/5 79/127/6 83/128/6 244/131/5
f 247/4/4 77/3/4 79/2/4 249/1/4
f 104/22/4 103/21/4 99/14/4 100/15/4
f 97/14/1 101/21/1 102/22/1 98/15/1
f 94/16/1 93/13/1 97/14/1 98/15/1
f 99/155/10 97/156/10 93/152/9 95/151/9
f 100/157/13 98/158/13 102/159/14 104/160/14
f 196/161/10 192/162/12 194/163/12 198/164/10
f 116/77/4 115/76/4 119/78/4 120/79/4
f 118/165/5 120/166/5 119/167/5 117/168/5
f 105/169/19 109/170/21 111/171/21 107/172/19
f 115/173/34 113/174/34 117/175/29 119/176/29
f 101/150/12 103/149/12 123/177/30 121/178/30
f 85/41/1 87/42/1 106/46/1 105/47/1
f 89/45/4 107/47/4 108/46/4 91/42/4
f 110/142/26 112/141/26 116/173/31 114/174/31
f 113/174/34 115/173/34 111/171/25 109/170/25
f 106/46/1 110/59/1 109/58/1 105/47/1
f 114/77/1 113/76/1 109/58/1 110/59/1
f 111/58/4 115/76/4 116/77/4 112/59/4
f 108/46/4 107/47/4 111/58/4 112/59/4
f 113/76/1 114/77/1 118/79/1 117/78/1
f 103/21/4 104/22/4 124/82/4 123/83/4
f 104/160/14 102/159/14 122/179/29 124/180/29
f 102/22/1 101/21/1 121/83/1 122/84/1
f 130/181/4 146/182/4 137/183/4
f 114/174/31 116/173/31 120/176/30 118/175/30
f 121/184/5 123/185/5 124/186/5 122/187/5
f 140/188/1 1172/189/1 143/190/1
f 132/135/5 139/191/5 133/192/5 125/136/5
f 136/189/4 129/4/4 131/1/4 138/193/4
f 87/96/32 128/136/2 130/135/2 91/93/32
f 138/139/5 134/140/5 133/192/5 139/191/5
f 140/194/35 143/195/35 145/196/35 141/197/35
f 135/183/1 1173/198/36 144/182/37
f 85/41/1 125/199/1 128/181/1 87/42/1
f 91/42/4 130/181/4 132/199/4 89/45/4
f 1119/4/1 1134/190/1 1176/189/1
f 134/193/1 126/1/1 127/4/1 1172/189/1
f 144/195/38 1173/200/38 142/197/38 146/196/38
f 165/201/39 167/202/39 149/203/39 147/204/39
f 184/205/25 186/206/25 182/207/34 180/208/34
f 133/209/1 134/193/1 1172/189/1 135/183/1
f 154/210/2 153/211/2 142/191/2 141/139/2
f 136/189/4 138/193/4 139/209/4 137/183/4
f 144/212/39 146/213/39 130/135/39 128/136/39
f 130/181/4 137/183/4 139/209/4 132/199/4
f 127/137/40 129/138/40 145/214/40 143/215/40
f 215/4/4 223/189/4 233/190/4
f 160/216/29 154/217/29 141/197/29 136/218/29
f 153/217/30 159/216/30 137/218/30 142/197/30
f 151/219/2 152/220/2 227/221/2 228/222/2
f 223/223/5 224/224/5 254/225/5 253/132/5
f 158/189/4 148/190/4 166/4/4
f 160/189/1 168/4/1 150/190/1
f 157/183/4 165/181/4 147/182/4
f 140/140/2 141/139/2 142/191/2 1173/226/2
f 142/227/4 137/183/4 146/182/4
f 125/199/1 133/209/1 135/183/1 128/181/1
f 234/182/4 224/183/4 216/181/4
f 158/189/4 156/193/4 155/209/4 157/183/4
f 167/181/1 159/183/1 149/182/1
f 151/227/4 157/183/4 147/182/4
f 222/222/5 221/221/5 158/220/5 157/219/5
f 165/181/4 157/183/4 155/209/4 163/199/4
f 154/210/2 152/220/2 151/219/2 153/211/2
f 162/209/1 161/193/1 160/189/1 159/183/1
f 170/199/1 162/209/1 159/183/1 167/181/1
f 158/189/4 152/188/4 148/190/4
f 149/228/41 153/217/41 151/229/41 147/230/41
f 161/193/1 169/1/1 168/4/1 160/189/1
f 159/183/1 153/227/1 149/182/1
f 154/217/35 150/228/35 148/230/35 152/229/35
f 204/42/4 165/181/4 163/199/4 206/45/4
f 210/41/1 170/199/1 167/181/1 208/42/1
f 208/231/32 167/202/2 165/201/2 204/232/32
f 158/189/4 166/4/4 164/1/4 156/193/4
f 163/201/5 155/219/5 162/211/5 170/202/5
f 156/220/5 161/210/5 162/211/5 155/219/5
f 154/188/1 160/189/1 150/190/1
f 174/233/5 172/234/5 171/235/5 173/236/5
f 181/207/31 179/208/31 175/237/30 177/238/30
f 186/58/1 185/59/1 181/77/1 182/76/1
f 191/239/14 193/240/14 173/241/29 171/242/29
f 180/76/4 179/77/4 183/59/4 184/58/4
f 193/22/1 194/21/1 174/83/1 173/84/1
f 192/21/4 191/22/4 171/82/4 172/83/4
f 182/76/1 181/77/1 177/79/1 178/78/1
f 188/243/19 190/244/19 186/206/21 184/205/21
f 185/245/26 183/246/26 179/208/31 181/207/31
f 190/47/1 189/46/1 185/59/1 186/58/1
f 206/232/33 210/231/33 190/247/19 188/248/19
f 189/249/22 187/250/22 183/246/22 185/245/22
f 184/58/4 183/59/4 187/46/4 188/47/4
f 208/231/32 204/232/32 187/251/18 189/252/18
f 56/92/34 54/91/34 58/253/25 60/254/25
f 204/42/4 206/45/4 188/47/4 187/46/4
f 189/46/1 190/47/1 210/41/1 208/42/1
f 194/163/12 192/162/12 172/255/30 174/256/30
f 180/208/34 182/207/34 178/238/29 176/237/29
f 177/257/5 175/258/5 176/259/5 178/260/5
f 179/77/4 180/76/4 176/78/4 175/79/4
f 196/14/4 195/15/4 191/22/4 192/21/4
f 197/261/13 193/240/14 191/239/14 195/262/13
f 197/15/1 198/14/1 194/21/1 193/22/1
f 200/263/7 202/264/7 209/265/6 205/266/6
f 201/16/1 202/13/1 198/14/1 197/15/1
f 202/264/9 200/263/9 196/267/10 198/268/10
f 200/13/4 199/16/4 195/15/4 196/14/4
f 199/269/8 201/270/8 197/271/11 195/272/11
f 205/2/4 203/3/4 199/16/4 200/13/4
f 201/270/8 199/269/8 203/266/3 207/265/3
f 622/273/3 626/274/8 624/275/8 618/276/3
f 207/3/1 209/2/1 202/13/1 201/16/1
f 166/4/4 203/3/4 205/2/4 164/1/4
f 164/277/5 205/266/6 209/265/6 169/278/5
f 49/279/5 51/280/5 52/281/5 50/282/5
f 206/232/33 163/201/5 170/202/5 210/231/33
f 169/1/1 209/2/1 207/3/1 168/4/1
f 46/283/5 48/284/5 47/285/5 45/286/5
f 136/189/4 141/188/4 145/190/4
f 156/220/5 164/277/5 169/278/5 161/210/5
f 168/278/2 207/265/3 203/266/3 166/277/2
f 5/35/15 218/287/5 211/288/5 1/36/15
f 225/223/5 217/8/5 212/5/5 220/221/5
f 7/42/4 216/181/4 218/199/4 5/45/4
f 223/189/4 215/4/4 217/1/4 225/193/4
f 3/36/17 214/288/2 216/287/2 7/35/17
f 1/41/1 211/199/1 214/181/1 3/42/1
f 220/193/1 212/1/1 213/4/1 221/189/1
f 232/289/41 228/290/41 230/291/41 234/292/41
f 227/290/35 231/289/35 233/292/35 229/291/35
f 222/183/1 228/227/1 232/182/1
f 213/5/40 215/8/40 233/293/40 231/294/40
f 223/189/4 229/188/4 233/190/4
f 254/183/1 264/182/1 246/181/1
f 227/221/2 229/223/2 230/224/2 228/222/2
f 211/199/1 219/209/1 222/183/1 214/181/1
f 219/209/1 220/193/1 221/189/1 222/183/1
f 214/181/1 222/183/1 232/182/1
f 231/190/1 221/189/1 213/4/1
f 230/227/4 224/183/4 234/182/4
f 216/181/4 224/183/4 226/209/4 218/199/4
f 223/189/4 225/193/4 226/209/4 224/183/4
f 232/295/39 234/296/39 216/287/39 214/288/39
f 218/287/5 226/224/5 219/222/5 211/288/5
f 227/188/1 221/189/1 231/190/1
f 225/223/5 220/221/5 219/222/5 226/224/5
f 247/4/4 255/189/4 265/190/4
f 228/290/30 222/297/30 157/298/30 151/229/30
f 152/229/29 158/298/29 221/297/29 227/290/29
f 58/58/4 54/76/4 53/77/4 57/59/4
f 61/299/22 57/90/22 59/89/22 63/300/22
f 56/76/1 55/77/1 236/79/1 235/78/1
f 66/21/4 65/22/4 242/82/4 241/83/4
f 65/121/14 67/120/14 240/301/29 242/302/29
f 67/22/1 68/21/1 239/83/1 240/84/1
f 248/181/4 266/182/4 256/183/4
f 55/92/31 53/91/31 238/106/30 236/105/30
f 239/303/5 241/304/5 242/305/5 240/306/5
f 259/188/1 253/189/1 263/190/1
f 250/133/5 258/307/5 251/225/5 243/134/5
f 255/189/4 247/4/4 249/1/4 257/193/4
f 82/98/32 246/134/2 248/133/2 78/97/32
f 257/129/5 252/132/5 251/225/5 258/307/5
f 259/308/35 263/309/35 265/310/35 261/311/35
f 254/183/1 260/227/1 264/182/1
f 84/41/1 243/199/1 246/181/1 82/42/1
f 78/42/4 248/181/4 250/199/4 80/45/4
f 311/4/4 319/189/4 328/190/4
f 252/193/1 244/1/1 245/4/1 253/189/1
f 264/309/41 260/308/41 262/311/41 266/310/41
f 318/183/1 327/182/1 310/181/1
f 274/312/21 272/313/21 276/314/19 278/315/19
f 251/209/1 252/193/1 253/189/1 254/183/1
f 255/189/4 257/193/4 258/209/4 256/183/4
f 264/316/39 266/317/39 248/133/39 246/134/39
f 248/181/4 256/183/4 258/209/4 250/199/4
f 245/131/40 247/130/40 265/318/40 263/319/40
f 245/4/1 263/190/1 253/189/1
f 230/224/2 229/223/2 259/132/2 260/225/2
f 255/129/5 256/307/5 318/320/5 317/321/5
f 224/322/30 230/291/30 260/308/30 254/323/30
f 323/321/2 324/320/2 262/307/2 261/129/2
f 324/324/30 318/325/30 256/326/30 262/311/30
f 259/132/2 261/129/2 262/307/2 260/225/2
f 262/227/4 256/183/4 266/182/4
f 243/199/1 251/209/1 254/183/1 246/181/1
f 229/291/29 223/322/29 253/323/29 259/308/29
f 255/189/4 261/188/4 265/190/4
f 298/41/1 296/42/1 277/46/1 278/47/1
f 273/327/26 271/328/26 267/329/31 269/330/31
f 276/47/4 272/58/4 271/59/4 275/46/4
f 270/330/34 268/329/34 272/313/25 274/312/25
f 294/331/33 298/332/33 278/333/19 276/334/19
f 292/42/4 294/45/4 276/47/4 275/46/4
f 282/335/12 280/336/12 305/337/30 303/338/30
f 268/329/34 270/330/34 299/339/29 301/340/29
f 296/332/32 292/331/32 275/341/18 277/342/18
f 286/343/10 284/344/10 280/336/12 282/335/12
f 285/15/1 286/14/1 282/21/1 281/22/1
f 300/345/5 302/346/5 301/347/5 299/348/5
f 267/77/4 268/76/4 301/78/4 302/79/4
f 288/349/9 284/350/10 286/351/10 290/352/9
f 297/2/1 290/13/1 289/16/1 295/3/1
f 289/16/1 290/13/1 286/14/1 285/15/1
f 285/353/13 281/354/14 279/355/14 283/356/13
f 287/357/8 289/358/8 285/359/11 283/360/11
f 289/358/8 287/357/8 291/361/3 295/362/3
f 269/77/1 270/76/1 274/58/1 273/59/1
f 273/59/1 274/58/1 278/47/1 277/46/1
f 283/15/4 284/14/4 288/13/4 287/16/4
f 321/363/5 313/364/5 308/365/5 316/321/5
f 309/365/2 295/362/3 291/361/3 311/364/2
f 294/331/33 314/366/5 307/367/5 298/332/33
f 308/1/1 297/2/1 295/3/1 309/4/1
f 291/3/4 287/16/4 288/13/4 293/2/4
f 288/349/7 290/352/7 297/362/6 293/361/6
f 313/364/5 293/361/6 297/362/6 308/365/5
f 311/4/4 291/3/4 293/2/4 313/1/4
f 272/58/4 268/76/4 267/77/4 271/59/4
f 275/368/22 271/328/22 273/327/22 277/369/22
f 270/76/1 269/77/1 300/79/1 299/78/1
f 280/21/4 279/22/4 306/82/4 305/83/4
f 279/355/14 281/354/14 304/370/29 306/371/29
f 281/22/1 282/21/1 303/83/1 304/84/1
f 312/181/4 329/182/42 320/183/4
f 269/330/31 267/329/31 302/340/30 300/339/30
f 303/372/5 305/373/5 306/374/5 304/375/5
f 323/188/1 317/189/1 326/190/1
f 314/366/5 322/376/5 315/320/5 307/367/5
f 319/189/4 311/4/4 313/1/4 321/193/4
f 296/332/32 310/367/2 312/366/2 292/331/32
f 321/363/5 316/321/5 315/320/5 322/376/5
f 323/324/35 326/377/35 328/378/35 325/379/35
f 318/183/1 324/227/1 327/182/1
f 298/41/1 307/199/1 310/181/1 296/42/1
f 292/42/4 312/181/4 314/199/4 294/45/4
f 659/4/1 676/190/1 667/189/1
f 316/193/1 308/1/1 309/4/1 317/189/1
f 327/377/38 324/324/38 350/380/38 329/378/38
f 675/182/43 666/183/4 658/181/4
f 1077/381/32 1096/382/18 1098/383/18 1081/384/32
f 315/209/1 316/193/1 317/189/1 318/183/1
f 319/189/4 321/193/4 322/209/4 320/183/4
f 327/385/39 329/386/39 312/366/39 310/367/39
f 312/181/4 320/183/4 322/209/4 314/199/4
f 309/365/40 311/364/40 328/387/40 326/388/40
f 309/4/1 326/190/1 317/189/1
f 323/321/2 325/363/2 350/389/2 324/320/2
f 350/198/44 320/183/4 329/182/42
f 307/199/1 315/209/1 318/183/1 310/181/1
f 317/325/29 323/324/29 261/311/29 255/326/29
f 319/189/4 325/188/4 328/190/4
f 159/211/5 160/210/5 136/139/5 137/191/5
f 349/390/30 348/391/30 344/392/30 345/393/30
f 343/394/29 339/395/29 338/396/29 342/397/29
f 343/394/29 342/397/29 346/398/29 347/399/29
f 349/400/45 345/401/46 343/402/46 347/403/45
f 341/404/30 340/396/30 336/405/30 337/406/30
f 332/407/5 330/408/5 331/409/5 333/410/5
f 335/411/47 337/412/47 333/413/1 331/414/1
f 336/415/48 334/416/48 330/414/4 332/413/4
f 334/405/29 335/417/29 331/418/29 330/419/29
f 340/420/49 338/421/49 334/416/48 336/415/48
f 337/406/30 336/405/30 332/419/30 333/418/30
f 345/422/46 341/423/50 339/424/50 343/425/46
f 335/417/29 334/405/29 338/396/29 339/395/29
f 339/424/51 341/423/51 337/412/47 335/411/47
f 338/421/52 340/420/52 344/426/52 342/427/52
f 349/390/30 320/428/30 350/380/30 348/391/30
f 348/429/53 350/389/2 325/363/2 346/403/53
f 346/398/29 325/379/29 319/428/29 347/399/29
f 347/403/45 319/363/5 320/376/5 349/400/45
f 351/430/54 352/431/54 354/432/54 353/433/54
f 353/434/1 354/435/1 356/436/1 355/437/1
f 355/433/55 356/432/55 358/431/55 357/430/55
f 357/430/56 358/431/56 360/438/56 359/439/56
f 354/440/2 352/441/2 362/442/2 360/443/2 358/444/2 356/445/2
f 359/437/4 360/436/4 362/435/4 361/434/4
f 361/439/57 362/438/57 352/431/57 351/430/57
f 363/446/54 364/447/54 366/448/54 365/449/54
f 365/434/1 366/435/1 368/450/1 367/451/1
f 367/449/55 368/448/55 370/447/55 369/446/55
f 369/446/56 370/447/56 372/452/56 371/453/56
f 366/454/2 364/455/2 374/456/2 372/457/2 370/458/2 368/459/2
f 371/451/4 372/450/4 374/435/4 373/434/4
f 373/453/57 374/452/57 364/447/57 363/446/57
f 375/460/54 376/461/54 378/462/54 377/463/54
f 377/434/1 378/435/1 380/450/1 379/451/1
f 379/463/55 380/462/55 382/461/55 381/460/55
f 381/460/56 382/461/56 384/464/56 383/465/56
f 378/466/2 376/467/2 386/468/2 384/469/2 382/470/2 380/471/2
f 383/451/4 384/450/4 386/435/4 385/434/4
f 385/465/57 386/464/57 376/461/57 375/460/57
f 387/472/54 388/473/54 390/474/54 389/475/54
f 389/434/1 390/435/1 392/450/1 391/451/1
f 391/475/55 392/474/55 394/473/55 393/472/55
f 393/472/56 394/473/56 396/476/56 395/477/56
f 390/478/2 388/479/2 398/480/2 396/481/2 394/482/2 392/483/2
f 395/451/4 396/450/4 398/435/4 397/434/4
f 397/477/57 398/476/57 388/473/57 387/472/57
f 399/484/54 400/485/54 402/486/54 401/487/54
f 401/434/1 402/435/1 404/450/1 403/451/1
f 403/487/55 404/486/55 406/485/55 405/484/55
f 405/484/56 406/485/56 408/488/56 407/489/56
f 402/490/2 400/491/2 410/492/2 408/493/2 406/494/2 404/495/2
f 407/451/4 408/450/4 410/435/4 409/434/4
f 409/489/57 410/488/57 400/485/57 399/484/57
f 412/496/58 411/497/58 421/498/58 422/499/58
f 414/500/30 413/501/30 411/502/30 412/503/30
f 420/503/29 419/504/29 417/505/29 418/500/29
f 419/506/4 421/507/4 411/508/4 413/509/4 415/510/4 417/511/4
f 416/499/20 415/498/20 413/512/20 414/513/20
f 418/514/8 417/515/8 415/498/8 416/499/8
f 422/499/19 421/498/19 419/516/19 420/517/19
f 423/518/46 424/519/46 426/520/46 425/521/46
f 425/522/1 426/523/1 428/524/1 427/525/1
f 427/521/59 428/520/59 430/519/59 429/518/59
f 429/518/60 430/519/60 432/526/60 431/527/60
f 426/528/29 424/529/29 434/530/29 432/531/29 430/532/29 428/533/29
f 431/525/4 432/524/4 434/523/4 433/522/4
f 433/527/61 434/526/61 424/519/61 423/518/61
f 435/534/46 436/535/46 438/536/46 437/537/46
f 437/538/1 438/539/1 440/540/1 439/541/1
f 439/537/59 440/536/59 442/535/59 441/534/59
f 441/534/60 442/535/60 444/542/60 443/543/60
f 438/544/29 436/545/29 446/546/29 444/547/29 442/548/29 440/549/29
f 443/541/4 444/540/4 446/539/4 445/538/4
f 445/543/61 446/542/61 436/535/61 435/534/61
f 447/550/46 448/551/46 450/552/46 449/553/46
f 449/538/1 450/539/1 452/540/1 451/541/1
f 451/553/59 452/552/59 454/551/59 453/550/59
f 453/550/60 454/551/60 456/554/60 455/555/60
f 450/556/29 448/557/29 458/558/29 456/559/29 454/560/29 452/561/29
f 455/541/4 456/540/4 458/562/4 457/538/4
f 457/555/61 458/554/61 448/551/61 447/550/61
f 459/563/46 460/564/46 462/565/46 461/566/46
f 461/538/1 462/539/1 464/540/1 463/541/1
f 463/566/59 464/565/59 466/564/59 465/563/59
f 465/563/60 466/564/60 468/567/60 467/568/60
f 462/569/29 460/570/29 470/571/29 468/572/29 466/573/29 464/574/29
f 467/541/4 468/540/4 470/562/4 469/538/4
f 469/568/61 470/567/61 460/564/61 459/563/61
f 471/575/46 472/576/46 474/577/46 473/578/46
f 473/538/1 474/539/1 476/540/1 475/541/1
f 475/578/59 476/577/59 478/576/59 477/575/59
f 477/575/60 478/576/60 480/579/60 479/580/60
f 474/581/29 472/582/29 482/583/29 480/584/29 478/585/29 476/586/29
f 479/541/4 480/540/4 482/539/4 481/538/4
f 481/580/61 482/579/61 472/576/61 471/575/61
f 483/587/61 484/588/61 486/589/61 485/590/61
f 485/591/4 486/592/4 488/593/4 487/594/4
f 487/590/60 488/589/60 490/588/60 489/587/60
f 489/587/59 490/588/59 492/595/59 491/596/59
f 486/597/30 484/598/30 494/599/30 492/600/30 490/601/30 488/602/30
f 491/594/1 492/593/1 494/592/1 493/591/1
f 493/596/46 494/595/46 484/588/46 483/587/46
f 495/603/61 496/604/61 498/605/61 497/606/61
f 497/607/4 498/608/4 500/609/4 499/610/4
f 499/606/60 500/605/60 502/604/60 501/603/60
f 501/603/59 502/604/59 504/611/59 503/612/59
f 498/613/30 496/614/30 506/615/30 504/616/30 502/617/30 500/618/30
f 503/610/1 504/609/1 506/608/1 505/607/1
f 505/612/46 506/611/46 496/604/46 495/603/46
f 507/619/61 508/620/61 510/621/61 509/622/61
f 509/607/4 510/608/4 512/609/4 511/610/4
f 511/622/60 512/621/60 514/620/60 513/619/60
f 513/619/59 514/620/59 516/623/59 515/624/59
f 510/625/30 508/626/30 518/627/30 516/628/30 514/629/30 512/630/30
f 515/610/1 516/609/1 518/608/1 517/607/1
f 517/624/46 518/623/46 508/620/46 507/619/46
f 519/631/61 520/632/61 522/633/61 521/634/61
f 521/607/4 522/608/4 524/609/4 523/610/4
f 523/634/60 524/635/60 526/636/60 525/631/60
f 525/631/59 526/636/59 528/637/59 527/638/59
f 522/639/30 520/640/30 530/641/30 528/642/30 526/643/30 524/644/30
f 527/610/1 528/609/1 530/608/1 529/607/1
f 529/638/46 530/645/46 520/632/46 519/631/46
f 531/646/61 532/647/61 534/648/61 533/649/61
f 533/650/4 534/608/4 536/609/4 535/651/4
f 535/649/60 536/648/60 538/647/60 537/646/60
f 537/646/59 538/647/59 540/652/59 539/653/59
f 534/654/30 532/655/30 542/656/30 540/657/30 538/658/30 536/659/30
f 539/651/1 540/609/1 542/608/1 541/650/1
f 541/653/46 542/652/46 532/647/46 531/646/46
f 743/1/4 744/4/4 546/3/4 544/2/4
f 744/660/2 746/661/2 550/662/3 546/663/3
f 746/4/1 748/1/1 548/2/1 550/3/1
f 748/661/5 743/660/5 544/663/6 548/662/6
f 544/663/6 551/664/7 553/665/7 548/662/6
f 550/662/3 554/666/8 552/667/8 546/663/3
f 552/16/4 556/15/4 555/14/4 551/13/4
f 548/2/1 553/13/1 554/16/1 550/3/1
f 551/664/9 555/668/10 557/669/10 553/665/9
f 554/666/8 558/670/11 556/671/11 552/667/8
f 556/15/4 560/22/4 559/21/4 555/14/4
f 553/13/1 557/14/1 558/15/1 554/16/1
f 600/14/1 596/21/1 595/22/1 599/15/1
f 557/14/1 561/21/1 562/22/1 558/15/1
f 555/672/10 559/673/12 561/674/12 557/675/10
f 558/676/13 562/677/14 560/678/14 556/679/13
f 563/47/4 567/58/4 568/59/4 564/46/4
f 549/42/1 566/46/1 565/47/1 547/45/1
f 545/680/32 564/681/18 566/682/18 549/683/32
f 547/683/33 565/684/19 563/685/19 543/680/33
f 567/58/4 571/76/4 572/77/4 568/59/4
f 566/46/1 570/59/1 569/58/1 565/47/1
f 565/686/19 569/687/21 567/688/21 563/689/19
f 564/690/22 568/691/22 570/692/22 566/693/22
f 592/694/19 588/695/21 590/696/21 594/697/19
f 570/59/1 574/77/1 573/76/1 569/58/1
f 569/687/25 573/698/34 571/699/34 567/688/25
f 568/691/26 572/699/31 574/698/31 570/692/26
f 574/77/1 578/79/1 577/78/1 573/76/1
f 571/76/4 575/78/4 576/79/4 572/77/4
f 573/698/34 577/700/29 575/701/29 571/699/34
f 572/699/31 576/701/30 578/700/30 574/698/31
f 561/21/1 581/83/1 582/82/1 562/22/1
f 560/22/4 580/84/4 579/83/4 559/21/4
f 559/673/12 579/702/30 581/703/30 561/674/12
f 562/677/14 582/704/29 580/705/29 560/678/14
f 614/41/4 594/47/4 593/46/4 612/42/4
f 589/706/26 585/707/31 583/708/31 587/709/26
f 591/46/1 587/59/1 588/58/1 592/47/1
f 588/695/25 584/708/34 586/707/34 590/696/25
f 610/710/33 592/711/19 594/712/19 614/713/33
f 608/42/1 591/46/1 592/47/1 610/45/1
f 598/714/12 770/715/30 772/716/30 596/717/12
f 584/708/34 768/718/29 766/719/29 586/707/34
f 612/713/32 593/720/18 591/721/18 608/710/32
f 602/722/10 598/714/12 596/717/12 600/723/10
f 601/15/4 597/22/4 598/21/4 602/14/4
f 767/724/5 766/725/5 768/726/5 769/727/5
f 583/77/1 769/79/1 768/78/1 584/76/1
f 606/728/9 602/729/10 600/730/10 604/731/9
f 815/14/1 811/21/1 810/22/1 814/15/1
f 605/16/4 606/13/4 613/2/4 611/3/4
f 605/16/4 601/15/4 602/14/4 606/13/4
f 599/732/13 595/733/14 597/734/14 601/735/13
f 603/736/8 599/737/11 601/738/11 605/739/8
f 607/740/3 603/736/8 605/739/8 611/741/3
f 586/76/4 585/77/4 589/59/4 590/58/4
f 590/58/4 589/59/4 593/46/4 594/47/4
f 604/13/1 600/14/1 599/15/1 603/16/1
f 788/742/5 783/743/5 775/744/5 780/745/5
f 776/744/2 778/745/2 607/740/3 611/741/3
f 610/710/33 614/713/33 774/746/5 781/747/5
f 775/1/4 776/4/4 611/3/4 613/2/4
f 619/748/33 615/749/33 655/750/5 662/751/5
f 657/752/2 659/753/2 622/273/3 618/276/3
f 669/754/5 664/755/5 656/752/5 661/753/5
f 656/1/4 657/4/4 618/3/4 616/2/4
f 636/756/22 640/757/22 642/758/22 638/759/22
f 619/748/33 637/760/19 635/761/19 615/749/33
f 629/14/1 630/15/1 626/16/1 625/13/1
f 627/762/10 631/763/12 633/764/12 629/765/10
f 616/276/6 623/766/7 625/767/7 620/273/6
f 659/4/1 661/1/1 620/2/1 622/3/1
f 661/753/5 656/752/5 616/276/6 620/273/6
f 626/274/8 630/768/11 628/769/11 624/275/8
f 618/3/4 624/16/4 623/13/4 616/2/4
f 620/2/1 625/13/1 626/16/1 622/3/1
f 604/13/1 603/16/1 607/3/1 609/2/1
f 613/741/6 606/728/7 604/731/7 609/740/6
f 780/745/5 775/744/5 613/741/6 609/740/6
f 778/4/1 780/1/1 609/2/1 607/3/1
f 633/21/1 634/22/1 630/15/1 629/14/1
f 632/22/4 631/21/4 627/14/4 628/15/4
f 624/16/4 628/15/4 627/14/4 623/13/4
f 623/766/9 627/770/10 629/771/10 625/767/9
f 630/772/13 634/773/14 632/774/14 628/775/13
f 725/776/12 723/777/12 727/778/10 729/779/10
f 646/77/1 650/79/1 649/78/1 645/76/1
f 648/780/5 647/781/5 649/782/5 650/783/5
f 637/784/19 641/785/21 639/786/21 635/787/19
f 645/788/34 649/789/29 647/790/29 643/791/34
f 631/763/12 651/792/30 653/793/30 633/764/12
f 615/41/4 635/47/4 636/46/4 617/42/4
f 621/42/1 638/46/1 637/47/1 619/45/1
f 640/757/26 644/791/31 646/788/31 642/758/26
f 641/785/25 645/788/34 643/791/34 639/786/25
f 635/47/4 639/58/4 640/59/4 636/46/4
f 643/76/4 644/77/4 640/59/4 639/58/4
f 642/59/1 646/77/1 645/76/1 641/58/1
f 638/46/1 642/59/1 641/58/1 637/47/1
f 643/76/4 647/78/4 648/79/4 644/77/4
f 633/21/1 653/83/1 654/82/1 634/22/1
f 634/773/14 654/794/29 652/795/29 632/774/14
f 632/22/4 652/84/4 651/83/4 631/21/4
f 668/183/1 677/182/1 660/181/1
f 644/791/31 648/790/30 650/789/30 646/788/31
f 651/796/5 652/797/5 654/798/5 653/799/5
f 671/188/4 674/190/4 665/189/4
f 662/751/5 655/750/5 663/800/5 670/801/5
f 667/189/1 669/193/1 661/1/1 659/4/1
f 617/749/32 621/748/32 660/751/2 658/750/2
f 669/754/5 670/801/5 663/800/5 664/755/5
f 671/802/35 672/803/35 676/804/35 674/805/35
f 666/183/4 675/182/43 881/198/62
f 615/41/4 617/42/4 658/181/4 655/199/4
f 621/42/1 619/45/1 662/199/1 660/181/1
f 699/4/4 691/189/4 681/190/4
f 664/193/4 665/189/4 657/4/4 656/1/4
f 675/805/38 677/804/38 673/803/38 881/806/38
f 696/807/39 678/808/39 680/809/39 698/810/39
f 715/811/25 711/812/34 713/813/34 717/814/25
f 663/209/4 666/183/4 665/189/4 664/193/4
f 685/815/2 672/754/2 673/801/2 684/816/2
f 667/189/1 668/183/1 670/209/1 669/193/1
f 675/817/39 658/750/39 660/751/39 677/818/39
f 660/181/1 662/199/1 670/209/1 668/183/1
f 657/752/40 674/819/40 676/820/40 659/753/40
f 699/821/40 681/822/40 679/823/40 697/824/40
f 691/825/29 667/826/29 672/803/29 685/827/29
f 684/827/30 673/803/30 668/826/30 690/825/30
f 682/828/2 759/829/2 758/830/2 683/831/2
f 754/832/5 784/743/5 785/833/5 755/834/5
f 697/4/1 679/190/1 689/189/1
f 665/189/4 674/190/4 657/4/4
f 678/182/1 696/181/1 688/183/1
f 671/755/2 881/835/2 673/801/2 672/754/2
f 673/227/1 677/182/1 668/183/1
f 655/199/4 658/181/4 666/183/4 663/209/4
f 755/183/1 765/182/1 747/181/1
f 689/189/1 688/183/1 686/209/1 687/193/1
f 746/4/1 764/190/1 754/189/1
f 698/181/4 680/182/4 690/183/4
f 682/227/1 678/182/1 688/183/1
f 753/829/5 688/828/5 689/831/5 752/830/5
f 696/181/1 694/199/1 686/209/1 688/183/1
f 685/815/2 684/816/2 682/828/2 683/831/2
f 693/209/4 690/183/4 691/189/4 692/193/4
f 701/199/4 698/181/4 690/183/4 693/209/4
f 689/189/1 679/190/1 683/188/1
f 680/836/41 678/837/41 682/838/41 684/827/41
f 692/193/4 691/189/4 699/4/4 700/1/4
f 690/183/4 680/182/4 684/227/4
f 685/827/35 683/838/35 679/837/35 681/836/35
f 735/42/1 737/45/1 694/199/1 696/181/1
f 741/41/4 739/42/4 698/181/4 701/199/4
f 739/839/32 735/840/32 696/807/2 698/810/2
f 689/189/1 687/193/1 695/1/1 697/4/1
f 694/807/5 701/810/5 693/816/5 686/828/5
f 687/831/5 686/828/5 693/816/5 692/815/5
f 685/188/4 681/190/4 691/189/4
f 705/841/5 704/842/5 702/843/5 703/844/5
f 712/813/31 708/845/30 706/846/30 710/812/31
f 717/58/4 713/76/4 712/77/4 716/59/4
f 722/847/14 702/848/29 704/849/29 724/850/14
f 714/59/1 710/77/1 711/76/1 715/58/1
f 724/22/4 704/84/4 705/83/4 725/21/4
f 723/21/1 703/83/1 702/82/1 722/22/1
f 713/76/4 709/78/4 708/79/4 712/77/4
f 719/851/19 715/811/21 717/814/21 721/852/19
f 716/853/26 712/813/31 710/812/31 714/854/26
f 721/47/4 717/58/4 716/59/4 720/46/4
f 737/840/33 719/855/19 721/856/19 741/839/33
f 720/857/22 716/853/22 714/854/22 718/858/22
f 718/46/1 714/59/1 715/58/1 719/47/1
f 739/839/32 720/859/18 718/860/18 735/840/32
f 543/41/4 563/47/4 564/46/4 545/42/4
f 735/42/1 718/46/1 719/47/1 737/45/1
f 721/47/4 720/46/4 739/42/4 741/41/4
f 725/776/12 705/861/30 703/862/30 723/777/12
f 711/812/34 707/846/29 709/845/29 713/813/34
f 708/863/5 709/864/5 707/865/5 706/866/5
f 710/77/1 706/79/1 707/78/1 711/76/1
f 727/14/1 723/21/1 722/22/1 726/15/1
f 726/867/13 722/847/14 724/850/14 728/868/13
f 728/15/4 724/22/4 725/21/4 729/14/4
f 740/869/6 733/870/7 731/871/7 736/872/6
f 732/16/4 728/15/4 729/14/4 733/13/4
f 733/870/9 729/873/10 727/874/10 731/871/9
f 731/13/1 727/14/1 726/15/1 730/16/1
f 730/875/8 726/876/11 728/877/11 732/878/8
f 736/2/1 731/13/1 730/16/1 734/3/1
f 730/875/8 732/878/8 738/869/3 734/872/3
f 1082/879/3 1086/880/8 1084/881/8 1078/882/3
f 738/3/4 732/16/4 733/13/4 740/2/4
f 697/4/1 695/1/1 736/2/1 734/3/1
f 695/824/5 700/821/5 740/869/6 736/872/6
f 579/883/5 580/884/5 582/885/5 581/886/5
f 737/840/33 741/839/33 701/810/5 694/807/5
f 700/1/4 699/4/4 738/3/4 740/2/4
f 576/887/5 575/888/5 577/889/5 578/890/5
f 667/189/1 676/190/1 672/188/1
f 687/831/5 692/815/5 700/821/5 695/824/5
f 699/821/2 697/824/2 734/872/3 738/869/3
f 547/683/33 543/680/33 742/891/5 749/892/5
f 756/832/5 751/830/5 743/660/5 748/661/5
f 549/42/1 547/45/1 749/199/1 747/181/1
f 754/189/1 756/193/1 748/1/1 746/4/1
f 545/680/32 549/683/32 747/892/2 745/891/2
f 543/41/4 545/42/4 745/181/4 742/199/4
f 751/193/4 752/189/4 744/4/4 743/1/4
f 763/893/41 765/894/41 761/895/41 759/896/41
f 758/896/35 760/895/35 764/894/35 762/893/35
f 753/183/4 763/182/4 759/227/4
f 744/660/40 762/897/40 764/898/40 746/661/40
f 754/189/1 764/190/1 760/188/1
f 795/182/4 785/183/4 777/181/4
f 758/830/2 759/829/2 761/834/2 760/832/2
f 742/199/4 745/181/4 753/183/4 750/209/4
f 750/209/4 753/183/4 752/189/4 751/193/4
f 745/181/4 763/182/4 753/183/4
f 752/189/4 762/190/4 744/4/4
f 761/227/1 765/182/1 755/183/1
f 747/181/1 749/199/1 757/209/1 755/183/1
f 754/189/1 755/183/1 757/209/1 756/193/1
f 763/899/39 745/891/39 747/892/39 765/900/39
f 749/892/5 742/891/5 750/829/5 757/834/5
f 758/188/4 762/190/4 752/189/4
f 756/832/5 757/834/5 750/829/5 751/830/5
f 778/4/1 796/190/1 786/189/1
f 759/896/30 682/838/30 688/901/30 753/902/30
f 683/838/29 758/896/29 752/902/29 689/901/29
f 587/59/1 583/77/1 584/76/1 588/58/1
f 589/706/22 587/709/22 591/903/22 593/904/22
f 586/76/4 766/78/4 767/79/4 585/77/4
f 596/21/1 772/83/1 773/82/1 595/22/1
f 595/733/14 773/905/29 771/906/29 597/734/14
f 597/22/4 771/84/4 770/83/4 598/21/4
f 787/183/1 797/182/1 779/181/1
f 585/707/31 767/719/30 769/718/30 583/708/31
f 770/907/5 771/908/5 773/909/5 772/910/5
f 790/188/4 794/190/4 784/189/4
f 781/747/5 774/746/5 782/833/5 789/911/5
f 786/189/1 788/193/1 780/1/1 778/4/1
f 612/713/32 608/710/32 779/747/2 777/746/2
f 788/742/5 789/911/5 782/833/5 783/743/5
f 790/912/35 792/913/35 796/914/35 794/915/35
f 785/183/4 795/182/4 791/227/4
f 614/41/4 612/42/4 777/181/4 774/199/4
f 608/42/1 610/45/1 781/199/1 779/181/1
f 1117/916/40 1132/917/40 1134/918/40 1119/919/40
f 783/193/4 784/189/4 776/4/4 775/1/4
f 795/915/41 797/914/41 793/913/41 791/912/41
f 858/182/4 849/183/4 841/181/4
f 782/209/4 785/183/4 784/189/4 783/193/4
f 786/189/1 787/183/1 789/209/1 788/193/1
f 795/920/39 777/746/39 779/747/39 797/921/39
f 779/181/1 781/199/1 789/209/1 787/183/1
f 776/744/40 794/922/40 796/923/40 778/745/40
f 784/189/4 794/190/4 776/4/4
f 761/834/2 791/833/2 790/743/2 760/832/2
f 786/742/5 848/924/5 849/925/5 787/911/5
f 755/926/30 785/927/30 791/912/30 761/895/30
f 854/924/2 792/742/2 793/911/2 855/925/2
f 855/928/30 793/913/30 787/929/30 849/930/30
f 790/743/2 791/833/2 793/911/2 792/742/2
f 793/227/1 797/182/1 787/183/1
f 774/199/4 777/181/4 785/183/4 782/209/4
f 760/895/29 790/912/29 784/927/29 754/926/29
f 786/189/1 796/190/1 792/188/1
f 829/41/4 809/47/4 808/46/4 827/42/4
f 804/931/26 800/932/31 798/933/31 802/934/26
f 806/46/1 802/59/1 803/58/1 807/47/1
f 803/935/25 799/933/34 801/932/34 805/936/25
f 825/937/33 807/938/19 809/939/19 829/940/33
f 823/42/1 806/46/1 807/47/1 825/45/1
f 813/941/12 834/942/30 836/943/30 811/944/12
f 799/933/34 832/945/29 830/946/29 801/932/34
f 827/940/32 808/947/18 806/948/18 823/937/32
f 817/949/10 813/941/12 811/944/12 815/950/10
f 816/15/4 812/22/4 813/21/4 817/14/4
f 831/951/5 830/952/5 832/953/5 833/954/5
f 798/77/1 833/79/1 832/78/1 799/76/1
f 821/955/9 817/956/10 815/957/10 819/958/9
f 344/392/30 340/396/30 341/404/30 345/393/30
f 820/16/4 821/13/4 828/2/4 826/3/4
f 820/16/4 816/15/4 817/14/4 821/13/4
f 814/959/13 810/960/14 812/961/14 816/962/13
f 818/963/8 814/964/11 816/965/11 820/966/8
f 822/967/3 818/963/8 820/966/8 826/968/3
f 801/76/4 800/77/4 804/59/4 805/58/4
f 805/58/4 804/59/4 808/46/4 809/47/4
f 819/13/1 815/14/1 814/15/1 818/16/1
f 852/969/5 847/924/5 839/970/5 844/971/5
f 840/970/2 842/971/2 822/967/3 826/968/3
f 825/937/33 829/940/33 838/972/5 845/973/5
f 839/1/4 840/4/4 826/3/4 828/2/4
f 819/13/1 818/16/1 822/3/1 824/2/1
f 828/968/6 821/955/7 819/958/7 824/967/6
f 844/971/5 839/970/5 828/968/6 824/967/6
f 842/4/1 844/1/1 824/2/1 822/3/1
f 802/59/1 798/77/1 799/76/1 803/58/1
f 804/931/22 802/934/22 806/974/22 808/975/22
f 801/76/4 830/78/4 831/79/4 800/77/4
f 811/21/1 836/83/1 837/82/1 810/22/1
f 810/960/14 837/976/29 835/977/29 812/961/14
f 812/22/4 835/84/4 834/83/4 813/21/4
f 842/4/1 859/190/1 850/189/1
f 800/932/31 831/946/30 833/945/30 798/933/31
f 834/978/5 835/979/5 837/980/5 836/981/5
f 854/188/4 857/190/4 848/189/4
f 845/973/5 838/972/5 846/925/5 853/982/5
f 850/189/1 852/193/1 844/1/1 842/4/1
f 827/940/32 823/937/32 843/973/2 841/972/2
f 852/969/5 853/982/5 846/925/5 847/924/5
f 854/928/35 856/983/35 859/984/35 857/985/35
f 849/183/4 858/182/4 855/227/4
f 829/41/4 827/42/4 841/181/4 838/199/4
f 823/42/1 825/45/1 845/199/1 843/181/1
f 1133/182/4 1126/183/4 1118/181/4
f 847/193/4 848/189/4 840/4/4 839/1/4
f 858/985/38 860/984/38 882/986/38 855/928/38
f 848/189/4 857/190/4 840/4/4
f 846/209/4 849/183/4 848/189/4 847/193/4
f 850/189/1 851/183/1 853/209/1 852/193/1
f 840/970/40 857/987/40 859/988/40 842/971/40
f 843/181/1 845/199/1 853/209/1 851/183/1
f 851/183/1 860/182/63 843/181/1
f 858/989/39 841/972/39 843/973/39 860/990/39
f 854/924/2 855/925/2 882/991/2 856/969/2
f 882/198/64 860/182/63 851/183/1
f 838/199/4 841/181/4 849/183/4 846/209/4
f 848/930/29 786/929/29 792/913/29 854/928/29
f 850/189/1 859/190/1 856/188/1
f 690/816/5 668/801/5 667/754/5 691/815/5
f 880/992/30 876/993/30 875/994/30 879/995/30
f 869/996/29 870/997/29 874/998/29 873/999/29
f 873/999/29 874/998/29 878/1000/29 877/995/29
f 874/1001/61 876/1002/61 880/1003/65 878/1004/65
f 872/997/30 868/1005/30 867/1006/30 871/996/30
f 863/1007/5 864/1008/5 862/1009/5 861/1010/5
f 866/411/66 862/414/4 864/413/4 868/412/66
f 867/415/67 863/413/1 861/414/1 865/416/67
f 865/1006/29 861/1011/29 862/1012/29 866/1005/29
f 871/420/68 867/415/67 865/416/67 869/421/68
f 879/1003/69 875/1013/70 873/1014/70 877/1015/69
f 868/1005/30 864/1016/30 863/1011/30 867/1006/30
f 874/1017/61 870/424/71 872/423/71 876/422/61
f 869/996/29 865/1006/29 866/1005/29 870/997/29
f 870/424/72 866/411/66 868/412/66 872/423/72
f 875/1018/73 871/420/73 869/421/73 873/427/73
f 880/992/30 879/995/30 882/986/30 851/1019/30
f 879/1003/69 877/1015/69 856/969/2 882/991/2
f 877/995/29 878/1000/29 850/1019/29 856/983/29
f 878/1004/65 880/1003/65 851/982/5 850/969/5
f 883/1020/57 885/1021/57 886/1022/57 884/1023/57
f 885/434/4 887/437/4 888/436/4 886/435/4
f 887/1021/56 889/1020/56 890/1023/56 888/1022/56
f 889/1020/55 891/1024/55 892/1025/55 890/1023/55
f 886/1026/2 888/1027/2 890/1028/2 892/1029/2 894/1030/2 884/1031/2
f 891/437/1 893/434/1 894/435/1 892/436/1
f 893/1024/54 883/1020/54 884/1023/54 894/1025/54
f 895/1032/57 897/1033/57 898/1034/57 896/1035/57
f 897/434/4 899/451/4 900/450/4 898/435/4
f 899/1033/56 901/1032/56 902/1035/56 900/1034/56
f 901/1032/55 903/1036/55 904/1037/55 902/1035/55
f 898/1038/2 900/1039/2 902/1040/2 904/1041/2 906/1042/2 896/1043/2
f 903/451/1 905/434/1 906/435/1 904/450/1
f 905/1036/54 895/1032/54 896/1035/54 906/1037/54
f 907/1044/57 909/1045/57 910/1046/57 908/1047/57
f 909/434/4 911/451/4 912/450/4 910/435/4
f 911/1045/56 913/1044/56 914/1047/56 912/1046/56
f 913/1044/55 915/1048/55 916/1049/55 914/1047/55
f 910/1050/2 912/1051/2 914/1052/2 916/1053/2 918/1054/2 908/1055/2
f 915/451/1 917/434/1 918/435/1 916/450/1
f 917/1048/54 907/1044/54 908/1047/54 918/1049/54
f 919/1056/57 921/1057/57 922/1058/57 920/1059/57
f 921/434/4 923/451/4 924/450/4 922/435/4
f 923/1057/56 925/1056/56 926/1059/56 924/1058/56
f 925/1056/55 927/1060/55 928/1061/55 926/1059/55
f 922/1062/2 924/1063/2 926/1064/2 928/1065/2 930/1066/2 920/1067/2
f 927/451/1 929/434/1 930/435/1 928/450/1
f 929/1060/54 919/1056/54 920/1059/54 930/1061/54
f 931/1068/57 933/1069/57 934/1070/57 932/1071/57
f 933/434/4 935/451/4 936/450/4 934/435/4
f 935/1069/56 937/1068/56 938/1071/56 936/1070/56
f 937/1068/55 939/1072/55 940/1073/55 938/1071/55
f 934/1074/2 936/1075/2 938/1076/2 940/1077/2 942/1078/2 932/1079/2
f 939/451/1 941/434/1 942/435/1 940/450/1
f 941/1072/54 931/1068/54 932/1071/54 942/1073/54
f 944/1080/58 954/1081/58 953/1082/58 943/1083/58
f 946/1084/30 944/1085/30 943/1086/30 945/1087/30
f 952/1088/29 950/1089/29 949/1087/29 951/1086/29
f 951/506/1 949/511/1 947/510/1 945/509/1 943/508/1 953/507/1
f 948/1090/20 946/1091/20 945/1083/20 947/1082/20
f 950/1092/8 948/1090/8 947/1082/8 949/1093/8
f 954/1081/19 952/1094/19 951/1093/19 953/1082/19
f 955/1095/61 957/1096/61 958/1097/61 956/1098/61
f 957/522/4 959/525/4 960/524/4 958/523/4
f 959/1096/60 961/1095/60 962/1098/60 960/1097/60
f 961/1095/59 963/1099/59 964/1100/59 962/1098/59
f 958/1101/29 960/1102/29 962/1103/29 964/1104/29 966/1105/29 956/1106/29
f 963/525/1 965/522/1 966/523/1 964/524/1
f 965/1099/46 955/1095/46 956/1098/46 966/1100/46
f 967/1107/61 969/1108/61 970/1109/61 968/1110/61
f 969/538/4 971/541/4 972/540/4 970/539/4
f 971/1108/60 973/1107/60 974/1110/60 972/1109/60
f 973/1107/59 975/1111/59 976/1112/59 974/1110/59
f 970/1113/29 972/1114/29 974/1115/29 976/1116/29 978/1117/29 968/1118/29
f 975/541/1 977/538/1 978/539/1 976/540/1
f 977/1111/46 967/1107/46 968/1110/46 978/1112/46
f 979/1119/61 981/1120/61 982/1121/61 980/1122/61
f 981/538/4 983/541/4 984/540/4 982/539/4
f 983/1120/60 985/1119/60 986/1122/60 984/1121/60
f 985/1119/59 987/1123/59 988/1124/59 986/1122/59
f 982/1125/29 984/1126/29 986/1127/29 988/1128/29 990/1129/29 980/1130/29
f 987/541/1 989/538/1 990/562/1 988/540/1
f 989/1123/46 979/1119/46 980/1122/46 990/1124/46
f 991/1131/61 993/1132/61 994/1133/61 992/1134/61
f 993/538/4 995/541/4 996/540/4 994/539/4
f 995/1132/60 997/1131/60 998/1134/60 996/1133/60
f 997/1131/59 999/1135/59 1000/1136/59 998/1134/59
f 994/1137/29 996/1138/29 998/1139/29 1000/1140/29 1002/1141/29 992/1142/29
f 999/541/1 1001/538/1 1002/562/1 1000/540/1
f 1001/1135/46 991/1131/46 992/1134/46 1002/1136/46
f 1003/1143/61 1005/1144/61 1006/1145/61 1004/1146/61
f 1005/538/4 1007/541/4 1008/540/4 1006/539/4
f 1007/1144/60 1009/1143/60 1010/1146/60 1008/1145/60
f 1009/1143/59 1011/1147/59 1012/1148/59 1010/1146/59
f 1006/1149/29 1008/1150/29 1010/1151/29 1012/1152/29 1014/1153/29 1004/1154/29
f 1011/541/1 1013/538/1 1014/539/1 1012/540/1
f 1013/1147/46 1003/1143/46 1004/1146/46 1014/1148/46
f 1015/1155/46 1017/1156/46 1018/1157/46 1016/1158/46
f 1017/591/1 1019/594/1 1020/593/1 1018/592/1
f 1019/1156/59 1021/1155/59 1022/1158/59 1020/1157/59
f 1021/1155/60 1023/1159/60 1024/1160/60 1022/1158/60
f 1018/1161/30 1020/1162/30 1022/1163/30 1024/1164/30 1026/1165/30 1016/1166/30
f 1023/594/4 1025/591/4 1026/592/4 1024/593/4
f 1025/1159/61 1015/1155/61 1016/1158/61 1026/1160/61
f 1027/1167/46 1029/1168/46 1030/1169/46 1028/1170/46
f 1029/607/1 1031/610/1 1032/609/1 1030/608/1
f 1031/1168/59 1033/1167/59 1034/1170/59 1032/1169/59
f 1033/1167/60 1035/1171/60 1036/1172/60 1034/1170/60
f 1030/1173/30 1032/1174/30 1034/1175/30 1036/1176/30 1038/1177/30 1028/1178/30
f 1035/610/4 1037/607/4 1038/608/4 1036/609/4
f 1037/1171/61 1027/1167/61 1028/1170/61 1038/1172/61
f 1039/1179/46 1041/1180/46 1042/1181/46 1040/1182/46
f 1041/607/1 1043/610/1 1044/609/1 1042/608/1
f 1043/1180/59 1045/1179/59 1046/1182/59 1044/1181/59
f 1045/1179/60 1047/1183/60 1048/1184/60 1046/1182/60
f 1042/1185/30 1044/1186/30 1046/1187/30 1048/1188/30 1050/1189/30 1040/1190/30
f 1047/610/4 1049/607/4 1050/608/4 1048/609/4
f 1049/1183/61 1039/1179/61 1040/1182/61 1050/1184/61
f 1051/1191/46 1053/1192/46 1054/1193/46 1052/1194/46
f 1053/607/1 1055/610/1 1056/609/1 1054/608/1
f 1055/1192/59 1057/1191/59 1058/1194/59 1056/1195/59
f 1057/1191/60 1059/1196/60 1060/1197/60 1058/1194/60
f 1054/1198/30 1056/1199/30 1058/1200/30 1060/1201/30 1062/1202/30 1052/1203/30
f 1059/610/4 1061/607/4 1062/608/4 1060/609/4
f 1061/1196/61 1051/1191/61 1052/1194/61 1062/1197/61
f 1063/1204/46 1065/1205/46 1066/1206/46 1064/1207/46
f 1065/650/1 1067/651/1 1068/609/1 1066/608/1
f 1067/1205/59 1069/1204/59 1070/1207/59 1068/1206/59
f 1069/1204/60 1071/1208/60 1072/1209/60 1070/1207/60
f 1066/1210/30 1068/1211/30 1070/1212/30 1072/1213/30 1074/1214/30 1064/1215/30
f 1071/651/4 1073/650/4 1074/608/4 1072/609/4
f 1073/1208/61 1063/1204/61 1064/1207/61 1074/1209/61
f 1079/384/33 1075/381/33 1115/1216/5 1122/1217/5
f 1117/916/2 1119/919/2 1082/879/3 1078/882/3
f 1128/1218/5 1124/1219/5 1116/916/5 1121/919/5
f 1116/1/4 1117/4/4 1078/3/4 1076/2/4
f 1096/1220/22 1100/1221/22 1102/1222/22 1098/1223/22
f 1079/384/33 1097/1224/19 1095/1225/19 1075/381/33
f 1089/14/1 1090/15/1 1086/16/1 1085/13/1
f 1087/1226/10 1091/1227/12 1093/1228/12 1089/1229/10
f 1076/882/6 1083/1230/7 1085/1231/7 1080/879/6
f 1119/4/1 1121/1/1 1080/2/1 1082/3/1
f 1121/919/5 1116/916/5 1076/882/6 1080/879/6
f 1086/880/8 1090/1232/11 1088/1233/11 1084/881/8
f 1078/3/4 1084/16/4 1083/13/4 1076/2/4
f 1080/2/1 1085/13/1 1086/16/1 1082/3/1
f 1093/21/1 1094/22/1 1090/15/1 1089/14/1
f 1092/22/4 1091/21/4 1087/14/4 1088/15/4
f 1084/16/4 1088/15/4 1087/14/4 1083/13/4
f 1083/1230/9 1087/1234/10 1089/1235/10 1085/1231/9
f 1090/1236/13 1094/1237/14 1092/1238/14 1088/1239/13
f 546/3/4 552/16/4 551/13/4 544/2/4
f 1106/77/1 1110/79/1 1109/78/1 1105/76/1
f 1108/1240/5 1107/1241/5 1109/1242/5 1110/1243/5
f 1097/1244/19 1101/1245/21 1099/1246/21 1095/1247/19
f 1105/1248/34 1109/1249/29 1107/1250/29 1103/1251/34
f 1091/1227/12 1111/1252/30 1113/1253/30 1093/1228/12
f 1075/41/4 1095/47/4 1096/46/4 1077/42/4
f 1081/42/1 1098/46/1 1097/47/1 1079/45/1
f 1100/1221/26 1104/1251/31 1106/1248/31 1102/1222/26
f 1101/1245/25 1105/1248/34 1103/1251/34 1099/1246/25
f 1095/47/4 1099/58/4 1100/59/4 1096/46/4
f 1103/76/4 1104/77/4 1100/59/4 1099/58/4
f 1102/59/1 1106/77/1 1105/76/1 1101/58/1
f 1098/46/1 1102/59/1 1101/58/1 1097/47/1
f 1103/76/4 1107/78/4 1108/79/4 1104/77/4
f 1093/21/1 1113/83/1 1114/82/1 1094/22/1
f 1094/1237/14 1114/1254/29 1112/1255/29 1092/1238/14
f 1092/22/4 1112/84/4 1111/83/4 1091/21/4
f 1127/183/1 1135/182/1 1120/181/1
f 1104/1251/31 1108/1250/30 1110/1249/30 1106/1248/31
f 1111/1256/5 1112/1257/5 1114/1258/5 1113/1259/5
f 1175/188/42 1132/190/42 1125/189/4
f 1122/1217/5 1115/1216/5 1123/1260/5 1129/1261/5
f 1176/189/1 1128/193/1 1121/1/1 1119/4/1
f 1077/381/32 1081/384/32 1120/1217/2 1118/1216/2
f 1128/1218/5 1129/1261/5 1123/1260/5 1124/1219/5
f 1175/1262/35 1130/1263/35 1134/1264/35 1132/1265/35
f 1126/183/4 1133/182/4 1174/198/42
f 1075/41/4 1077/42/4 1118/181/4 1115/199/4
f 1081/42/1 1079/45/1 1122/199/1 1120/181/1
f 127/4/1 143/190/1 1172/189/1
f 1124/193/4 1125/189/4 1117/4/4 1116/1/4
f 1133/1265/38 1135/1264/38 1131/1263/38 1174/1266/38
f 617/749/32 636/1267/18 638/1268/18 621/748/32
f 1123/209/4 1126/183/4 1125/189/4 1124/193/4
f 1176/189/1 1127/183/1 1129/209/1 1128/193/1
f 1133/1269/39 1118/1216/39 1120/1217/39 1135/1270/39
f 1120/181/1 1122/199/1 1129/209/1 1127/183/1
f 135/183/1 144/182/37 128/181/1
f 1125/189/4 1132/190/42 1117/4/4
f 1175/1271/2 1174/1272/2 1131/1261/2 1130/1218/2
f 1131/227/1 1135/182/1 1127/183/1
f 1115/199/4 1118/181/4 1126/183/4 1123/209/4
f 1176/189/1 1134/190/1 1130/188/1
f 1136/1273/57 1138/1274/57 1139/1275/57 1137/1276/57
f 1138/434/4 1140/437/4 1141/436/4 1139/435/4
f 1140/1274/56 1142/1273/56 1143/1276/56 1141/1275/56
f 1142/1273/55 1144/1277/55 1145/1278/55 1143/1276/55
f 1139/1279/2 1141/1280/2 1143/1281/2 1145/1282/2 1147/1283/2 1137/1284/2
f 1144/437/1 1146/434/1 1147/435/1 1145/436/1
f 1146/1277/54 1136/1273/54 1137/1276/54 1147/1278/54
f 1148/1285/61 1150/1286/61 1151/1287/61 1149/1288/61
f 1150/538/4 1152/541/4 1153/540/4 1151/539/4
f 1152/1286/60 1154/1285/60 1155/1288/60 1153/1287/60
f 1154/1285/59 1156/1289/59 1157/1290/59 1155/1288/59
f 1151/1291/29 1153/1292/29 1155/1293/29 1157/1294/29 1159/1295/29 1149/1296/29
f 1156/541/1 1158/538/1 1159/562/1 1157/540/1
f 1158/1289/46 1148/1285/46 1149/1288/46 1159/1290/46
f 1160/1297/46 1162/1298/46 1163/1299/46 1161/1300/46
f 1162/650/1 1164/651/1 1165/609/1 1163/608/1
f 1164/1298/59 1166/1297/59 1167/1300/59 1165/1299/59
f 1166/1297/60 1168/1301/60 1169/1302/60 1167/1300/60
f 1163/1303/30 1165/1304/30 1167/1305/30 1169/1306/30 1171/1307/30 1161/1308/30
f 1168/651/4 1170/650/4 1171/608/4 1169/609/4
f 1170/1301/61 1160/1297/61 1161/1300/61 1171/1302/61
f 1130/1263/29 671/802/29 665/1309/29 1176/1310/29
f 1131/1261/2 881/835/2 671/755/2 1130/1218/2
f 1127/1311/30 666/1309/30 881/806/30 1131/1263/30
f 1176/1312/5 665/755/5 666/800/5 1127/1261/5
f 140/194/29 1175/1262/29 1125/1313/29 1172/1314/29
f 1173/226/2 1174/1272/2 1175/1271/2 140/140/2
f 135/1314/30 1126/1313/30 1174/1266/30 1173/200/30
f 1172/140/5 1125/1219/5 1126/1260/5 135/192/5
f 166/277/40 148/1315/40 150/1316/40 168/278/40
f 129/4/4 136/189/4 145/190/4
f 284/14/4 283/15/4 279/22/4 280/21/4
f 70/14/4 69/15/4 65/22/4 66/21/4
f 342/1317/74 344/1318/74 348/429/53 346/403/53
f 876/993/30 872/997/30 871/996/30 875/994/30
f 60/254/21 58/253/21 62/1319/19 64/1320/19
f 807/1321/19 803/935/21 805/936/21 809/1322/19
