# Blender 5.0.1
# www.blender.org
mtllib wardrobe_mp_1_4.mtl
o wardrobe_mp_1_4
v -0.590003 1.980000 -0.240000
v -0.610003 0.100000 0.260000
v -0.590003 0.120000 -0.240000
v 0.609998 0.100000 0.260000
v 0.609999 0.100000 -0.260000
v -0.610004 0.100000 -0.260000
v 0.590002 0.120000 0.260000
v 0.589996 0.120000 -0.240000
v -0.590001 0.120000 0.260000
v 0.609998 2.000000 -0.260000
v 0.589996 1.980000 -0.240000
v -0.610004 2.000000 -0.260000
v -0.610003 2.000000 0.260000
v 0.609998 2.000000 0.260000
v 0.589997 1.980000 0.260000
v -0.590004 1.980000 0.260000
v -0.590003 0.270000 0.260000
v -0.590003 0.270000 -0.240000
v -0.590003 0.290000 -0.240000
v 0.589998 0.270000 -0.240000
v 0.589996 0.290000 -0.240000
v 0.589999 0.290000 0.260000
v -0.590003 0.290000 0.260000
v 0.590002 0.270000 0.260000
v 0.575000 0.188001 -0.200000
v 0.575001 0.202001 -0.200000
v 0.590001 0.188001 -0.200000
v 0.590001 0.202001 -0.200000
v 0.575001 0.188001 0.196000
v 0.575001 0.192001 0.200000
v 0.575001 0.198001 0.200000
v 0.575001 0.202001 0.196000
v 0.590001 0.192001 0.200000
v 0.590001 0.188001 0.196000
v 0.590001 0.202001 0.196000
v 0.590001 0.198001 0.200000
v -0.575001 0.188001 -0.200000
v -0.575002 0.202001 -0.200000
v -0.590003 0.188001 -0.200000
v -0.590002 0.202001 -0.200000
v -0.575002 0.188001 0.196000
v -0.575002 0.192001 0.200000
v -0.575002 0.198001 0.200000
v -0.575002 0.202001 0.196000
v -0.590003 0.192001 0.200000
v -0.590003 0.188001 0.196000
v -0.590003 0.202001 0.196000
v -0.590003 0.198001 0.200000
v -0.590003 0.570000 0.250000
v -0.590003 0.570000 -0.240000
v -0.590003 0.590000 -0.240000
v -0.010002 0.570000 -0.240000
v -0.010004 0.590000 -0.240000
v -0.010001 0.590000 0.250000
v -0.590003 0.590000 0.250000
v -0.009998 0.570000 0.250000
v -0.010000 1.980003 0.260000
v -0.010000 1.980003 -0.240000
v 0.010000 1.980003 -0.240000
v -0.010000 0.290002 -0.240000
v 0.010000 0.290004 -0.240000
v 0.010000 0.290001 0.260000
v 0.010000 1.980003 0.260000
v -0.010000 0.289998 0.260000
v 0.590002 0.570000 0.250000
v 0.009997 0.590000 0.250000
v 0.589999 0.590000 0.250000
v 0.589996 0.590000 -0.240000
v 0.589998 0.570000 -0.240000
v 0.009997 0.590000 -0.240000
v 0.009997 0.570000 -0.240000
v 0.009997 0.570000 0.250000
v 0.609999 0.100000 -0.260002
v -0.610004 0.100000 -0.260002
v -0.610003 2.000000 0.259998
v -0.609998 0.100000 0.259998
v 0.610003 0.100000 0.259998
v 0.645005 0.037500 -0.295002
v 0.645003 0.037500 0.294998
v -0.644998 0.037500 0.294998
v -0.644998 0.037500 -0.295002
v -0.629998 0.055000 -0.280002
v 0.630003 0.055000 0.279998
v -0.629998 0.055000 0.279998
v 0.630005 0.055000 -0.280002
v -0.629998 0.085001 0.279998
v 0.670003 0.020000 0.319998
v 0.670004 0.020000 -0.320002
v -0.669998 0.020000 -0.320002
v -0.669998 0.020000 0.319998
v 0.670004 0.000000 -0.320002
v 0.670003 -0.000000 0.319998
v -0.669998 0.000000 -0.320002
v -0.669998 0.000000 0.319998
v -0.629998 0.085000 -0.280002
v -0.637318 0.064510 -0.287322
v -0.637318 0.075490 -0.287322
v -0.637318 0.075491 0.287319
v -0.637318 0.064510 0.287319
v 0.630003 0.085000 0.279998
v 0.637324 0.064509 0.287319
v 0.637324 0.075490 0.287319
v 0.630005 0.085000 -0.280002
v 0.637325 0.075490 -0.287322
v 0.637325 0.064510 -0.287322
v 0.630003 0.100000 0.279998
v 0.630005 0.100000 -0.280002
v -0.629998 0.100000 -0.280002
v -0.629998 0.100000 0.279998
v 0.609998 2.000000 -0.260002
v -0.610004 2.000000 -0.260002
v 0.609998 2.000000 0.259998
v -0.645005 2.062500 -0.295002
v -0.645003 2.062500 0.294998
v 0.644998 2.062500 0.294998
v 0.644998 2.062500 -0.295002
v 0.629998 2.045000 -0.280002
v -0.630003 2.045001 0.279998
v 0.629998 2.045000 0.279998
v -0.630005 2.045000 -0.280002
v 0.629998 2.014999 0.279998
v -0.670003 2.080000 0.319998
v -0.670004 2.080000 -0.320002
v 0.669998 2.080000 -0.320002
v 0.669998 2.079999 0.319998
v -0.670004 2.100000 -0.320002
v -0.670003 2.100000 0.319998
v 0.669998 2.100000 -0.320002
v 0.669998 2.099999 0.319998
v 0.629998 2.015000 -0.280002
v 0.637318 2.035490 -0.287322
v 0.637318 2.024509 -0.287322
v 0.637318 2.024509 0.287319
v 0.637318 2.035490 0.287319
v -0.630003 2.015000 0.279998
v -0.637324 2.035491 0.287319
v -0.637324 2.024510 0.287319
v -0.630005 2.015000 -0.280002
v -0.637325 2.024510 -0.287322
v -0.637325 2.035490 -0.287322
v -0.630003 2.000000 0.279998
v -0.630005 2.000000 -0.280002
v 0.629998 2.000000 -0.280002
v 0.629998 2.000000 0.279998
vn -0.0000 -0.0000 1.0000
vn -0.0000 -1.0000 -0.0000
vn -1.0000 -0.0000 -0.0000
vn 1.0000 -0.0000 -0.0000
vn -0.0000 -0.0000 -1.0000
vn -0.0000 1.0000 -0.0000
vn -0.0000 -0.7071 0.7071
vn -0.0000 0.7071 0.7071
vn -0.0000 0.7729 0.6345
vn -0.0000 0.8192 0.5735
vn -0.0000 0.6508 -0.7593
vn -0.0000 0.7729 -0.6345
vn -0.0000 0.8192 -0.5735
vn 0.7593 0.6508 -0.0000
vn 0.6345 0.7729 -0.0000
vn -0.6345 0.7729 -0.0000
vn -0.5735 0.8192 -0.0000
vn -0.7593 0.6508 -0.0000
vn -0.0000 0.6508 0.7593
vn -0.0000 -0.6100 -0.7924
vn -0.0000 -0.2535 -0.9673
vn -0.0000 0.2535 -0.9673
vn -0.0000 0.6100 -0.7924
vn -0.0000 -0.6100 0.7924
vn -0.0000 -0.2535 0.9673
vn -0.0000 0.2535 0.9673
vn -0.0000 0.6100 0.7924
vn 0.7924 -0.6100 -0.0000
vn 0.9673 -0.2535 -0.0000
vn 0.9673 0.2535 -0.0000
vn 0.7924 0.6100 -0.0000
vn -0.7924 -0.6100 -0.0000
vn -0.9673 -0.2535 -0.0000
vn -0.9673 0.2535 -0.0000
vn -0.7924 0.6100 -0.0000
vn 0.5735 0.8192 -0.0000
vn -0.0000 -0.7729 0.6345
vn -0.0000 -0.8192 0.5735
vn -0.0000 -0.6508 -0.7593
vn -0.0000 -0.7729 -0.6345
vn -0.0000 -0.8192 -0.5735
vn -0.7593 -0.6508 -0.0000
vn -0.6345 -0.7729 -0.0000
vn 0.6345 -0.7729 -0.0000
vn 0.5735 -0.8192 -0.0000
vn 0.7593 -0.6508 -0.0000
vn -0.0000 -0.6508 0.7593
vn -0.5735 -0.8192 -0.0000
vt 1.026635 1.623389
vt 1.039969 1.636721
vt 0.226638 1.636713
vt 0.239970 1.623379
vt 0.214002 0.579776
vt 1.000669 0.579776
vt 1.000669 0.910377
vt 0.214002 0.910377
vt 1.437146 0.750470
vt 0.170478 0.750486
vt 0.170479 1.097150
vt 1.437147 1.097131
vt 0.240002 0.383333
vt 0.226667 0.370000
vt 1.039999 0.370000
vt 1.026669 0.383333
vt 1.437144 1.097138
vt 0.170488 1.097136
vt 0.170488 0.750470
vt 1.437143 0.750472
vt -0.170472 0.715041
vt -0.170472 1.048373
vt 1.423815 1.083802
vt 1.423815 0.750469
vt 1.266657 1.409996
vt -0.000009 1.409999
vt 0.013327 1.396665
vt 1.253323 1.396665
vt 1.410479 1.403804
vt 0.170478 1.403803
vt 0.170479 0.617138
vt 1.410479 0.617139
vt 1.253321 0.610002
vt 0.013319 0.610000
vt -0.000013 0.596666
vt 1.266655 0.596666
vt 1.423813 0.603803
vt 0.157140 0.603816
vt 0.157141 1.417148
vt 1.423815 1.417134
vt 1.026666 0.640000
vt 1.026664 0.306667
vt 0.240001 0.306667
vt 0.240003 0.640000
vt 1.423813 1.083805
vt -0.170472 1.048376
vt -0.170473 0.715043
vt 1.423812 0.750472
vt -0.052665 0.312563
vt -0.052665 -0.020771
vt 0.734001 -0.020771
vt 0.734002 0.312563
vt 0.214003 0.579229
vt 1.000667 0.579230
vt 1.000667 0.912563
vt 0.214002 0.912563
vt 1.026672 0.483334
vt 1.026671 0.496667
vt 0.239999 0.496666
vt 0.239999 0.483333
vt 0.440580 0.303204
vt 0.440598 0.039203
vt 0.450599 0.039204
vt 0.450581 0.303204
vt 0.497315 0.639217
vt 0.507316 0.639218
vt 0.507319 0.903266
vt 0.497319 0.903266
vt -0.023318 -0.071334
vt -0.023319 -0.062001
vt -0.033318 -0.062001
vt -0.033318 -0.071334
vt -0.033337 0.068668
vt -0.033337 0.064668
vt -0.023336 0.064668
vt -0.023336 0.068668
vt -0.033335 0.075330
vt -0.023334 0.075331
vt -0.023334 0.077997
vt -0.033334 0.077997
vt 0.440462 0.296529
vt 0.450467 0.296529
vt 0.450469 0.299198
vt 0.440463 0.299197
vt 0.165888 0.071321
vt 0.163221 0.068654
vt 0.163221 0.064654
vt 0.165888 0.061988
vt 0.429900 0.061995
vt 0.429901 0.071329
vt 0.707261 0.303214
vt 0.717265 0.303215
vt 0.717291 0.039213
vt 0.707290 0.039212
vt 0.230662 0.639214
vt 0.230672 0.903275
vt 0.240672 0.903275
vt 0.240663 0.639216
vt 0.243335 -0.071334
vt 0.233334 -0.071334
vt 0.233335 -0.062001
vt 0.243334 -0.062001
vt 0.233334 0.068666
vt 0.243335 0.068666
vt 0.243335 0.064666
vt 0.233334 0.064666
vt 0.233334 0.075333
vt 0.233334 0.078000
vt 0.243334 0.078000
vt 0.243334 0.075333
vt 0.707248 0.296545
vt 0.707248 0.299212
vt 0.717254 0.299213
vt 0.717254 0.296546
vt 0.165889 0.071327
vt 0.429901 0.071334
vt 0.429901 0.062001
vt 0.165888 0.061993
vt 0.163222 0.064660
vt 0.163222 0.068660
vt 0.347335 0.305896
vt 0.347335 -0.020771
vt 0.734001 -0.020771
vt 0.734002 0.305896
vt 0.214003 0.579229
vt 0.600669 0.579230
vt 0.600669 0.905896
vt 0.214002 0.905896
vt 0.626672 0.683329
vt 0.626672 0.696662
vt 0.239996 0.696662
vt 0.239995 0.683329
vt 0.167335 0.312563
vt 0.167334 -0.020771
vt 1.294000 -0.020771
vt 1.294002 0.312563
vt -0.345993 0.579229
vt 0.780669 0.579230
vt 0.780668 0.912563
vt -0.345995 0.912562
vt 0.806678 0.663332
vt 0.806678 0.676664
vt -0.320012 0.676660
vt -0.320013 0.663327
vt -0.052665 0.305896
vt -0.052665 -0.020771
vt 0.334001 -0.020771
vt 0.334003 0.305896
vt 1.026680 0.683329
vt 1.026681 0.696662
vt 0.640005 0.696662
vt 0.640003 0.683329
vt 0.614001 0.579230
vt 1.000667 0.579230
vt 1.000667 0.905897
vt 0.614000 0.905896
vt 0.910660 0.467837
vt 0.926577 0.487266
vt 0.073423 0.487266
vt 0.089340 0.467837
vt 0.901110 0.453162
vt 0.910660 0.467837
vt 0.089340 0.467837
vt 0.098890 0.453162
vt 0.926577 0.487266
vt 0.073423 0.487266
vt 0.321729 0.453162
vt 0.312179 0.467837
vt 0.687821 0.467837
vt 0.678271 0.453162
vt 0.312179 0.467837
vt 0.687821 0.467837
vt 0.703738 0.487266
vt 0.296262 0.487266
vt 0.321729 0.421339
vt 0.678271 0.421339
vt 0.678271 0.430890
vt 0.321729 0.430889
vt 0.678271 0.421339
vt 0.321729 0.421339
vt 0.321729 0.430889
vt 0.678271 0.430889
vt 0.098890 0.421339
vt 0.901110 0.421339
vt 0.901110 0.430889
vt 0.098890 0.430890
vt 0.098890 0.421339
vt 0.901110 0.421339
vt 0.901110 0.430889
vt 0.098890 0.430890
vt 0.703738 0.500000
vt 0.296262 0.500000
vt 0.321729 0.453162
vt 0.678271 0.453162
vt 0.901110 0.453162
vt 0.098890 0.453162
vt 0.073423 0.334054
vt 0.073423 -0.073423
vt 0.926577 -0.073423
vt 0.926576 0.334054
vt 0.703738 0.487266
vt 0.296262 0.487266
vt 0.296262 0.500000
vt 0.703738 0.500000
vt 0.926577 0.500000
vt 0.073423 0.500000
vt 0.926577 0.500000
vt 0.073423 0.500000
vt 0.094229 0.445522
vt 0.905771 0.445521
vt 0.905771 0.438530
vt 0.094229 0.438530
vt 0.094229 0.445522
vt 0.905770 0.445521
vt 0.094229 0.438530
vt 0.905770 0.438530
vt 0.682932 0.445521
vt 0.317068 0.445521
vt 0.682932 0.438530
vt 0.317068 0.438530
vt 0.317068 0.445522
vt 0.682932 0.445521
vt 0.317068 0.438530
vt 0.682932 0.438530
vt 0.913844 0.677862
vt 0.913843 0.346787
vt 0.926576 0.334054
vt 0.926577 0.690595
vt 0.137091 0.677862
vt 0.124357 0.690596
vt 0.137091 0.346787
vt 0.124357 0.334054
s 1
usemtl wood_6
f 15/1/1 14/2/1 13/3/1 16/4/1
f 1/5/2 11/6/2 15/7/2 16/8/2
f 2/9/3 13/10/3 12/11/3 6/12/3
f 9/13/1 2/14/1 4/15/1 7/16/1
f 5/17/4 10/18/4 14/19/4 4/20/4
f 15/21/3 11/22/3 8/23/3 7/24/3
f 4/25/1 14/26/1 15/27/1 7/28/1
f 8/29/1 11/30/1 1/31/1 3/32/1
f 9/33/1 16/34/1 13/35/1 2/36/1
f 6/37/5 12/38/5 10/39/5 5/40/5
f 7/41/6 8/42/6 3/43/6 9/44/6
f 3/45/4 1/46/4 16/47/4 9/48/4
f 22/49/6 21/50/6 19/51/6 23/52/6
f 18/53/2 20/54/2 24/55/2 17/56/2
f 24/57/1 22/58/1 23/59/1 17/60/1
f 35/61/6 28/62/6 26/63/6 32/64/6
f 25/65/2 27/66/2 34/67/2 29/68/2
f 25/69/5 26/70/5 28/71/5 27/72/5
f 33/73/1 36/74/1 31/75/1 30/76/1
f 33/77/7 30/78/7 29/79/7 34/80/7
f 35/81/8 32/82/8 31/83/8 36/84/8
f 29/85/3 30/86/3 31/87/3 32/88/3 26/89/3 25/90/3
f 47/91/6 44/92/6 38/93/6 40/94/6
f 37/95/2 41/96/2 46/97/2 39/98/2
f 37/99/5 39/100/5 40/101/5 38/102/5
f 45/103/1 42/104/1 43/105/1 48/106/1
f 45/107/7 46/108/7 41/109/7 42/110/7
f 47/111/8 48/112/8 43/113/8 44/114/8
f 41/115/4 37/116/4 38/117/4 44/118/4 43/119/4 42/120/4
f 54/121/6 53/122/6 51/123/6 55/124/6
f 50/125/2 52/126/2 56/127/2 49/128/2
f 56/129/1 54/130/1 55/131/1 49/132/1
f 62/133/4 61/134/4 59/135/4 63/136/4
f 58/137/3 60/138/3 64/139/3 57/140/3
f 64/141/1 62/142/1 63/143/1 57/144/1
f 67/145/6 68/146/6 70/147/6 66/148/6
f 65/149/1 67/150/1 66/151/1 72/152/1
f 71/153/2 69/154/2 65/155/2 72/156/2
f 80/157/9 90/158/10 87/159/10 79/160/9
f 85/161/11 78/162/12 81/163/12 82/164/11
f 78/162/12 88/165/13 89/166/13 81/163/12
f 83/167/14 79/168/15 78/169/15 85/170/14
f 80/171/16 81/172/16 89/173/17 90/174/17
f 109/175/3 108/176/3 95/177/3 86/178/3
f 107/179/4 106/180/4 100/181/4 103/182/4
f 106/183/1 109/184/1 86/185/1 100/186/1
f 108/187/5 107/188/5 103/189/5 95/190/5
f 90/174/3 89/173/3 93/191/3 94/192/3
f 84/193/18 82/194/18 81/172/16 80/171/16
f 84/195/19 80/157/9 79/160/9 83/196/19
f 94/197/2 93/198/2 91/199/2 92/200/2
f 88/201/4 87/202/4 92/203/4 91/204/4
f 89/166/5 88/165/5 91/205/5 93/206/5
f 87/159/1 90/158/1 94/207/1 92/208/1
f 85/161/20 82/164/20 96/209/21 105/210/21
f 104/211/22 97/212/22 95/190/23 103/189/23
f 84/195/24 83/196/24 101/213/25 99/214/25
f 99/214/25 101/213/25 102/215/26 98/216/26
f 98/216/26 102/215/26 100/186/27 86/185/27
f 83/167/28 85/170/28 105/217/29 101/218/29
f 101/218/29 105/217/29 104/219/30 102/220/30
f 102/220/30 104/219/30 103/182/31 100/181/31
f 82/194/32 84/193/32 99/221/33 96/222/33
f 96/222/33 99/221/33 98/223/34 97/224/34
f 97/224/34 98/223/34 86/178/35 95/177/35
f 79/168/15 87/202/36 88/201/36 78/169/15
f 73/225/6 77/226/6 106/227/6 107/228/6
f 74/229/6 73/225/6 107/228/6 108/230/6
f 76/231/6 74/229/6 108/230/6 109/232/6
f 77/226/6 76/231/6 109/232/6 106/227/6
f 105/210/21 96/209/21 97/212/22 104/211/22
f 115/157/37 125/158/38 122/159/38 114/160/37
f 120/161/39 113/162/40 116/163/40 117/164/39
f 113/162/40 123/165/41 124/166/41 116/163/40
f 118/167/42 114/168/43 113/169/43 120/170/42
f 115/171/44 116/172/44 124/173/45 125/174/45
f 144/175/4 143/176/4 130/177/4 121/178/4
f 142/179/3 141/180/3 135/181/3 138/182/3
f 141/183/1 144/184/1 121/185/1 135/186/1
f 143/187/5 142/188/5 138/189/5 130/190/5
f 125/174/4 124/173/4 128/191/4 129/192/4
f 119/193/46 117/194/46 116/172/44 115/171/44
f 119/195/47 115/157/37 114/160/37 118/196/47
f 129/197/6 128/198/6 126/199/6 127/200/6
f 123/201/3 122/202/3 127/203/3 126/204/3
f 124/166/5 123/165/5 126/205/5 128/206/5
f 122/159/1 125/158/1 129/207/1 127/208/1
f 120/161/23 117/164/23 131/209/22 140/210/22
f 139/211/21 132/212/21 130/190/20 138/189/20
f 119/195/27 118/196/27 136/213/26 134/214/26
f 134/214/26 136/213/26 137/215/25 133/216/25
f 133/216/25 137/215/25 135/186/24 121/185/24
f 118/167/35 120/170/35 140/217/34 136/218/34
f 136/218/34 140/217/34 139/219/33 137/220/33
f 137/220/33 139/219/33 138/182/32 135/181/32
f 117/194/31 119/193/31 134/221/30 131/222/30
f 131/222/30 134/221/30 133/223/29 132/224/29
f 132/224/29 133/223/29 121/178/28 130/177/28
f 114/168/43 122/202/48 123/201/48 113/169/43
f 111/225/2 75/226/2 141/227/2 142/228/2
f 110/229/2 111/225/2 142/228/2 143/230/2
f 112/231/2 110/229/2 143/230/2 144/232/2
f 75/226/2 112/231/2 144/232/2 141/227/2
f 140/210/22 131/209/22 132/212/21 139/211/21
o wardrobe_mp_1_4_drawer
v -0.570003 -0.060000 -0.020000
v -0.570003 -0.050000 -0.020000
v -0.570003 -0.060000 -0.390000
v -0.570003 -0.050000 -0.390000
v 0.569998 -0.060000 -0.020000
v 0.569998 -0.050000 -0.020000
v 0.569998 -0.060000 -0.390000
v 0.569997 -0.050000 -0.390000
v 0.570001 -0.070000 -0.020000
v 0.570001 0.050000 -0.020000
v 0.570000 -0.070000 -0.420000
v 0.570001 0.050000 -0.420000
v 0.580001 -0.070000 -0.020000
v 0.580001 0.050000 -0.020000
v 0.580001 -0.070000 -0.420000
v 0.580001 0.050000 -0.420000
v -0.600000 -0.090000 -0.020000
v -0.599999 0.080000 -0.020000
v 0.600001 -0.090000 -0.020000
v 0.600001 0.080000 -0.020000
v -0.569999 -0.070000 -0.390000
v -0.569999 0.050000 -0.390000
v -0.570000 -0.070000 -0.400000
v -0.569999 0.050000 -0.400000
v 0.570001 -0.070000 -0.390000
v 0.570001 0.050000 -0.390000
v 0.570001 -0.070000 -0.400000
v 0.570001 0.050000 -0.400000
v -0.599999 0.080000 -0.010000
v -0.599999 -0.090000 -0.010000
v 0.600001 0.080000 -0.010000
v 0.600001 -0.090000 -0.010000
v -0.580000 0.060000 -0.000000
v -0.580000 -0.070000 -0.000000
v 0.580001 0.060000 -0.000000
v 0.580001 -0.070000 -0.000000
v -0.580000 0.060000 -0.000000
v -0.589999 0.070000 -0.010000
v -0.583291 0.063292 -0.006708
v -0.589999 -0.080000 -0.010000
v -0.580000 -0.070000 -0.000000
v -0.583291 -0.073292 -0.006708
v 0.590001 0.070000 -0.010000
v 0.580001 0.060000 -0.000000
v 0.583293 0.063292 -0.006708
v 0.580001 -0.070000 -0.000000
v 0.590001 -0.080000 -0.010000
v 0.583293 -0.073292 -0.006708
v 0.569997 -0.012000 -0.020000
v 0.580000 -0.012000 -0.020000
v 0.580000 -0.012000 -0.420000
v 0.569997 -0.012000 -0.420000
v 0.580000 0.002000 -0.420000
v 0.569997 0.002000 -0.420000
v 0.569997 0.002000 -0.020000
v 0.580000 0.002000 -0.020000
v 0.575000 0.002000 -0.020000
v 0.575000 -0.012000 -0.020000
v 0.575000 -0.012000 -0.420000
v 0.575000 0.002000 -0.420000
v -0.570002 -0.070000 -0.420000
v -0.570002 0.050000 -0.420000
v -0.570002 -0.070000 -0.020000
v -0.570002 0.050000 -0.020000
v -0.580003 -0.070000 -0.420000
v -0.580003 0.050000 -0.420000
v -0.580003 -0.070000 -0.020000
v -0.580002 0.050000 -0.020000
v -0.569999 -0.012000 -0.420000
v -0.580001 -0.012000 -0.420000
v -0.580001 -0.012000 -0.020000
v -0.569999 -0.012000 -0.020000
v -0.580001 0.002000 -0.020000
v -0.569999 0.002000 -0.020000
v -0.569999 0.002000 -0.420000
v -0.580001 0.002000 -0.420000
v -0.575001 0.002000 -0.420000
v -0.575001 -0.012000 -0.420000
v -0.575001 -0.012000 -0.020000
v -0.575001 0.002000 -0.020000
v -0.051800 0.003241 0.020431
v -0.025900 0.005263 0.031146
v -0.069626 0.001686 0.004860
v -0.051800 -0.014949 0.020431
v -0.025900 -0.016779 0.031146
v -0.069621 -0.013391 0.004860
v 0.051795 0.003241 0.020434
v 0.025895 0.005263 0.031148
v 0.069621 0.001684 0.004862
v 0.051795 -0.014949 0.020434
v 0.025895 -0.016779 0.031148
v 0.069622 -0.013393 0.004862
v -0.051800 0.003241 0.015574
v -0.025900 0.005263 0.026288
v -0.069626 0.001686 0.000003
v -0.051800 -0.014949 0.015574
v -0.025900 -0.016779 0.026288
v -0.069621 -0.013391 0.000003
v 0.051795 0.003241 0.015577
v 0.025895 0.005263 0.026291
v 0.069621 0.001684 0.000005
v 0.051795 -0.014949 0.015577
v 0.025895 -0.016779 0.026291
v 0.069622 -0.013393 0.000005
v -0.051800 -0.005851 0.027574
v -0.025900 -0.005754 0.038288
v -0.069624 -0.005851 0.004860
v 0.051795 -0.005854 0.027577
v 0.025895 -0.005758 0.038291
v 0.069622 -0.005854 0.004862
v -0.088198 -0.000600 0.004860
v -0.088193 -0.011106 0.004860
v -0.088198 -0.000600 0.000003
v -0.088193 -0.011106 0.000003
v 0.088193 -0.011107 0.004862
v 0.088193 -0.011107 0.000005
v -0.079621 -0.015963 0.004860
v -0.079624 -0.005851 0.004860
v -0.079626 0.004257 0.004860
v -0.079621 -0.015963 0.000003
v -0.079626 0.004257 0.000003
v 0.079622 -0.015964 0.004862
v 0.079622 -0.015964 0.000005
v 0.079622 -0.005854 0.004862
v -0.089624 -0.005853 0.004860
v 0.089622 -0.005854 0.000005
v 0.089622 -0.005854 0.004862
v 0.079494 -0.000909 0.004635
v 0.079493 -0.001876 0.007974
v 0.083684 -0.003328 0.004635
v 0.082845 -0.003811 0.007974
v 0.083684 -0.008166 0.004635
v 0.082845 -0.007682 0.007974
v 0.079494 -0.010585 0.004635
v 0.079493 -0.009617 0.007974
v 0.075303 -0.008166 0.004635
v 0.076141 -0.007682 0.007974
v 0.075303 -0.003328 0.004635
v 0.076141 -0.003811 0.007974
v -0.086506 0.011092 0.004635
v -0.086507 0.010124 0.007974
v -0.082316 0.008672 0.004635
v -0.083155 0.008189 0.007974
v -0.082316 0.003834 0.004635
v -0.083155 0.004318 0.007974
v -0.086506 0.001415 0.004635
v -0.086507 0.002383 0.007974
v -0.090696 0.003834 0.004635
v -0.089859 0.004318 0.007974
v -0.090696 0.008672 0.004635
v -0.089859 0.008189 0.007974
v -0.089624 -0.005853 0.000001
v -0.093123 -0.019806 0.004860
v -0.093123 -0.019806 0.000003
v -0.084551 -0.024663 0.004860
v -0.084551 -0.024663 0.000003
v -0.093128 0.008100 0.004860
v -0.093128 0.008100 0.000003
v -0.084556 0.012957 0.000003
v -0.084556 0.012957 0.004860
v -0.093268 -0.013977 0.004860
v -0.079476 -0.021792 0.004860
v -0.079476 -0.021792 0.000003
v -0.093268 -0.013977 0.000003
v -0.093273 0.002271 0.000003
v -0.079481 0.010086 0.000003
v -0.079481 0.010086 0.004860
v -0.093273 0.002271 0.004860
v 0.088193 -0.000601 0.000005
v 0.079621 0.004256 0.004862
v 0.088193 -0.000601 0.004862
v 0.079621 0.004256 0.000005
v 0.093123 0.008099 0.000005
v 0.093123 0.008099 0.004862
v 0.084551 0.012956 0.000005
v 0.084551 0.012956 0.004862
v 0.093123 -0.019807 0.000005
v 0.093123 -0.019807 0.004862
v 0.084552 -0.024664 0.004862
v 0.084552 -0.024664 0.000005
v 0.079476 0.010085 0.000005
v 0.093268 0.002270 0.000005
v 0.093268 0.002270 0.004862
v 0.079476 0.010085 0.004862
v 0.093268 -0.013978 0.004862
v 0.093268 -0.013978 0.000005
v 0.079477 -0.021793 0.004862
v 0.079477 -0.021793 0.000005
v -0.082859 -0.003811 0.007974
v -0.083696 -0.003328 0.004635
v -0.082859 -0.007682 0.007974
v -0.083696 -0.008166 0.004635
v -0.079507 -0.009617 0.007974
v -0.079506 -0.010585 0.004635
v -0.076155 -0.007682 0.007974
v -0.075316 -0.008166 0.004635
v -0.076155 -0.003811 0.007974
v -0.075316 -0.003328 0.004635
v -0.079507 -0.001876 0.007974
v -0.079506 -0.000908 0.004635
v 0.086493 0.011092 0.004635
v 0.086493 0.010124 0.007974
v 0.090683 0.008672 0.004635
v 0.089845 0.008189 0.007974
v 0.090683 0.003834 0.004635
v 0.089845 0.004318 0.007974
v 0.086493 0.001415 0.004635
v 0.086493 0.002383 0.007974
v 0.082303 0.003834 0.004635
v 0.083141 0.004318 0.007974
v 0.082303 0.008672 0.004635
v 0.083141 0.008189 0.007974
v 0.086494 -0.012909 0.004635
v 0.086494 -0.013876 0.007974
v 0.090684 -0.015328 0.004635
v 0.089846 -0.015811 0.007974
v 0.090684 -0.020166 0.004635
v 0.089846 -0.019682 0.007974
v 0.086494 -0.022585 0.004635
v 0.086494 -0.021617 0.007974
v 0.082304 -0.020166 0.004635
v 0.083141 -0.019682 0.007974
v 0.082304 -0.015328 0.004635
v 0.083141 -0.015811 0.007974
v -0.086506 -0.012908 0.004635
v -0.086507 -0.013876 0.007974
v -0.082316 -0.015328 0.004635
v -0.083155 -0.015811 0.007974
v -0.082316 -0.020166 0.004635
v -0.083155 -0.019682 0.007974
v -0.086506 -0.022585 0.004635
v -0.086507 -0.021617 0.007974
v -0.090696 -0.020166 0.004635
v -0.089859 -0.019682 0.007974
v -0.090696 -0.015328 0.004635
v -0.089859 -0.015811 0.007974
v -0.089823 -0.023975 0.004860
v -0.089823 -0.023975 0.000003
v -0.089828 0.012269 0.000003
v -0.089828 0.012269 0.004860
v 0.089823 0.012267 0.000005
v 0.089823 0.012267 0.004862
v 0.089824 -0.023976 0.004862
v 0.089824 -0.023976 0.000005
vn -0.0000 1.0000 -0.0000
vn -0.0000 -1.0000 -0.0000
vn -0.0000 -0.0000 1.0000
vn 1.0000 -0.0000 -0.0000
vn -1.0000 0.0001 -0.0000
vn -0.0000 -0.0000 -1.0000
vn -1.0000 -0.0000 -0.0000
vn -0.0000 -0.0000 -0.0000
vn -0.4405 -0.0000 0.8977
vn -0.6230 -0.0000 0.7822
vn -0.8977 -0.0000 0.4405
vn 0.8977 -0.0000 0.4405
vn 0.6230 -0.0000 0.7822
vn 0.4405 -0.0000 0.8977
vn -0.0000 -0.8977 0.4405
vn -0.0000 -0.6230 0.7822
vn -0.0000 -0.4405 0.8977
vn -0.0000 0.4405 0.8977
vn -0.0000 0.6230 0.7822
vn -0.0000 0.8977 0.4405
vn 1.0000 0.0001 -0.0000
vn -0.4890 0.4581 0.7423
vn -0.1602 0.5527 0.8178
vn -0.1801 0.5528 0.8137
vn -0.5696 0.4008 0.7175
vn 0.1908 -0.0000 -0.9816
vn 0.1903 -0.0000 -0.9817
vn -0.1903 -0.0000 -0.9817
vn -0.1907 -0.0000 -0.9816
vn 0.4890 0.4580 0.7424
vn 0.5696 0.4008 0.7176
vn 0.1801 0.5527 0.8137
vn 0.1602 0.5526 0.8179
vn 0.3902 -0.1533 0.9079
vn 0.4866 -0.4588 0.7434
vn 0.5687 -0.4010 0.7182
vn 0.3691 -0.1450 0.9180
vn -0.6579 -0.0000 -0.7531
vn -0.5212 -0.0000 -0.8534
vn -0.5209 -0.0000 -0.8536
vn 0.0392 -0.9992 -0.0000
vn 0.0302 -0.9995 -0.0000
vn -0.0302 -0.9995 -0.0000
vn -0.0392 -0.9992 -0.0000
vn 0.0505 -0.9987 -0.0000
vn 0.1323 -0.9912 -0.0000
vn -0.0814 -0.9967 -0.0000
vn -0.0755 -0.9971 -0.0000
vn 0.0755 -0.9971 -0.0000
vn 0.0814 -0.9967 -0.0000
vn -0.1324 -0.9912 -0.0000
vn -0.0505 -0.9987 -0.0000
vn 0.0334 0.9994 -0.0000
vn 0.0433 0.9991 -0.0000
vn -0.0433 0.9991 -0.0000
vn -0.0334 0.9994 -0.0000
vn -0.0838 0.9965 -0.0000
vn -0.0806 0.9967 -0.0000
vn 0.0806 0.9967 -0.0000
vn 0.0839 0.9965 -0.0000
vn 0.1784 -0.5528 0.8140
vn 0.1581 -0.5527 0.8183
vn -0.1582 -0.5526 0.8183
vn -0.1785 -0.5527 0.8140
vn 0.1324 0.9912 -0.0000
vn 0.0506 0.9987 -0.0000
vn -0.0505 0.9987 -0.0000
vn -0.1324 0.9912 -0.0000
vn 0.5212 -0.0000 -0.8534
vn 0.5210 -0.0000 -0.8536
vn -0.3903 0.1534 0.9078
vn -0.3690 0.1450 0.9180
vn -0.3692 -0.1451 0.9180
vn -0.5687 -0.4009 0.7182
vn -0.4867 -0.4587 0.7435
vn -0.3902 -0.1533 0.9079
vn 0.3691 0.1451 0.9180
vn 0.3902 0.1533 0.9079
vn 0.8700 0.4930 -0.0000
vn 0.9403 -0.3403 -0.0000
vn 0.6579 0.0001 -0.7531
vn 0.2490 0.9685 -0.0000
vn 0.2490 -0.9685 -0.0000
vn -0.2490 0.9685 -0.0000
vn -0.2490 -0.9685 -0.0000
vn 0.9649 0.2625 -0.0000
vn 0.9650 -0.2624 -0.0000
vn -0.4850 -0.8400 0.2435
vn -0.4850 0.8400 0.2433
vn 0.4850 0.8400 0.2435
vn 0.9699 -0.0000 0.2436
vn -0.9699 -0.0000 0.2433
vn 0.4849 -0.8399 0.2436
vn -0.9651 0.2620 -0.0000
vn -1.0000 -0.0004 -0.0000
vn -0.9648 -0.2629 -0.0000
vn -0.4930 -0.8700 -0.0000
vn -0.9403 -0.3403 -0.0000
vn -0.8700 0.4930 -0.0000
vn 0.8700 -0.4930 -0.0000
vn 0.1913 -0.9815 -0.0000
vn -0.4930 0.8700 -0.0000
vn -0.9403 0.3403 -0.0000
vn -0.8700 -0.4930 -0.0000
vn 0.1913 0.9815 -0.0000
vn 0.9997 0.0249 -0.0000
vn -0.4924 0.8704 -0.0000
vn 0.9997 -0.0249 -0.0000
vn -0.4924 -0.8704 -0.0000
vn 0.4930 0.8700 -0.0000
vn 0.9403 0.3403 -0.0000
vn -0.1913 0.9815 -0.0000
vn 0.4930 -0.8700 -0.0000
vn -0.1913 -0.9815 -0.0000
vn -0.9997 -0.0249 -0.0000
vn 0.4924 -0.8704 -0.0000
vn -0.9997 0.0249 -0.0000
vn 0.4924 0.8704 -0.0000
vn -0.4849 -0.8400 0.2435
vt -0.039331 0.345896
vt -0.039331 0.099229
vt 0.720668 0.099229
vt 0.720669 0.345896
vt 0.227335 0.699229
vt 0.987335 0.699229
vt 0.987335 0.945896
vt 0.227335 0.945896
vt 0.214019 0.345889
vt 0.214052 0.079219
vt 0.220718 0.079219
vt 0.220685 0.345889
vt -0.259981 0.063496
vt -0.259978 0.027496
vt -0.253312 0.027496
vt -0.253313 0.063496
vt -0.136566 -0.063478
vt -0.136566 -0.027479
vt -0.403233 -0.027479
vt -0.403233 -0.063478
vt 0.123234 0.063461
vt 0.123233 0.027462
vt 0.389900 0.027462
vt 0.389900 0.063461
vt -0.253318 -0.063501
vt -0.253317 -0.027502
vt -0.259984 -0.027502
vt -0.259986 -0.063501
vt 0.727334 0.679202
vt 0.734002 0.679201
vt 0.733997 0.945881
vt 0.727329 0.945882
vt 0.900000 0.500000
vt 0.900000 0.493333
vt 0.100000 0.493333
vt 0.100000 0.500000
vt 0.443333 0.493333
vt 0.556667 0.493333
vt 0.556667 0.500000
vt 0.443333 0.500000
vt 0.443333 0.500000
vt 0.556667 0.500000
vt 0.100000 0.443333
vt 0.100000 0.556667
vt 0.900000 0.556667
vt 0.900000 0.443333
vt 0.100000 0.493333
vt 0.900000 0.493333
vt 0.220606 0.099206
vt 0.220606 0.092540
vt 0.980667 0.092556
vt 0.980665 0.099223
vt -0.253343 0.109996
vt -0.253343 0.029997
vt 0.506671 0.030001
vt 0.506671 0.110001
vt -0.149917 -0.109994
vt -0.149915 -0.029994
vt -0.156582 -0.029994
vt -0.156584 -0.109994
vt 0.369903 0.110002
vt 0.369902 0.030003
vt 0.376569 0.030003
vt 0.376570 0.110003
vt 0.506666 -0.109999
vt 0.506666 -0.029999
vt -0.253328 -0.030003
vt -0.253330 -0.110003
vt -0.032655 0.692569
vt 0.727305 0.692504
vt 0.727306 0.699171
vt -0.032655 0.699237
vt -0.754060 1.038660
vt 0.046536 1.038660
vt 0.046536 1.128382
vt -0.754060 1.128382
vt -0.760962 1.031758
vt -0.760962 1.135283
vt -0.767863 1.142185
vt -0.767863 1.024856
vt 0.053435 1.135283
vt 0.053435 1.031758
vt 0.060340 1.024856
vt 0.060340 1.142185
vt -0.756331 1.036388
vt -0.756331 1.130654
vt 0.048807 1.036388
vt 0.048807 1.130654
vt -0.253300 -0.109998
vt -0.253300 -0.075198
vt -0.259968 -0.075198
vt -0.259967 -0.109997
vt 0.123233 0.110025
vt 0.123234 0.075225
vt 0.389900 0.075224
vt 0.389900 0.110024
vt -0.136567 -0.110011
vt -0.136566 -0.075211
vt -0.403233 -0.075211
vt -0.403233 -0.110011
vt -0.259979 0.110002
vt -0.259979 0.075202
vt -0.253312 0.075202
vt -0.253312 0.110002
vt -0.253259 -0.074000
vt -0.253259 -0.063500
vt -0.259925 -0.063500
vt -0.256592 -0.063500
vt -0.256592 -0.074000
vt -0.259924 -0.074000
vt 0.123234 0.073998
vt 0.123234 0.063498
vt 0.389900 0.063498
vt 0.389900 0.073998
vt -0.403270 -0.086007
vt -0.136559 -0.086000
vt -0.136558 -0.085999
vt -0.403269 -0.086007
vt -0.259943 0.063500
vt -0.253276 0.063500
vt -0.253277 0.074000
vt -0.259944 0.074000
vt -0.256611 0.074000
vt -0.256611 0.063500
vt 0.457184 0.597880
vt 0.457184 0.608380
vt 0.190518 0.608380
vt 0.190517 0.597880
vt -0.136537 -0.079994
vt -0.403219 -0.079994
vt -0.403219 -0.079994
vt -0.136538 -0.079994
vt 0.480672 0.412560
vt 0.480670 0.145894
vt 0.487338 0.145895
vt 0.487339 0.412561
vt 0.006672 0.063500
vt 0.006675 0.027501
vt 0.013342 0.027501
vt 0.013340 0.063500
vt -0.203233 -0.063489
vt -0.203232 -0.027490
vt -0.469899 -0.027490
vt -0.469899 -0.063489
vt 0.056567 0.063486
vt 0.056567 0.027487
vt 0.323233 0.027486
vt 0.323234 0.063486
vt 0.013340 -0.063500
vt 0.013341 -0.027501
vt 0.006675 -0.027501
vt 0.006672 -0.063500
vt 0.460664 0.745896
vt 0.467332 0.745895
vt 0.467330 1.012561
vt 0.460663 1.012560
vt 0.013342 -0.110000
vt 0.013342 -0.075200
vt 0.006674 -0.075200
vt 0.006674 -0.110000
vt 0.056567 0.110007
vt 0.056567 0.075207
vt 0.323234 0.075207
vt 0.323233 0.110007
vt -0.203233 -0.110000
vt -0.203233 -0.075200
vt -0.469899 -0.075200
vt -0.469900 -0.110000
vt 0.006673 0.110000
vt 0.006673 0.075200
vt 0.013340 0.075200
vt 0.013340 0.110000
vt 0.013354 -0.074000
vt 0.013354 -0.063500
vt 0.006686 -0.063500
vt 0.010019 -0.063500
vt 0.010020 -0.074000
vt 0.006687 -0.074000
vt 0.056567 0.073998
vt 0.056567 0.063498
vt 0.323234 0.063498
vt 0.323233 0.073998
vt -0.469900 -0.085995
vt -0.203233 -0.085995
vt -0.203233 -0.085995
vt -0.469900 -0.085995
vt 0.006684 0.063500
vt 0.013352 0.063500
vt 0.013352 0.074000
vt 0.006684 0.074000
vt 0.010017 0.074000
vt 0.010017 0.063500
vt 0.390517 0.597880
vt 0.390517 0.608380
vt 0.123851 0.608380
vt 0.123851 0.597880
vt -0.203233 -0.079994
vt -0.469900 -0.079995
vt -0.469899 -0.079994
vt -0.203233 -0.079994
vt 0.761821 0.199509
vt 0.757722 0.227393
vt 0.744546 0.228267
vt 0.751039 0.195161
vt 0.860639 0.197541
vt 0.882774 0.197541
vt 0.882774 0.249555
vt 0.860639 0.249555
vt 0.768927 0.306466
vt 0.758812 0.312202
vt 0.747997 0.280245
vt 0.761176 0.279370
vt 0.783971 0.331384
vt 0.780543 0.306053
vt 0.790569 0.327619
vt 0.864040 0.301471
vt 0.862476 0.277702
vt 0.880743 0.277702
vt 0.879180 0.301471
vt 0.834241 0.291614
vt 0.829363 0.291614
vt 0.829365 0.239601
vt 0.834243 0.239600
vt 0.855761 0.195561
vt 0.860638 0.195561
vt 0.845002 0.213526
vt 0.840124 0.213526
vt 0.840123 0.317688
vt 0.845001 0.317688
vt 0.860638 0.335658
vt 0.855761 0.335658
vt 0.798088 0.239618
vt 0.802965 0.239618
vt 0.802967 0.291632
vt 0.798089 0.291632
vt 0.813726 0.317720
vt 0.808848 0.317720
vt 0.808847 0.213530
vt 0.813725 0.213530
vt 0.774354 0.278497
vt 0.770904 0.226516
vt 0.829363 0.335690
vt 0.824485 0.335690
vt 0.824485 0.195561
vt 0.829363 0.195561
vt 0.862476 0.169394
vt 0.880743 0.169394
vt 0.773438 0.172817
vt 0.766550 0.169616
vt 0.780478 0.175680
vt 0.773394 0.198382
vt 0.777566 0.335467
vt 0.780583 0.345291
vt 0.789193 0.340037
vt 0.789149 0.350067
vt 0.797855 0.334868
vt 0.798088 0.344674
vt 0.792016 0.169957
vt 0.790301 0.154266
vt 0.795575 0.156695
vt 0.798088 0.161354
vt 0.796641 0.166447
vt 0.860639 0.374271
vt 0.855761 0.374271
vt 0.855761 0.368416
vt 0.860639 0.368416
vt 0.879181 0.145625
vt 0.864041 0.145629
vt 0.829363 0.346059
vt 0.824485 0.346059
vt 0.855761 0.185192
vt 0.860638 0.185192
vt 0.768241 0.159476
vt 0.777470 0.163547
vt 0.786742 0.167529
vt 0.824485 0.185192
vt 0.829363 0.185192
vt 0.860638 0.346027
vt 0.855761 0.346027
vt 0.824486 0.145625
vt 0.829363 0.145625
vt 0.829363 0.151092
vt 0.824486 0.151092
vt 0.785676 0.157777
vt 0.776103 0.153606
vt 0.781453 0.154396
vt 0.794348 0.348580
vt 0.855761 0.380127
vt 0.860639 0.380127
vt 0.860639 0.385593
vt 0.855761 0.385593
vt 0.944521 0.267653
vt 0.944584 0.267578
vt 0.944630 0.267630
vt 0.944580 0.267690
vt 0.944538 0.267838
vt 0.944468 0.267838
vt 0.944482 0.267742
vt 0.944549 0.267761
vt 0.944765 0.268136
vt 0.944765 0.268214
vt 0.944698 0.268253
vt 0.944630 0.268214
vt 0.944630 0.268136
vt 0.944698 0.268097
vt 0.944482 0.267934
vt 0.944549 0.267915
vt 0.944521 0.268023
vt 0.944580 0.267986
vt 0.944584 0.268097
vt 0.944630 0.268045
vt 0.944683 0.267134
vt 0.944746 0.267059
vt 0.944793 0.267111
vt 0.944743 0.267171
vt 0.944700 0.267319
vt 0.944630 0.267319
vt 0.944644 0.267223
vt 0.944711 0.267242
vt 0.944765 0.266890
vt 0.944765 0.266968
vt 0.944698 0.267007
vt 0.944630 0.266968
vt 0.944630 0.266890
vt 0.944698 0.266852
vt 0.944644 0.267415
vt 0.944711 0.267396
vt 0.944683 0.267504
vt 0.944743 0.267467
vt 0.944746 0.267578
vt 0.944793 0.267526
vt 0.829362 0.380159
vt 0.829363 0.385625
vt 0.824484 0.385625
vt 0.824484 0.380159
vt 0.855760 0.151092
vt 0.855760 0.145625
vt 0.860639 0.145625
vt 0.860638 0.151092
vt 0.855760 0.168142
vt 0.855760 0.162803
vt 0.860638 0.162803
vt 0.860638 0.168142
vt 0.855760 0.156948
vt 0.860638 0.156948
vt 0.860638 0.179337
vt 0.855761 0.179337
vt 0.855760 0.173481
vt 0.860638 0.173481
vt 0.829362 0.363109
vt 0.829362 0.368448
vt 0.824485 0.368448
vt 0.824485 0.363109
vt 0.775518 0.147828
vt 0.762868 0.157273
vt 0.762282 0.151496
vt 0.765022 0.146964
vt 0.770144 0.145625
vt 0.829362 0.374303
vt 0.824484 0.374303
vt 0.824485 0.351914
vt 0.829363 0.351914
vt 0.829362 0.357770
vt 0.824485 0.357770
vt 0.824485 0.168142
vt 0.824485 0.162803
vt 0.829363 0.162803
vt 0.829363 0.168142
vt 0.882774 0.286290
vt 0.896424 0.278100
vt 0.896424 0.283956
vt 0.893216 0.288223
vt 0.887941 0.289046
vt 0.824485 0.156947
vt 0.829363 0.156947
vt 0.829363 0.179336
vt 0.824485 0.179336
vt 0.824485 0.173481
vt 0.829363 0.173481
vt 0.860639 0.363077
vt 0.855761 0.363077
vt 0.882774 0.291802
vt 0.896424 0.299992
vt 0.891258 0.302747
vt 0.885982 0.301924
vt 0.882774 0.297657
vt 0.855761 0.351882
vt 0.860638 0.351882
vt 0.860639 0.357738
vt 0.855761 0.357738
vt 0.882774 0.280435
vt 0.891258 0.275345
vt 0.896424 0.294136
vt 0.944584 0.268616
vt 0.944521 0.268542
vt 0.944580 0.268505
vt 0.944630 0.268564
vt 0.944549 0.268280
vt 0.944482 0.268260
vt 0.944521 0.268172
vt 0.944580 0.268209
vt 0.944482 0.268453
vt 0.944549 0.268434
vt 0.944468 0.268357
vt 0.944538 0.268357
vt 0.944630 0.266657
vt 0.944630 0.266579
vt 0.944698 0.266541
vt 0.944765 0.266579
vt 0.944765 0.266657
vt 0.944698 0.266696
vt 0.944630 0.268149
vt 0.944521 0.267134
vt 0.944584 0.267059
vt 0.944630 0.267111
vt 0.944580 0.267171
vt 0.944538 0.267319
vt 0.944468 0.267319
vt 0.944482 0.267223
vt 0.944549 0.267242
vt 0.944765 0.267981
vt 0.944765 0.268058
vt 0.944630 0.268058
vt 0.944630 0.267981
vt 0.944698 0.267942
vt 0.944482 0.267415
vt 0.944549 0.267396
vt 0.944521 0.267504
vt 0.944580 0.267467
vt 0.944630 0.267526
vt 0.944521 0.266615
vt 0.944584 0.266541
vt 0.944630 0.266592
vt 0.944580 0.266652
vt 0.944538 0.266800
vt 0.944468 0.266800
vt 0.944482 0.266704
vt 0.944549 0.266723
vt 0.944765 0.266735
vt 0.944765 0.266813
vt 0.944630 0.266813
vt 0.944630 0.266735
vt 0.944482 0.266896
vt 0.944549 0.266877
vt 0.944521 0.266985
vt 0.944580 0.266948
vt 0.944630 0.267008
vt 0.944521 0.268690
vt 0.944630 0.268668
vt 0.944580 0.268728
vt 0.944538 0.268876
vt 0.944468 0.268876
vt 0.944482 0.268779
vt 0.944549 0.268799
vt 0.944765 0.267617
vt 0.944765 0.267695
vt 0.944698 0.267734
vt 0.944630 0.267695
vt 0.944630 0.267617
vt 0.944698 0.267578
vt 0.944482 0.268972
vt 0.944549 0.268952
vt 0.944521 0.269061
vt 0.944580 0.269024
vt 0.944584 0.269135
vt 0.944630 0.269083
s 1
usemtl wood_6
f 150/233/49 152/234/49 148/235/49 146/236/49
f 147/237/50 151/238/50 149/239/50 145/240/50
f 158/241/49 160/242/49 156/243/49 154/244/49
f 200/245/51 158/246/51 154/247/51 199/248/51
f 197/249/52 160/250/52 158/251/52 200/252/52
f 199/253/53 154/254/53 156/255/53 198/256/53
f 198/257/54 156/258/54 160/259/54 197/260/54
f 155/261/50 159/262/50 157/263/50 153/264/50
f 175/265/49 164/266/49 162/267/49 173/268/49
f 163/269/52 164/270/52 175/271/52 176/272/52
f 174/273/55 173/274/55 162/270/55 161/269/55
f 161/275/54 162/276/54 164/277/54 163/278/54
f 161/279/50 163/280/50 176/265/50 174/268/50
f 170/281/49 172/282/49 168/283/49 166/284/49
f 169/285/51 170/286/51 166/287/51 165/288/51
f 171/289/52 172/290/52 170/291/52 169/292/52
f 165/293/55 166/294/55 168/295/55 167/296/55
f 167/297/54 168/298/54 172/299/54 171/300/54
f 167/301/50 171/302/50 169/303/50 165/304/50
f 185/305/49 190/306/49 180/306/49 178/305/49
f 188/307/49 181/308/49 177/308/49 179/307/49
f 190/306/56 188/307/56 179/307/56 180/306/56
f 184/309/51 182/310/51 173/311/51 174/312/51
f 180/306/51 179/307/51 177/308/51 178/305/51
f 187/313/51 191/314/51 176/315/51 175/316/51
f 191/314/51 184/309/51 174/312/51 176/315/51
f 182/310/51 187/313/51 175/316/51 173/311/51
f 182/310/57 184/309/57 186/317/58 183/318/58
f 183/318/58 186/317/58 185/305/59 181/308/59
f 188/307/60 190/306/60 192/319/61 189/320/61
f 189/320/61 192/319/61 191/314/62 187/313/62
f 190/306/63 185/305/63 186/317/64 192/319/64
f 192/319/64 186/317/64 184/309/65 191/314/65
f 187/313/66 182/310/66 183/318/67 189/320/67
f 189/320/67 183/318/67 181/308/68 188/307/68
f 181/308/56 185/305/56 178/305/56 177/308/56
f 155/321/54 196/322/54 195/323/54 159/324/54
f 153/325/55 193/326/55 196/327/55 155/328/55
f 159/329/52 195/330/52 194/331/52 157/332/52
f 157/333/51 194/334/51 193/335/51 153/336/51
f 196/337/54 198/338/54 197/339/54 204/340/54 203/341/54 195/342/54
f 193/343/55 199/344/55 198/345/55 196/346/55
f 194/347/49 195/348/49 203/349/49 202/350/49
f 200/351/51 199/352/51 193/353/51 194/354/51 202/355/51 201/356/51
f 203/357/52 204/358/52 201/359/52 202/360/52
f 197/361/50 200/362/50 201/363/50 204/364/50
f 210/365/49 212/366/49 208/367/49 206/368/49
f 220/369/54 210/370/54 206/371/54 219/372/54
f 217/373/55 212/374/55 210/375/55 220/376/55
f 219/377/69 206/378/69 208/379/69 218/380/69
f 218/381/51 208/382/51 212/383/51 217/384/51
f 207/385/50 211/386/50 209/387/50 205/388/50
f 207/389/51 216/390/51 215/391/51 211/392/51
f 205/393/52 213/394/52 216/395/52 207/396/52
f 211/397/55 215/398/55 214/399/55 209/400/55
f 209/401/54 214/402/54 213/403/54 205/404/54
f 216/405/51 218/406/51 217/407/51 224/408/51 223/409/51 215/410/51
f 213/411/52 219/412/52 218/413/52 216/414/52
f 214/415/49 215/416/49 223/417/49 222/418/49
f 220/419/54 219/420/54 213/421/54 214/422/54 222/423/54 221/424/54
f 223/425/55 224/426/55 221/427/55 222/428/55
f 217/429/50 220/430/50 221/431/50 224/432/50
usemtl metal_6
f 249/433/70 250/434/71 226/435/72 225/436/73
f 241/437/74 238/438/75 244/439/76 247/440/77
f 252/441/78 231/442/79 232/443/80 253/444/81
f 254/445/82 252/441/83 234/446/84 236/447/85
f 248/448/86 246/449/87 243/450/88 245/451/86
f 247/452/89 235/453/90 229/454/91 241/455/92
f 230/456/93 242/457/94 240/458/95 228/459/96
f 234/460/97 246/461/98 248/462/99 236/463/100
f 228/459/96 240/458/95 241/455/92 229/454/91
f 235/453/90 247/452/89 246/461/98 234/460/97
f 232/464/101 244/465/102 238/466/103 226/467/104
f 226/467/104 238/466/103 237/468/105 225/469/106
f 231/470/107 243/471/108 244/465/102 232/464/101
f 235/472/109 253/444/110 250/434/111 229/473/112
f 225/469/106 237/468/105 239/474/113 227/475/114
f 233/476/115 245/477/116 243/471/108 231/470/107
f 246/449/87 247/440/77 244/439/76 243/450/88
f 240/478/117 237/479/118 238/438/75 241/437/74
f 251/480/119 249/433/70 225/436/73 227/481/120
f 230/482/121 228/483/122 249/433/123 251/480/124
f 228/483/122 229/473/112 250/434/111 249/433/123
f 233/484/125 231/442/79 252/441/78 254/445/126
f 234/446/84 252/441/83 253/444/110 235/472/109
f 314/485/51 268/486/51 315/487/51
f 266/488/51 259/489/51 268/486/51
f 306/490/51 305/491/51 297/492/51 381/493/51 299/494/51
f 330/495/127 329/496/127 322/497/128 321/498/128
f 239/499/129 237/479/118 240/478/117 242/500/129
f 239/474/113 265/501/130 263/502/130 227/475/114
f 230/456/93 261/503/131 264/504/131 242/457/94
f 227/481/120 263/505/51 262/506/51 251/480/119
f 251/480/124 262/506/51 261/507/51 230/482/121
f 254/445/126 268/486/51 314/485/51 233/484/125
f 236/447/85 266/488/51 268/486/51 254/445/82
f 233/476/115 314/508/132 316/509/132 245/477/116
f 248/462/99 267/510/133 266/511/133 236/463/100
f 271/512/52 270/513/52 313/514/134 315/515/134
f 261/507/51 262/506/51 256/516/51
f 263/505/51 255/517/51 262/506/51
f 269/518/51 256/516/51 262/506/51
f 268/486/51 259/489/51 271/519/51
f 259/520/135 260/521/135 270/522/52 271/523/52
f 315/487/51 268/486/51 271/519/51
f 255/517/51 269/518/51 262/506/51
f 253/444/81 232/443/80 226/435/72 250/434/71
f 280/524/136 278/525/136 279/526/136 281/527/136
f 273/528/137 272/529/137 282/530/137 283/531/137
f 277/532/51 275/533/51 273/534/51 283/535/51 281/536/51 279/537/51
f 274/538/138 272/529/138 273/528/138 275/539/138
f 276/540/139 274/538/139 275/539/139 277/541/139
f 283/531/140 282/530/140 280/524/140 281/527/140
f 278/542/141 276/540/141 277/541/141 279/543/141
f 292/544/136 290/545/136 291/546/136 293/547/136
f 285/548/137 284/549/137 294/550/137 295/551/137
f 289/552/51 287/553/51 285/554/51 295/555/51 293/556/51 291/557/51
f 286/558/138 284/549/138 285/548/138 287/559/138
f 288/560/139 286/558/139 287/559/139 289/561/139
f 295/551/140 294/550/140 292/544/140 293/547/140
f 290/562/141 288/560/141 289/561/141 291/563/141
f 257/564/142 296/565/143 269/566/143 255/567/142
f 256/568/144 269/569/143 296/570/143 258/571/144
f 381/572/145 297/573/146 298/574/146 382/575/145
f 305/576/147 308/577/147 298/574/146 297/573/146
f 307/578/148 306/579/148 299/580/149 300/581/149
f 383/582/150 302/583/151 301/584/151 384/585/150
f 312/586/51 311/587/51 304/588/51 384/589/51 301/590/51
f 309/591/152 312/592/152 301/584/151 302/583/151
f 311/593/127 310/594/127 303/595/153 304/596/153
f 264/504/154 261/503/154 306/579/148 307/578/148
f 256/568/155 258/571/155 308/577/147 305/576/147
f 261/507/51 256/516/51 305/491/51 306/490/51
f 263/502/156 265/501/156 310/594/127 311/593/127
f 257/564/157 255/567/157 312/592/152 309/591/152
f 255/517/51 263/505/51 311/587/51 312/586/51
f 386/597/158 318/598/159 317/599/159 385/600/158
f 328/601/51 327/602/51 318/603/51 386/604/51 320/605/51
f 327/606/148 326/607/148 317/599/159 318/598/159
f 325/608/147 328/609/147 320/610/160 319/611/160
f 388/612/161 321/498/128 322/497/128 387/613/161
f 329/614/51 331/615/51 323/616/51 387/617/51 322/618/51
f 331/619/152 332/620/152 324/621/162 323/622/162
f 316/509/163 314/508/163 328/609/147 325/608/147
f 315/515/164 313/514/164 326/607/148 327/606/148
f 314/623/51 315/624/51 327/602/51 328/601/51
f 266/511/165 267/510/165 332/620/152 331/619/152
f 259/605/51 266/625/51 331/615/51 329/614/51
f 260/521/166 259/520/166 329/496/127 330/495/127
f 338/626/141 340/627/141 339/628/141 337/629/141
f 333/630/140 334/631/140 336/632/140 335/633/140
f 340/627/139 342/634/139 341/635/139 339/628/139
f 342/634/138 344/636/138 343/637/138 341/635/138
f 339/638/51 341/639/51 343/640/51 333/641/51 335/642/51 337/643/51
f 343/637/137 344/636/137 334/631/137 333/630/137
f 336/632/136 338/542/136 337/644/136 335/633/136
f 353/645/167 351/646/167 352/647/167 354/648/167
f 346/649/137 345/650/137 355/651/137 356/652/137
f 350/653/51 348/654/51 346/537/51 356/655/51 354/656/51 352/657/51
f 347/658/138 345/650/138 346/649/138 348/659/138
f 349/660/139 347/658/139 348/659/139 350/661/139
f 356/652/140 355/651/140 353/645/140 354/648/140
f 351/525/141 349/660/141 350/661/141 352/662/141
f 365/663/167 363/664/167 364/665/167 366/666/167
f 358/667/137 357/668/137 367/669/137 368/670/137
f 362/671/51 360/672/51 358/557/51 368/673/51 366/674/51 364/643/51
f 359/675/138 357/668/138 358/667/138 360/676/138
f 361/677/139 359/675/139 360/676/139 362/678/139
f 368/670/140 367/669/140 365/663/140 366/666/140
f 363/646/141 361/677/141 362/678/141 364/679/141
f 377/680/136 375/626/136 376/681/136 378/682/136
f 370/683/137 369/684/137 379/685/137 380/686/137
f 374/687/51 372/688/51 370/689/51 380/690/51 378/691/51 376/692/51
f 371/693/138 369/684/138 370/683/138 372/694/138
f 373/695/139 371/693/139 372/694/139 374/696/139
f 380/686/140 379/685/140 377/680/140 378/682/140
f 375/697/141 373/695/141 374/696/141 376/698/141
f 303/595/153 383/582/150 384/585/150 304/596/153
f 299/580/149 381/572/145 382/575/145 300/581/149
f 320/610/160 386/597/158 385/600/158 319/611/160
f 324/621/162 388/612/161 387/613/161 323/622/162
o wardrobe_mp_1_4_door_1
v 0.597998 1.710000 0.010000
v 0.597998 0.002000 0.010000
v -0.000003 1.710000 0.010001
v -0.000003 0.002000 0.010000
v 0.587998 1.700000 0.010000
v 0.581290 1.693292 0.013292
v 0.587998 0.012000 0.010000
v 0.581290 0.018708 0.013292
v 0.009997 1.700000 0.010001
v 0.019997 1.690000 0.020001
v 0.016705 1.693292 0.013292
v 0.009997 0.012000 0.010000
v 0.016705 0.018708 0.013292
v -0.000002 1.710000 0.000001
v 0.100003 0.102000 0.009000
v 0.100004 1.610000 0.009001
v 0.498005 0.102000 0.009000
v 0.498004 1.610000 0.009000
v 0.100003 0.102000 0.011000
v 0.100004 1.610000 0.011001
v 0.498005 0.102000 0.011000
v 0.498004 1.610000 0.011000
v 0.289002 0.097020 0.015000
v 0.289002 1.619177 0.015001
v 0.289002 0.097020 0.005000
v 0.289002 1.619177 0.005001
v 0.309002 0.097020 0.015000
v 0.309002 1.619177 0.015001
v 0.309002 0.097020 0.005000
v 0.309002 1.619177 0.005001
v 0.299002 0.097020 0.019000
v 0.299002 1.619177 0.019001
v 0.507003 0.420000 0.015000
v 0.091001 0.420000 0.015000
v 0.507003 0.420000 0.005000
v 0.091001 0.420000 0.005000
v 0.507003 0.440000 0.015000
v 0.091001 0.440000 0.015000
v 0.507003 0.440000 0.005000
v 0.091001 0.440000 0.005000
v 0.507003 0.430000 0.019000
v 0.091001 0.430000 0.019000
v 0.507003 0.860000 0.015000
v 0.091001 0.860000 0.015000
v 0.507003 0.860000 0.005000
v 0.091001 0.860000 0.005000
v 0.507003 0.880000 0.015000
v 0.091001 0.880000 0.015000
v 0.507003 0.880000 0.005000
v 0.091001 0.880000 0.005000
v 0.507003 0.870000 0.019000
v 0.091001 0.870000 0.019000
v 0.506999 1.280000 0.015001
v 0.091004 1.280000 0.015001
v 0.506999 1.280000 0.005001
v 0.091004 1.280000 0.005001
v 0.506999 1.300000 0.015001
v 0.091004 1.300000 0.015001
v 0.506999 1.300000 0.005001
v 0.091004 1.300000 0.005001
v 0.506999 1.290000 0.019001
v 0.091004 1.290000 0.019001
v 0.577963 1.689965 0.020000
v 0.578002 0.022000 0.020000
v 0.020002 0.022000 0.020000
v 0.000001 0.002000 -0.000000
v 0.598002 0.002000 -0.000000
v 0.597966 1.709965 0.000001
v 0.091001 0.093000 0.000000
v 0.100001 0.102000 0.009000
v 0.100001 0.102000 0.011000
v 0.091002 0.093000 0.020000
v 0.507002 0.093000 0.020000
v 0.498002 0.102000 0.011000
v 0.498002 0.102000 0.009000
v 0.507002 0.093000 -0.000000
v 0.299002 1.619177 0.000000
v 0.299002 1.610000 0.009000
v 0.091002 1.411887 0.000000
v 0.100002 1.411000 0.009000
v 0.222848 1.594852 0.009000
v 0.219336 1.603330 0.000000
v 0.158287 1.551714 0.009000
v 0.151799 1.558203 0.000000
v 0.115150 1.487154 0.009000
v 0.106672 1.490666 0.000000
v 0.091002 1.411887 0.020000
v 0.100002 1.411000 0.011000
v 0.299002 1.619177 0.020000
v 0.299002 1.610000 0.011000
v 0.115150 1.487154 0.011000
v 0.106672 1.490666 0.020000
v 0.158287 1.551714 0.011000
v 0.151799 1.558203 0.020000
v 0.222848 1.594852 0.011000
v 0.219336 1.603330 0.020000
v 0.507002 1.411887 0.020000
v 0.498002 1.411000 0.011000
v 0.378668 1.603330 0.020000
v 0.375156 1.594852 0.011000
v 0.439716 1.551714 0.011000
v 0.446205 1.558203 0.020000
v 0.482854 1.487154 0.011000
v 0.491332 1.490666 0.020000
v 0.507002 1.411887 0.000000
v 0.498002 1.411000 0.009000
v 0.482854 1.487154 0.009000
v 0.491332 1.490666 0.000000
v 0.439716 1.551714 0.009000
v 0.446205 1.558203 0.000000
v 0.378667 1.603330 0.000000
v 0.375156 1.594852 0.009000
v 0.558240 0.671800 0.040432
v 0.560262 0.645900 0.051146
v 0.556684 0.689626 0.024861
v 0.540050 0.671800 0.040432
v 0.538220 0.645900 0.051146
v 0.541607 0.689621 0.024861
v 0.558240 0.568205 0.040435
v 0.560262 0.594105 0.051149
v 0.556683 0.550379 0.024863
v 0.540050 0.568205 0.040435
v 0.538220 0.594105 0.051149
v 0.541606 0.550378 0.024863
v 0.558240 0.671800 0.035575
v 0.560262 0.645900 0.046289
v 0.556684 0.689626 0.020004
v 0.540050 0.671800 0.035575
v 0.538220 0.645900 0.046289
v 0.541607 0.689621 0.020004
v 0.558240 0.568205 0.035577
v 0.560262 0.594105 0.046292
v 0.556683 0.550379 0.020006
v 0.540050 0.568205 0.035577
v 0.538220 0.594105 0.046292
v 0.541606 0.550378 0.020006
v 0.549148 0.671800 0.047575
v 0.549245 0.645900 0.058289
v 0.549148 0.689623 0.024861
v 0.549145 0.568205 0.047577
v 0.549241 0.594105 0.058292
v 0.549145 0.550378 0.024863
v 0.554399 0.708197 0.024861
v 0.543893 0.708192 0.024861
v 0.554399 0.708197 0.020004
v 0.543893 0.708192 0.020004
v 0.543892 0.531807 0.024863
v 0.543892 0.531807 0.020006
v 0.539036 0.699621 0.024861
v 0.549148 0.699623 0.024861
v 0.559256 0.699626 0.024861
v 0.539036 0.699621 0.020004
v 0.559256 0.699626 0.020004
v 0.539035 0.540378 0.024863
v 0.539035 0.540378 0.020006
v 0.549145 0.540378 0.024863
v 0.549146 0.709623 0.024861
v 0.549145 0.530378 0.020006
v 0.549145 0.530378 0.024863
v 0.554090 0.540506 0.024636
v 0.553123 0.540507 0.027975
v 0.551671 0.536316 0.024636
v 0.551188 0.537154 0.027975
v 0.546833 0.536316 0.024636
v 0.547317 0.537154 0.027975
v 0.544414 0.540506 0.024636
v 0.545382 0.540507 0.027975
v 0.546833 0.544696 0.024636
v 0.547317 0.543859 0.027975
v 0.551671 0.544696 0.024636
v 0.551188 0.543859 0.027975
v 0.566090 0.706506 0.024636
v 0.565123 0.706507 0.027975
v 0.563671 0.702316 0.024636
v 0.563188 0.703154 0.027975
v 0.558833 0.702316 0.024636
v 0.559317 0.703154 0.027975
v 0.556414 0.706506 0.024636
v 0.557382 0.706507 0.027975
v 0.558833 0.710696 0.024636
v 0.559317 0.709859 0.027975
v 0.563671 0.710696 0.024636
v 0.563188 0.709859 0.027975
v 0.549146 0.709624 0.020002
v 0.535193 0.713123 0.024861
v 0.535193 0.713123 0.020004
v 0.530336 0.704551 0.024861
v 0.530336 0.704551 0.020004
v 0.563099 0.713127 0.024861
v 0.563099 0.713127 0.020004
v 0.567956 0.704556 0.020004
v 0.567956 0.704556 0.024861
v 0.541022 0.713268 0.024861
v 0.533207 0.699476 0.024861
v 0.533207 0.699476 0.020004
v 0.541022 0.713268 0.020004
v 0.557270 0.713272 0.020004
v 0.565085 0.699481 0.020004
v 0.565085 0.699481 0.024861
v 0.557270 0.713272 0.024861
v 0.554398 0.531807 0.020006
v 0.559255 0.540379 0.024863
v 0.554398 0.531807 0.024863
v 0.559255 0.540379 0.020006
v 0.563098 0.526877 0.020006
v 0.563098 0.526877 0.024863
v 0.567955 0.535448 0.020006
v 0.567955 0.535448 0.024863
v 0.535192 0.526876 0.020006
v 0.535192 0.526876 0.024863
v 0.530335 0.535448 0.024863
v 0.530335 0.535448 0.020006
v 0.565084 0.540524 0.020006
v 0.557269 0.526732 0.020006
v 0.557269 0.526732 0.024863
v 0.565084 0.540524 0.024863
v 0.541021 0.526731 0.024863
v 0.541021 0.526731 0.020006
v 0.533206 0.540523 0.024863
v 0.533206 0.540523 0.020006
v 0.551188 0.702859 0.027975
v 0.551671 0.703696 0.024636
v 0.547317 0.702859 0.027975
v 0.546833 0.703696 0.024636
v 0.545382 0.699507 0.027975
v 0.544414 0.699506 0.024636
v 0.547317 0.696154 0.027975
v 0.546833 0.695316 0.024636
v 0.551188 0.696154 0.027975
v 0.551671 0.695316 0.024636
v 0.553123 0.699507 0.027975
v 0.554090 0.699506 0.024636
v 0.566091 0.533507 0.024636
v 0.565123 0.533507 0.027975
v 0.563671 0.529316 0.024636
v 0.563188 0.530155 0.027975
v 0.558833 0.529316 0.024636
v 0.559317 0.530155 0.027975
v 0.556414 0.533507 0.024636
v 0.557382 0.533507 0.027975
v 0.558833 0.537697 0.024636
v 0.559317 0.536859 0.027975
v 0.563671 0.537697 0.024636
v 0.563188 0.536859 0.027975
v 0.542090 0.533506 0.024636
v 0.541123 0.533506 0.027975
v 0.539671 0.529315 0.024636
v 0.539188 0.530154 0.027975
v 0.534833 0.529316 0.024636
v 0.535317 0.530154 0.027975
v 0.532414 0.533506 0.024636
v 0.533382 0.533506 0.027975
v 0.534833 0.537696 0.024636
v 0.535317 0.536858 0.027975
v 0.539671 0.537696 0.024636
v 0.539188 0.536858 0.027975
v 0.542090 0.706506 0.024636
v 0.541123 0.706507 0.027975
v 0.539671 0.702316 0.024636
v 0.539188 0.703154 0.027975
v 0.534833 0.702316 0.024636
v 0.535317 0.703154 0.027975
v 0.532414 0.706506 0.024636
v 0.533382 0.706507 0.027975
v 0.534833 0.710696 0.024636
v 0.535317 0.709859 0.027975
v 0.539671 0.710696 0.024636
v 0.539188 0.709859 0.027975
v 0.531024 0.709823 0.024861
v 0.531024 0.709823 0.020004
v 0.567268 0.709828 0.020004
v 0.567268 0.709828 0.024861
v 0.567266 0.530177 0.020006
v 0.567266 0.530177 0.024863
v 0.531023 0.530176 0.024863
v 0.531023 0.530176 0.020006
vn -0.0000 1.0000 -0.0018
vn -1.0000 -0.0000 -0.0002
vn 1.0000 -0.0000 -0.0019
vn -0.0000 -1.0000 -0.0000
vn 0.1181 -0.0000 0.9930
vn -0.0000 -0.0000 1.0000
vn -0.1181 -0.0000 0.9930
vn -0.0000 -0.1181 0.9930
vn -0.0000 0.1181 0.9930
vn 0.6222 -0.0000 0.7828
vn 0.6226 -0.0000 0.7826
vn 0.8969 -0.0000 0.4422
vn -0.8976 -0.0000 0.4408
vn -0.6230 -0.0000 0.7823
vn -0.6230 -0.0000 0.7822
vn -0.0000 -0.8977 0.4405
vn -0.0000 -0.6230 0.7822
vn -0.0000 -0.6231 0.7822
vn -0.0000 0.6225 0.7826
vn -0.0000 0.6222 0.7829
vn -0.0000 0.8968 0.4424
vn -0.0000 -0.0000 -1.0000
vn -1.0000 -0.0000 -0.0000
vn 1.0000 -0.0000 -0.0000
vn -0.3714 -0.0000 0.9285
vn 0.3714 -0.0000 0.9285
vn -0.0000 1.0000 -0.0000
vn -0.0000 -0.3714 0.9285
vn -0.0000 0.3714 0.9285
vn 0.3827 -0.9239 -0.0000
vn 0.9952 -0.0980 -0.0000
vn -0.9952 -0.0980 -0.0000
vn -0.7071 -0.7071 -0.0000
vn -0.3827 -0.9239 -0.0000
vn -0.9239 -0.3827 -0.0000
vn 0.9239 -0.3827 -0.0000
vn 0.7071 -0.7071 -0.0000
vn -0.0000 0.7071 -0.7071
vn -0.0000 0.7071 0.7071
vn -0.0000 -0.7002 -0.7139
vn 0.2680 -0.6469 -0.7139
vn 0.4951 -0.4951 -0.7139
vn 0.6469 -0.2680 -0.7139
vn 0.7020 -0.0691 -0.7088
vn 0.7020 -0.0691 0.7088
vn 0.6469 -0.2680 0.7139
vn 0.4951 -0.4951 0.7139
vn 0.2680 -0.6469 0.7139
vn -0.0000 -0.7002 0.7139
vn -0.2680 -0.6469 0.7139
vn -0.4951 -0.4951 0.7139
vn -0.6469 -0.2680 0.7139
vn -0.7020 -0.0691 0.7088
vn -0.7020 -0.0691 -0.7088
vn -0.6469 -0.2680 -0.7139
vn -0.4951 -0.4951 -0.7139
vn -0.2680 -0.6469 -0.7139
vn 0.7071 -0.0000 -0.7071
vn 0.7071 -0.0000 0.7071
vn -0.7071 -0.0000 0.7071
vn -0.7071 -0.0000 -0.7071
vn 0.4581 0.4890 0.7423
vn 0.5527 0.1602 0.8178
vn 0.5528 0.1801 0.8137
vn 0.4008 0.5696 0.7175
vn -0.0000 -0.1908 -0.9816
vn -0.0000 -0.1903 -0.9817
vn -0.0000 0.1903 -0.9817
vn -0.0000 0.1907 -0.9816
vn 0.4580 -0.4890 0.7424
vn 0.4008 -0.5696 0.7176
vn 0.5527 -0.1801 0.8137
vn 0.5526 -0.1602 0.8179
vn -0.1533 -0.3902 0.9079
vn -0.4588 -0.4866 0.7434
vn -0.4010 -0.5687 0.7182
vn -0.1450 -0.3691 0.9180
vn -0.0000 0.6579 -0.7531
vn -0.0000 0.5212 -0.8534
vn -0.0000 0.5209 -0.8536
vn -0.9992 -0.0392 -0.0000
vn -0.9995 -0.0302 -0.0000
vn -0.9995 0.0302 -0.0000
vn -0.9992 0.0392 -0.0000
vn -0.9987 -0.0505 -0.0000
vn -0.9912 -0.1323 -0.0000
vn -0.9967 0.0814 -0.0000
vn -0.9971 0.0755 -0.0000
vn -0.9971 -0.0755 -0.0000
vn -0.9967 -0.0814 -0.0000
vn -0.9912 0.1324 -0.0000
vn -0.9987 0.0505 -0.0000
vn 0.9994 -0.0334 -0.0000
vn 0.9991 -0.0433 -0.0000
vn 0.9991 0.0433 -0.0000
vn 0.9994 0.0334 -0.0000
vn 0.9965 0.0838 -0.0000
vn 0.9967 0.0806 -0.0000
vn 0.9967 -0.0806 -0.0000
vn 0.9965 -0.0839 -0.0000
vn -0.5528 -0.1784 0.8140
vn -0.5527 -0.1581 0.8183
vn -0.5526 0.1582 0.8183
vn -0.5527 0.1785 0.8140
vn 0.9912 -0.1324 -0.0000
vn 0.9987 -0.0506 -0.0000
vn 0.9987 0.0505 -0.0000
vn 0.9912 0.1324 -0.0000
vn -0.0000 -0.5212 -0.8534
vn -0.0000 -0.5210 -0.8536
vn 0.1534 0.3903 0.9078
vn 0.1450 0.3690 0.9180
vn -0.1451 0.3692 0.9179
vn -0.4009 0.5687 0.7182
vn -0.4587 0.4867 0.7435
vn -0.1533 0.3902 0.9079
vn 0.1451 -0.3691 0.9180
vn 0.1534 -0.3902 0.9079
vn 0.4930 -0.8700 -0.0000
vn -0.3403 -0.9403 -0.0000
vn 0.0001 -0.6579 -0.7531
vn 0.9685 -0.2490 -0.0000
vn -0.9685 -0.2490 -0.0000
vn 0.9685 0.2490 -0.0000
vn -0.9685 0.2490 -0.0000
vn 0.0001 -1.0000 -0.0000
vn 0.2625 -0.9649 -0.0000
vn -0.2624 -0.9650 -0.0000
vn -0.8400 0.4849 0.2435
vn 0.8400 0.4850 0.2433
vn 0.8400 -0.4849 0.2435
vn -0.0000 -0.9699 0.2436
vn -0.0000 0.9699 0.2433
vn -0.8399 -0.4849 0.2436
vn -0.8400 0.4850 0.2435
vn 0.8400 0.4850 0.2434
vn 0.2620 0.9651 -0.0000
vn -0.0004 1.0000 -0.0000
vn -0.2629 0.9648 -0.0000
vn -0.8700 0.4930 -0.0000
vn -0.3403 0.9403 -0.0000
vn 0.4930 0.8700 -0.0000
vn -0.4930 -0.8700 -0.0000
vn -0.9815 -0.1913 -0.0000
vn 0.8700 0.4930 -0.0000
vn 0.3403 0.9403 -0.0000
vn -0.4930 0.8700 -0.0000
vn 0.9815 -0.1913 -0.0000
vn 0.0249 -0.9997 -0.0000
vn 0.8704 0.4924 -0.0000
vn -0.0249 -0.9997 -0.0000
vn -0.8704 0.4924 -0.0000
vn 0.8700 -0.4930 -0.0000
vn 0.3403 -0.9403 -0.0000
vn 0.9815 0.1913 -0.0000
vn -0.8700 -0.4930 -0.0000
vn -0.9815 0.1913 -0.0000
vn -0.0249 0.9997 -0.0000
vn -0.8704 -0.4924 -0.0000
vn 0.0249 0.9997 -0.0000
vn 0.8704 -0.4924 -0.0000
vn 0.8400 -0.4850 0.2435
vn -0.8400 0.4849 0.2434
vn -0.8400 0.4850 0.2434
vt 0.105859 -0.537370
vt -0.309569 -0.537370
vt -0.309547 -0.544317
vt 0.105859 -0.544317
vt 0.461539 -0.537370
vt 0.461539 -0.530423
vt -0.725000 -0.530423
vt -0.725000 -0.537370
vt -0.725000 -0.523476
vt -0.725000 -0.530423
vt 0.461515 -0.530423
vt 0.461539 -0.523476
vt -0.309569 -0.544317
vt -0.309572 -0.537370
vt -0.725000 -0.537370
vt -0.724997 -0.544317
vt -0.717916 -0.095816
vt -0.725000 -0.102883
vt 0.475000 -0.103293
vt 0.467927 -0.096219
vt 0.467909 0.315508
vt 0.475000 0.322591
vt -0.724972 0.321541
vt -0.717907 0.314483
vt 0.462913 -0.091207
vt -0.712889 -0.090807
vt 0.459097 -0.087407
vt -0.709078 -0.087024
vt 0.459058 0.306698
vt 0.462875 0.310488
vt -0.712899 0.309482
vt -0.709108 0.305703
vt 1.039999 0.357857
vt 1.039999 0.642143
vt -0.037143 0.642143
vt -0.037144 0.357857
vt -0.251986 0.496667
vt 0.762785 0.496667
vt 0.762785 0.490000
vt -0.251986 0.490000
vt -0.251986 0.500000
vt 0.762785 0.500000
vt 0.762786 0.486667
vt -0.251985 0.486667
vt -0.251986 0.490000
vt -0.251986 0.496667
vt -0.251985 0.493333
vt 0.762785 0.493333
vt 0.762785 0.500000
vt -0.251985 0.500000
vt -0.251985 0.486667
vt 0.762785 0.486667
vt -0.255999 0.496667
vt 0.021336 0.496667
vt 0.021336 0.490000
vt -0.255999 0.490000
vt -0.255999 0.500000
vt 0.021336 0.500000
vt 0.021336 0.486667
vt -0.255999 0.486667
vt -0.255999 0.490000
vt 0.021336 0.490000
vt 0.021336 0.496667
vt -0.255999 0.496667
vt -0.255999 0.493333
vt 0.021336 0.493333
vt 0.021336 0.500000
vt -0.255999 0.500000
vt -0.255999 0.486666
vt 0.021336 0.486667
vt -0.255999 0.496667
vt 0.021336 0.496667
vt 0.021336 0.490000
vt -0.255999 0.490000
vt 0.494002 0.614791
vt 0.771336 0.614792
vt 0.771336 0.601458
vt 0.494002 0.601457
vt -0.255999 0.490000
vt 0.021336 0.490000
vt 0.021336 0.496667
vt -0.255999 0.496667
vt 0.494000 0.648584
vt 0.771334 0.648583
vt 0.771335 0.655253
vt 0.494000 0.655254
vt 0.494001 0.641910
vt 0.771333 0.641911
vt -0.255997 0.496667
vt 0.021333 0.496667
vt 0.021333 0.490000
vt -0.255997 0.490000
vt 0.494005 0.584793
vt 0.771334 0.584792
vt 0.771334 0.571458
vt 0.494005 0.571459
vt -0.255997 0.490000
vt 0.021333 0.490000
vt 0.021333 0.496667
vt -0.255997 0.496667
vt 0.493996 0.532189
vt 0.771323 0.532187
vt 0.771328 0.538899
vt 0.493999 0.538901
vt 0.493993 0.525471
vt 0.771318 0.525473
vt -0.659167 -0.037194
vt -0.659200 0.255894
vt 0.263869 0.257016
vt 0.319005 0.245781
vt 0.366423 0.213822
vt 0.398188 0.166032
vt 0.409357 0.109596
vt 0.398240 0.053201
vt 0.366485 0.005405
vt 0.319063 -0.026577
vt 0.263924 -0.037843
vt -0.671060 -0.547112
vt -0.671060 -0.545722
vt -0.725000 -0.545724
vt -0.725000 -0.547114
vt -0.661344 -0.459035
vt -0.661309 -0.167318
vt -0.724955 -0.103748
vt -0.725000 -0.522578
vt -0.509239 -0.547105
vt 0.400116 -0.547114
vt 0.400116 -0.545724
vt -0.509239 -0.545716
vt 0.400116 -0.544326
vt -0.509238 -0.544317
vt -0.509238 -0.545706
vt 0.400116 -0.545716
vt -0.617119 -0.545709
vt -0.617119 -0.544320
vt -0.671059 -0.544322
vt -0.671059 -0.545712
vt -0.563178 -0.545707
vt -0.563179 -0.544318
vt -0.563179 -0.545717
vt -0.563179 -0.547107
vt -0.617119 -0.547109
vt -0.617119 -0.545720
vt -0.725000 -0.544326
vt -0.725000 -0.545716
vt -0.653730 -0.451486
vt -0.653690 -0.174870
vt -0.651558 0.248309
vt -0.651508 -0.029602
vt 0.393328 -0.313322
vt 0.382928 -0.366057
vt 0.391154 -0.369490
vt 0.402217 -0.313379
vt 0.353270 -0.410744
vt 0.359553 -0.417046
vt 0.308892 -0.440672
vt 0.312351 -0.448868
vt 0.256395 -0.451402
vt 0.257473 -0.460068
vt 0.262793 0.248309
vt 0.315541 0.237541
vt 0.360113 0.207480
vt 0.389908 0.162587
vt 0.400412 0.109475
vt 0.389973 0.056650
vt 0.360174 0.011739
vt 0.315589 -0.018343
vt 0.262849 -0.029136
vt 0.256433 -0.175257
vt 0.308921 -0.186007
vt 0.312372 -0.177811
vt 0.257503 -0.166595
vt 0.353262 -0.215950
vt 0.359545 -0.209645
vt 0.382888 -0.260639
vt 0.391128 -0.257216
vt 0.400417 0.109649
vt 0.393320 -0.313496
vt 0.465711 -0.523476
vt 0.465711 -0.103293
vt -0.725000 -0.547114
vt -0.725000 -0.548503
vt -0.448511 -0.548503
vt -0.448511 -0.547114
vt 0.761821 0.199509
vt 0.757722 0.227393
vt 0.744546 0.228267
vt 0.751039 0.195161
vt 0.860639 0.197541
vt 0.882774 0.197541
vt 0.882774 0.249555
vt 0.860639 0.249555
vt 0.768927 0.306466
vt 0.758812 0.312202
vt 0.747997 0.280245
vt 0.761176 0.279370
vt 0.783971 0.331384
vt 0.780543 0.306053
vt 0.790569 0.327619
vt 0.864040 0.301471
vt 0.862476 0.277702
vt 0.880743 0.277702
vt 0.879180 0.301471
vt 0.834241 0.291614
vt 0.829363 0.291614
vt 0.829365 0.239601
vt 0.834243 0.239600
vt 0.855761 0.195561
vt 0.860638 0.195561
vt 0.845002 0.213526
vt 0.840124 0.213526
vt 0.840123 0.317688
vt 0.845001 0.317688
vt 0.860638 0.335658
vt 0.855761 0.335658
vt 0.798088 0.239618
vt 0.802965 0.239618
vt 0.802967 0.291632
vt 0.798089 0.291632
vt 0.813726 0.317720
vt 0.808848 0.317720
vt 0.808847 0.213530
vt 0.813725 0.213530
vt 0.774354 0.278497
vt 0.770904 0.226516
vt 0.829363 0.335690
vt 0.824485 0.335690
vt 0.824485 0.195561
vt 0.829363 0.195561
vt 0.862476 0.169394
vt 0.880743 0.169394
vt 0.773438 0.172817
vt 0.766550 0.169616
vt 0.780478 0.175680
vt 0.773394 0.198382
vt 0.777566 0.335467
vt 0.780583 0.345291
vt 0.789193 0.340037
vt 0.789149 0.350067
vt 0.797855 0.334868
vt 0.798088 0.344674
vt 0.792016 0.169957
vt 0.790301 0.154266
vt 0.795575 0.156695
vt 0.798088 0.161354
vt 0.796641 0.166447
vt 0.860639 0.374271
vt 0.855761 0.374271
vt 0.855761 0.368416
vt 0.860639 0.368416
vt 0.879181 0.145625
vt 0.864041 0.145629
vt 0.829363 0.346059
vt 0.824485 0.346059
vt 0.855761 0.185192
vt 0.860638 0.185192
vt 0.768241 0.159476
vt 0.777470 0.163547
vt 0.786742 0.167529
vt 0.824485 0.185192
vt 0.829363 0.185192
vt 0.860638 0.346027
vt 0.855761 0.346027
vt 0.824486 0.145625
vt 0.829363 0.145625
vt 0.829363 0.151092
vt 0.824486 0.151092
vt 0.785676 0.157777
vt 0.776103 0.153606
vt 0.781453 0.154396
vt 0.794348 0.348580
vt 0.855761 0.380127
vt 0.860639 0.380127
vt 0.860639 0.385593
vt 0.855761 0.385593
vt 0.944521 0.267653
vt 0.944584 0.267578
vt 0.944630 0.267630
vt 0.944580 0.267690
vt 0.944538 0.267838
vt 0.944468 0.267838
vt 0.944482 0.267742
vt 0.944549 0.267761
vt 0.944765 0.268136
vt 0.944765 0.268214
vt 0.944698 0.268253
vt 0.944630 0.268214
vt 0.944630 0.268136
vt 0.944698 0.268097
vt 0.944482 0.267934
vt 0.944549 0.267915
vt 0.944521 0.268023
vt 0.944580 0.267986
vt 0.944584 0.268097
vt 0.944630 0.268045
vt 0.944683 0.267134
vt 0.944746 0.267059
vt 0.944793 0.267111
vt 0.944743 0.267171
vt 0.944700 0.267319
vt 0.944630 0.267319
vt 0.944644 0.267223
vt 0.944711 0.267242
vt 0.944765 0.266890
vt 0.944765 0.266968
vt 0.944698 0.267007
vt 0.944630 0.266968
vt 0.944630 0.266890
vt 0.944698 0.266852
vt 0.944644 0.267415
vt 0.944711 0.267396
vt 0.944683 0.267504
vt 0.944743 0.267467
vt 0.944746 0.267578
vt 0.944793 0.267526
vt 0.829362 0.380159
vt 0.829363 0.385625
vt 0.824484 0.385625
vt 0.824484 0.380159
vt 0.855760 0.151092
vt 0.855760 0.145625
vt 0.860639 0.145625
vt 0.860638 0.151092
vt 0.855760 0.168142
vt 0.855760 0.162803
vt 0.860638 0.162803
vt 0.860638 0.168142
vt 0.855760 0.156948
vt 0.860638 0.156948
vt 0.860638 0.179337
vt 0.855761 0.179337
vt 0.855760 0.173481
vt 0.860638 0.173481
vt 0.829362 0.363109
vt 0.829362 0.368448
vt 0.824485 0.368448
vt 0.824485 0.363109
vt 0.775518 0.147828
vt 0.762868 0.157273
vt 0.762282 0.151496
vt 0.765022 0.146964
vt 0.770144 0.145625
vt 0.829362 0.374303
vt 0.824484 0.374303
vt 0.824485 0.351914
vt 0.829363 0.351914
vt 0.829362 0.357770
vt 0.824485 0.357770
vt 0.824485 0.168142
vt 0.824485 0.162803
vt 0.829363 0.162803
vt 0.829363 0.168142
vt 0.882774 0.286290
vt 0.896424 0.278100
vt 0.896424 0.283956
vt 0.893216 0.288223
vt 0.887941 0.289046
vt 0.824485 0.156947
vt 0.829363 0.156947
vt 0.829363 0.179336
vt 0.824485 0.179336
vt 0.824485 0.173481
vt 0.829363 0.173481
vt 0.860639 0.363077
vt 0.855761 0.363077
vt 0.882774 0.291802
vt 0.896424 0.299992
vt 0.891258 0.302747
vt 0.885982 0.301924
vt 0.882774 0.297657
vt 0.855761 0.351882
vt 0.860638 0.351882
vt 0.860639 0.357738
vt 0.855761 0.357738
vt 0.882774 0.280435
vt 0.891258 0.275345
vt 0.896424 0.294136
vt 0.944584 0.268616
vt 0.944521 0.268542
vt 0.944580 0.268505
vt 0.944630 0.268564
vt 0.944549 0.268280
vt 0.944482 0.268260
vt 0.944521 0.268172
vt 0.944580 0.268209
vt 0.944482 0.268453
vt 0.944549 0.268434
vt 0.944468 0.268357
vt 0.944538 0.268357
vt 0.944630 0.266657
vt 0.944630 0.266579
vt 0.944698 0.266541
vt 0.944765 0.266579
vt 0.944765 0.266657
vt 0.944698 0.266696
vt 0.944630 0.268149
vt 0.944521 0.267134
vt 0.944584 0.267059
vt 0.944630 0.267111
vt 0.944580 0.267171
vt 0.944538 0.267319
vt 0.944468 0.267319
vt 0.944482 0.267223
vt 0.944549 0.267242
vt 0.944765 0.267981
vt 0.944765 0.268058
vt 0.944630 0.268058
vt 0.944630 0.267981
vt 0.944698 0.267942
vt 0.944482 0.267415
vt 0.944549 0.267396
vt 0.944521 0.267504
vt 0.944580 0.267467
vt 0.944630 0.267526
vt 0.944521 0.266615
vt 0.944584 0.266541
vt 0.944630 0.266592
vt 0.944580 0.266652
vt 0.944538 0.266800
vt 0.944468 0.266800
vt 0.944482 0.266704
vt 0.944549 0.266723
vt 0.944765 0.266735
vt 0.944765 0.266813
vt 0.944630 0.266813
vt 0.944630 0.266735
vt 0.944482 0.266896
vt 0.944549 0.266877
vt 0.944521 0.266985
vt 0.944580 0.266948
vt 0.944630 0.267008
vt 0.944521 0.268690
vt 0.944630 0.268668
vt 0.944580 0.268728
vt 0.944538 0.268876
vt 0.944468 0.268876
vt 0.944482 0.268779
vt 0.944549 0.268799
vt 0.944765 0.267617
vt 0.944765 0.267695
vt 0.944698 0.267734
vt 0.944630 0.267695
vt 0.944630 0.267617
vt 0.944698 0.267578
vt 0.944482 0.268972
vt 0.944549 0.268952
vt 0.944521 0.269061
vt 0.944580 0.269024
vt 0.944584 0.269135
vt 0.944630 0.269083
s 1
usemtl wood_6
f 391/699/168 389/700/168 456/701/168 402/702/168
f 454/703/169 392/704/169 391/705/169 402/706/169
f 390/707/170 455/708/170 456/709/170 389/710/170
f 455/711/171 390/712/171 392/713/171 454/714/171
f 395/715/172 390/716/173 389/717/173 393/718/172
f 397/719/174 391/720/173 392/721/173 400/722/174
f 400/722/175 392/721/173 390/716/173 395/715/175
f 393/718/176 389/717/173 391/720/173 397/719/176
f 393/718/172 394/723/177 396/724/178 395/715/172
f 394/723/177 451/725/179 452/726/179 396/724/178
f 398/727/180 399/728/181 401/729/182 453/730/180
f 399/728/181 397/719/174 400/722/174 401/729/182
f 453/730/183 401/729/184 396/724/185 452/726/183
f 401/729/184 400/722/175 395/715/175 396/724/185
f 397/719/176 399/728/186 394/723/187 393/718/176
f 399/728/186 398/727/188 451/725/188 394/723/187
s 0
f 405/731/189 403/732/189 404/733/189 406/734/189
f 409/731/173 410/734/173 408/733/173 407/732/173
s 1
f 411/735/190 412/736/190 414/737/190 413/738/190
f 413/739/189 414/740/189 418/741/189 417/742/189
f 417/743/191 418/737/191 416/736/191 415/744/191
f 419/745/192 420/746/192 412/747/192 411/748/192
f 415/749/193 416/750/193 420/746/193 419/745/193
f 421/751/171 422/752/171 424/753/171 423/754/171
f 423/755/189 424/756/189 428/757/189 427/758/189
f 427/759/194 428/760/194 426/761/194 425/762/194
f 429/763/195 430/764/195 422/765/195 421/766/195
f 425/767/196 426/768/196 430/764/196 429/763/196
f 431/769/171 432/770/171 434/771/171 433/772/171
f 433/773/189 434/774/189 438/775/189 437/776/189
f 437/777/194 438/778/194 436/779/194 435/780/194
f 439/781/195 440/782/195 432/783/195 431/784/195
f 435/785/196 436/786/196 440/782/196 439/781/196
f 441/787/171 442/788/171 444/789/171 443/790/171
f 443/791/189 444/792/189 448/793/189 447/794/189
f 447/795/194 448/796/194 446/797/194 445/798/194
f 449/799/195 450/800/195 442/801/195 441/802/195
f 445/803/196 446/804/196 450/800/196 449/799/196
f 461/805/173 460/806/173 453/730/173 452/726/173
f 475/807/173 480/808/173 482/809/173 484/810/173 477/811/173 487/812/173 490/813/173 492/814/173 485/815/173 461/805/173 452/726/173 451/725/173 398/727/173 453/730/173 460/806/173
f 483/816/197 469/817/197 466/818/171 478/819/171
f 457/820/189 464/821/189 455/822/189 454/823/189
f 476/824/198 459/825/191 458/826/191 468/827/198
f 462/828/190 486/829/199 494/830/199 463/831/190
f 497/832/200 489/833/200 488/834/201 500/835/201
f 495/836/202 491/837/202 489/833/200 497/832/200
f 476/824/198 468/827/198 473/838/203 479/839/203
f 481/840/204 471/841/204 469/817/197 483/816/197
f 494/830/199 486/829/199 491/837/202 495/836/202
f 479/839/203 473/838/203 471/841/204 481/840/204
f 500/835/201 488/834/201 478/842/171 466/843/171
f 458/844/205 463/845/205 464/821/205 457/820/205
f 459/846/206 460/806/206 461/805/206 462/847/206
f 466/848/207 469/849/208 470/850/208 465/851/207
f 469/849/208 471/852/209 472/853/209 470/850/208
f 471/852/209 473/854/210 474/855/210 472/853/209
f 473/854/210 468/856/211 467/857/211 474/855/210
f 476/858/212 479/859/213 480/808/213 475/807/212
f 479/859/213 481/860/214 482/809/214 480/808/213
f 481/860/214 483/861/215 484/810/215 482/809/214
f 483/861/215 478/862/216 477/811/216 484/810/215
f 488/863/217 489/864/218 490/813/218 487/812/217
f 489/864/218 491/865/219 492/814/219 490/813/218
f 491/865/219 486/866/220 485/815/220 492/814/219
f 494/867/221 495/868/222 496/869/222 493/870/221
f 495/868/222 497/871/223 498/872/223 496/869/222
f 497/871/223 500/873/224 499/874/224 498/872/223
f 468/856/211 458/844/225 457/820/225 467/857/211
f 475/807/212 460/806/226 459/846/226 476/858/212
f 461/805/227 485/815/220 486/866/220 462/847/227
f 493/870/221 464/821/228 463/845/228 494/867/221
f 478/875/216 488/863/217 487/812/217 477/811/216
f 500/873/224 466/876/207 465/851/207 499/874/224
f 493/870/189 496/869/189 498/872/189 499/874/189 465/851/189 470/850/189 472/853/189 474/855/189 467/857/189 457/820/189 454/823/189 402/877/189 456/878/189 455/822/189 464/821/189
f 458/879/194 459/880/194 462/881/194 463/882/194
usemtl metal_6
f 525/883/229 526/884/230 502/885/231 501/886/232
f 517/887/233 514/888/234 520/889/235 523/890/236
f 528/891/237 507/892/238 508/893/239 529/894/240
f 530/895/241 528/891/242 510/896/243 512/897/244
f 524/898/245 522/899/246 519/900/247 521/901/245
f 523/902/248 511/903/249 505/904/250 517/905/251
f 506/906/252 518/907/253 516/908/254 504/909/255
f 510/910/256 522/911/257 524/912/258 512/913/259
f 504/909/255 516/908/254 517/905/251 505/904/250
f 511/903/249 523/902/248 522/911/257 510/910/256
f 508/914/260 520/915/261 514/916/262 502/917/263
f 502/917/263 514/916/262 513/918/264 501/919/265
f 507/920/266 519/921/267 520/915/261 508/914/260
f 511/922/268 529/894/269 526/884/270 505/923/271
f 501/919/265 513/918/264 515/924/272 503/925/273
f 509/926/274 521/927/275 519/921/267 507/920/266
f 522/899/246 523/890/236 520/889/235 519/900/247
f 516/928/276 513/929/277 514/888/234 517/887/233
f 527/930/278 525/883/229 501/886/232 503/931/279
f 506/932/280 504/933/281 525/883/282 527/930/283
f 504/933/281 505/923/271 526/884/270 525/883/282
f 509/934/284 507/892/238 528/891/237 530/895/285
f 510/896/243 528/891/242 529/894/269 511/922/268
f 590/935/173 544/936/173 591/937/173
f 542/938/173 535/939/173 544/936/173
f 582/940/173 581/941/173 573/942/173 657/943/173 575/944/173
f 606/945/286 605/946/286 598/947/287 597/948/287
f 515/949/288 513/929/277 516/928/276 518/950/288
f 515/924/272 541/951/289 539/952/289 503/925/273
f 506/906/252 537/953/290 540/954/290 518/907/253
f 503/931/279 539/955/173 538/956/173 527/930/278
f 527/930/283 538/956/173 537/957/173 506/932/280
f 530/895/285 544/936/173 590/935/173 509/934/284
f 512/897/244 542/938/173 544/936/173 530/895/241
f 509/926/274 590/958/291 592/959/291 521/927/275
f 524/912/258 543/960/292 542/961/292 512/913/259
f 547/962/293 546/963/293 589/964/294 591/965/294
f 537/957/173 538/956/173 532/966/173
f 539/955/173 531/967/173 538/956/173
f 545/968/173 532/966/173 538/956/173
f 544/936/173 535/939/173 547/969/173
f 535/970/295 536/971/295 546/972/293 547/973/293
f 591/937/173 544/936/173 547/969/173
f 531/967/173 545/968/173 538/956/173
f 529/894/240 508/893/239 502/885/231 526/884/230
f 556/974/296 554/975/296 555/976/296 557/977/296
f 549/978/297 548/979/297 558/980/297 559/981/297
f 553/982/173 551/983/173 549/984/173 559/985/173 557/986/173 555/987/173
f 550/988/298 548/979/298 549/978/298 551/989/298
f 552/990/299 550/988/299 551/989/299 553/991/299
f 559/981/300 558/980/300 556/974/300 557/977/300
f 554/992/301 552/990/301 553/991/301 555/993/301
f 568/994/302 566/995/302 567/996/302 569/997/302
f 561/998/303 560/999/303 570/1000/303 571/1001/303
f 565/1002/173 563/1003/173 561/1004/173 571/1005/173 569/1006/173 567/1007/173
f 562/1008/298 560/999/298 561/998/298 563/1009/298
f 564/1010/299 562/1008/299 563/1009/299 565/1011/299
f 571/1001/300 570/1000/300 568/994/300 569/997/300
f 566/1012/301 564/1010/301 565/1011/301 567/1013/301
f 533/1014/304 572/1015/305 545/1016/305 531/1017/304
f 532/1018/306 545/1019/305 572/1020/305 534/1021/306
f 657/1022/307 573/1023/308 574/1024/308 658/1025/307
f 581/1026/309 584/1027/309 574/1024/308 573/1023/308
f 583/1028/310 582/1029/310 575/1030/311 576/1031/311
f 659/1032/312 578/1033/313 577/1034/313 660/1035/312
f 588/1036/173 587/1037/173 580/1038/173 660/1039/173 577/1040/173
f 585/1041/314 588/1042/314 577/1034/313 578/1033/313
f 587/1043/286 586/1044/286 579/1045/315 580/1046/315
f 540/954/316 537/953/316 582/1029/310 583/1028/310
f 532/1018/317 534/1021/317 584/1027/309 581/1026/309
f 537/957/173 532/966/173 581/941/173 582/940/173
f 539/952/318 541/951/318 586/1044/286 587/1043/286
f 533/1014/319 531/1017/319 588/1042/314 585/1041/314
f 531/967/173 539/955/173 587/1037/173 588/1036/173
f 662/1047/320 594/1048/321 593/1049/321 661/1050/320
f 604/1051/173 603/1052/173 594/1053/173 662/1054/173 596/1055/173
f 603/1056/310 602/1057/310 593/1049/321 594/1048/321
f 601/1058/309 604/1059/309 596/1060/322 595/1061/322
f 664/1062/323 597/948/287 598/947/287 663/1063/323
f 605/1064/173 607/1065/173 599/1066/173 663/1067/173 598/1068/173
f 607/1069/314 608/1070/314 600/1071/324 599/1072/324
f 592/959/325 590/958/325 604/1059/309 601/1058/309
f 591/965/326 589/964/326 602/1057/310 603/1056/310
f 590/1073/173 591/1074/173 603/1052/173 604/1051/173
f 542/961/327 543/960/327 608/1070/314 607/1069/314
f 535/1055/173 542/1075/173 607/1065/173 605/1064/173
f 536/971/328 535/970/328 605/946/286 606/945/286
f 614/1076/301 616/1077/301 615/1078/301 613/1079/301
f 609/1080/300 610/1081/300 612/1082/300 611/1083/300
f 616/1077/299 618/1084/299 617/1085/299 615/1078/299
f 618/1084/329 620/1086/329 619/1087/329 617/1085/329
f 615/1088/173 617/1089/173 619/1090/173 609/1091/173 611/1092/173 613/1093/173
f 619/1087/297 620/1086/297 610/1081/297 609/1080/297
f 612/1082/330 614/992/330 613/1094/330 611/1083/330
f 629/1095/331 627/1096/331 628/1097/331 630/1098/331
f 622/1099/297 621/1100/297 631/1101/297 632/1102/297
f 626/1103/173 624/1104/173 622/987/173 632/1105/173 630/1106/173 628/1107/173
f 623/1108/329 621/1100/329 622/1099/329 624/1109/329
f 625/1110/299 623/1108/299 624/1109/299 626/1111/299
f 632/1102/300 631/1101/300 629/1095/300 630/1098/300
f 627/975/301 625/1110/301 626/1111/301 628/1112/301
f 641/1113/330 639/1114/330 640/1115/330 642/1116/330
f 634/1117/303 633/1118/303 643/1119/303 644/1120/303
f 638/1121/173 636/1122/173 634/1007/173 644/1123/173 642/1124/173 640/1093/173
f 635/1125/329 633/1118/329 634/1117/329 636/1126/329
f 637/1127/299 635/1125/299 636/1126/299 638/1128/299
f 644/1120/300 643/1119/300 641/1113/300 642/1116/300
f 639/1096/301 637/1127/301 638/1128/301 640/1129/301
f 653/1130/296 651/1076/296 652/1131/296 654/1132/296
f 646/1133/303 645/1134/303 655/1135/303 656/1136/303
f 650/1137/173 648/1138/173 646/1139/173 656/1140/173 654/1141/173 652/1142/173
f 647/1143/298 645/1134/298 646/1133/298 648/1144/298
f 649/1145/299 647/1143/299 648/1144/299 650/1146/299
f 656/1136/300 655/1135/300 653/1130/300 654/1132/300
f 651/1147/301 649/1145/301 650/1146/301 652/1148/301
f 579/1045/315 659/1032/312 660/1035/312 580/1046/315
f 575/1030/311 657/1022/307 658/1025/307 576/1031/311
f 596/1060/322 662/1047/320 661/1050/320 595/1061/322
f 600/1071/324 664/1062/323 663/1063/323 599/1072/324
o wardrobe_mp_1_4_door_2
v -0.597998 1.710000 0.010000
v -0.597998 0.002000 0.010000
v 0.000003 1.710000 0.010001
v 0.000003 0.002000 0.010000
v -0.587998 1.700000 0.010000
v -0.581290 1.693292 0.013292
v -0.587998 0.012000 0.010000
v -0.581290 0.018708 0.013292
v -0.009997 1.700000 0.010001
v -0.019997 1.690000 0.020001
v -0.016705 1.693292 0.013292
v -0.009997 0.012000 0.010000
v -0.016705 0.018708 0.013292
v 0.000002 1.710000 0.000001
v -0.100003 0.102000 0.009000
v -0.100004 1.610000 0.009001
v -0.498005 0.102000 0.009000
v -0.498004 1.610000 0.009000
v -0.100003 0.102000 0.011000
v -0.100004 1.610000 0.011001
v -0.498005 0.102000 0.011000
v -0.498004 1.610000 0.011000
v -0.289002 0.097020 0.015000
v -0.289002 1.619177 0.015001
v -0.289002 0.097020 0.005000
v -0.289002 1.619177 0.005001
v -0.309002 0.097020 0.015000
v -0.309002 1.619177 0.015001
v -0.309002 0.097020 0.005000
v -0.309002 1.619177 0.005001
v -0.299002 0.097020 0.019000
v -0.299002 1.619177 0.019001
v -0.507003 0.420000 0.015000
v -0.091001 0.420000 0.015000
v -0.507003 0.420000 0.005000
v -0.091001 0.420000 0.005000
v -0.507003 0.440000 0.015000
v -0.091001 0.440000 0.015000
v -0.507003 0.440000 0.005000
v -0.091001 0.440000 0.005000
v -0.507003 0.430000 0.019000
v -0.091001 0.430000 0.019000
v -0.507003 0.860000 0.015000
v -0.091001 0.860000 0.015000
v -0.507003 0.860000 0.005000
v -0.091001 0.860000 0.005000
v -0.507003 0.880000 0.015000
v -0.091001 0.880000 0.015000
v -0.507003 0.880000 0.005000
v -0.091001 0.880000 0.005000
v -0.507003 0.870000 0.019000
v -0.091001 0.870000 0.019000
v -0.506999 1.280000 0.015001
v -0.091004 1.280000 0.015001
v -0.506999 1.280000 0.005001
v -0.091004 1.280000 0.005001
v -0.506999 1.300000 0.015001
v -0.091004 1.300000 0.015001
v -0.506999 1.300000 0.005001
v -0.091004 1.300000 0.005001
v -0.506999 1.290000 0.019001
v -0.091004 1.290000 0.019001
v -0.577963 1.689965 0.020000
v -0.578002 0.022000 0.020000
v -0.020002 0.022000 0.020000
v -0.000001 0.002000 -0.000000
v -0.598002 0.002000 -0.000000
v -0.597966 1.709965 0.000001
v -0.091001 0.093000 0.000000
v -0.100001 0.102000 0.009000
v -0.100001 0.102000 0.011000
v -0.091002 0.093000 0.020000
v -0.507002 0.093000 0.020000
v -0.498002 0.102000 0.011000
v -0.498002 0.102000 0.009000
v -0.507002 0.093000 -0.000000
v -0.299002 1.619177 0.000000
v -0.299002 1.610000 0.009000
v -0.091002 1.411887 0.000000
v -0.100002 1.411000 0.009000
v -0.222848 1.594852 0.009000
v -0.219336 1.603330 0.000000
v -0.158287 1.551714 0.009000
v -0.151799 1.558203 0.000000
v -0.115150 1.487154 0.009000
v -0.106672 1.490666 0.000000
v -0.091002 1.411887 0.020000
v -0.100002 1.411000 0.011000
v -0.299002 1.619177 0.020000
v -0.299002 1.610000 0.011000
v -0.115150 1.487154 0.011000
v -0.106672 1.490666 0.020000
v -0.158287 1.551714 0.011000
v -0.151799 1.558203 0.020000
v -0.222848 1.594852 0.011000
v -0.219336 1.603330 0.020000
v -0.507002 1.411887 0.020000
v -0.498002 1.411000 0.011000
v -0.378668 1.603330 0.020000
v -0.375156 1.594852 0.011000
v -0.439716 1.551714 0.011000
v -0.446205 1.558203 0.020000
v -0.482854 1.487154 0.011000
v -0.491332 1.490666 0.020000
v -0.507002 1.411887 0.000000
v -0.498002 1.411000 0.009000
v -0.482854 1.487154 0.009000
v -0.491332 1.490666 0.000000
v -0.439716 1.551714 0.009000
v -0.446205 1.558203 0.000000
v -0.378667 1.603330 0.000000
v -0.375156 1.594852 0.009000
v -0.558240 0.671800 0.040432
v -0.560262 0.645900 0.051146
v -0.556684 0.689626 0.024861
v -0.540050 0.671800 0.040432
v -0.538220 0.645900 0.051146
v -0.541607 0.689621 0.024861
v -0.558240 0.568205 0.040435
v -0.560262 0.594105 0.051149
v -0.556683 0.550379 0.024863
v -0.540050 0.568205 0.040435
v -0.538220 0.594105 0.051149
v -0.541606 0.550378 0.024863
v -0.558240 0.671800 0.035575
v -0.560262 0.645900 0.046289
v -0.556684 0.689626 0.020004
v -0.540050 0.671800 0.035575
v -0.538220 0.645900 0.046289
v -0.541607 0.689621 0.020004
v -0.558240 0.568205 0.035577
v -0.560262 0.594105 0.046292
v -0.556683 0.550379 0.020006
v -0.540050 0.568205 0.035577
v -0.538220 0.594105 0.046292
v -0.541606 0.550378 0.020006
v -0.549148 0.671800 0.047575
v -0.549245 0.645900 0.058289
v -0.549148 0.689623 0.024861
v -0.549145 0.568205 0.047577
v -0.549241 0.594105 0.058292
v -0.549145 0.550378 0.024863
v -0.554399 0.708197 0.024861
v -0.543893 0.708192 0.024861
v -0.554399 0.708197 0.020004
v -0.543893 0.708192 0.020004
v -0.543892 0.531807 0.024863
v -0.543892 0.531807 0.020006
v -0.539036 0.699621 0.024861
v -0.549148 0.699623 0.024861
v -0.559256 0.699626 0.024861
v -0.539036 0.699621 0.020004
v -0.559256 0.699626 0.020004
v -0.539035 0.540378 0.024863
v -0.539035 0.540378 0.020006
v -0.549145 0.540378 0.024863
v -0.549146 0.709623 0.024861
v -0.549145 0.530378 0.020006
v -0.549145 0.530378 0.024863
v -0.554090 0.540506 0.024636
v -0.553123 0.540507 0.027975
v -0.551671 0.536316 0.024636
v -0.551188 0.537154 0.027975
v -0.546833 0.536316 0.024636
v -0.547317 0.537154 0.027975
v -0.544414 0.540506 0.024636
v -0.545382 0.540507 0.027975
v -0.546833 0.544696 0.024636
v -0.547317 0.543859 0.027975
v -0.551671 0.544696 0.024636
v -0.551188 0.543859 0.027975
v -0.566090 0.706506 0.024636
v -0.565123 0.706507 0.027975
v -0.563671 0.702316 0.024636
v -0.563188 0.703154 0.027975
v -0.558833 0.702316 0.024636
v -0.559317 0.703154 0.027975
v -0.556414 0.706506 0.024636
v -0.557382 0.706507 0.027975
v -0.558833 0.710696 0.024636
v -0.559317 0.709859 0.027975
v -0.563671 0.710696 0.024636
v -0.563188 0.709859 0.027975
v -0.549146 0.709624 0.020002
v -0.535193 0.713123 0.024861
v -0.535193 0.713123 0.020004
v -0.530336 0.704551 0.024861
v -0.530336 0.704551 0.020004
v -0.563099 0.713127 0.024861
v -0.563099 0.713127 0.020004
v -0.567956 0.704556 0.020004
v -0.567956 0.704556 0.024861
v -0.541022 0.713268 0.024861
v -0.533207 0.699476 0.024861
v -0.533207 0.699476 0.020004
v -0.541022 0.713268 0.020004
v -0.557270 0.713272 0.020004
v -0.565085 0.699481 0.020004
v -0.565085 0.699481 0.024861
v -0.557270 0.713272 0.024861
v -0.554398 0.531807 0.020006
v -0.559255 0.540379 0.024863
v -0.554398 0.531807 0.024863
v -0.559255 0.540379 0.020006
v -0.563098 0.526877 0.020006
v -0.563098 0.526877 0.024863
v -0.567955 0.535448 0.020006
v -0.567955 0.535448 0.024863
v -0.535192 0.526876 0.020006
v -0.535192 0.526876 0.024863
v -0.530335 0.535448 0.024863
v -0.530335 0.535448 0.020006
v -0.565084 0.540524 0.020006
v -0.557269 0.526732 0.020006
v -0.557269 0.526732 0.024863
v -0.565084 0.540524 0.024863
v -0.541021 0.526731 0.024863
v -0.541021 0.526731 0.020006
v -0.533206 0.540523 0.024863
v -0.533206 0.540523 0.020006
v -0.551188 0.702859 0.027975
v -0.551671 0.703696 0.024636
v -0.547317 0.702859 0.027975
v -0.546833 0.703696 0.024636
v -0.545382 0.699507 0.027975
v -0.544414 0.699506 0.024636
v -0.547317 0.696154 0.027975
v -0.546833 0.695316 0.024636
v -0.551188 0.696154 0.027975
v -0.551671 0.695316 0.024636
v -0.553123 0.699507 0.027975
v -0.554090 0.699506 0.024636
v -0.566091 0.533507 0.024636
v -0.565123 0.533507 0.027975
v -0.563671 0.529316 0.024636
v -0.563188 0.530155 0.027975
v -0.558833 0.529316 0.024636
v -0.559317 0.530155 0.027975
v -0.556414 0.533507 0.024636
v -0.557382 0.533507 0.027975
v -0.558833 0.537697 0.024636
v -0.559317 0.536859 0.027975
v -0.563671 0.537697 0.024636
v -0.563188 0.536859 0.027975
v -0.542090 0.533506 0.024636
v -0.541123 0.533506 0.027975
v -0.539671 0.529315 0.024636
v -0.539188 0.530154 0.027975
v -0.534833 0.529316 0.024636
v -0.535317 0.530154 0.027975
v -0.532414 0.533506 0.024636
v -0.533382 0.533506 0.027975
v -0.534833 0.537696 0.024636
v -0.535317 0.536858 0.027975
v -0.539671 0.537696 0.024636
v -0.539188 0.536858 0.027975
v -0.542090 0.706506 0.024636
v -0.541123 0.706507 0.027975
v -0.539671 0.702316 0.024636
v -0.539188 0.703154 0.027975
v -0.534833 0.702316 0.024636
v -0.535317 0.703154 0.027975
v -0.532414 0.706506 0.024636
v -0.533382 0.706507 0.027975
v -0.534833 0.710696 0.024636
v -0.535317 0.709859 0.027975
v -0.539671 0.710696 0.024636
v -0.539188 0.709859 0.027975
v -0.531024 0.709823 0.024861
v -0.531024 0.709823 0.020004
v -0.567268 0.709828 0.020004
v -0.567268 0.709828 0.024861
v -0.567266 0.530177 0.020006
v -0.567266 0.530177 0.024863
v -0.531023 0.530176 0.024863
v -0.531023 0.530176 0.020006
vn -0.0000 1.0000 -0.0018
vn 1.0000 -0.0000 -0.0002
vn -1.0000 0.0006 -0.0014
vn -1.0000 -0.0006 -0.0014
vn -0.0000 -1.0000 -0.0000
vn -0.1181 -0.0000 0.9930
vn -0.0000 -0.0000 1.0000
vn 0.1181 -0.0000 0.9930
vn -0.0000 -0.1181 0.9930
vn -0.0000 0.1181 0.9930
vn -0.6226 -0.0000 0.7826
vn -0.6222 -0.0000 0.7828
vn -0.8969 -0.0000 0.4422
vn 0.8976 -0.0000 0.4408
vn 0.6230 -0.0000 0.7822
vn 0.6230 -0.0000 0.7823
vn -0.0000 -0.8977 0.4405
vn -0.0000 -0.6231 0.7822
vn -0.0000 -0.6230 0.7822
vn -0.0000 0.6222 0.7829
vn -0.0000 0.6225 0.7826
vn -0.0000 0.8968 0.4424
vn -0.0000 -0.0000 -1.0000
vn 1.0000 -0.0000 -0.0000
vn -1.0000 -0.0000 -0.0000
vn 0.3714 -0.0000 0.9285
vn -0.3714 -0.0000 0.9285
vn -0.0000 1.0000 -0.0000
vn -0.0000 -0.3714 0.9285
vn -0.0000 0.3714 0.9285
vn -0.3827 -0.9239 -0.0000
vn -0.9952 -0.0980 -0.0000
vn 0.9952 -0.0980 -0.0000
vn 0.7071 -0.7071 -0.0000
vn 0.3827 -0.9239 -0.0000
vn 0.9239 -0.3827 -0.0000
vn -0.9239 -0.3827 -0.0000
vn -0.7071 -0.7071 -0.0000
vn -0.0000 0.7071 -0.7071
vn -0.0000 0.7071 0.7071
vn -0.0000 -0.7002 -0.7139
vn -0.2680 -0.6469 -0.7139
vn -0.4951 -0.4951 -0.7139
vn -0.6469 -0.2680 -0.7139
vn -0.7020 -0.0691 -0.7088
vn -0.7020 -0.0691 0.7088
vn -0.6469 -0.2680 0.7139
vn -0.4951 -0.4951 0.7139
vn -0.2680 -0.6469 0.7139
vn -0.0000 -0.7002 0.7139
vn 0.2680 -0.6469 0.7139
vn 0.4951 -0.4951 0.7139
vn 0.6469 -0.2680 0.7139
vn 0.7020 -0.0691 0.7088
vn 0.7020 -0.0691 -0.7088
vn 0.6469 -0.2680 -0.7139
vn 0.4951 -0.4951 -0.7139
vn 0.2680 -0.6469 -0.7139
vn -0.7071 -0.0000 -0.7071
vn -0.7071 -0.0000 0.7071
vn 0.7071 -0.0000 0.7071
vn 0.7071 -0.0000 -0.7071
vn -0.4581 0.4890 0.7423
vn -0.4008 0.5696 0.7175
vn -0.5528 0.1801 0.8137
vn -0.5527 0.1602 0.8178
vn -0.0000 -0.1908 -0.9816
vn -0.0000 0.1907 -0.9816
vn -0.0000 0.1903 -0.9817
vn -0.0000 -0.1903 -0.9817
vn -0.4580 -0.4890 0.7424
vn -0.5526 -0.1602 0.8179
vn -0.5527 -0.1801 0.8137
vn -0.4008 -0.5696 0.7176
vn 0.1533 -0.3902 0.9079
vn 0.1450 -0.3691 0.9180
vn 0.4010 -0.5687 0.7182
vn 0.4588 -0.4866 0.7434
vn -0.0000 0.6579 -0.7531
vn -0.0000 0.5209 -0.8536
vn -0.0000 0.5212 -0.8534
vn 0.9992 -0.0392 -0.0000
vn 0.9992 0.0392 -0.0000
vn 0.9995 0.0302 -0.0000
vn 0.9995 -0.0302 -0.0000
vn 0.9987 -0.0505 -0.0000
vn 0.9971 0.0755 -0.0000
vn 0.9967 0.0814 -0.0000
vn 0.9912 -0.1323 -0.0000
vn 0.9971 -0.0755 -0.0000
vn 0.9987 0.0505 -0.0000
vn 0.9912 0.1324 -0.0000
vn 0.9967 -0.0814 -0.0000
vn -0.9994 -0.0334 -0.0000
vn -0.9994 0.0334 -0.0000
vn -0.9991 0.0433 -0.0000
vn -0.9991 -0.0433 -0.0000
vn -0.9967 0.0806 -0.0000
vn -0.9965 0.0838 -0.0000
vn -0.9967 -0.0806 -0.0000
vn -0.9965 -0.0839 -0.0000
vn 0.5528 -0.1784 0.8140
vn 0.5527 0.1785 0.8140
vn 0.5526 0.1582 0.8183
vn 0.5527 -0.1581 0.8183
vn -0.9987 -0.0506 -0.0000
vn -0.9912 -0.1324 -0.0000
vn -0.9987 0.0505 -0.0000
vn -0.9912 0.1324 -0.0000
vn -0.0000 -0.5212 -0.8534
vn -0.0000 -0.5210 -0.8536
vn -0.1534 0.3903 0.9078
vn -0.1450 0.3690 0.9180
vn 0.1451 0.3692 0.9179
vn 0.1533 0.3902 0.9079
vn 0.4587 0.4867 0.7435
vn 0.4009 0.5687 0.7182
vn -0.1451 -0.3691 0.9180
vn -0.1534 -0.3902 0.9079
vn -0.4930 -0.8700 -0.0000
vn 0.3403 -0.9403 -0.0000
vn -0.0001 -0.6579 -0.7531
vn -0.9685 -0.2490 -0.0000
vn 0.9685 -0.2490 -0.0000
vn -0.9685 0.2490 -0.0000
vn 0.9685 0.2490 -0.0000
vn -0.0001 -1.0000 -0.0000
vn -0.2625 -0.9649 -0.0000
vn 0.2624 -0.9650 -0.0000
vn 0.8400 0.4849 0.2435
vn -0.8400 0.4850 0.2433
vn -0.8400 -0.4849 0.2435
vn -0.0000 -0.9699 0.2436
vn -0.0000 0.9699 0.2433
vn 0.8399 -0.4849 0.2436
vn -0.2620 0.9651 -0.0000
vn 0.0004 1.0000 -0.0000
vn 0.2629 0.9648 -0.0000
vn 0.8700 0.4930 -0.0000
vn 0.3403 0.9403 -0.0000
vn -0.4930 0.8700 -0.0000
vn 0.4930 -0.8700 -0.0000
vn 0.9815 -0.1913 -0.0000
vn -0.8700 0.4930 -0.0000
vn -0.3403 0.9403 -0.0000
vn 0.4930 0.8700 -0.0000
vn -0.9815 -0.1913 -0.0000
vn -0.0249 -0.9997 -0.0000
vn -0.8704 0.4924 -0.0000
vn 0.0249 -0.9997 -0.0000
vn 0.8704 0.4924 -0.0000
vn -0.8700 -0.4930 -0.0000
vn -0.3403 -0.9403 -0.0000
vn -0.9815 0.1913 -0.0000
vn 0.8700 -0.4930 -0.0000
vn 0.9815 0.1913 -0.0000
vn 0.0249 0.9997 -0.0000
vn 0.8704 -0.4924 -0.0000
vn -0.0249 0.9997 -0.0000
vn -0.8704 -0.4924 -0.0000
vn -0.8400 -0.4850 0.2435
vn 0.8400 0.4849 0.2434
vn 0.8400 0.4850 0.2434
vn -0.8400 0.4850 0.2434
vt 0.730859 -0.037370
vt 0.730859 -0.044317
vt 0.315453 -0.044317
vt 0.315431 -0.037370
vt 1.086539 -0.037370
vt -0.100000 -0.037370
vt -0.100000 -0.030423
vt 1.086539 -0.030423
vt -0.100000 -0.023476
vt 1.086539 -0.023476
vt 1.086515 -0.030423
vt -0.100000 -0.030423
vt 0.315431 -0.044317
vt -0.099997 -0.044317
vt -0.100000 -0.037370
vt 0.315428 -0.037370
vt -0.092916 0.404184
vt 1.092927 0.403781
vt 1.100000 0.396707
vt -0.100000 0.397117
vt 1.092909 0.815508
vt -0.092907 0.814483
vt -0.099972 0.821541
vt 1.100000 0.822591
vt -0.087889 0.409193
vt 1.087913 0.408793
vt -0.084078 0.412976
vt 1.084097 0.412593
vt 1.084058 0.806698
vt -0.084108 0.805703
vt -0.087899 0.809482
vt 1.087875 0.810488
vt 1.039999 0.107857
vt -0.037144 0.107857
vt -0.037143 0.392143
vt 1.039999 0.392143
vt -0.251986 0.496667
vt -0.251986 0.490000
vt 0.762785 0.490000
vt 0.762785 0.496667
vt -0.251986 0.500000
vt -0.251985 0.486667
vt 0.762786 0.486667
vt 0.762785 0.500000
vt -0.251986 0.490000
vt -0.251986 0.496667
vt -0.251985 0.493333
vt -0.251985 0.500000
vt 0.762785 0.500000
vt 0.762785 0.493333
vt -0.251985 0.486667
vt 0.762785 0.486667
vt -0.255999 0.496667
vt -0.255999 0.490000
vt 0.021336 0.490000
vt 0.021336 0.496667
vt -0.255999 0.500000
vt -0.255999 0.486667
vt 0.021336 0.486667
vt 0.021336 0.500000
vt -0.255999 0.490000
vt -0.255999 0.496667
vt 0.021336 0.496667
vt 0.021336 0.490000
vt -0.255999 0.493333
vt -0.255999 0.500000
vt 0.021336 0.500000
vt 0.021336 0.493333
vt -0.255999 0.486666
vt 0.021336 0.486667
vt -0.255999 0.496667
vt -0.255999 0.490000
vt 0.021336 0.490000
vt 0.021336 0.496667
vt 0.494002 0.614791
vt 0.494002 0.601457
vt 0.771336 0.601458
vt 0.771336 0.614792
vt -0.255999 0.490000
vt -0.255999 0.496667
vt 0.021336 0.496667
vt 0.021336 0.490000
vt 0.494000 0.648584
vt 0.494000 0.655254
vt 0.771335 0.655253
vt 0.771334 0.648583
vt 0.494001 0.641910
vt 0.771333 0.641911
vt -0.255997 0.496667
vt -0.255997 0.490000
vt 0.021333 0.490000
vt 0.021333 0.496667
vt 0.494005 0.584793
vt 0.494005 0.571459
vt 0.771334 0.571458
vt 0.771334 0.584792
vt -0.255997 0.490000
vt -0.255997 0.496667
vt 0.021333 0.496667
vt 0.021333 0.490000
vt 0.493996 0.532189
vt 0.493999 0.538901
vt 0.771328 0.538899
vt 0.771323 0.532187
vt 0.493993 0.525471
vt 0.771318 0.525473
vt -0.034167 0.462806
vt -0.034200 0.755894
vt 0.888869 0.757016
vt 0.888924 0.462157
vt 0.944063 0.473423
vt 0.991485 0.505405
vt 1.023240 0.553201
vt 1.034357 0.609596
vt 1.023188 0.666032
vt 0.991423 0.713822
vt 0.944005 0.745781
vt -0.046060 -0.047112
vt -0.100000 -0.047114
vt -0.100000 -0.045724
vt -0.046060 -0.045723
vt -0.036344 0.040965
vt -0.100000 -0.022578
vt -0.099955 0.396252
vt -0.036309 0.332682
vt 0.115761 -0.047105
vt 0.115761 -0.045716
vt 1.025116 -0.045724
vt 1.025116 -0.047114
vt 1.025116 -0.044326
vt 1.025116 -0.045716
vt 0.115762 -0.045706
vt 0.115761 -0.044317
vt 0.007881 -0.045709
vt -0.046059 -0.045712
vt -0.046059 -0.044322
vt 0.007881 -0.044320
vt 0.061822 -0.045707
vt 0.061821 -0.044318
vt 0.061821 -0.047107
vt 0.061821 -0.045717
vt 0.007881 -0.047109
vt 0.007881 -0.045720
vt -0.100000 -0.045716
vt -0.100000 -0.044326
vt -0.028730 0.048514
vt -0.028690 0.325130
vt -0.026558 0.748309
vt -0.026508 0.470398
vt 1.018328 0.186678
vt 1.027217 0.186621
vt 1.016154 0.130510
vt 1.007928 0.133943
vt 0.984553 0.082954
vt 0.978270 0.089256
vt 0.937351 0.051132
vt 0.933892 0.059328
vt 0.882473 0.039932
vt 0.881395 0.048598
vt 0.887793 0.748309
vt 0.940541 0.737541
vt 0.985113 0.707480
vt 1.014908 0.662587
vt 1.025412 0.609475
vt 1.014973 0.556650
vt 0.985174 0.511739
vt 0.940589 0.481657
vt 0.887849 0.470864
vt 0.881433 0.324743
vt 0.882503 0.333405
vt 0.937372 0.322189
vt 0.933921 0.313993
vt 0.984545 0.290355
vt 0.978262 0.284050
vt 1.016128 0.242784
vt 1.007888 0.239361
vt 1.025417 0.609649
vt 1.018320 0.186504
vt 1.090711 0.396707
vt 1.090711 -0.023476
vt -0.100000 -0.047114
vt 0.176489 -0.047114
vt 0.176489 -0.048503
vt -0.100000 -0.048503
vt 0.761821 0.199509
vt 0.751039 0.195161
vt 0.744546 0.228267
vt 0.757722 0.227393
vt 0.860639 0.197541
vt 0.860639 0.249555
vt 0.882774 0.249555
vt 0.882774 0.197541
vt 0.768927 0.306466
vt 0.761176 0.279370
vt 0.747997 0.280245
vt 0.758812 0.312202
vt 0.783971 0.331384
vt 0.790569 0.327619
vt 0.780543 0.306053
vt 0.864040 0.301471
vt 0.879180 0.301471
vt 0.880743 0.277702
vt 0.862476 0.277702
vt 0.834241 0.291614
vt 0.834243 0.239600
vt 0.829365 0.239601
vt 0.829363 0.291614
vt 0.855761 0.195561
vt 0.840124 0.213526
vt 0.845002 0.213526
vt 0.860638 0.195561
vt 0.840123 0.317688
vt 0.855761 0.335658
vt 0.860638 0.335658
vt 0.845001 0.317688
vt 0.798088 0.239618
vt 0.798089 0.291632
vt 0.802967 0.291632
vt 0.802965 0.239618
vt 0.808848 0.317720
vt 0.813726 0.317720
vt 0.808847 0.213530
vt 0.813725 0.213530
vt 0.774354 0.278497
vt 0.770904 0.226516
vt 0.824485 0.335690
vt 0.829363 0.335690
vt 0.824485 0.195561
vt 0.829363 0.195561
vt 0.862476 0.169394
vt 0.880743 0.169394
vt 0.773438 0.172817
vt 0.766550 0.169616
vt 0.780478 0.175680
vt 0.773394 0.198382
vt 0.777566 0.335467
vt 0.780583 0.345291
vt 0.789149 0.350067
vt 0.789193 0.340037
vt 0.797855 0.334868
vt 0.798088 0.344674
vt 0.792016 0.169957
vt 0.796641 0.166447
vt 0.798088 0.161354
vt 0.795575 0.156695
vt 0.790301 0.154266
vt 0.860639 0.374271
vt 0.860639 0.368416
vt 0.855761 0.368416
vt 0.855761 0.374271
vt 0.879181 0.145625
vt 0.864041 0.145629
vt 0.824485 0.346059
vt 0.829363 0.346059
vt 0.860638 0.185192
vt 0.855761 0.185192
vt 0.777470 0.163547
vt 0.768241 0.159476
vt 0.786742 0.167529
vt 0.829363 0.185192
vt 0.824485 0.185192
vt 0.855761 0.346027
vt 0.860638 0.346027
vt 0.824486 0.145625
vt 0.824486 0.151092
vt 0.829363 0.151092
vt 0.829363 0.145625
vt 0.785676 0.157777
vt 0.776103 0.153606
vt 0.781453 0.154396
vt 0.794348 0.348580
vt 0.855761 0.380127
vt 0.855761 0.385593
vt 0.860639 0.385593
vt 0.860639 0.380127
vt 0.944521 0.267653
vt 0.944580 0.267690
vt 0.944630 0.267630
vt 0.944584 0.267578
vt 0.944538 0.267838
vt 0.944549 0.267761
vt 0.944482 0.267742
vt 0.944468 0.267838
vt 0.944765 0.268136
vt 0.944698 0.268097
vt 0.944630 0.268136
vt 0.944630 0.268214
vt 0.944698 0.268253
vt 0.944765 0.268214
vt 0.944482 0.267934
vt 0.944549 0.267915
vt 0.944521 0.268023
vt 0.944580 0.267986
vt 0.944584 0.268097
vt 0.944630 0.268045
vt 0.944683 0.267134
vt 0.944743 0.267171
vt 0.944793 0.267111
vt 0.944746 0.267059
vt 0.944700 0.267319
vt 0.944711 0.267242
vt 0.944644 0.267223
vt 0.944630 0.267319
vt 0.944765 0.266890
vt 0.944698 0.266852
vt 0.944630 0.266890
vt 0.944630 0.266968
vt 0.944698 0.267007
vt 0.944765 0.266968
vt 0.944644 0.267415
vt 0.944711 0.267396
vt 0.944683 0.267504
vt 0.944743 0.267467
vt 0.944746 0.267578
vt 0.944793 0.267526
vt 0.829362 0.380159
vt 0.824484 0.380159
vt 0.824484 0.385625
vt 0.829363 0.385625
vt 0.855760 0.151092
vt 0.860638 0.151092
vt 0.860639 0.145625
vt 0.855760 0.145625
vt 0.855760 0.168142
vt 0.860638 0.168142
vt 0.860638 0.162803
vt 0.855760 0.162803
vt 0.855760 0.156948
vt 0.860638 0.156948
vt 0.860638 0.179337
vt 0.860638 0.173481
vt 0.855760 0.173481
vt 0.855761 0.179337
vt 0.829362 0.363109
vt 0.824485 0.363109
vt 0.824485 0.368448
vt 0.829362 0.368448
vt 0.775518 0.147828
vt 0.770144 0.145625
vt 0.765022 0.146964
vt 0.762282 0.151496
vt 0.762868 0.157273
vt 0.829362 0.374303
vt 0.824484 0.374303
vt 0.824485 0.351914
vt 0.824485 0.357770
vt 0.829362 0.357770
vt 0.829363 0.351914
vt 0.824485 0.168142
vt 0.829363 0.168142
vt 0.829363 0.162803
vt 0.824485 0.162803
vt 0.882774 0.286290
vt 0.887941 0.289046
vt 0.893216 0.288223
vt 0.896424 0.283956
vt 0.896424 0.278100
vt 0.824485 0.156947
vt 0.829363 0.156947
vt 0.829363 0.179336
vt 0.829363 0.173481
vt 0.824485 0.173481
vt 0.824485 0.179336
vt 0.860639 0.363077
vt 0.855761 0.363077
vt 0.882774 0.291802
vt 0.882774 0.297657
vt 0.885982 0.301924
vt 0.891258 0.302747
vt 0.896424 0.299992
vt 0.855761 0.351882
vt 0.855761 0.357738
vt 0.860639 0.357738
vt 0.860638 0.351882
vt 0.882774 0.280435
vt 0.891258 0.275345
vt 0.896424 0.294136
vt 0.944584 0.268616
vt 0.944630 0.268564
vt 0.944580 0.268505
vt 0.944521 0.268542
vt 0.944549 0.268280
vt 0.944580 0.268209
vt 0.944521 0.268172
vt 0.944482 0.268260
vt 0.944549 0.268434
vt 0.944482 0.268453
vt 0.944538 0.268357
vt 0.944468 0.268357
vt 0.944630 0.266657
vt 0.944698 0.266696
vt 0.944765 0.266657
vt 0.944765 0.266579
vt 0.944698 0.266541
vt 0.944630 0.266579
vt 0.944630 0.268149
vt 0.944521 0.267134
vt 0.944580 0.267171
vt 0.944630 0.267111
vt 0.944584 0.267059
vt 0.944538 0.267319
vt 0.944549 0.267242
vt 0.944482 0.267223
vt 0.944468 0.267319
vt 0.944765 0.267981
vt 0.944698 0.267942
vt 0.944630 0.267981
vt 0.944630 0.268058
vt 0.944765 0.268058
vt 0.944482 0.267415
vt 0.944549 0.267396
vt 0.944521 0.267504
vt 0.944580 0.267467
vt 0.944630 0.267526
vt 0.944521 0.266615
vt 0.944580 0.266652
vt 0.944630 0.266592
vt 0.944584 0.266541
vt 0.944538 0.266800
vt 0.944549 0.266723
vt 0.944482 0.266704
vt 0.944468 0.266800
vt 0.944765 0.266735
vt 0.944630 0.266735
vt 0.944630 0.266813
vt 0.944765 0.266813
vt 0.944482 0.266896
vt 0.944549 0.266877
vt 0.944521 0.266985
vt 0.944580 0.266948
vt 0.944630 0.267008
vt 0.944521 0.268690
vt 0.944580 0.268728
vt 0.944630 0.268668
vt 0.944538 0.268876
vt 0.944549 0.268799
vt 0.944482 0.268779
vt 0.944468 0.268876
vt 0.944765 0.267617
vt 0.944698 0.267578
vt 0.944630 0.267617
vt 0.944630 0.267695
vt 0.944698 0.267734
vt 0.944765 0.267695
vt 0.944482 0.268972
vt 0.944549 0.268952
vt 0.944521 0.269061
vt 0.944580 0.269024
vt 0.944584 0.269135
vt 0.944630 0.269083
s 1
usemtl wood_6
f 667/1149/332 678/1150/332 732/1151/332 665/1152/332
f 730/1153/333 678/1154/333 667/1155/333 668/1156/333
f 666/1157/334 665/1158/335 732/1159/334 731/1160/335
f 731/1161/336 730/1162/336 668/1163/336 666/1164/336
f 671/1165/337 669/1166/337 665/1167/338 666/1168/338
f 673/1169/339 676/1170/339 668/1171/338 667/1172/338
f 676/1170/340 671/1165/340 666/1168/338 668/1171/338
f 669/1166/341 673/1169/341 667/1172/338 665/1167/338
f 669/1166/337 671/1165/337 672/1173/342 670/1174/343
f 670/1174/343 672/1173/342 728/1175/344 727/1176/344
f 674/1177/345 729/1178/345 677/1179/346 675/1180/347
f 675/1180/347 677/1179/346 676/1170/339 673/1169/339
f 729/1178/348 728/1175/348 672/1173/349 677/1179/350
f 677/1179/350 672/1173/349 671/1165/340 676/1170/340
f 673/1169/341 669/1166/341 670/1174/351 675/1180/352
f 675/1180/352 670/1174/351 727/1176/353 674/1177/353
s 0
f 681/1181/354 682/1182/354 680/1183/354 679/1184/354
f 685/1181/338 683/1184/338 684/1183/338 686/1182/338
s 1
f 687/1185/355 689/1186/355 690/1187/355 688/1188/355
f 689/1189/354 693/1190/354 694/1191/354 690/1192/354
f 693/1193/356 691/1194/356 692/1188/356 694/1187/356
f 695/1195/357 687/1196/357 688/1197/357 696/1198/357
f 691/1199/358 695/1195/358 696/1198/358 692/1200/358
f 697/1201/336 699/1202/336 700/1203/336 698/1204/336
f 699/1205/354 703/1206/354 704/1207/354 700/1208/354
f 703/1209/359 701/1210/359 702/1211/359 704/1212/359
f 705/1213/360 697/1214/360 698/1215/360 706/1216/360
f 701/1217/361 705/1213/361 706/1216/361 702/1218/361
f 707/1219/336 709/1220/336 710/1221/336 708/1222/336
f 709/1223/354 713/1224/354 714/1225/354 710/1226/354
f 713/1227/359 711/1228/359 712/1229/359 714/1230/359
f 715/1231/360 707/1232/360 708/1233/360 716/1234/360
f 711/1235/361 715/1231/361 716/1234/361 712/1236/361
f 717/1237/336 719/1238/336 720/1239/336 718/1240/336
f 719/1241/354 723/1242/354 724/1243/354 720/1244/354
f 723/1245/359 721/1246/359 722/1247/359 724/1248/359
f 725/1249/360 717/1250/360 718/1251/360 726/1252/360
f 721/1253/361 725/1249/361 726/1252/361 722/1254/361
f 737/1255/338 728/1175/338 729/1178/338 736/1256/338
f 751/1257/338 736/1256/338 729/1178/338 674/1177/338 727/1176/338 728/1175/338 737/1255/338 761/1258/338 768/1259/338 766/1260/338 763/1261/338 753/1262/338 760/1263/338 758/1264/338 756/1265/338
f 759/1266/362 754/1267/336 742/1268/336 745/1269/362
f 733/1270/354 730/1271/354 731/1272/354 740/1273/354
f 752/1274/363 744/1275/363 734/1276/356 735/1277/356
f 738/1278/355 739/1279/355 770/1280/364 762/1281/364
f 773/1282/365 776/1283/366 764/1284/366 765/1285/365
f 771/1286/367 773/1282/365 765/1285/365 767/1287/367
f 752/1274/363 755/1288/368 749/1289/368 744/1275/363
f 757/1290/369 759/1266/362 745/1269/362 747/1291/369
f 770/1280/364 771/1286/367 767/1287/367 762/1281/364
f 755/1288/368 757/1290/369 747/1291/369 749/1289/368
f 776/1283/366 742/1292/336 754/1293/336 764/1284/366
f 734/1294/370 733/1270/370 740/1273/370 739/1295/370
f 735/1296/371 738/1297/371 737/1255/371 736/1256/371
f 742/1298/372 741/1299/372 746/1300/373 745/1301/373
f 745/1301/373 746/1300/373 748/1302/374 747/1303/374
f 747/1303/374 748/1302/374 750/1304/375 749/1305/375
f 749/1305/375 750/1304/375 743/1306/376 744/1307/376
f 752/1308/377 751/1257/377 756/1265/378 755/1309/378
f 755/1309/378 756/1265/378 758/1264/379 757/1310/379
f 757/1310/379 758/1264/379 760/1263/380 759/1311/380
f 759/1311/380 760/1263/380 753/1262/381 754/1312/381
f 764/1313/382 763/1261/382 766/1260/383 765/1314/383
f 765/1314/383 766/1260/383 768/1259/384 767/1315/384
f 767/1315/384 768/1259/384 761/1258/385 762/1316/385
f 770/1317/386 769/1318/386 772/1319/387 771/1320/387
f 771/1320/387 772/1319/387 774/1321/388 773/1322/388
f 773/1322/388 774/1321/388 775/1323/389 776/1324/389
f 744/1307/376 743/1306/376 733/1270/390 734/1294/390
f 751/1257/377 752/1308/377 735/1296/391 736/1256/391
f 737/1255/392 738/1297/392 762/1316/385 761/1258/385
f 769/1318/386 770/1317/386 739/1295/393 740/1273/393
f 754/1325/381 753/1262/381 763/1261/382 764/1313/382
f 776/1324/389 775/1323/389 741/1299/372 742/1326/372
f 769/1318/354 740/1273/354 731/1272/354 732/1327/354 678/1328/354 730/1271/354 733/1270/354 743/1306/354 750/1304/354 748/1302/354 746/1300/354 741/1299/354 775/1323/354 774/1321/354 772/1319/354
f 734/1329/359 739/1330/359 738/1331/359 735/1332/359
usemtl metal_6
f 801/1333/394 777/1334/395 778/1335/396 802/1336/397
f 793/1337/398 799/1338/399 796/1339/400 790/1340/401
f 804/1341/402 805/1342/403 784/1343/404 783/1344/405
f 806/1345/406 788/1346/407 786/1347/408 804/1341/409
f 800/1348/410 797/1349/410 795/1350/411 798/1351/412
f 799/1352/413 793/1353/414 781/1354/415 787/1355/416
f 782/1356/417 780/1357/418 792/1358/419 794/1359/420
f 786/1360/421 788/1361/422 800/1362/423 798/1363/424
f 780/1357/418 781/1354/415 793/1353/414 792/1358/419
f 787/1355/416 786/1360/421 798/1363/424 799/1352/413
f 784/1364/425 778/1365/426 790/1366/427 796/1367/428
f 778/1365/426 777/1368/429 789/1369/430 790/1366/427
f 783/1370/431 784/1364/425 796/1367/428 795/1371/432
f 787/1372/433 781/1373/434 802/1336/435 805/1342/436
f 777/1368/429 779/1374/437 791/1375/438 789/1369/430
f 785/1376/439 783/1370/431 795/1371/432 797/1377/440
f 798/1351/412 795/1350/411 796/1339/400 799/1338/399
f 792/1378/441 793/1337/398 790/1340/401 789/1379/442
f 803/1380/443 779/1381/444 777/1334/395 801/1333/394
f 782/1382/445 803/1380/446 801/1333/447 780/1383/448
f 780/1383/448 801/1333/447 802/1336/435 781/1373/434
f 785/1384/449 806/1345/450 804/1341/402 783/1344/405
f 786/1347/408 787/1372/433 805/1342/436 804/1341/409
f 866/1385/338 867/1386/338 820/1387/338
f 818/1388/338 820/1387/338 811/1389/338
f 858/1390/338 851/1391/338 933/1392/338 849/1393/338 857/1394/338
f 882/1395/451 873/1396/452 874/1397/452 881/1398/451
f 791/1399/453 794/1400/453 792/1378/441 789/1379/442
f 791/1375/438 779/1374/437 815/1401/454 817/1402/454
f 782/1356/417 794/1359/420 816/1403/455 813/1404/455
f 779/1381/444 803/1380/443 814/1405/338 815/1406/338
f 803/1380/446 782/1382/445 813/1407/338 814/1405/338
f 806/1345/450 785/1384/449 866/1385/338 820/1387/338
f 788/1346/407 806/1345/406 820/1387/338 818/1388/338
f 785/1376/439 797/1377/440 868/1408/456 866/1409/456
f 800/1362/423 788/1361/422 818/1410/457 819/1411/457
f 823/1412/458 867/1413/459 865/1414/459 822/1415/458
f 813/1407/338 808/1416/338 814/1405/338
f 815/1406/338 814/1405/338 807/1417/338
f 821/1418/338 814/1405/338 808/1416/338
f 820/1387/338 823/1419/338 811/1389/338
f 811/1420/460 823/1421/458 822/1422/458 812/1423/460
f 867/1386/338 823/1419/338 820/1387/338
f 807/1417/338 814/1405/338 821/1418/338
f 805/1342/403 802/1336/397 778/1335/396 784/1343/404
f 832/1424/461 833/1425/461 831/1426/461 830/1427/461
f 825/1428/462 835/1429/462 834/1430/462 824/1431/462
f 829/1432/338 831/1433/338 833/1434/338 835/1435/338 825/1436/338 827/1437/338
f 826/1438/463 827/1439/463 825/1428/463 824/1431/463
f 828/1440/464 829/1441/464 827/1439/464 826/1438/464
f 835/1429/465 833/1425/465 832/1424/465 834/1430/465
f 830/1442/466 831/1443/466 829/1441/466 828/1440/466
f 844/1444/461 845/1445/461 843/1446/461 842/1447/461
f 837/1448/462 847/1449/462 846/1450/462 836/1451/462
f 841/1452/338 843/1453/338 845/1454/338 847/1455/338 837/1456/338 839/1457/338
f 838/1458/463 839/1459/463 837/1448/463 836/1451/463
f 840/1460/464 841/1461/464 839/1459/464 838/1458/464
f 847/1449/465 845/1445/465 844/1444/465 846/1450/465
f 842/1462/466 843/1463/466 841/1461/466 840/1460/466
f 809/1464/467 807/1465/467 821/1466/468 848/1467/468
f 808/1468/469 810/1469/469 848/1470/468 821/1471/468
f 933/1472/470 934/1473/470 850/1474/471 849/1475/471
f 857/1476/472 849/1475/471 850/1474/471 860/1477/472
f 859/1478/473 852/1479/474 851/1480/474 858/1481/473
f 935/1482/475 936/1483/475 853/1484/476 854/1485/476
f 864/1486/338 853/1487/338 936/1488/338 856/1489/338 863/1490/338
f 861/1491/477 854/1485/476 853/1484/476 864/1492/477
f 863/1493/451 856/1494/478 855/1495/478 862/1496/451
f 816/1403/479 859/1478/473 858/1481/473 813/1404/479
f 808/1468/480 857/1476/472 860/1477/472 810/1469/480
f 813/1407/338 858/1390/338 857/1394/338 808/1416/338
f 815/1401/481 863/1493/451 862/1496/451 817/1402/481
f 809/1464/482 861/1491/477 864/1492/477 807/1465/482
f 807/1417/338 864/1486/338 863/1490/338 815/1406/338
f 938/1497/483 937/1498/483 869/1499/484 870/1500/484
f 880/1501/338 872/1502/338 938/1503/338 870/1504/338 879/1505/338
f 879/1506/473 870/1500/484 869/1499/484 878/1507/473
f 877/1508/472 871/1509/485 872/1510/485 880/1511/472
f 940/1512/486 939/1513/486 874/1397/452 873/1396/452
f 881/1514/338 874/1515/338 939/1516/338 875/1517/338 883/1518/338
f 883/1519/477 875/1520/487 876/1521/487 884/1522/477
f 868/1408/488 877/1508/472 880/1511/472 866/1409/488
f 867/1413/489 879/1506/473 878/1507/473 865/1414/489
f 866/1523/338 880/1501/338 879/1505/338 867/1524/338
f 818/1410/490 883/1519/477 884/1522/477 819/1411/490
f 811/1502/338 881/1514/338 883/1518/338 818/1525/338
f 812/1423/491 882/1395/451 881/1398/451 811/1420/491
f 890/1526/466 889/1527/466 891/1528/466 892/1529/466
f 885/1530/465 887/1531/465 888/1532/465 886/1533/465
f 892/1529/464 891/1528/464 893/1534/464 894/1535/464
f 894/1535/492 893/1534/492 895/1536/492 896/1537/492
f 891/1538/338 889/1539/338 887/1540/338 885/1541/338 895/1542/338 893/1543/338
f 895/1536/462 885/1530/462 886/1533/462 896/1537/462
f 888/1532/493 887/1531/493 889/1544/493 890/1442/493
f 905/1545/494 906/1546/494 904/1547/494 903/1548/494
f 898/1549/462 908/1550/462 907/1551/462 897/1552/462
f 902/1553/338 904/1554/338 906/1555/338 908/1556/338 898/1433/338 900/1557/338
f 899/1558/492 900/1559/492 898/1549/492 897/1552/492
f 901/1560/464 902/1561/464 900/1559/464 899/1558/464
f 908/1550/465 906/1546/465 905/1545/465 907/1551/465
f 903/1427/466 904/1562/466 902/1561/466 901/1560/466
f 917/1563/493 918/1564/493 916/1565/493 915/1566/493
f 910/1567/495 920/1568/495 919/1569/495 909/1570/495
f 914/1571/338 916/1539/338 918/1572/338 920/1573/338 910/1453/338 912/1574/338
f 911/1575/492 912/1576/492 910/1567/492 909/1570/492
f 913/1577/464 914/1578/464 912/1576/464 911/1575/464
f 920/1568/465 918/1564/465 917/1563/465 919/1569/465
f 915/1548/466 916/1579/466 914/1578/466 913/1577/466
f 929/1580/461 930/1581/461 928/1582/461 927/1526/461
f 922/1583/495 932/1584/495 931/1585/495 921/1586/495
f 926/1587/338 928/1588/338 930/1589/338 932/1590/338 922/1591/338 924/1592/338
f 923/1593/463 924/1594/463 922/1583/463 921/1586/463
f 925/1595/464 926/1596/464 924/1594/464 923/1593/464
f 932/1584/465 930/1581/465 929/1580/465 931/1585/465
f 927/1597/466 928/1598/466 926/1596/466 925/1595/466
f 855/1495/478 856/1494/478 936/1483/475 935/1482/475
f 851/1480/474 852/1479/474 934/1473/470 933/1472/470
f 872/1510/485 871/1509/485 937/1498/483 938/1497/483
f 876/1521/487 875/1520/487 939/1513/486 940/1512/486
